{
    "domain": "amspbs.com",
    "owner": {},
    "source": [
        "DuckDuckGo-AU"
    ],
    "prevalence": 0.00171,
    "sites": 17,
    "subdomains": [],
    "cnames": [],
    "fingerprinting": 0,
    "resources": [
        {
            "rule": "amspbs\\.com\\/cookie_sync",
            "cookies": 0,
            "fingerprinting": 0,
            "subdomains": [],
            "apis": {},
            "sites": 17,
            "prevalence": 0.00171,
            "cnames": [],
            "responseHashes": [
                "e3d99f908951f78a4fe1912c9e8010ca73b569c7096d1c3bb1ec76c080db4e94",
                "d3defeee17e3e056f577be1b1c21293157ac23c264b5b74a951bb6afbe257cda",
                "ae9878b236fa7cfad06b9e1dd74701d8ef9b0b41c308e376870d0fec60d041eb",
                "ac5c81f17de39534ecace5b5594855560db50c3d2b69e787c563526ceb3080aa",
                "3594212f2192e86e279cd9178d865ce59f5d73f6014b0238f4517bf6613ee764",
                "4bb44e8f5ae4f56f834e02b0d9e147ee61c8bf424ca80a5ab746f458514e9abd",
                "345f6b7fe19ae8b67eff09d2ed8ead532b5f3615f43ee6a9642c2ef6855ca3a6",
                "f13e002c6a35fc01a7adcc3ca9e949dbd6bd577a8cea55973bc7809c91710f96",
                "a0bf88371fa04222fbe9af8f7c33a2300759f63892638e24bead8fdad24384e7",
                "fd1f744a7ae0380e26b5e9e276ea0bff6464200766a679af423618fdcaff7039",
                "61f59e127c09f23411f6ca7556dd997a25743534b3ec76565f47658b54700e0b",
                "5244c5e4c041bde93d12c3071a182c261d60d5737c55b773e2099c0e4c8340c1",
                "200f5b6c279457907033cd615f8c29159d2c9ddf9862f1e40123568cdc3dbabc",
                "d63cc270469736b4846cbef0eb111b0f7301aa149f0eddd5a4224d74128f4cf8",
                "1a912c0977c1cf93683804b6cf3bba2e12fcb956852f1f214e632d8bba0e66a1",
                "a50c5333583cca4c2773e223d1f79285bfdbea6e9764d96a0de9a84274c5ad1e"
            ],
            "type": "Fetch",
            "firstPartyCookies": {},
            "firstPartyCookiesSent": {},
            "exampleSites": [
                "attackofthefanboy.com",
                "dotesports.com",
                "gamerjournalist.com",
                "primagames.com",
                "progameguides.com",
                "twinfinite.net",
                "wegotthiscovered.com",
                "www.destructoid.com",
                "www.deseret.com",
                "www.escapistmagazine.com",
                "www.gamepur.com",
                "www.gameskinny.com",
                "www.pcinvasion.com",
                "www.refinery29.com",
                "www.seattletimes.com",
                "www.siliconera.com",
                "www.whatismyip.com"
            ]
        },
        {
            "rule": "amspbs\\.com\\/openrtb2\\/auction",
            "cookies": 0,
            "fingerprinting": 0,
            "subdomains": [],
            "apis": {},
            "sites": 17,
            "prevalence": 0.00171,
            "cnames": [],
            "responseHashes": [
                "e4d9ddd63eb520ce9c69a40b1a504c5658da5727c81498c8b04abcd32d028a5e",
                "1b4e538cca9a7953403f1a3a92f93088e616e96bc32a5243f8b7a6e1a392397a",
                "57b7b5b4558bb33670e495682c3b58c2daad9a04123de5409f3c9908ca6bbce4",
                "c968065d272d265997dbfc87f51b9e504d4d7d329eb87c28467e1700ea53565f",
                "467f973ccdeeec97a484d54fe7b169b3f09b3e97bea5d8d8bc431ab3849bc75b",
                "48593a5ee6dbfb86672991ce0c80f7d738359b95a5bad2a6c7a3dc839d8b0ea7",
                "9c7c923ff6ab8bedf5d596c8acf6b052255e2d270db4bc59f6e118adfa3c1ed7",
                "23d619fc75c2b2294b088cab21180a4b80fa4d2c352821c36a44e7fdeceead99",
                "3cba037b43cc0a5c467149c4cfac98ca2bed122d359ec9233f348160ed16bcdc",
                "5977085d653a92f1b3f46980fa256d29f48525834377354659be669323336c49",
                "01b656e31b8898866ab61cb122c14ce4b81447448ba3942cff4bbe7e7d8df278",
                "9b480d035ecca52713219ff9364d986203f1d89104078763528b363bacc1d475"
            ],
            "type": "Fetch",
            "firstPartyCookies": {},
            "firstPartyCookiesSent": {},
            "exampleSites": [
                "attackofthefanboy.com",
                "dotesports.com",
                "gamerjournalist.com",
                "primagames.com",
                "progameguides.com",
                "twinfinite.net",
                "wegotthiscovered.com",
                "www.destructoid.com",
                "www.deseret.com",
                "www.escapistmagazine.com",
                "www.gamepur.com",
                "www.gameskinny.com",
                "www.pcinvasion.com",
                "www.refinery29.com",
                "www.seattletimes.com",
                "www.siliconera.com",
                "www.whatismyip.com"
            ]
        },
        {
            "rule": "amspbs\\.com\\/setuid",
            "cookies": 0.00171,
            "fingerprinting": 0,
            "subdomains": [],
            "apis": {},
            "sites": 17,
            "prevalence": 0.00171,
            "cnames": [],
            "responseHashes": [
                "e3b0c44298fc1c149afbf4c8996fb92427ae41e4649b934ca495991b7852b855",
                "c956a8bbf43bb56f60d1beefcc5a70f2cb0725083a00e8a0daf423176509fd18"
            ],
            "type": "Image",
            "firstPartyCookies": {},
            "firstPartyCookiesSent": {},
            "exampleSites": [
                "attackofthefanboy.com",
                "dotesports.com",
                "gamerjournalist.com",
                "primagames.com",
                "progameguides.com",
                "twinfinite.net",
                "wegotthiscovered.com",
                "www.destructoid.com",
                "www.deseret.com",
                "www.escapistmagazine.com",
                "www.gamepur.com",
                "www.gameskinny.com",
                "www.pcinvasion.com",
                "www.refinery29.com",
                "www.seattletimes.com",
                "www.siliconera.com",
                "www.whatismyip.com"
            ]
        }
    ],
    "categories": [],
    "performance": {},
    "cookies": 0.00171,
    "topInitiators": [
        {
            "domain": "htlbid.com",
            "prevalence": 0.5104166666666666
        },
        {
            "domain": "onetag-sys.com",
            "prevalence": 0.11458333333333333
        },
        {
            "domain": "cpmstar.com",
            "prevalence": 0.11458333333333333
        },
        {
            "domain": "openx.net",
            "prevalence": 0.09375
        },
        {
            "domain": "first party",
            "prevalence": 0.07291666666666667
        },
        {
            "domain": "servenobid.com",
            "prevalence": 0.03125
        },
        {
            "domain": "sellwild.com",
            "prevalence": 0.020833333333333332
        },
        {
            "domain": "tynt.com",
            "prevalence": 0.010416666666666666
        },
        {
            "domain": "richaudience.com",
            "prevalence": 0.010416666666666666
        },
        {
            "domain": "gumgum.com",
            "prevalence": 0.010416666666666666
        }
    ],
    "types": {
        "Fetch": 34,
        "Image": 17
    },
    "nameservers": [
        "ns-587.awsdns-09.net",
        "ns-1592.awsdns-07.co.uk",
        "ns-1341.awsdns-39.org",
        "ns-219.awsdns-27.com"
    ]
}