{
    "domain": "baidu.com",
    "owner": {
        "name": "Baidu, Inc.",
        "displayName": "Baidu"
    },
    "source": [
        "DuckDuckGo-AU"
    ],
    "prevalence": 0.001,
    "sites": 10,
    "subdomains": [
        "hm",
        "pos",
        "wn.pos",
        "eclick"
    ],
    "cnames": [],
    "fingerprinting": 2,
    "resources": [
        {
            "rule": "baidu\\.com\\/hm\\.js",
            "cookies": 0.000904,
            "fingerprinting": 2,
            "subdomains": [
                "hm"
            ],
            "apis": {
                "Navigator.prototype.userAgent": 9,
                "Navigator.prototype.cookieEnabled": 9,
                "Navigator.prototype.javaEnabled": 9,
                "Navigator.prototype.language": 9,
                "Screen.prototype.width": 9,
                "Screen.prototype.height": 9,
                "Screen.prototype.colorDepth": 9,
                "Screen.prototype.orientation": 9,
                "window.innerWidth": 9,
                "window.localStorage": 9,
                "Document.cookie getter": 9,
                "window.sessionStorage": 9,
                "Date.prototype.getTime": 9,
                "Document.cookie setter": 9,
                "window.innerHeight": 9
            },
            "sites": 9,
            "prevalence": 0.000904,
            "cnames": [],
            "responseHashes": [
                "4d6db35c34ac7b9ac6367fcaf0fb177eff3891fe7afe5798da28a07577a9ccee",
                "4a44c7ec058cec77edbf7ca3bee69faf245477964aa2d9f2a3eff0cf5963b0e6",
                "0c513f596b0c77f818a6d7e33d757dcb7d445bb90f892270ee88ef7a7be9066f",
                "3524c7da8627ea4b801f3ccb7c0cb7d516b70a3a9220a723ae464000b30b0c23",
                "83f0a0a77a50192be7b480ebd33c027009f4d455dad349f44219f59f46ff19a0",
                "4cbd2a3ee83adac23f6dbaaec70cefd8e7b4a62ea28efc9b7110ec0ffb270753",
                "f7c3cd720324a01ce5a1fb12d98b7772ee68639e812ef851209fc665edb060fd",
                "02ef57771367bc28295c35d70297fdd4ae4bbffd5ad182970db5734313b585d6"
            ],
            "type": "Script",
            "firstPartyCookies": {
                "Hm_lvt_6bcd52f51e9b3dce32bec4a3997715ac": {
                    "ttl": 31536016,
                    "length": 10,
                    "prevalence": 0.0001004419445560466,
                    "uniqueness": 1
                },
                "Hm_lpvt_6bcd52f51e9b3dce32bec4a3997715ac": {
                    "ttl": null,
                    "length": 10,
                    "prevalence": 0.0001004419445560466,
                    "uniqueness": 1
                },
                "HMACCOUNT": {
                    "ttl": null,
                    "length": 16,
                    "prevalence": 0.0009039775010044194,
                    "uniqueness": 1
                },
                "Hm_lvt_1d5ba5cbc559273825f37fdd6ecdfe28": {
                    "ttl": 31536009,
                    "length": 10,
                    "prevalence": 0.0001004419445560466,
                    "uniqueness": 1
                },
                "Hm_lpvt_1d5ba5cbc559273825f37fdd6ecdfe28": {
                    "ttl": null,
                    "length": 10,
                    "prevalence": 0.0001004419445560466,
                    "uniqueness": 1
                },
                "Hm_lvt_a7025e25c8500c732b8f48cc46e21467": {
                    "ttl": 31536007,
                    "length": 10,
                    "prevalence": 0.0001004419445560466,
                    "uniqueness": 1
                },
                "Hm_lpvt_a7025e25c8500c732b8f48cc46e21467": {
                    "ttl": null,
                    "length": 10,
                    "prevalence": 0.0001004419445560466,
                    "uniqueness": 1
                },
                "Hm_lvt_bd47ad8af9aaad3db609f714d7924fc1": {
                    "ttl": 31536008,
                    "length": 10,
                    "prevalence": 0.0001004419445560466,
                    "uniqueness": 1
                },
                "Hm_lpvt_bd47ad8af9aaad3db609f714d7924fc1": {
                    "ttl": null,
                    "length": 10,
                    "prevalence": 0.0001004419445560466,
                    "uniqueness": 1
                },
                "Hm_lvt_9b5771e463d0599e345ad9f76084fec5": {
                    "ttl": 31536006,
                    "length": 10,
                    "prevalence": 0.0001004419445560466,
                    "uniqueness": 1
                },
                "Hm_lpvt_9b5771e463d0599e345ad9f76084fec5": {
                    "ttl": null,
                    "length": 10,
                    "prevalence": 0.0001004419445560466,
                    "uniqueness": 1
                },
                "Hm_lvt_df179ca4060a0e15a0ebafd280c10f5e": {
                    "ttl": 31536015,
                    "length": 10,
                    "prevalence": 0.0001004419445560466,
                    "uniqueness": 1
                },
                "Hm_lpvt_df179ca4060a0e15a0ebafd280c10f5e": {
                    "ttl": null,
                    "length": 10,
                    "prevalence": 0.0001004419445560466,
                    "uniqueness": 1
                },
                "Hm_lvt_95e64d347633bfd0a2462e25c93606d6": {
                    "ttl": 31536008,
                    "length": 10,
                    "prevalence": 0.0001004419445560466,
                    "uniqueness": 1
                },
                "Hm_lpvt_95e64d347633bfd0a2462e25c93606d6": {
                    "ttl": null,
                    "length": 10,
                    "prevalence": 0.0001004419445560466,
                    "uniqueness": 1
                },
                "Hm_lvt_29a864290497a710230e7714241ecd96": {
                    "ttl": 31536006,
                    "length": 10,
                    "prevalence": 0.0001004419445560466,
                    "uniqueness": 1
                },
                "Hm_lpvt_29a864290497a710230e7714241ecd96": {
                    "ttl": null,
                    "length": 10,
                    "prevalence": 0.0001004419445560466,
                    "uniqueness": 1
                },
                "Hm_lvt_98beee57fd2ef70ccdd5ca52b9740c49": {
                    "ttl": 31536012,
                    "length": 10,
                    "prevalence": 0.0001004419445560466,
                    "uniqueness": 1
                },
                "Hm_lpvt_98beee57fd2ef70ccdd5ca52b9740c49": {
                    "ttl": null,
                    "length": 10,
                    "prevalence": 0.0001004419445560466,
                    "uniqueness": 1
                }
            },
            "firstPartyCookiesSent": {},
            "exampleSites": [
                "csdn.net",
                "docs.espressif.com",
                "mangapark.net",
                "semiconductor.samsung.com",
                "www.ceicdata.com",
                "www.parallels.com",
                "www.wipo.int",
                "www.yha.com.au",
                "www.zhihu.com"
            ]
        },
        {
            "rule": "baidu\\.com\\/hm\\.gif",
            "cookies": 0,
            "fingerprinting": 0,
            "subdomains": [
                "hm"
            ],
            "apis": {},
            "sites": 9,
            "prevalence": 0.000904,
            "cnames": [],
            "responseHashes": [
                "77b1d2c0857d4e95d4c2ae7aa0abc5aaafa6bd4581b31203d1592759c26f5c44"
            ],
            "type": "Image",
            "firstPartyCookies": {},
            "firstPartyCookiesSent": {
                "HMACCOUNT": 0.0009039775010044194,
                "_rtetUrl": 0.0001004419445560466
            },