{
    "domain": "config-security.com",
    "owner": {},
    "source": [
        "DuckDuckGo-AU"
    ],
    "prevalence": 0.00372,
    "sites": 37,
    "subdomains": [
        "api",
        "conf"
    ],
    "cnames": [],
    "fingerprinting": 0,
    "resources": [
        {
            "rule": "config-security\\.com\\/event",
            "cookies": 0,
            "fingerprinting": 0,
            "subdomains": [
                "api"
            ],
            "apis": {},
            "sites": 3,
            "prevalence": 0.000301,
            "cnames": [],
            "responseHashes": [],
            "type": "Preflight",
            "firstPartyCookies": {},
            "firstPartyCookiesSent": {},
            "exampleSites": [
                "alternativebrewing.com.au",
                "desky.com.au",
                "www.princesspolly.com.au"
            ]
        },
        {
            "rule": "config-security\\.com\\/model",
            "cookies": 0,
            "fingerprinting": 0,
            "subdomains": [
                "conf"
            ],
            "apis": {},
            "sites": 37,
            "prevalence": 0.00372,
            "cnames": [],
            "responseHashes": [
                "4975144b8802680b9c5b771a6d44dd366b9054cbc03271020ea74960dc7cceb9",
                "c0bc84dc6b9bd4ac16fd1cc70941bb2f98adbc241ac0941d1a5983ff5a08e57b",
                "ad837595dd51e08016c31140c6f400185d9e37881d52282da92aa53892fc18e5",
                "a0527a730d31ff177e1d99dddb943cf7d5d97b7bdbfccebebbbdb24ce074c044",
                "6cc5cd99b21ea9dd509d5d710ce128e8b42469fadc00e3fed6734afe0ddc7a77",
                "1906c21f98f1c33f750b06310b4208f6350c74f8e4d3eb750cec37236fb16062",
                "5a2bb8957db57214508521a991f5163cae02d7968c52438302d5330fe0e9aaa3",
                "6e9abbc16d9fb38309c9d33a0d1b36f0272f654fd45ba1ee06c04d7f0e4e4634",
                "fda15e6197cdc7213af3891880a2d145435707e4af3cd965599c0ad8f5d1bd82",
                "65d27b7e978dd034cf50969c0f53f670437650f79349187d65552c8261ef279d",
                "cc1847e31d1d798c1ec8458a29da51992d304da02b9da07cda0485a1a630c052",
                "7d685cb7316ef239552538ebe3aaa47ce1bf46e8bf328b813988ab124c1a7c90",
                "77eaf18f29e4ccb11d61b8f3264451e5659775561dc5ccab5080e8785f5a1f91",
                "2eab1e0532b9db5950ac652012fddf00ffd68ee49a89f01e234f127a9f58e528",
                "a60b44ee7f5f9883705ff6bd93210fedcab6d0f9f02d1434f3b8692dd8a26c82",
                "f95544682200df95ec2949dad31dc7db17c4a96113d086700fa7ec13f315d89b",
                "5c3dc8d0f7606b1f026b68d8c6e50ed6cfadc0c08497d5e155e7d83375502537",
                "d130d785eeec97e473647f32f66edd00786d068aa380d1f625b57f4e83495575",
                "488c7075978150fe948b09044999682dd39d1f6a7b09b46fbfde4ff92224537e",
                "94ece6bcde09366925b85a221e35a5d7fe0519626c286bb4d0d7e7af0ade0194",
                "9ab877a4b55f8ec64c4a0228c398b0fd7455d476f0d46c09e8fa81dd7a01ef94",
                "e7bf062a8cc2ed0c86d7261f52b9caecc5e71a6574c14e5827e67accff7284ad",
                "1ccf8230acf26c28d1e44717dce2ef4f0a792ed69046e971c00f2fb77ef33626",
                "d9ab18b5765fbed100d22f000adc4e0ab5d9f13cb134433ee63d21b859b5efd6",
                "57f0c7568aadad2e8ea11e8e4d3329b1a0e76bbfefcf21a3ea22a614bb580b31",
                "2981f7f9753bf4bb4ae35c257d1e4b56593904a7cadf878267e36e03c28a67bf",
                "58d1144f4cb0032baacd0a7c8f16f02fa22d47658087781dcabaab185e21d82f",
                "5b98e880a47e76545a604e4db875eb5ed48a6716b066241adb0d29f012ffe08e",
                "7d0b54779d4f670008d90d89990cd4f76907e4c894f585ab542b25ede1dc8e63",
                "6285abcc40bf3c5c8a86a14db256a3d12b3af69818348c1f5b016efd48d1f33e",
                "beac47e1cf9a8e7b49af9c5d0a38ea6252b34402207c0967ca1b57ffe14b570a",
                "1895f1549ae797e85e488c54b6aaf5bc39a877eb0b449814cd1af7b63f4dc2d2",
                "36b9d011d04f838a95c6e96185ced5b28438c571e79885122ca49865c3036b00",
                "15b10f1780e213add32fa7baac8d930aa35f54e08741fb38dd406c06e4703c37",
                "9391ff5e378ec9c4957ac9ca014045f691449b22c1f8e1637fdedde9e6cede65",
                "d0f3ada4e131e2fc7aef3076fc8a2e5f4a55fe7333b1388b98e4f930ddf3bf7f"
            ],
            "type": "XHR",
            "firstPartyCookies": {},
            "firstPartyCookiesSent": {},
            "exampleSites": [
                "perfectketo.com",
                "thedermreview.com",
                "baredfootwear.com",
                "eva.com.au",
                "koh.com",
                "alternativebrewing.com.au",
                "www.culturekings.com.au",
                "desky.com.au",
                "www.electrickicks.com.au",
                "sharkclean.com.au",
                "sydneyhifimonavale.com.au",
                "www.workwearhub.com.au",
                "keychron.com.au",
                "myhappyhelpers.com.au",
                "kickassproducts.com.au",
                "wetsuitwarehouse.com.au",
                "www.princesspolly.com.au",
                "www.beginningboutique.com.au",
                "ninjakitchen.com.au",
                "swimweargalore.com"
            ]
        },
        {
            "rule": "config-security\\.com\\/event",
            "cookies": 0,
            "fingerprinting": 0,
            "subdomains": [
                "api"
            ],
            "apis": {},
            "sites": 37,
            "prevalence": 0.00372,
            "cnames": [],
            "responseHashes": [
                "44136fa355b3678a1146ad16f7e8649e94fb4fc21fe77e8310c060f61caaff8a"
            ],
            "type": "XHR",
            "firstPartyCookies": {},
            "firstPartyCookiesSent": {},
            "exampleSites": [
                "www.boody.com.au",
                "swimweargalore.com",
                "myhappyhelpers.com.au",
                "review-australia.com",
                "musclenation.org",
                "misterzimi.com",
                "kickassproducts.com.au",
                "perfectketo.com",
                "baredfootwear.com",
                "www.electrickicks.com.au",
                "www.ilovelinen.com.au",
                "keychron.com.au",
                "www.keychron.com",
                "www.meshki.com.au",
                "alternativebrewing.com.au",
                "clarks.com.au",
                "bluebungalow.com.au",
                "www.beginningboutique.com.au",
                "desky.com.au",
                "titleys.com.au"
            ]
        },
        {
            "rule": "config-security\\.com\\/first",
            "cookies": 0,
            "fingerprinting": 0,
            "subdomains": [
                "api"
            ],
            "apis": {},
            "sites": 24,
            "prevalence": 0.00241,
            "cnames": [],
            "responseHashes": [
                "91207026ee6d669d050275a0003985a825d5b8aa6eb9a4e18f7c4de7cdc57218",
                "5e5a1645f7a320cf5089fe8d4e184d987f1381334baefd726378a4b107d63c85"
            ],
            "type": "XHR",
            "firstPartyCookies": {},
            "firstPartyCookiesSent": {},