{
    "domain": "cq0.co",
    "owner": {},
    "source": [
        "DuckDuckGo-AU"
    ],
    "prevalence": 0.00201,
    "sites": 20,
    "subdomains": [
        "doh"
    ],
    "cnames": [],
    "fingerprinting": 0,
    "resources": [
        {
            "rule": "cq0\\.co\\/resolve",
            "cookies": 0,
            "fingerprinting": 0,
            "subdomains": [
                "doh"
            ],
            "apis": {},
            "sites": 20,
            "prevalence": 0.00201,
            "cnames": [],
            "responseHashes": [
                "64dd68473dffb55c63ceebd2d2956bf2bf613ae1011241fec78e79c3614e8089",
                "c33cb0fca9090942469fda2ef3bf974dada5e3744fccf2dde0809e96617664bd",
                "a12e6aba21b5ba03866149082811f42087bc7d6f8c870f736527d709c95eafd7",
                "40e2d9050982011f9ed91011bc21f4dc8af28ef4701181065658130a04519640",
                "4210e5a54ad1658260dc3e82273ea7974ef9f476a8513cbb39adcb5ed1d850c7",
                "77398f9d6abc68b0a283229aceb73ac67c0865b4842ea8928c359e28b27c9eb9",
                "0aae30c8d3e715882303160878f823ff5f3994dccccf9a4f703fc26b0cbca3f8",
                "fa093d977de9bffe1b2b5571e47272cc3ff88decac35ebac15be73bd84f4b3f5",
                "75a1cc6c902934eb8af00f646431c434e8d994c808b592f6a5b7af3ebd0bac7e",
                "a0ca98cddbaa5fd4e8e49389cf1871801c1a803796dfe633353e42e13b762078",
                "e5199dd397cd385543a3ea9490696458f21083855a50cf52453637f0a3f248a8",
                "1b58d4fa4499af94f6ae360e926e1aea24663f96f5bdd178e44c8524f8910f73",
                "22c9693d121d08e1e42f510a71f0039384c818f0e762d09bea26a81b583e022e",
                "fd83008c79dda0492bd636a36c07dd791728821fcc95f54baaea86345247ed4d",
                "cca9d093436b2c54ea95833634554650935ad3893294532d11b85d19c2bc70bf",
                "73a7f87278049d6d3329bcce00508a17070555ab0f5002e778a81c17e4f6a6df",
                "f509eafcf7a4bd9c4c70b34dfbf4cf7e396eb8105b45c274541c9de08c60444d",
                "935bdd6f627acdc8f3efcaa0b9aef02d91d0fef14c6e675d03ce31993e8bb271"
            ],
            "type": "Fetch",
            "firstPartyCookies": {},
            "firstPartyCookiesSent": {
                "IR_gbd": 0.0003013258336681398,
                "AUDI_ENSIGHTEN_PRIVACY_TLD-www.audi.com.au": 0.0001004419445560466,
                "lotame_domain_check": 0.0001004419445560466,
                "_li_dcdm_c": 0.0001004419445560466,
                "MAYO_CLINIC_ENSIGHTEN_PRIVACY_TLD-www.mayoclinic.org": 0.0001004419445560466
            },
            "exampleSites": [
                "abc.com",
                "abcnews.go.com",
                "au.norton.com",
                "kids.nationalgeographic.com",
                "moviesanywhere.com",
                "projects.fivethirtyeight.com",
                "us.norton.com",
                "www.audi.com.au",
                "www.britishairways.com",
                "www.delta.com",
                "www.disney.com.au",
                "www.espncricinfo.com",
                "www.espn.com.au",
                "www.espn.com",
                "www.johnlewis.com",
                "www.latimes.com",
                "www.marvel.com",
                "www.mayoclinic.org",
                "www.nationalgeographic.com",
                "www.volkswagen.com.au"
            ]
        }
    ],
    "categories": [],
    "performance": {},
    "cookies": 0,
    "topInitiators": [
        {
            "domain": "first party",
            "prevalence": 0.5
        },
        {
            "domain": "espn.com",
            "prevalence": 0.39285714285714285
        },
        {
            "domain": "audi.com",
            "prevalence": 0.03571428571428571
        },
        {
            "domain": "californiatimes.com",
            "prevalence": 0.03571428571428571
        },
        {
            "domain": "ensighten.com",
            "prevalence": 0.03571428571428571
        }
    ],
    "types": {
        "Fetch": 20
    },
    "nameservers": [
        "ns-488.awsdns-61.com",
        "ns-1857.awsdns-40.co.uk",
        "ns-1240.awsdns-27.org",
        "ns-682.awsdns-21.net"
    ]
}