{
    "domain": "driftapi.com",
    "owner": {},
    "source": [
        "DuckDuckGo-AU"
    ],
    "prevalence": 0.00221,
    "sites": 22,
    "subdomains": [
        "bootstrap"
    ],
    "cnames": [],
    "fingerprinting": 0,
    "resources": [
        {
            "rule": "driftapi\\.com\\/widget_bootstrap\\/ping\\/v2",
            "cookies": 0,
            "fingerprinting": 0,
            "subdomains": [
                "bootstrap"
            ],
            "apis": {},
            "sites": 22,
            "prevalence": 0.00221,
            "cnames": [],
            "responseHashes": [
                "fcba72d2d86de86d9ca22ef0cca242c3fe3af797277b4c8f2770b5a640afc9d6",
                "622179fc08cdc59dbe4989a0635631942415c5368dd0a8eac39e4a2d72af3674",
                "4ab3e986fab310f3da304ab0453ba1d09f9e9f589995b39ace8750d80ef42d8a",
                "65115b89b2b2bfe8c5dab102046ffc179584be53afc2166d73ac7282f684842a",
                "5d37e1357f836c5d5a74a8f4c921fbd118d6fa3bd0c1d9127afc1f3b36cd4402",
                "4e429a20df9d58773ba875a1cf69abab25e0c8f09aff9a7c084f6b2b742e4827",
                "908a87c00a4d628e8463e89d57d3cb5e1abf4a9b2edc5780dce311765c33c50f",
                "87b9b1e87fc1f211a27356dbd49e88d0655a6da1f648df7d62d7bd332034e4c2",
                "3ecb45defb9b18b17ad59c49411a35506659886968b1082e9393bdb37c054355",
                "1f3b5fa3c0102cc4b18742a5f0d64f82bacd9af0c410b773bd7660312f15b1b8",
                "12b3cb8a8e2e40090fb92259b36a29915fd08da02a2fcac0b393a2bd8619153f",
                "40f720cba9481c18e57f59dc439ae858a054695d5f9087f885b2ed85c77e251c",
                "7fe7dac786403bf27111aaef460196da9289de06e26498e937914925c4671c13",
                "4cef518730c058c5e30c89d997e2de1115231de903200ff44f6a6357e63830ed",
                "87021127f648cbe62d145cc97ac656ce5abf695eb06ac30f36561763a0c5b9a1",
                "c7af5330e6638adcd960f7b44c71185a8544f75cb63284684d8c1167b4c95ac1",
                "8c60d374f5b23354f25059e04b2e99aa46b5fd3b8e2019f1d5afa42b261aae06",
                "b47b760116488fe89d99bb6f8a7db027c6eb52737ad2a817aa57e95a32e09ab5",
                "6ccaa487bd0ea6ac49fffa322a7b58643fb78380771b4bbce99ff22b686f366e",
                "afe726b436a31855abf67e7bdeb1b4a6a5917374bf400ea3152ab273b1561a9c"
            ],
            "type": "XHR",
            "firstPartyCookies": {},
            "firstPartyCookiesSent": {},
            "exampleSites": [
                "online.hbs.edu",
                "www.paloaltonetworks.com",
                "www.dashlane.com",
                "www.qualtrics.com",
                "pitchbook.com",
                "www.crowdstrike.com",
                "otter.ai",
                "www.lastpass.com",
                "www.payscale.com",
                "www.spglobal.com",
                "www.onshape.com",
                "www.linux.com",
                "www.emerson.com",
                "www.sketchup.com",
                "webflow.com",
                "airtable.com",
                "www.smartsheet.com",
                "nearmap.com",
                "redis.io",
                "www.docusign.com"
            ]
        },
        {
            "rule": "driftapi\\.com\\/widget_bootstrap",
            "cookies": 0,
            "fingerprinting": 0,
            "subdomains": [
                "bootstrap"
            ],
            "apis": {},
            "sites": 21,
            "prevalence": 0.00211,
            "cnames": [],
            "responseHashes": [
                "9eec29c3252f5ccf6bcfdb8ee1dabd66b8bf768df8773a1106f5fc100fd09de0",
                "13e19b6ac2d3505e8212f9dbf966064f7405dcaa18a15d35176faa8014757ff6",
                "201903946e00f32b5756a55d826748303f585b41f5f1b4eff27aca51f5f16090",
                "deecb814c711d90dc6baa78932c8d2d4275141ee91b3c574823d8dcb22d51815",
                "6e08cfca06cb927086b787caf460cbd00342c88b0ab0adab5883ba5194e75bc7",
                "da6c6616231d35c501a6cae023faae838a014bf80fea8e85dc86da3a8cd68a71",
                "0f454c2e79006c203e547a56f1b163f513c57c38438603b9b1eb4d939e3e29e8",
                "28b654cbe5ab8c874248da7da649e6cc792c263bf526cc4cd4069153491ce099",
                "8f06ab290b15a5819f540a1f8c1f9380a12b33104a1e650c8c4ba1bf8c8c08d2",
                "5c79e2349ad95bb8386197176c2bc96c17edc6ef13ef708f53e4cb5ecdb282bf",
                "f0b318f0566660589e540a77a1dd273a957c9300bf5487ef5f552b65e5b62e24",
                "59d2b9e5844ae3cc8890171eb649cc9308a1591bb8004140d0c45f8bac7104ff",
                "5be7a5bfb493f5e3981eef900e095dbc6f17c58b4eadb14ae5879b3480adbfac",
                "bc7b2452786bb53c82b589a19b357fbcf65ecf534644bda69264e1dc04151f1a",
                "ef87ebab505a08d0a277907e69f3c539881337335d81c8095e803499ba7aa664",
                "ad4c0d45dc6804ffc155be6a17af9ffa32bd19c76393b056c4fd95ab777f0340",
                "08a6d1eaec81bd7a39a4a30d9f07d674e239fa11521a8b57e9d75923a31cb08d",
                "c30dca0be8aa40bfb635bee9667e3bb47c89fbed11dee9947bc7a91c4dc8efd8",
                "fc44abf107d827812cabe8bbefe49f839dcd04a15ac6b8183a07ceb6a6276cd4",
                "cee23aa3c321df095232f45b163e98ecd2d75c3c19dbc2fa77cea3dd90249256"
            ],
            "type": "XHR",
            "firstPartyCookies": {},
            "firstPartyCookiesSent": {},
            "exampleSites": [
                "redis.io",
                "www.docusign.com",
                "nearmap.com",
                "www.paloaltonetworks.com",
                "www.dashlane.com",
                "pitchbook.com",
                "www.linux.com",
                "www.onshape.com",
                "otter.ai",
                "www.payscale.com",
                "www.spglobal.com",
                "www.emerson.com",
                "www.qualtrics.com",
                "www.sketchup.com",
                "www.lastpass.com",
                "www.crowdstrike.com",
                "www.altium.com",
                "airtable.com",
                "www.fortinet.com",
                "online.hbs.edu"
            ]
        }
    ],
    "categories": [],
    "performance": {},
    "cookies": 0,
    "topInitiators": [
        {
            "domain": "driftt.com",
            "prevalence": 1
        }
    ],
    "types": {
        "XHR": 43
    },
    "nameservers": [
        "ns-1366.awsdns-42.org",
        "ns-1970.awsdns-54.co.uk",
        "ns-28.awsdns-03.com",
        "ns-653.awsdns-17.net"
    ]
}