{
    "domain": "elfsightcdn.com",
    "owner": {},
    "source": [
        "DuckDuckGo-AU"
    ],
    "prevalence": 0.00131,
    "sites": 13,
    "subdomains": [
        "phosphor.utils"
    ],
    "cnames": [],
    "fingerprinting": 1,
    "resources": [
        {
            "rule": "elfsightcdn\\.com\\/",
            "cookies": 0,
            "fingerprinting": 0,
            "subdomains": [
                "phosphor.utils"
            ],
            "apis": {},
            "sites": 10,
            "prevalence": 0.001,
            "cnames": [],
            "responseHashes": [
                "5626d2285faa837032e328c2cad2e63a1dc8e365f97e9ef8a129fb84e5c84525",
                "7389862e20b713789973d9cd76ee131d39a0127206de7f6ff6e734e129882edf",
                "e1b12fb4677c0a7fc81bced3f686985baec00823bb3236d89cc32ff19cd0a9e7",
                "5ce405462aff15a4f6b6991302ba13cdd48d5dd00ee0197dbc24360c47f2ed33",
                "62f93519a2ad4e30065cd1016b5c5ae4425d0c50a306c1ce6d072b0ec2e2adfa",
                "b1f907d1dd7c0830b10f7319bc85003617588d77c810d110dca0f33e15807e90",
                "96f83f74f1f3e041ec2a9b46d76f6767037f4c2a753092fd2756eda259143edd",
                "b572a321a78277fe4aee0f789634c45e8e011678d6e8e83dcc3fc76dcf8ec072",
                "4e10b0512aacba932f1c28ef5f26b19a89413ca7029874e4df34f7b25758ee35"
            ],
            "type": "Image",
            "firstPartyCookies": {},
            "firstPartyCookiesSent": {},
            "exampleSites": [
                "australianmade.com.au",
                "focusonfurniture.com.au",
                "fourseasonsnursery.com.au",
                "www.ilovelinen.com.au",
                "www.modelflight.com.au",
                "www.northernbeaches.nsw.gov.au",
                "www.rejectshop.com.au",
                "www.smokemart.com.au",
                "www.treloarroses.com.au",
                "www.yourdiscountchemist.com.au"
            ]
        }
    ],
    "categories": [],
    "performance": {},
    "cookies": 0,
    "topInitiators": [
        {
            "domain": "elfsight.com",
            "prevalence": 0.9714285714285714
        },
        {
            "domain": "first party",
            "prevalence": 0.02857142857142857
        }
    ],
    "types": {
        "Image": 10
    },
    "nameservers": [
        "dilbert.ns.cloudflare.com",
        "rihana.ns.cloudflare.com"
    ]
}