{
    "domain": "futurehybrid.tech",
    "owner": {},
    "source": [
        "DuckDuckGo-AU"
    ],
    "prevalence": 0.00422,
    "sites": 42,
    "subdomains": [
        "sommelier"
    ],
    "cnames": [],
    "fingerprinting": 0,
    "resources": [
        {
            "rule": "futurehybrid\\.tech\\/config\\/",
            "cookies": 0,
            "fingerprinting": 0,
            "subdomains": [
                "sommelier"
            ],
            "apis": {},
            "sites": 42,
            "prevalence": 0.00422,
            "cnames": [],
            "responseHashes": [
                "b28c8e9efd94b3f83cf04ba81755667e39291de480c84f93c41fabdc032c28a8",
                "f5f677a35f418aae0549f294786d68cd442b7e9d73680f35df5a46dbbbb8bb21",
                "3a41cf6e8830f323a46b27268e835a0cd7391bc8d559a88aea2ab59982e86b26",
                "6657e5c0647be375538f41bf00cfcc867d07572227031b0d08b1c2b0d15cb61c",
                "5851ae45fdef12f8091e9972730c8e4314ada4ce4829b3a9eaacccbc754b4a70",
                "5e51b39b9fea41800241fbebdb33b8b27193b791c0e9ae64325eb215f7927faa",
                "bdf4263c4b18bb8c179b488b8396c48a769e01d013fd59b1a5ea767659cd4438",
                "45deab2d2b61c806910c9521fb5ecfc8493e0de4ee2a7399dd5abdda66759d53",
                "7b47db55d647407f0fc0e7917851c5aed2ff961265539f370c1af07b49cfb175",
                "649693553f71353c3f05c79adea8a332d81582d77ec5cff6483c7f408bba0b55",
                "d0b0790b32e4c368c88b2857ee87dee2fd3d0d7d3ee1cdf8ce0a03d682fb42b4",
                "8205f1a30a0a02596a8c0a0cfc59551d497d579d0bd03cbe7fdb8b677c588d8f",
                "4efc6299d8192e13ec0895c55af768e4176cf6fb5d6b592359cbb5ae9d9cdade",
                "d4250f6ad8c0e7815efd2c70e9534ebec2c2dc21155279c2f7fa3c575638a372",
                "5c134c923c3efc8d9c133642b4193087207d7f9bb685d99515282ab863c65e73",
                "0f8444016074c65fb329afae0cc1989224dce5d519164ccc13d664abf957df1a",
                "4ff19577e972b2678ef544e2cd3ffe53ff245d79d4e12b7eab6d6a054efec737",
                "d31e0f357a6e70af13f921a7ab1ecd4f2a25a2b1526910b70050864077bc0618",
                "3c13003119bde2c128b4c8ce7fcc19dc19b0ddfe28435875385aee4ab5111a7f",
                "855fd1e1cde925392d1d171b0db4351631fda26e8ffa64d6367429412e2b5495",
                "3d670e7e6bc87b397c4eec7615bf2e47f0134ab8e11523115a87a808539fbd16",
                "ff1b1e8933c3dcab7051123aa0584b5c4a8515dc69255434f4ec8194919ea6a4",
                "95fe0b50fca89cb3280acde10b39ef7b0ef5fe4ddafb3cbcadf48f3bb2eae571",
                "bb913533c732b280d8aab80be27b70e6ef79b225d20c5179fc3298cecb613fd9",
                "d0ff120c25a3dab63b8a9ed290ca25ef0cbc50313e7719b24651059904a8614d",
                "f328eac53f651ac766185c975e66f31816dedfe11d0c971aa2a4e858c69e82bf",
                "5cdfbaaa03a584aecee0015e6a0e7383dd2b0e10d4698ae2a28ba9834e3612ea",
                "f6d8c06815c3e35ac4959e5cd54c600dde37eefd993dda0bb4eefd2c1e599d3f",
                "80e32e946ff54a23791e1c667ec5bf37f7a28dfc9955e14842a37c197461b167",
                "e8531b15ac285a5ec4e2314f638af86a56f8714397f5d1a2e21a639ca4c5729b",
                "c3b6c3c08e4cdb09e35fe625d0d983ac39f64d31707d02d87ec58203404c0764",
                "8a6c5feafdf506d216c0987cbea4fabde5fad656770e26a8632a82afab418d8c",
                "85bba185ea8e14d594e736221bfee3f0513dd08a83e70398a5690b198d636516",
                "18e4662e47f3132e7614c4f0750f53d3e3cf7d238e0d6b105d873796af7d4274",
                "d755b274642004e8904eec72ef9b299693af3892085b4c77a4e93a5610746407",
                "15fdf7de458330db9e1835830acab2dcb6aa03419560fd24f47ef3c75c0f31ab",
                "31a3c2f6a66f49abd3fb73c56b57e3fc9d4bbd1d2f333cd29a43b4812c0dd30f",
                "c54dd4ca0b95c7cd667e0e2efd96a12f4626debe1db584a5aefdf26fbcb9affe",
                "fe729af542236f035c854310411584cd1d49218ee7856d56465ea558f6483168",
                "bb4088f53daab2ddbb35c80e88501dcd9d193ea68658d94eb514d4d2eec4f2b7",
                "85bd87a26ab8aa2211f69c172845d18e98498c99a3fe8ed35a527e6511e6b62b"
            ],
            "type": "Fetch",
            "firstPartyCookies": {},
            "firstPartyCookiesSent": {
                "lotame_domain_check": 0.002812374447569305,
                "_li_dcdm_c": 0.003113700281237445,
                "__pid": 0.0001004419445560466,
                "NV%5FGAPREVIOUSPAGENAME": 0.0001004419445560466
            },
            "exampleSites": [
                "tomsguide.com",
                "www.newegg.com",
                "www.techradar.com",
                "www.tomsguide.com",
                "www.tomshardware.com",
                "www.realhomes.com",
                "www.imore.com",
                "www.golfmonthly.com",
                "www.womanandhome.com",
                "www.cinemablend.com",
                "www.homesandgardens.com",
                "www.androidcentral.com",
                "www.cyclingnews.com",
                "www.whowhatwear.com",
                "www.musicradar.com",
                "www.livescience.com",
                "www.decanter.com",
                "www.guitarworld.com",
                "www.digitalcameraworld.com",
                "www.marieclaire.com"
            ]
        }
    ],
    "categories": [],
    "performance": {},
    "cookies": 0,
    "topInitiators": [
        {
            "domain": "futurecdn.net",
            "prevalence": 1
        }
    ],
    "types": {
        "Fetch": 42
    },
    "nameservers": [
        "ns-786.awsdns-34.net",
        "ns-1419.awsdns-49.org",
        "ns-55.awsdns-06.com",
        "ns-1705.awsdns-21.co.uk"
    ]
}