{
    "domain": "gaug.es",
    "owner": {},
    "source": [
        "DuckDuckGo-AU"
    ],
    "prevalence": 0.00131,
    "sites": 13,
    "subdomains": [
        "secure"
    ],
    "cnames": [],
    "fingerprinting": 2,
    "resources": [
        {
            "rule": "gaug\\.es\\/track\\.js",
            "cookies": 0.00131,
            "fingerprinting": 1,
            "subdomains": [
                "secure"
            ],
            "apis": {
                "Date.prototype.getTime": 13,
                "Document.cookie setter": 13,
                "Navigator.prototype.userAgent": 13,
                "Document.cookie getter": 13,
                "Screen.prototype.width": 13,
                "window.innerWidth": 13,
                "window.innerHeight": 13
            },
            "sites": 13,
            "prevalence": 0.00131,
            "cnames": [],
            "responseHashes": [
                "df2698e6cf74ed890afa92da10051f880df2ce0b3257b73c5d9ae2f6bea82d3c"
            ],
            "type": "Script",
            "firstPartyCookies": {
                "_gauges_cookie": {
                    "ttl": 6,
                    "length": 1,
                    "prevalence": 0.0013057452792286058,
                    "uniqueness": 0.07692307692307693
                },
                "_gauges_unique_hour": {
                    "ttl": 3606,
                    "length": 1,
                    "prevalence": 0.0013057452792286058,
                    "uniqueness": 0.07692307692307693
                },
                "_gauges_unique_day": {
                    "ttl": 86406,
                    "length": 1,
                    "prevalence": 0.0013057452792286058,
                    "uniqueness": 0.07692307692307693
                },
                "_gauges_unique_month": {
                    "ttl": 2678406,
                    "length": 1,
                    "prevalence": 0.0013057452792286058,
                    "uniqueness": 0.07692307692307693
                },
                "_gauges_unique_year": {
                    "ttl": 31536006,
                    "length": 1,
                    "prevalence": 0.0013057452792286058,
                    "uniqueness": 0.07692307692307693
                },
                "_gauges_unique": {
                    "ttl": 31536006,
                    "length": 1,
                    "prevalence": 0.0013057452792286058,
                    "uniqueness": 0.07692307692307693
                }
            },
            "firstPartyCookiesSent": {},
            "exampleSites": [
                "appletoolbox.com",
                "gardenworld.com.au",
                "shotkit.com",
                "tobinbrothers.com.au",
                "wattsupwiththat.com",
                "www.alphr.com",
                "www.guidingtech.com",
                "www.lawyer.com.au",
                "www.medicine.com.au",
                "www.omgubuntu.co.uk",
                "www.strengthlog.com",
                "www.technipages.com",
                "www.theperfectloaf.com"
            ]
        },
        {
            "rule": "gaug\\.es\\/track\\.gif",
            "cookies": 0,
            "fingerprinting": 0,
            "subdomains": [
                "secure"
            ],
            "apis": {},
            "sites": 13,
            "prevalence": 0.00131,
            "cnames": [],
            "responseHashes": [
                "7fff1569ea68ef52782ba25b0cf3934627f7a4fc1e8e22f4652de959c5f97978"
            ],
            "type": "Image",
            "firstPartyCookies": {},
            "firstPartyCookiesSent": {
                "_li_dcdm_c": 0.0003013258336681398
            },
            "exampleSites": [
                "appletoolbox.com",
                "gardenworld.com.au",
                "shotkit.com",
                "tobinbrothers.com.au",
                "wattsupwiththat.com",
                "www.alphr.com",
                "www.guidingtech.com",
                "www.lawyer.com.au",
                "www.medicine.com.au",
                "www.omgubuntu.co.uk",
                "www.strengthlog.com",
                "www.technipages.com",
                "www.theperfectloaf.com"
            ]
        }
    ],
    "categories": [],
    "performance": {},
    "cookies": 0.00131,
    "topInitiators": [
        {
            "domain": "first party",
            "prevalence": 1
        }
    ],
    "types": {
        "Script": 13,
        "Image": 13
    },
    "nameservers": [
        "ns-1458.awsdns-54.org",
        "ns-1754.awsdns-27.co.uk",
        "ns-451.awsdns-56.com",
        "ns-940.awsdns-53.net"
    ]
}