{
    "domain": "getdrip.com",
    "owner": {
        "name": "Avenue 81, Inc.",
        "displayName": "Avenue 81"
    },
    "source": [
        "DuckDuckGo-AU"
    ],
    "prevalence": 0.00131,
    "sites": 13,
    "subdomains": [
        "api"
    ],
    "cnames": [],
    "fingerprinting": 1,
    "resources": [
        {
            "rule": "getdrip\\.com\\/client\\/events\\/visit",
            "cookies": 0.000301,
            "fingerprinting": 0,
            "subdomains": [
                "api"
            ],
            "apis": {},
            "sites": 10,
            "prevalence": 0.001,
            "cnames": [],
            "responseHashes": [
                "668402e5bf10d8ddac60b7f4f93062d00cda708fa17cb378ec29196dd5677844",
                "5e1e3d2daf350cac29acfc3f561d0dcea7f21d96a9e08de2ebb1f05df8b18539",
                "3359f0cf2a3c64ca4a4b418b64998e1736ca0a87b708fbb046ddc1525a950802",
                "df0c040c976423df084769bff02b4357d90584cf8c68e907ac361550627abe84",
                "58251eb605833a68e694526c061f6060554bd43f5535b21e2c9f55f8e94ac45a",
                "e19f4020c1397d6c2ce93c6ef6ef4586aaf34db1bbd8235eca2ac921429e5560",
                "363135665c6800c73e7db61bf3d4230a99acaae8f0ffae25c80aabe5eed845b6",
                "f0e9c367f939147843c2d9bb6a28e1f3afdcb971bc45919d18ca45ad60dccfb8",
                "2dd921a7b89f50fab9b37a944791e341019931aa03cb45470f06c4b70bb38596"
            ],
            "type": "Script",
            "firstPartyCookies": {},
            "firstPartyCookiesSent": {
                "_hjTLDTest": 0.0001004419445560466,
                "lotame_domain_check": 0.0002008838891120932
            },
            "exampleSites": [
                "singerco.com.au",
                "spreadsheeto.com",
                "teenage.engineering",
                "thedrardisshow.com",
                "ventraip.com.au",
                "www.baeldung.com",
                "www.seekbusiness.com.au",
                "www.sterlingparts.com.au",
                "www.tcgplayer.com",
                "www.uaudio.com"
            ]
        },
        {
            "rule": "getdrip\\.com\\/client\\/forms\\/show",
            "cookies": 0,
            "fingerprinting": 0,
            "subdomains": [
                "api"
            ],
            "apis": {},
            "sites": 2,
            "prevalence": 0.000201,
            "cnames": [],
            "responseHashes": [
                "e084017ad3a5c7dabf9bdf891f67c7a1c615850a26f827988728645dbd085d5d"
            ],
            "type": "Script",
            "firstPartyCookies": {},
            "firstPartyCookiesSent": {},
            "exampleSites": [
                "singerco.com.au",
                "www.uaudio.com"
            ]
        },
        {
            "rule": "getdrip\\.com\\/client\\/track",
            "cookies": 0,
            "fingerprinting": 0,
            "subdomains": [
                "api"
            ],
            "apis": {},
            "sites": 10,
            "prevalence": 0.001,
            "cnames": [],
            "responseHashes": [
                "a6138e50486b81f89d2f8d864b7dae7ace0ee58894b424bce2e24e26491c54e7",
                "e3fe2fce982309c6ccf7ad2abb37ab0d01999a270dc6c1033d1f50c4b272eae7",
                "24d1f7be6d3b35c0286a903b4b0a6f7ac6b118099288b9f8da8cf1e1a4f343f5",
                "68247fe7df31f1e0b3c7a10f0f4912ec25071ea89073210d5e4d86b6731fb89b",
                "baef01a43d12d567effe6cc45634988260916741415ed277c6bb3392b42e2346",
                "9efffd44a8a761475b1646687e6b482f810bcd60c7d79f87009799c0ae0d48be",
                "7955f994e0060359097c526c568ade5c8910fe01cd4057d05ebd7c7ca197e6fa",
                "13413e42165f72e05636e35213e83c72cb39bbce0dfd178de458753ff1fa7c06",
                "0659ed00bd9c085dd672fe63be2b1d5741e09f42a58ad53e69f8210889c9cdd1"
            ],
            "type": "Script",
            "firstPartyCookies": {},
            "firstPartyCookiesSent": {
                "_hjTLDTest": 0.0001004419445560466,
                "lotame_domain_check": 0.0002008838891120932
            },
            "exampleSites": [
                "singerco.com.au",
                "spreadsheeto.com",
                "teenage.engineering",
                "thedrardisshow.com",
                "ventraip.com.au",
                "www.baeldung.com",
                "www.seekbusiness.com.au",
                "www.sterlingparts.com.au",
                "www.tcgplayer.com",
                "www.uaudio.com"
            ]
        }
    ],
    "categories": [],
    "performance": {},
    "cookies": 0.000603,
    "topInitiators": [
        {
            "domain": "first party",
            "prevalence": 0.46875
        },
        {
            "domain": "d14jnfavjicsbe.cloudfront.net",
            "prevalence": 0.40625
        },
        {
            "domain": "googletagmanager.com",
            "prevalence": 0.09375
        },
        {
            "domain": "segment.com",
            "prevalence": 0.03125
        }
    ],
    "types": {
        "Script": 22
    },
    "nameservers": [
        "ns-339.awsdns-42.com",
        "ns-1039.awsdns-01.org",
        "ns-1955.awsdns-52.co.uk",
        "ns-691.awsdns-22.net"
    ]
}