{
    "domain": "iqm.com",
    "owner": {},
    "source": [
        "DuckDuckGo-AU"
    ],
    "prevalence": 0.0172,
    "sites": 171,
    "subdomains": [
        "pxl"
    ],
    "cnames": [],
    "fingerprinting": 0,
    "resources": [
        {
            "rule": "iqm\\.com\\/i\\/ck\\/mnet",
            "cookies": 0.00613,
            "fingerprinting": 0,
            "subdomains": [
                "pxl"
            ],
            "apis": {},
            "sites": 88,
            "prevalence": 0.00884,
            "cnames": [],
            "responseHashes": [
                "85d979c5c4ea9780b6660e319cadf21a4cdc84a21cefb2f29aa9b7e16aad8ae9",
                "a3ed253857534e1a8eba1a7549ce2de940099fa5ea9030ac459dd24917c18b17",
                "c484f93a1cae5f17580696572534e6c54f7415b6cd85ff0bc096ab67e1e9a3a6",
                "6d0e3dd155390947dd06e989535f04eb13c1755696b19d492d5eb3f624371e6b",
                "1891720584052e68dad0c378cc62850d122adafc9b9a3e3dad3b96a539922ad6",
                "d91ae1aa8dc6a0448ddb33ca17ba8b559ffd0e64a4db50f5e46268cd5c0dae92",
                "1bd941d1fa83328b7131f14307daa603e73e5def58bcbe705b8ba8e735a982ae",
                "c0349535449995e176c4762668ad2e23a5f5914d9fe719857cf4103c26413bde",
                "2b33810c8c7665aab730d335a24774ee0ec79eb8231b4ad4a3041dd80b693253",
                "d5bb2b53353c1f1856293aacd6a38d685c73612b9feaf02e8e2066bb8b122da6",
                "ac98cc8a87704468d1e59f23a11ee8a94e1991ae96ddb8600b449b6b52cac51c",
                "6f8abf5dec8257e9bc5357ef9e0073771d2fe4930527b18433a3aadcc93dc6ed",
                "08539824e2d88f2221a19d3646b512a17543c703a8128c0c58e8d6f1b2a8ad8b",
                "1171b014459a2bfe57ecefa1196dae64257c53fd7ec0d3ece62396721897254e",
                "65f98503c8479d1ab44779ad572a5e573ec996d0c308d4d2a6054fa4ebc78372",
                "23d22d41520e590a3997b2234ba6adb66c345392bb85851a8a212231321cf2ae",
                "58c7b78852bb7be8e5524993af31a1731d1ebd29b264ce744b19d575613975a2",
                "a959561b94a124b90115ee419b3f9f853c98108e84aecb23a7c2f6b6099c4b56",
                "8f858df56498ee8210e129a376cd9cc82775ecfdaea521edf683191cace2a3b2",
                "953dc5ae62df974bd6b2a4b3978946cc197e2244020716dc5f64870d43af175e",
                "10d0947104e8711235541ddc077db9294aa1a25d10db78c6a1e1961a7d444fe2",
                "f0d344eb39e576f8d7eb26fcc41e726348f942b583b2ccc063fd8f599b183830",
                "38d8d6ffcf8650758e0fd363d0082166b323615ea1a4237dbe28f109d79ee4f2",
                "910307ca5e44ebc79e94625c89b3c8e6073342f4b966822beb5add89f5010696",
                "a180952b47bd67c07ee80c312c26a5aa62c6f2a55cc5b975c5eecba9c01df99e",
                "83829c480e778e95db14e78c27457825977c435b1bb8c302357aff1435a61fba",
                "25d165c443d20999d1dd75e10aee56b673fe3445663220747b5ef5f47ece6265",
                "a6391e46f1215f9641571a050efd97abde8368925285ac66d4a583b9e374dfa5",
                "c40f336f44a51ff556d571aa79b2e626f1bda1fc256c07b12c05cedab3e959ea",
                "227b3d9548de0bb587776878884b5a25e57c7f4e7ccbe86ad3fb72fc9e110791"
            ],
            "type": "Script",
            "firstPartyCookies": {},
            "firstPartyCookiesSent": {},
            "exampleSites": [
                "9to5mac.com",
                "cplusplus.com",
                "forum.wordreference.com",
                "tvtropes.org",
                "www.tvguide.com",
                "www.vg247.com",
                "www.motor1.com",
                "lol.fandom.com",
                "eso-hub.com",
                "www.yourtango.com",
                "www.jalopyjournal.com",
                "dragonage.fandom.com",
                "thetvdb.com",
                "www.thephoblographer.com",
                "torontosun.com",
                "cults3d.com",
                "www.pushsquare.com",
                "www.baeldung.com",
                "warhammer40k.fandom.com",
                "diablo.fandom.com"
            ]
        },
        {
            "rule": "iqm\\.com\\/i\\/ck\\/beachfront",
            "cookies": 0.0001,
            "fingerprinting": 0,
            "subdomains": [
                "pxl"
            ],
            "apis": {},
            "sites": 3,
            "prevalence": 0.000301,
            "cnames": [],
            "responseHashes": [],
            "type": "Image",
            "firstPartyCookies": {},
            "firstPartyCookiesSent": {},
            "exampleSites": [
                "animalia.bio",
                "hero.fandom.com",
                "tvtonight.com.au"
            ]
        },
        {
            "rule": "iqm\\.com\\/i\\/ck\\/indexch",
            "cookies": 0.00171,
            "fingerprinting": 0,
            "subdomains": [
                "pxl"
            ],
            "apis": {},
            "sites": 21,
            "prevalence": 0.00211,
            "cnames": [],
            "responseHashes": [
                "e3b0c44298fc1c149afbf4c8996fb92427ae41e4649b934ca495991b7852b855"
            ],
            "type": "Image",
            "firstPartyCookies": {},
            "firstPartyCookiesSent": {},
            "exampleSites": [
                "forum.wordreference.com",
                "tvtropes.org",
                "astrostyle.com",
                "freepages.rootsweb.com",
                "www.motor1.com",
                "cults3d.com",
                "www.stampworld.com",
                "thetvdb.com",
                "www.nintendolife.com",
                "www.digminecraft.com",
                "www.eurogamer.net",
                "www.rockpapershotgun.com",
                "www.pushsquare.com",
                "timesofindia.indiatimes.com",
                "www.vg247.com",
                "torontosun.com",
                "www.checkyourmath.com",
                "www.baeldung.com",
                "manofmany.com",
                "www.mindbodygreen.com"
            ]
        },
        {
            "rule": "iqm\\.com\\/i\\/ck\\/equativ",
            "cookies": 0.00191,
            "fingerprinting": 0,
            "subdomains": [
                "pxl"
            ],
            "apis": {},
            "sites": 30,
            "prevalence": 0.00301,
            "cnames": [],
            "responseHashes": [],
            "type": "Image",
            "firstPartyCookies": {},
            "firstPartyCookiesSent": {},
            "exampleSites": [
                "www.businessinsider.com",
                "www.liverpoolecho.co.uk",
                "www.digminecraft.com",
                "prettysimplesweet.com",
                "www.d20srd.org",
                "thetvdb.com",
                "www.dcode.fr",
                "www.europeantour.com",
                "www.motor1.com",
                "cults3d.com",
                "www.archerytalk.com",
                "metabattle.com",
                "bikez.com",
                "forums.whathifi.com",
                "www.manchestereveningnews.co.uk",
                "torontosun.com",
                "www.marieclaire.com",
                "www.solveyourtech.com",
                "vampire-survivors.fandom.com",
                "manofmany.com"
            ]
        },
        {
            "rule": "iqm\\.com\\/i\\/ck\\/vidazoo",
            "cookies": 0.00121,
            "fingerprinting": 0,
            "subdomains": [
                "pxl"
            ],
            "apis": {},
            "sites": 12,
            "prevalence": 0.00121,
            "cnames": [],
            "responseHashes": [],
            "type": "Document",
            "firstPartyCookies": {},
            "firstPartyCookiesSent": {},