{
    "domain": "leadintel.io",
    "owner": {},
    "source": [
        "DuckDuckGo-AU"
    ],
    "prevalence": 0.000402,
    "sites": 4,
    "subdomains": [],
    "cnames": [],
    "fingerprinting": 0,
    "resources": [
        {
            "rule": "leadintel\\.io\\/login-check",
            "cookies": 0,
            "fingerprinting": 0,
            "subdomains": [],
            "apis": {},
            "sites": 4,
            "prevalence": 0.000402,
            "cnames": [],
            "responseHashes": [
                "d600dd343d523908392205243c52f8cf2b09e75995a58aa265ee8009a7238506",
                "599e09a7b07d32059a3ad5c68fcf86171a253e1aa3a5faefa4f75fa7cdf553a6"
            ],
            "type": "Script",
            "firstPartyCookies": {},
            "firstPartyCookiesSent": {
                "cookies.js_dtest": 0.0002008838891120932,
                "parsely_uuid": 0.0002008838891120932
            },
            "exampleSites": [
                "decanter.com",
                "www.getprice.com.au",
                "www.whathifi.com",
                "www.yachtingworld.com"
            ]
        },
        {
            "rule": "leadintel\\.io\\/track",
            "cookies": 0.000402,
            "fingerprinting": 0,
            "subdomains": [],
            "apis": {},
            "sites": 4,
            "prevalence": 0.000402,
            "cnames": [],
            "responseHashes": [
                "13df91e859f4b3dd45aa24383df0eabcd3522dd65683f4e604561fdce4f9e5d5",
                "7c73519845d0f857b47e38c76592ccdac7eedc7e60a8b4a6420ef411ae0ef0c4",
                "de6db53bbb30efce3be6f5cb401a6596f87d573f3e985d5ea9ac6f9e44207079"
            ],
            "type": "Script",
            "firstPartyCookies": {},
            "firstPartyCookiesSent": {
                "cookies.js_dtest": 0.0002008838891120932,
                "parsely_uuid": 0.0002008838891120932,
                "__pid": 0.0001004419445560466,
                "lotame_domain_check": 0.0002008838891120932,
                "_li_dcdm_c": 0.0001004419445560466
            },
            "exampleSites": [
                "decanter.com",
                "www.getprice.com.au",
                "www.whathifi.com",
                "www.yachtingworld.com"
            ]
        }
    ],
    "categories": [],
    "performance": {},
    "cookies": 0.000402,
    "topInitiators": [
        {
            "domain": "d39ion77s0ucuz.cloudfront.net",
            "prevalence": 0.875
        },
        {
            "domain": "webcontentassessor.com",
            "prevalence": 0.125
        }
    ],
    "types": {
        "Script": 8
    },
    "nameservers": [
        "ns-1841.awsdns-38.co.uk",
        "ns-887.awsdns-46.net",
        "ns-1508.awsdns-60.org",
        "ns-31.awsdns-03.com"
    ]
}