{
    "domain": "mrf.io",
    "owner": {
        "name": "Marfeel Solutions, S.L.",
        "displayName": "Marfeel"
    },
    "source": [
        "DuckDuckGo-AU"
    ],
    "prevalence": 0.00382,
    "sites": 38,
    "subdomains": [
        "sdk",
        "marfeelexperimentsexperienceengine",
        "flowcards",
        "experiences"
    ],
    "cnames": [],
    "fingerprinting": 1,
    "resources": [
        {
            "rule": "mrf\\.io\\/statics\\/marfeel-sdk\\.js",
            "cookies": 0.00382,
            "fingerprinting": 1,
            "subdomains": [
                "sdk"
            ],
            "apis": {
                "window.localStorage": 38,
                "Navigator.prototype.userAgent": 38,
                "window.sessionStorage": 38,
                "Date.prototype.getTime": 38,
                "Document.cookie setter": 38,
                "Document.cookie getter": 38,
                "window.innerHeight": 2,
                "window.innerWidth": 2
            },
            "sites": 38,
            "prevalence": 0.00382,
            "cnames": [],
            "responseHashes": [
                "12111f39c1ca62a94953f3dc328945992130c06b2de8a038a1107af0cec73e62",
                "8dc231b65510f6790491839c591fbe3174666aadfe0ebdfaebeab994c497a0d5",
                "6cc6d455055ee9f863607db7a049ff0180c25729c4b08e1183e075aee0b95f1c",
                "32633334a7fdc8d4dc7ab50cd6fc2c4162a73f229af2e28443511f5c122ac81d",
                "6b19530ed42447d435cc40aad99ab7fa9304f396d2b8927fcce6c1dad9e30e9e",
                "528b865680510a09bd00cab616e23636ff8c85d6e9121b9dfc1a965e77b54647",
                "8db86ba2aadd235ec6e18beedb3610096d9927fae7e67b020ad0715776c53e7c",
                "2ec0b9f56f7bc9941f02e97fe437d8f54193327921655d8c1fecb960ada08463",
                "9d3ca3914880afd5e3bac3c63e31b2ded2a2ff5fe7f88d06fb8ee546330b9960",
                "48bbfe4511f409a8b6f6a64b8a1edb4f9aeb689623cc514348842235af75fe83",
                "95d506ee604e4412e59963b5e0bc615839e2ec55e275a7d714bff8fa65126187",
                "ad131f358df6274226d8b3c549740477842a2f22d3ef6247fdb0fb1a7c6962b1",
                "abbf79d6c84802a93af28dade64767886a87b46be926cfeb73f281650f77d75e",
                "a182bf90ba74eb4fd5ec6bb7f7d9b080353232663de86ee517a8fd2cec9081d2",
                "431b0a06f4c45a9586dfdf3a8e9e387a615266bbc20ea07db75b167111100011",
                "39367d67cfaa10521d0ae64bc6840a574569c0e7cd1fa3877018e2c86869e800",
                "b0f1913206d65dc40bc760a5676d4831866f407c1e9c9b837b980bb302ef0644",
                "860f8e2430cc43465d7a1e12902d71e90e2913113b554fd5339ef5765114bcc6",
                "44a9f828122bc02fe7e8bd4e587fef618641a9521d393516382bd66bd6670e22"
            ],
            "type": "Script",
            "firstPartyCookies": {
                "___nrbic": {
                    "ttl": 15634807,
                    "length": 359,
                    "prevalence": 0.0034150261149055844,
                    "uniqueness": 1
                },
                "___nrbi": {
                    "ttl": 15634807,
                    "length": 203,
                    "prevalence": 0.0034150261149055844,
                    "uniqueness": 1
                },
                "compass_uid": {
                    "ttl": 15634807,
                    "length": 36,
                    "prevalence": 0.0034150261149055844,
                    "uniqueness": 1
                }
            },
            "firstPartyCookiesSent": {},
            "exampleSites": [
                "gizmodo.com",
                "heavy.com",
                "knowyourmeme.com",
                "sciencing.com",
                "techcrunch.com",
                "www.businessinsider.com",
                "www.dailydot.com",
                "www.express.co.uk",
                "www.hunker.com",
                "www.thegatewaypundit.com",
                "www.advocate.com",
                "www.out.com",
                "www.gamepressure.com",
                "english.elpais.com",
                "www.looper.com",
                "foreignpolicy.com",
                "www.engadget.com",
                "as.com",
                "www.cfr.org",
                "www.timesofisrael.com"
            ]
        },
        {
            "rule": "mrf\\.io\\/experimentsexperience\\/render",
            "cookies": 0,
            "fingerprinting": 0,
            "subdomains": [
                "marfeelexperimentsexperienceengine"
            ],
            "apis": {},
            "sites": 8,
            "prevalence": 0.000804,
            "cnames": [],
            "responseHashes": [
                "e3b0c44298fc1c149afbf4c8996fb92427ae41e4649b934ca495991b7852b855",
                "0f8d6ca57f8a3a474d985e259006a7fa5c73e7b1f91d42d87c6634154948d226"
            ],
            "type": "Script",
            "firstPartyCookies": {},
            "firstPartyCookiesSent": {},
            "exampleSites": [
                "as.com",
                "english.elpais.com",
                "techcrunch.com",
                "www.businessinsider.com",
                "www.cfr.org",
                "www.express.co.uk",
                "www.hellomagazine.com",
                "www.seattletimes.com"
            ]
        },
        {
            "rule": "mrf\\.io\\/statics\\/0090828df445b49eb544\\.js",
            "cookies": 0,
            "fingerprinting": 0,
            "subdomains": [
                "sdk"
            ],
            "apis": {},
            "sites": 2,
            "prevalence": 0.000201,
            "cnames": [],
            "responseHashes": [
                "d3b490b5e114648717e83a33d02d026a90aa1cca49a886f9deb46cedf10a642d"
            ],
            "type": "Script",
            "firstPartyCookies": {},
            "firstPartyCookiesSent": {},
            "exampleSites": [
                "as.com",
                "english.elpais.com"
            ]
        },
        {
            "rule": "mrf\\.io\\/json\\/experiences",
            "cookies": 0,
            "fingerprinting": 0,
            "subdomains": [
                "flowcards"
            ],
            "apis": {},
            "sites": 6,
            "prevalence": 0.000603,
            "cnames": [],
            "responseHashes": [
                "03c13d3a774eec5159f58f3d2e0b5aaaae52bbe07c967ce087fe90d6bcaa3a9b",
                "ca192c47b9440493ea877a1087efd88ec8d63f1ef4ae760d9b87c34adc796ff4",
                "4771b6e6d80480ff9d9ca116255b55e6a618fe445961840333b32a1315255e50",
                "c3aceb275a0eb6be17f1fa5a926c8bd4d544d87371a4ea066b733b61e0308d01"
            ],
            "type": "Fetch",
            "firstPartyCookies": {},
            "firstPartyCookiesSent": {
                "compass_uid": 0.0006026516673362796,
                "lotame_domain_check": 0.0001004419445560466
            },
            "exampleSites": [
                "techcrunch.com",
                "www.advocate.com",
                "www.engadget.com",
                "www.ghacks.net",
                "www.out.com",
                "www.seattletimes.com"
            ]
        },
        {
            "rule": "mrf\\.io\\/json\\/experiences",
            "cookies": 0,
            "fingerprinting": 0,
            "subdomains": [
                "flowcards"
            ],
            "apis": {},
            "sites": 5,
            "prevalence": 0.000502,
            "cnames": [],
            "responseHashes": [],
            "type": "Preflight",
            "firstPartyCookies": {},
            "firstPartyCookiesSent": {
                "compass_uid": 0.000502209722780233
            },
            "exampleSites": [
                "techcrunch.com",
                "www.advocate.com",
                "www.engadget.com",
                "www.out.com",
                "www.seattletimes.com"
            ]
        },
        {
            "rule": "mrf\\.io\\/statics\\/inline-experiences\\/esnext\\/standalone\\.js",
            "cookies": 0,