{
    "domain": "nice-team.net",
    "owner": {},
    "source": [
        "DuckDuckGo-AU"
    ],
    "prevalence": 0.00191,
    "sites": 19,
    "subdomains": [
        "cdn-bundler"
    ],
    "cnames": [],
    "fingerprinting": 1,
    "resources": [
        {
            "rule": "nice-team\\.net\\/app\\/js\\/bundler\\.js",
            "cookies": 0,
            "fingerprinting": 1,
            "subdomains": [
                "cdn-bundler"
            ],
            "apis": {
                "Navigator.prototype.userAgent": 14
            },
            "sites": 19,
            "prevalence": 0.00191,
            "cnames": [],
            "responseHashes": [
                "c33abd161f73715f543a8b62490996c3466a1f7611e798ec3a24cf06f28c7452",
                "6ce34dc84e5943ba8020b4e2f84d10bdd675e187c5003aa59a63090c8e99a85b",
                "ee746c269e893a9f15dbcbe40a65a2f8db884b544cb1080a0c52f51b88d7143f",
                "23116fdf3718bb89cdd31b9c7d75b32cfe06ec87cfb9ec0ac904696e0392c7a8",
                "469ae86ba2280646e5ae70f748e208b6161362f270386bfc0564049d2a279a12",
                "b1177f457dc6530a7ebc20d23784af21f7c63a2260b3c5df5b6dca3346b51320",
                "a2f3e99cfd9f75bb1772c2574f878b3700802887d29c36884faaa2b1730d23a2",
                "1e5b396a6fe239bac5b754ec21e7e8853cdf8f817f6783de163e783bb2cbe272",
                "dcb54cfc8ce5462166564b8bbfedb6b4aad5177d2b31d3beef6b34e0c805126d",
                "bc59001c3c0b67ce932fb49801f4591f1a3f8ea4e1fe9e8ac3ddea2661d40e5b",
                "b2589771f43c77be3208e03705a3c345ae86535158f2fc0c0235842a7ecdb8d7",
                "96de77f6f3d5f3da0a4301b18e2371456ab24426740ecf4b8b41a7c99cf2b5b5",
                "1ba5448574dd170af13d81c1d4675707b0bbfd70d0fda34658dbc08b05df6558",
                "03f6c1d3ab008109f9b179dd5f86d899472c8b61ddf15b302c6bff13c9de9277",
                "0545e3599d5f6fc6acc655fdf19ac9a93172dfcda15a1701960a49b48a3d530d",
                "7e2708972359d5a4fdce03cfd83a35794e4b92da40768a0597f20b40057df8a5",
                "135787df0623af9350708e255cc14948278cdfa01d3b8f56bbd3dfec0df60190",
                "beaab5bc870ee4031a6f5265f08a3868b58275c4cc5c63be9e66d81b9091fc62"
            ],
            "type": "Script",
            "firstPartyCookies": {},
            "firstPartyCookiesSent": {
                "checkout_shop": 0.0002008838891120932
            },
            "exampleSites": [
                "wilson.com",
                "australianorganicproducts.com.au",
                "dangerfield.com.au",
                "fromourplace.com",
                "gormanshop.com.au",
                "gymdirect.com.au",
                "keenfootwear.com.au",
                "salomon.com.au",
                "scooterhut.com.au",
                "seatosummit.com.au",
                "shop.resmed.com.au",
                "www.4x4downunder.com.au",
                "www.baysports.com.au",
                "www.hobbyco.com.au",
                "www.japanesetools.com.au",
                "www.metrohobbies.com.au",
                "www.myautoparts.com.au",
                "www.priceattack.com.au",
                "www.universalstore.com"
            ]
        },
        {
            "rule": "nice-team\\.net\\/app\\/js\\/bundler-script\\.js",
            "cookies": 0,
            "fingerprinting": 1,
            "subdomains": [
                "cdn-bundler"
            ],
            "apis": {
                "Navigator.prototype.userAgent": 12,
                "Date.prototype.getTime": 11,
                "window.localStorage": 4,
                "Document.cookie getter": 5
            },
            "sites": 19,
            "prevalence": 0.00191,
            "cnames": [],
            "responseHashes": [
                "5e21847e25239101baf505ea235b21d0e6198457de6df9fe926198149adfbea6",
                "e3b0c44298fc1c149afbf4c8996fb92427ae41e4649b934ca495991b7852b855",
                "d571a7bcdd8626813e1afb25107c9ea68204eaae1129e959d9441e693ddf37a0",
                "5e2ee255222bb73a44fa4bc81ba692a57f261ca045b5529c95c2bf182e665cea",
                "4044f18a35dc41acd730cb66e65708c415d5ac4716bd5d1b8d21492bec6ad22f",
                "4923b0419a942e1aa257c59b5ac4dc864552aa4299a481eeb56a4143dc81547f",
                "db72a0a48f2283cc87bbdd459155f3b8803c866692a8b3bb1195be5c7d8db3a0",
                "086ea981b61e73dfd1a66da321b1708b7760555b56643bb16a3eacff98b8ff31",
                "a4d4b8461f6a4495911d6b358650e24c58c36e48ad41cbc2a4d63d97de4b5eb6",
                "dba5166ad9db9ba648c1032ebbd34dcd0d085b50023b839ef5c68ca1db93a563",
                "523878bfb16adeecf412af8f61464c7a317ddc854cc9617dca748af0028e1c2b",
                "8e37e2a10afacb18655e5eaf2f010f8bd55c9b868f2cb557bee0759877760fa5",
                "e1a5f04d2b0d8f922d8267b8818bee4025fb1869b8b8c8236b5fe51ce498d228"
            ],
            "type": "Script",
            "firstPartyCookies": {},
            "firstPartyCookiesSent": {
                "checkout_shop": 0.0002008838891120932
            },
            "exampleSites": [
                "wilson.com",
                "australianorganicproducts.com.au",
                "dangerfield.com.au",
                "fromourplace.com",
                "gormanshop.com.au",
                "gymdirect.com.au",
                "keenfootwear.com.au",
                "salomon.com.au",
                "scooterhut.com.au",
                "seatosummit.com.au",
                "shop.resmed.com.au",
                "www.4x4downunder.com.au",
                "www.baysports.com.au",
                "www.hobbyco.com.au",
                "www.japanesetools.com.au",
                "www.metrohobbies.com.au",
                "www.myautoparts.com.au",
                "www.priceattack.com.au",
                "www.universalstore.com"
            ]
        }
    ],
    "categories": [],
    "performance": {},
    "cookies": 0,
    "topInitiators": [
        {
            "domain": "first party",
            "prevalence": 1
        }
    ],
    "types": {
        "Script": 38
    },
    "nameservers": [
        "cash.ns.cloudflare.com",
        "amanda.ns.cloudflare.com"
    ]
}