{
    "domain": "optimise.net",
    "owner": {},
    "source": [
        "DuckDuckGo-AU"
    ],
    "prevalence": 0.00874,
    "sites": 87,
    "subdomains": [],
    "cnames": [],
    "fingerprinting": 0,
    "resources": [
        {
            "rule": "optimise\\.net\\/",
            "cookies": 0,
            "fingerprinting": 0,
            "subdomains": [],
            "apis": {},
            "sites": 87,
            "prevalence": 0.00874,
            "cnames": [],
            "responseHashes": [],
            "type": "Preflight",
            "firstPartyCookies": {},
            "firstPartyCookiesSent": {
                "lotame_domain_check": 0.0019083969465648854,
                "IR_gbd": 0.0001004419445560466
            },
            "exampleSites": [
                "hollywoodlife.com",
                "itsfoss.com",
                "tunein.com",
                "whatismyipaddress.com",
                "www.azlyrics.com",
                "www.biblegateway.com",
                "publicholidays.com.au",
                "www.stampworld.com",
                "www.famousbirthdays.com",
                "www.phoronix.com",
                "codebeautify.org",
                "www.boredpanda.com",
                "www.vecteezy.com",
                "www.wow-professions.com",
                "www.fontspace.com",
                "wheelofnames.com",
                "www.studylight.org",
                "www.cpu-monkey.com",
                "bobistheoilguy.com",
                "deepai.org"
            ]
        },
        {
            "rule": "optimise\\.net\\/",
            "cookies": 0,
            "fingerprinting": 0,
            "subdomains": [],
            "apis": {},
            "sites": 87,
            "prevalence": 0.00874,
            "cnames": [],
            "responseHashes": [
                "6f8111345fe5f19ec29666fcfcb7f138534953ff5fe1b348c6c6f4c2802a6b45",
                "809e119f946cee588c7831f2bdf365cbe975dc9fa5311694a5992d86f91cb1b6",
                "0c02b50fa7e1c97524831dd83c1eb2f20434efbf1f0f5f554d38513ac16b05e7",
                "909a77c0ba431ef707444585aceec76e0eb462ce43e4f99a6113f38554602a6c",
                "86dfb23d5f1277e11a488c067838775e832b63f1dd886a55a353e1df17eb704d",
                "43f8da555becf55afa36d26bc8d08992d86dd854ceb293af5c972a60186c3c52",
                "b0938e6e9e2b7a036d9b834e9fc318e030a61b30b45a2220b286b44711031b6c",
                "7af5dfd8d2d6e2965de74b643b6c82ebbc9149177ab7d9e15d2a52bdf9c931d0",
                "43b632aa7ff46c8613c936e9c9284b1fd56ed71c18869d3e5fcf876a659af3cd",
                "6110abde207c49119354921f89b6f0c6f95605ac414f38af9f8dea81ad4568f7",
                "3990695f6ec99553e2352b2ced5596cf13d408ea6567bc7b68c4b3ecf956147d",
                "0d25b6fb75801b04da96fd5cb7dfa47991fd2bc6372c0bc582a58cb0dad701f1",
                "d53dab863f47a1b932067211c346e36186b3ad23442b722e019c3abe7ba3428d",
                "bd28463caf544e7f1d49b93cdb9cdb9b0a93e0a8e0b39d84fcdb6fb55316956f",
                "89bcf861de9320a587cf5117ee78fc6a326810e7e3347f2173d42ad56791cc9a",
                "87f900f2f5afc15843f2aa2dc08714f5be131f6fb237cb3c1be0d9f856a76126",
                "f5c050a6a6c462a9b2c7aac69f218aa8ee1537cb39000f0a3aee94fc36afcaaf",
                "d1936f1626e918695af8b8ec79d385cef87fe1faa739c84f9fbf1085baeea8f4",
                "3c0ed541ad5fe3cd5bce6f5fd97069947c5b096c3958ba874f12778541ac96b2",
                "4a28f370ea0539da284d70f0334dbb26ebd91c8753485d42d17bf461cb6ad1e3",
                "0ea3498be5342ab41cb2e8137f5cb487516b2ba2972be3da5ab4cd1d238c21be",
                "5175ae71a1c673fc50e288d9aef8fb82cbcec719877a36f3328d1eba7401a931",
                "0fe02956373c2528b53e65e18b94fe4df726877d226d75e5b4e5d753abff0190",
                "677d1d08d1d76578eca1403f88fb8eb6bd0f561e7c915b5ea5004b7ea26f5a7e",
                "1fe535ca03f965b37bb464b1ca305cc6c35db2794088572d4a01293a32f4b25a",
                "f46608bd4e738283f65c905f4273c47b88338f43879be583ebc638d7190ac617",
                "6ac52ddd2efc707aad740cda1659de9b61c8a5f7f7b208730121de96f5ca4035",
                "d7c8d0c82dce0a8d49f377438abe780081476773f93ea50a517f23acfb39e346",
                "a18412967bd4c0b4867dc7e67c3c0b8ab2d7b64c6ad02cf36f80e06e2d912b77",
                "f81d3cc001ff7308359a0b14049e1be1b13db675d3ac9fe46d617ca876c8904e",
                "c97a08d38a69e44b04bf6587c2b5fa1e136b856961fe419fc485be25a61f6454",
                "01ca3f56413db85ba14fc9a4c90f02cd4241583ee8bab4ee7ab9a75c9ea3ca29",
                "6fa050e8f093495922adfa31eedccf16986206239c649d93ce2854367ee58edf",
                "8660222a6527d27a686c4b4013c91feef2449456d058608007ba54ca5c2198cb",
                "e8ba73cbe41dbfdac09d3cdfa84d6cfac9c0d0ac11f2b991734c1ceef39318e0",
                "7bf21fef95a78b611d715bc7fedc39e5f84f04fa2bdc28cd3bb25618d3c0c2d0",
                "9002cf43f0b50adea391f6b57ce62aaaaaa7b26157c972fc4c2ddbddabe4871f",
                "54d4ce23f7161ba8f35434277ac07e897f55c96af043d5271a1c27abb1eddc0e",
                "b99def207cd8a52aa1e3a9b574e028675a41d18b666cea65f7e59215aa54c89b",
                "ccabb9bb47da6d640497af60adcac24b1bf3b0171245852fc450c6dd13ffd34e",
                "ea9d9b57365db708e5d03ae2b5b178b5a641724e1f03629fb12c9c8fb32e3e36",
                "e88d26305e4fce3372a041925396d0a8b26155dac52027c20a60052de313d8b2",
                "11bc04c2f9b133e5181238504582402c04cdcfff5e15cb3f1d22a1cc16aff870",
                "bbeb025fe47daca48a177225e68766b71a90fa8d800e5b67cfc4ec7b88edb782",
                "2ef690aa91036f8070c79365f8edb050607e87b53af63b0e1d877247647bad69",
                "0d712852af9dde506a18859c347ffa6624b8efd0f6e7bc85ef5b7797542c5ab5",
                "a42977026b3cfa63c22fa62cbf4b09f7a8f95060064f835c93eeece8ed8d5429",
                "918f6cc5028dd8a02d273e1d74d774533ea89593366b92fcdacf4e469facc2ed",
                "27734e63fbce6a52474f2e79f1aad9456e525dcf093b7e539fdb0b86bc8bca37",
                "7a37cf9f7233810aa665ac99753fd00549033c5d1dad62e91b023ea55878a950",
                "5ec247de8bd0b77459ed491ad7ef2de98a1ae36d9b4463a7dcfd9f6f9855aa66",
                "837a6d39089da6b39119978d149616f37c7d63aedd7723d3c935a2e27d968287",
                "412e4bb0d5ae549d3b37a176815a2fd5e29339bfae8ecec987eda06990273f52",
                "33c9ded3f53a212c2c06c7ee1682e82d61384300161e18ecaa4d80fe62093f8b",
                "7cbcd68cb8b87892ebab1ff3b7902a4aebf6911565720db716b10e9fe45d534c",
                "15b48e957114c8d1a1ddac6d5b93e0716ae2525576c8ee4fdf5410a248284c35",
                "916bbd9c64a410e22a7230c35d983eef26bc702d4a8ec0f9c8da3e4f9194d5d7",
                "ba7dfd0bdd8193e9eb0ac56726ccfb955b72853639c6929ae9bcdddcdd60abf7",
                "49e6bfadecc2c3cde2338c4a55b6b78c05144c3500fc1c36350e07ae7f3c35fa",
                "cab009c8a77b033be35863ffcdc30c126eda6f9dbc80cc08e8debc254447b826",
                "2cc806f94be47634e1304452188914a0a3e3b863906d6a3e9ef9443be21760b5",
                "5ebf1e440401fceb6ca61ce69348f02c800517f289989b26f51d8c134c89f525",
                "66cd602c661401407d2a341395ff86b675df4275ce0ce0819ba4971068019b63",
                "6727770cf15cabcea950d815554acb650f94f5fe9eaca3e3a73edbbd6afd94ef",
                "f0f80c2f894abac78ffb38690400cedd300b6eddd5eddee04ceba75986091b20",
                "6a6a9668ab7e238c1aa6e11bfbe4b1173dfbd1fe76569cace568d5f9c19f3566",
                "92cedd5436b9f743f7922d797b041479bfbefdb7ce3167677632be74516daf15",
                "9c4bc5fb9beb4735d4a35401752c13d8749a013459ad5a8e84a88307c6f8f44d",
                "e630b0fcfea74223abc1e9007b44efed940e8856dde2bb28b9b63848718505b8",
                "39afba71affc3e81f538c186f350dec3e24cf2f2ed82b8887189c1ce1771b9ae",
                "526c5c01b42ae88ec823d0c7e9ea947b515f510bd5bbb5bab5606e8cf2aa0d43",
                "4fb00575a32840a733ff30919d8f698772c44fe66d30b3ba24b068fbd1904127",
                "3b7f27df019a0032af6651a099f83ef246550000d05a8861e574fe00d02385ea",
