{
    "domain": "plavxml.com",
    "owner": {},
    "source": [
        "DuckDuckGo-AU"
    ],
    "prevalence": 0.00382,
    "sites": 38,
    "subdomains": [
        "vxml4"
    ],
    "cnames": [],
    "fingerprinting": 1,
    "resources": [
        {
            "rule": "plavxml\\.com\\/sited\\/ref\\/ctrk\\/670-83086",
            "cookies": 0.000201,
            "fingerprinting": 1,
            "subdomains": [
                "vxml4"
            ],
            "apis": {
                "Document.cookie getter": 2,
                "Date.prototype.getTime": 2,
                "window.localStorage": 2
            },
            "sites": 2,
            "prevalence": 0.000201,
            "cnames": [],
            "responseHashes": [
                "fccb630332274700bfc9a8246f0b300ba648bf44f12db2349095ba6398f005d2"
            ],
            "type": "Script",
            "firstPartyCookies": {},
            "firstPartyCookiesSent": {},
            "exampleSites": [
                "ahm.com.au",
                "members.ahm.com.au"
            ]
        },
        {
            "rule": "plavxml\\.com\\/sited\\/ref\\/phnumint_md_gp\\.jsp",
            "cookies": 0.00382,
            "fingerprinting": 1,
            "subdomains": [
                "vxml4"
            ],
            "apis": {
                "Document.cookie setter": 38,
                "Document.cookie getter": 1,
                "Date.prototype.getTime": 6
            },
            "sites": 38,
            "prevalence": 0.00382,
            "cnames": [],
            "responseHashes": [
                "075e6c428f9b22d1a7c4de7faa406ce79ed3b2cd7e27c84dd186b6886579cdd2",
                "a1d9c83e7bcebde114229bbe6723792ee6adc07b7f0c90b16570af4419613c26",
                "05037ee37e37aea8c51e28b013f820cec2e61312eb495851b3e0cbc95531e4e9",
                "6f931282801bb1662ae0d4320f13e1bab2d8b98e81b37cb69cd7721a360cf83c",
                "80fd6faebea7648e93af900ccfeb2b0de72ba9e59d769c7300204a6681dfd413",
                "fc61b2ea180576d88b378031f192e55fba5671095a5083de57cddbf20442dadc",
                "af87488ba59a537e77855dc595fdbe92dd2c206822736f5e64f1a5cd1a9036cd",
                "8d30ea8d0674eaf38a7ebee4fe292a46de489ebe4e5245940d5073c7d4c20536",
                "ff77b7a712246f54314cb580706b32794090d8ab10ec290e50d193b120d89c1b",
                "43c57e149d0c0e2a665ab881b91f00cae50a5b02fd53fd459b52c13d27de118e",
                "6c2a704700c2492b5f3f0425680b93bb7c2bbd34c58c23ccb4a375a24bcde6f8",
                "33fdc96e8a3921d4dd91506aec016f5a3f6e55875bc7437fee8b3d8590483375",
                "15333db8105ef792b1fce539b151df756a0f1933198a25c75253c048a106c40b",
                "c9f45984dc5283132ea22ff7351981fd19cddbb8c86b12ca198684e27731e628",
                "b948c75c61b03fdf3a481fced296597b674a403fd932f2ba49f70fdc7922dfa2",
                "6b850ea8e54a5939a5dc70e4aa07e0a71f266f2fd8c734c4780ac1ec755bd66a",
                "82a93b554861e692807d3b7be34eb581d7966f60a68bef9fe7ae35935e9c7122",
                "6d7bb6da65ba438f7e3b2b7b122aa05ae5e757622f9ddbf8c5d22018d48a0060",
                "0dd969de5e303b25b0af19fb580ed7f9c2d301310590a13743fd2c7e799f5128",
                "7f24d90cb0027843d86cb200b9b892b3163b57de26f594c125f7ab17a7600b4e",
                "2d12624a9c945fdc22e8b99f98d631079b9893a75d6c7b0c11e866f4ec566b33",
                "6d819b5a19eefb2d759e53b43ac400222843f49ff68edec52704cd2bce745b10",
                "1760d4d8f850c6c4a84026512ea0adcb59c95e2112c1a66bea67a0f39a96588b",
                "13a51ca6798cca070a1536a7c8db419e140085ca3808dcb31a056ad0cfd4aa49",
                "fbc1442ce67112aa0508b104d1a885adf693058009ffec2bd07f36879676eccd",
                "481ca124355beb54642ca720c007a4d62c6fc23f1111267459556d350440d7aa",
                "222933b4893989189b72ac405e03fbd02063afbcf2e885779968eb55571145c3",
                "0c9bc7ff7d753239b05ca89ff654dff7d816b981f708ef36943771ff2ea3d054",
                "d0c7a7992ae09ac68c9a846c628d37eefa52218785b2eb1fe38c1c88c89ca8d0",
                "4a388477374ee611098520d569459bed30451c84024ea4cbc538e91bba792e86",
                "87255ee3c189c846bf3e0cf22771965b7e8f1c27692800cb12f41ea1c63994dd",
                "11f26404f2912918efd3e6f361e404b39e88e1ca10461491ba558885918ba58d",
                "090e1c4c680a64b3fb823674fc8f28d13b46f92a18a59fff2a55c74608e2e22e",
                "3d28a933fbe890614d330b466ed67963875842ce21ac8e1eaaae1184df5b9c9b",
                "22a755430741cf5e6ef92f695bfb8903d7dab5718c0cfa77335918c595b48f25",
                "2c23bac26e3cc74197674a0a7843187f30caa8bfcf9571b77c674d8e66182479"
            ],
            "type": "Script",
            "firstPartyCookies": {
                "delaconphonenums": {
                    "ttl": null,
                    "length": 163,
                    "prevalence": 0.002310164724789072,
                    "uniqueness": 1
                },
                "delaconsessid": {
                    "ttl": null,
                    "length": 32,
                    "prevalence": 0.003816793893129771,
                    "uniqueness": 1
                }
            },
            "firstPartyCookiesSent": {
                "_hjTLDTest": 0.0004017677782241864,
                "IR_gbd": 0.0002008838891120932
            },
            "exampleSites": [
                "www.medibank.com.au",
                "www.scenic.com.au",
                "www.gmhba.com.au",
                "www.onlineauto.com.au",
                "www.tripadeal.com.au",
                "www.flightcentre.com.au",
                "www.boq.com.au",
                "members.ahm.com.au",
                "bupaoptical.bupa.com.au",
                "www.geeks2u.com.au",
                "www.optus.com.au",
                "www.bupadental.com.au",
                "mobiletyreshop.com.au",
                "www.instrumentchoice.com.au",
                "club.shannons.com.au",
                "www.shannons.com.au",
                "www.mebank.com.au",
                "engie.com.au",
                "www.stratco.com.au",
                "www.insightvacations.com"
            ]
        },
        {
            "rule": "plavxml\\.com\\/sited\\/ref\\/integration\\.jsp",
            "cookies": 0.00342,
            "fingerprinting": 0,
            "subdomains": [
                "vxml4"
            ],
            "apis": {},
            "sites": 35,
            "prevalence": 0.00352,
            "cnames": [],
            "responseHashes": [
                "e3b0c44298fc1c149afbf4c8996fb92427ae41e4649b934ca495991b7852b855"
            ],
            "type": "Script",
            "firstPartyCookies": {},
            "firstPartyCookiesSent": {
                "_ga": 0.0070309361189232625,
                "delaconsessid": 0.0035154680594616313,
                "gaClientId": 0.0001004419445560466
            },
            "exampleSites": [
                "www.scenic.com.au",
                "www.bridgestone.com.au",
                "www.australianunity.com.au",
                "www.redenergy.com.au",
                "www.obrien.com.au",
                "www.tripadeal.com.au",
                "www.trafalgar.com",
                "ahm.com.au",
                "devicehelp.optus.com.au",
                "www.suncorp.com.au",
                "www.shannons.com.au",
                "www.stratco.com.au",
                "www.geeks2u.com.au",
                "www.apia.com.au",
                "www.insightvacations.com",
                "club.shannons.com.au",
                "members.ahm.com.au",
                "www.gio.com.au",
                "www.mynrma.com.au",
                "www.gmhba.com.au"
            ]
        },
        {
            "rule": "plavxml\\.com\\/sited\\/ref\\/integration\\.jsp",
            "cookies": 0.00241,
            "fingerprinting": 0,
            "subdomains": [
                "vxml4"
            ],
            "apis": {},
            "sites": 25,
            "prevalence": 0.00251,
            "cnames": [],