{
    "domain": "posthog.com",
    "owner": {},
    "source": [
        "DuckDuckGo-AU"
    ],
    "prevalence": 0.00201,
    "sites": 20,
    "subdomains": [
        "us.i",
        "eu.i",
        "us-assets.i",
        "app",
        "eu",
        "eu-assets.i"
    ],
    "cnames": [],
    "fingerprinting": 2,
    "resources": [
        {
            "rule": "posthog\\.com\\/decide\\/",
            "cookies": 0,
            "fingerprinting": 0,
            "subdomains": [
                "us.i",
                "eu.i"
            ],
            "apis": {},
            "sites": 19,
            "prevalence": 0.00191,
            "cnames": [],
            "responseHashes": [
                "d34e72e0cf5d6730244bdcc7ac13b6659c4d9b1469eddf7efe1d074285598486",
                "1ca772e9a3e5d26c373fc24bb3bc6dd985e93bf9ec7cafd2dad128774659e75b",
                "c8592ee13911e3a97bc13aef527f1d2791c924945c70dfb29f890c61ed94a02e",
                "242e3bb4a361a2b9933c7b9c0df4885499186e3b94f04c8512e77b2bead2e762",
                "cfb1bd3fbe4996fa2e9dc6e86a7ff2a69a91f83a3104366c7576f1011a07a737",
                "67476b8c08cb03e186e8879b3d556d538b920f76b15773cf383e900cdbb436e0",
                "19cd7cb78c0443034fa961e497aa4001c70d3bf34c62ce0415a36f13d787d0c6",
                "1386ecb5df3cf2987607d3770c916790c6c0f6826b64ba5f94d0884012ea4b4f",
                "7a093b6bff6e5b6774a7cbe010e9be306a6ad5404d949c4976f6138049425719",
                "9471a3e8cb2168cd6c0d87a709a0e6a26cfea76e7bac0455c42d14a3addefd1b",
                "07cbdb5ea46b80b617c47e04258ccb82d9199d6667d2774affb1449c418f57b8",
                "079a5bd4a4702d46a6813befea50085cf997dc174a9086f7b76c29bf7527d15f",
                "5b25bc321e0cf5dec616cd25d2ee7e655815a640332fe20e5341cb26ee8f344e",
                "8cdc461b4e13fbd0875d4e97af9eba29115bbfb4f7618c31b398f61c14ed1ee3",
                "4334fc1bad7ad1b178c6254f02bec32c2f9136cd66dbed469031235f0ebef24b",
                "9f9c8ce9c54b9aae53221d291bd27a34ead2c4f36142720b7cf7732c1faf1736"
            ],
            "type": "XHR",
            "firstPartyCookies": {},
            "firstPartyCookiesSent": {},
            "exampleSites": [
                "authorityastrology.com",
                "daiwafishing.com.au",
                "galaxy.ai",
                "julius.ai",
                "lawpath.com.au",
                "pearler.com",
                "store.standards.org.au",
                "tickets.oztix.com.au",
                "usafacts.org",
                "winecompanion.com.au",
                "www.amber.com.au",
                "www.australianfamilylawyers.com.au",
                "www.desertcart.com.au",
                "www.elgato.com",
                "www.heidihealth.com",
                "www.justhorseracing.com.au",
                "www.myfooddata.com",
                "www.sitepoint.com",
                "www.upscale.media"
            ]
        },
        {
            "rule": "posthog\\.com\\/e\\/",
            "cookies": 0,
            "fingerprinting": 0,
            "subdomains": [
                "us.i",
                "eu.i"
            ],
            "apis": {},
            "sites": 17,
            "prevalence": 0.00171,
            "cnames": [],
            "responseHashes": [
                "7d4afed20a912db310862a5294bcf8fb6269c76a292908ddc1fbd496456eff56"
            ],
            "type": "XHR",
            "firstPartyCookies": {},
            "firstPartyCookiesSent": {},
            "exampleSites": [
                "authorityastrology.com",
                "daiwafishing.com.au",
                "galaxy.ai",
                "julius.ai",
                "lawpath.com.au",
                "pearler.com",
                "usafacts.org",
                "winecompanion.com.au",
                "www.amber.com.au",
                "www.australianfamilylawyers.com.au",
                "www.desertcart.com.au",
                "www.elgato.com",
                "www.heidihealth.com",
                "www.justhorseracing.com.au",
                "www.myfooddata.com",
                "www.sitepoint.com",
                "www.upscale.media"
            ]
        },
        {
            "rule": "posthog\\.com\\/static\\/web-vitals\\.js",
            "cookies": 0,
            "fingerprinting": 1,
            "subdomains": [
                "us-assets.i"
            ],
            "apis": {
                "Navigator.prototype.userAgent": 4
            },
            "sites": 4,
            "prevalence": 0.000402,
            "cnames": [],
            "responseHashes": [
                "ceb1bed3e9c4b48e00a920fe2c02e2f2682239f48271c10b4c289845a371bd09"
            ],
            "type": "Script",
            "firstPartyCookies": {},
            "firstPartyCookiesSent": {},
            "exampleSites": [
                "authorityastrology.com",
                "galaxy.ai",
                "lawpath.com.au",
                "www.justhorseracing.com.au"
            ]
        },
        {
            "rule": "posthog\\.com\\/i\\/v0\\/e\\/",
            "cookies": 0,
            "fingerprinting": 0,
            "subdomains": [
                "us.i",
                "eu.i"
            ],
            "apis": {},
            "sites": 4,
            "prevalence": 0.000402,
            "cnames": [],
            "responseHashes": [
                "0c40bafcfdc8adc6db63a6a5bfdb3dd5201798e6163fc674dc2fcbdb2a4134f1"
            ],
            "type": "XHR",
            "firstPartyCookies": {},
            "firstPartyCookiesSent": {},
            "exampleSites": [
                "authorityastrology.com",
                "www.heidihealth.com",
                "www.sitepoint.com",
                "www.upscale.media"
            ]
        },
        {
            "rule": "posthog\\.com\\/static\\/array\\.js",
            "cookies": 0.001,
            "fingerprinting": 2,
            "subdomains": [
                "app",
                "us-assets.i",
                "eu",
                "eu-assets.i"
            ],
            "apis": {
                "Navigator.prototype.userAgent": 10,
                "Date.prototype.getTime": 10,
                "window.sessionStorage": 10,
                "window.localStorage": 10,
                "Document.cookie getter": 10,
                "Document.cookie setter": 10,
                "Navigator.prototype.onLine": 10,
                "NavigatorUAData.prototype.brands": 10,
                "Navigator.prototype.webdriver": 10,
                "Navigator.prototype.vendor": 10,
                "Intl.DateTimeFormat.prototype.resolvedOptions": 10,
                "Navigator.prototype.language": 10,
                "Screen.prototype.height": 10,
                "Screen.prototype.width": 10,
                "window.innerHeight": 10,
                "window.innerWidth": 10
            },
            "sites": 11,
            "prevalence": 0.0011,
            "cnames": [],
            "responseHashes": [
                "432b7e667063ce9fa3b07c878c13bd75b558a2ce3c5a7da601b7789b0d3978aa"
            ],
            "type": "Script",
            "firstPartyCookies": {
                "ph_phc_K4dRBBa0CdJNbJ9ECDY2gGVUUQwVcBbTnticZzrd3VD_posthog": {
                    "ttl": 31536005,
                    "length": 168,
                    "prevalence": 0.0001004419445560466,
                    "uniqueness": 1
                },
                "dmn_chk_019337a4-5093-7275-a322-78502e39f181": {
                    "ttl": -1731805332,
                    "length": 1,
                    "prevalence": 0.0001004419445560466,
                    "uniqueness": 1
                },
                "ph_phc_aVPiFz6qXnHO787HHzzGJ05PSPN7yalLF5LrOUCmbHJ_posthog": {
                    "ttl": 31536023,
                    "length": 190,
                    "prevalence": 0.0001004419445560466,
                    "uniqueness": 1
                },