{
    "domain": "rlets.com",
    "owner": {
        "name": "Gannett Co., Inc.",
        "displayName": "Gannett"
    },
    "source": [
        "DuckDuckGo-AU"
    ],
    "prevalence": 0.00161,
    "sites": 16,
    "subdomains": [
        "1899b87e-5376-49cc-be8d-6505fec8eddc",
        "2bab0b9a-428d-42f9-89d3-4d38d5443cf8",
        "08306f5d-6591-4379-aded-01d77b99c1bc",
        "1721ed62-8537-4787-844e-c691311808d7",
        "cefa58b5-3446-410d-b501-562dda71bb17",
        "6fa33b71-605d-4d0e-b8f5-8d19eabbc9da",
        "166adc6c-6dcb-4d90-acaa-3b72bde44679",
        "ec1c77fe-33e2-457a-a806-d71d91c6c5d1",
        "4513f014-2cd5-40f9-a37d-fd60521e853f",
        "020bdc5f-86ba-46f5-9da0-c6ac900270ec",
        "59e795d9-ed34-4cae-85c0-1dc8ae444f4b",
        "c229882d-2cfd-4c3a-9903-af1f7bcb610d",
        "4f078a37-fa7e-412a-8f78-99d64cee8b2a",
        "24af60ec-1450-417b-83d6-a775ea0d6ff8",
        "744e64e5-eac8-45ae-af86-11075e832c93",
        "73f1653e-a4ca-449c-a6a9-7b58d30dc502",
        "cdn"
    ],
    "cnames": [],
    "fingerprinting": 2,
    "resources": [
        {
            "rule": "rlets\\.com\\/static\\/storage\\.html",
            "cookies": 0.00141,
            "fingerprinting": 1,
            "subdomains": [
                "1899b87e-5376-49cc-be8d-6505fec8eddc",
                "2bab0b9a-428d-42f9-89d3-4d38d5443cf8",
                "08306f5d-6591-4379-aded-01d77b99c1bc",
                "1721ed62-8537-4787-844e-c691311808d7",
                "cefa58b5-3446-410d-b501-562dda71bb17",
                "6fa33b71-605d-4d0e-b8f5-8d19eabbc9da",
                "166adc6c-6dcb-4d90-acaa-3b72bde44679",
                "ec1c77fe-33e2-457a-a806-d71d91c6c5d1",
                "4513f014-2cd5-40f9-a37d-fd60521e853f",
                "020bdc5f-86ba-46f5-9da0-c6ac900270ec",
                "59e795d9-ed34-4cae-85c0-1dc8ae444f4b",
                "c229882d-2cfd-4c3a-9903-af1f7bcb610d",
                "4f078a37-fa7e-412a-8f78-99d64cee8b2a",
                "24af60ec-1450-417b-83d6-a775ea0d6ff8",
                "744e64e5-eac8-45ae-af86-11075e832c93",
                "73f1653e-a4ca-449c-a6a9-7b58d30dc502"
            ],
            "apis": {
                "Date.prototype.getTime": 16,
                "window.localStorage": 15,
                "Document.cookie getter": 15,
                "window.sessionStorage": 14,
                "Document.cookie setter": 14
            },
            "sites": 16,
            "prevalence": 0.00161,
            "cnames": [],
            "responseHashes": [
                "398ee5a42dce97f3140d48141a057f7f4d58efd212805ee18851e4d8a9cc588c"
            ],
            "type": "Document",
            "firstPartyCookies": {
                "history_referrer_type": {
                    "ttl": 315360009,
                    "length": 6,
                    "prevalence": 0.0012053033346725592,
                    "uniqueness": 0.08333333333333333
                },
                "last_activity_at": {
                    "ttl": 315360009,
                    "length": 13,
                    "prevalence": 0.0012053033346725592,
                    "uniqueness": 1
                },
                "visitor_id": {
                    "ttl": 315360009,
                    "length": 36,
                    "prevalence": 0.0012053033346725592,
                    "uniqueness": 1
                },
                "visit_id": {
                    "ttl": 315360009,
                    "length": 36,
                    "prevalence": 0.0012053033346725592,
                    "uniqueness": 1
                },
                "rl_campaign": {
                    "ttl": 8655,
                    "length": 122,
                    "prevalence": 0.0004017677782241864,
                    "uniqueness": 0.75
                },
                "test": {
                    "ttl": 86415,
                    "length": 4,
                    "prevalence": 0.0012053033346725592,
                    "uniqueness": 0.08333333333333333
                },
                "history_campaign": {
                    "ttl": 315360020,
                    "length": 164,
                    "prevalence": 0.0002008838891120932,
                    "uniqueness": 0.5
                },
                "sifi_user_id": {
                    "ttl": 315360020,
                    "length": 32,
                    "prevalence": 0.0002008838891120932,
                    "uniqueness": 1
                }
            },
            "firstPartyCookiesSent": {},
            "exampleSites": [
                "asthma.org.au",
                "australianhotwater.com.au",
                "mindahome.com.au",
                "www.4wdindustries.com.au",
                "www.ambertiles.com.au",
                "www.aramex.com.au",
                "www.arboroperations.com.au",
                "www.aussiestormshop.com.au",
                "www.carparts2u.com.au",
                "www.colliermiller.com.au",
                "www.eckersleys.com.au",
                "www.nutrienagsolutions.com.au",
                "www.reddot.com.au",
                "www.silvan.com.au",
                "www.steel-line.com.au",
                "www.supanova.com.au"
            ]
        },
        {
            "rule": "rlets\\.com\\/api\\/v1\\/visits",
            "cookies": 0.00121,
            "fingerprinting": 0,
            "subdomains": [
                "1899b87e-5376-49cc-be8d-6505fec8eddc",
                "2bab0b9a-428d-42f9-89d3-4d38d5443cf8",
                "08306f5d-6591-4379-aded-01d77b99c1bc",
                "1721ed62-8537-4787-844e-c691311808d7",
                "cefa58b5-3446-410d-b501-562dda71bb17",
                "6fa33b71-605d-4d0e-b8f5-8d19eabbc9da",
                "ec1c77fe-33e2-457a-a806-d71d91c6c5d1",
                "020bdc5f-86ba-46f5-9da0-c6ac900270ec",
                "c229882d-2cfd-4c3a-9903-af1f7bcb610d",
                "4f078a37-fa7e-412a-8f78-99d64cee8b2a",
                "24af60ec-1450-417b-83d6-a775ea0d6ff8",
                "73f1653e-a4ca-449c-a6a9-7b58d30dc502"
            ],
            "apis": {},
            "sites": 12,
            "prevalence": 0.00121,
            "cnames": [],
            "responseHashes": [
                "e3b0c44298fc1c149afbf4c8996fb92427ae41e4649b934ca495991b7852b855"
            ],
            "type": "XHR",
            "firstPartyCookies": {},
            "firstPartyCookiesSent": {},
            "exampleSites": [
                "asthma.org.au",
                "australianhotwater.com.au",
                "mindahome.com.au",
                "www.4wdindustries.com.au",
                "www.ambertiles.com.au",
                "www.aramex.com.au",
                "www.aussiestormshop.com.au",
                "www.colliermiller.com.au",
                "www.nutrienagsolutions.com.au",
                "www.reddot.com.au",
                "www.silvan.com.au",
                "www.supanova.com.au"
            ]
        },
        {
            "rule": "rlets\\.com\\/api\\/v1\\/visits",
            "cookies": 0,
            "fingerprinting": 0,
            "subdomains": [
                "1899b87e-5376-49cc-be8d-6505fec8eddc",
                "2bab0b9a-428d-42f9-89d3-4d38d5443cf8",
                "08306f5d-6591-4379-aded-01d77b99c1bc",
                "1721ed62-8537-4787-844e-c691311808d7",
                "cefa58b5-3446-410d-b501-562dda71bb17",
                "6fa33b71-605d-4d0e-b8f5-8d19eabbc9da",
                "ec1c77fe-33e2-457a-a806-d71d91c6c5d1",
                "020bdc5f-86ba-46f5-9da0-c6ac900270ec",
                "c229882d-2cfd-4c3a-9903-af1f7bcb610d",
                "4f078a37-fa7e-412a-8f78-99d64cee8b2a",
                "24af60ec-1450-417b-83d6-a775ea0d6ff8",
                "73f1653e-a4ca-449c-a6a9-7b58d30dc502"
            ],
            "apis": {},
            "sites": 12,
            "prevalence": 0.00121,
            "cnames": [],
            "responseHashes": [],
            "type": "Preflight",