{
    "domain": "rmhfrtnd.com",
    "owner": {},
    "source": [
        "DuckDuckGo-AU"
    ],
    "prevalence": 0.00151,
    "sites": 15,
    "subdomains": [
        "go",
        "creative"
    ],
    "cnames": [],
    "fingerprinting": 2,
    "resources": [
        {
            "rule": "rmhfrtnd\\.com\\/config",
            "cookies": 0,
            "fingerprinting": 0,
            "subdomains": [
                "go"
            ],
            "apis": {},
            "sites": 12,
            "prevalence": 0.00121,
            "cnames": [],
            "responseHashes": [
                "c8598201324ae7eb6140473d14a9e568962ee2350896503c25cd0de733a4334c",
                "308497ef3a36b8312f67cfadaa102ceacec427d0cc99b1e03c2666e1ceed10d4",
                "f689b570913e063f77bf8714663b80959b090cfa7114574ee027624338b1e22f",
                "7f4014a610298b2d158a4c8a2e894f13222aca3e4f3137f9488afe3ed4949cc8",
                "9fdd01956b26dd35978fbfb8695588ac5a3949e8477343813f697605b6dad546",
                "0a186f1bc2548d77d70e23dc13191a368b133cb939684dfd0ddf443b413b5a41",
                "b8c59ab0c93a7c82b5f2e325dd280977de1e572e55d134c1e2551ef75b6b51e1",
                "6f0c441e6a22e812d1380d2f91e6c8d7ecdd4eec6cc5d15b64f83a149924cd86",
                "3f76544bd97e7bb5fd4cca16d53ff139625f683d401926a618797f52cde78c93",
                "f1166920eeebe85fd43fe97cc4fd562243f79410bbb56e129de5c8cf4a83a626"
            ],
            "type": "Fetch",
            "firstPartyCookies": {},
            "firstPartyCookiesSent": {},
            "exampleSites": [
                "chyoa.com",
                "extremescatporn.com",
                "heavyfetish.com",
                "myscatporn.com",
                "reddxxx.com",
                "shittytube.com",
                "thotsflix.com",
                "txxx.com",
                "viper.to",
                "vipergirls.to",
                "www.homemoviestube.com",
                "www.perverttube.com"
            ]
        },
        {
            "rule": "rmhfrtnd\\.com\\/api\\/models",
            "cookies": 0,
            "fingerprinting": 0,
            "subdomains": [
                "go"
            ],
            "apis": {},
            "sites": 8,
            "prevalence": 0.000804,
            "cnames": [],
            "responseHashes": [
                "edbca546397c66b1de0c57eef831d12074214d76de554715aeccbd17043751f7",
                "d74a55eb5216bb514145a43f57cf415de383ee32d68eca4c8e6b3391580a1b97",
                "743ff08830b90664429f83e5a74f094c43502aeb8160386eddb5d88025ffa881",
                "1ad8611f2cd4e680e21bb676ce95e621e702f14ebd284780605661410474d8e9",
                "d6838230b8bc6f2f6da9159175191efb2dcddeaabc38d60b465164bd0a681cf4",
                "59d0405a025fc683d483fa6d2b2267a2e2decd673ddf7821539ed88254b187fc",
                "4d34f11afe117eeb8b7c2381809e5769b6f06fb4b4d25cfd78017ff9072140ae"
            ],
            "type": "Fetch",
            "firstPartyCookies": {},
            "firstPartyCookiesSent": {},
            "exampleSites": [
                "chyoa.com",
                "extremescatporn.com",
                "myscatporn.com",
                "thotsflix.com",
                "viper.to",
                "vipergirls.to",
                "www.homemoviestube.com",
                "www.perverttube.com"
            ]
        },
        {
            "rule": "rmhfrtnd\\.com\\/app\\/domain-checker\\/get-check",
            "cookies": 0,
            "fingerprinting": 0,
            "subdomains": [
                "go"
            ],
            "apis": {},
            "sites": 8,
            "prevalence": 0.000804,
            "cnames": [],
            "responseHashes": [
                "794e3c114056948ea3ecd59acc7eb24d78a5fc7789f6009068a9cd63d0f43f2a",
                "aa9410134d01163f19ac5f121a5922ace0272f7a0f80681b0ed77d30f7ed4d5b",
                "e9c5ac7fe7c22db132285d0f1f7ab3a22a37d9acfccd86f612e427b0cd98a979",
                "735f19cc7cc46c42336d1e8f017908574d3d9052bd30da00fe5439f9ae98aac3",
                "bfe2715a35b1f7982784ab86cbf94a5b1e501c582825462cee51bef4352d5293",
                "4bb837621912a9a40f265ceb81e406c70c5002110ef561e71905c3c5dfc9b900",
                "67db0b7ecb7f14b8c334fee03ceba85d209765e4f677caeb53ecdf0872f69377"
            ],
            "type": "Fetch",
            "firstPartyCookies": {},
            "firstPartyCookiesSent": {},
            "exampleSites": [
                "chyoa.com",
                "extremescatporn.com",
                "myscatporn.com",
                "thotsflix.com",
                "viper.to",
                "vipergirls.to",
                "www.homemoviestube.com",
                "www.perverttube.com"
            ]
        },
        {
            "rule": "rmhfrtnd\\.com\\/abc\\.gif",
            "cookies": 0,
            "fingerprinting": 0,
            "subdomains": [
                "go"
            ],
            "apis": {},
            "sites": 9,
            "prevalence": 0.000904,
            "cnames": [],
            "responseHashes": [
                "e3b0c44298fc1c149afbf4c8996fb92427ae41e4649b934ca495991b7852b855"
            ],
            "type": "Image",
            "firstPartyCookies": {},
            "firstPartyCookiesSent": {},
            "exampleSites": [
                "chyoa.com",
                "extremescatporn.com",
                "heavyfetish.com",
                "myscatporn.com",
                "thotsflix.com",
                "viper.to",
                "vipergirls.to",
                "www.homemoviestube.com",
                "www.perverttube.com"
            ]
        },
        {
            "rule": "rmhfrtnd\\.com\\/app\\/domain-checker\\/check-result",
            "cookies": 0,
            "fingerprinting": 0,
            "subdomains": [
                "go"
            ],
            "apis": {},
            "sites": 8,
            "prevalence": 0.000804,
            "cnames": [],
            "responseHashes": [
                "e3b0c44298fc1c149afbf4c8996fb92427ae41e4649b934ca495991b7852b855"
            ],
            "type": "Fetch",
            "firstPartyCookies": {},
            "firstPartyCookiesSent": {},
            "exampleSites": [
                "chyoa.com",
                "extremescatporn.com",
                "myscatporn.com",
                "thotsflix.com",
                "viper.to",
                "vipergirls.to",
                "www.homemoviestube.com",
                "www.perverttube.com"
            ]
        },
        {
            "rule": "rmhfrtnd\\.com\\/widgets\\/v4\\/Universal",
            "cookies": 0,
            "fingerprinting": 0,
            "subdomains": [
                "creative"
            ],
            "apis": {},
            "sites": 8,
            "prevalence": 0.000804,
            "cnames": [],
            "responseHashes": [
                "f2cc137a105f0715fb1c7c2381bbd8f0bf8f448546f26fbd01da75af95e2299a"
            ],
            "type": "Document",
            "firstPartyCookies": {},
            "firstPartyCookiesSent": {},
            "exampleSites": [
                "extremescatporn.com",
                "myscatporn.com",
                "reddxxx.com",
                "txxx.com",
                "viper.to",
                "vipergirls.to",
                "www.homemoviestube.com",
                "www.perverttube.com"
            ]
        },
        {
            "rule": "rmhfrtnd\\.com\\/widgets\\/v4\\/Universal\\/main\\.289b6419092033f2748f\\.css",
            "cookies": 0,
            "fingerprinting": 0,
            "subdomains": [
                "creative"
            ],
            "apis": {},
            "sites": 8,
            "prevalence": 0.000804,
            "cnames": [],
            "responseHashes": [
                "cfee6201592a71609285d81a43c6b43bb693d4d09d8cb13c8c397549693d7655"
            ],
            "type": "Stylesheet",
            "firstPartyCookies": {},