{
    "domain": "stay22.com",
    "owner": {},
    "source": [
        "DuckDuckGo-AU"
    ],
    "prevalence": 0.000904,
    "sites": 9,
    "subdomains": [
        "www",
        "scripts"
    ],
    "cnames": [],
    "fingerprinting": 2,
    "resources": [
        {
            "rule": "stay22\\.com\\/ext\\/partner",
            "cookies": 0.000904,
            "fingerprinting": 0,
            "subdomains": [
                "www"
            ],
            "apis": {},
            "sites": 9,
            "prevalence": 0.000904,
            "cnames": [],
            "responseHashes": [
                "478c7d43f294ceb3d4405ab16a7310e2b2044f1f0445b6d7f2b4970b1e2b42ee",
                "d046a8fb1e0488ff67d45edc21128c6f04d3843f9b8b4ba03ec8d9d6ff002da6",
                "7c312cfcce97a489224316c92fa3c788dde6a200971d47b5b26cc437c55b9c42",
                "98c640d1c80a93550d68bf6b43a5a4699fb8a586ef80675e19af597cda944549",
                "853ccdbd14dfe5d6d9fe5252e80f44c239b0d76fde98f164e27e1580b376339e",
                "e1cc4c848f0857a54a372c1fbada14b1b0228eec62c9a57dae9c74dab2c4a574",
                "6f9c59e7bbe90b5e801dff6c2ec4c9a5a7fddf196c8314410e0127a5fd992e37",
                "8d9fccb7de55396ef763006d0777ddaafe480aa7827b1a42f449026d6140837b"
            ],
            "type": "XHR",
            "firstPartyCookies": {},
            "firstPartyCookiesSent": {
                "lotame_domain_check": 0.0001004419445560466,
                "_li_dcdm_c": 0.0001004419445560466
            },
            "exampleSites": [
                "climate-data.org",
                "queerintheworld.com",
                "sydneyexpert.com",
                "tokyocheapo.com",
                "worldpopulationreview.com",
                "www.australias.guide",
                "www.holiday-weather.com",
                "www.nomadasaurus.com",
                "www.thebrokebackpacker.com"
            ]
        },
        {
            "rule": "stay22\\.com\\/ext\\/partner",
            "cookies": 0.000904,
            "fingerprinting": 0,
            "subdomains": [
                "www"
            ],
            "apis": {},
            "sites": 9,
            "prevalence": 0.000904,
            "cnames": [],
            "responseHashes": [],
            "type": "Preflight",
            "firstPartyCookies": {},
            "firstPartyCookiesSent": {
                "lotame_domain_check": 0.0001004419445560466,
                "_li_dcdm_c": 0.0001004419445560466
            },
            "exampleSites": [
                "climate-data.org",
                "queerintheworld.com",
                "sydneyexpert.com",
                "tokyocheapo.com",
                "worldpopulationreview.com",
                "www.australias.guide",
                "www.holiday-weather.com",
                "www.nomadasaurus.com",
                "www.thebrokebackpacker.com"
            ]
        },
        {
            "rule": "stay22\\.com\\/api\\/lehf",
            "cookies": 0.000603,
            "fingerprinting": 0,
            "subdomains": [
                "scripts"
            ],
            "apis": {},
            "sites": 6,
            "prevalence": 0.000603,
            "cnames": [],
            "responseHashes": [
                "f162270e1f87f7b170cf7f3ea39b802d55d5d082c942c84af34ff07ebeee1dfb",
                "fe6e006e8a73dbd041d4400fae9787aa405524496127ab1a4032e5d51915b277",
                "febf52e1e1439497c8b47128a02c823223f8609498e43d3da4b78d0abdcb18ef",
                "c1430cad98799746126ca11446654f17f0aaf312f6c151837b677fb590809262",
                "61c941557c435bcf7cc80deb7c1ad81d687b382beb4d8ef18634bd6059dc15f5"
            ],
            "type": "XHR",
            "firstPartyCookies": {},
            "firstPartyCookiesSent": {},
            "exampleSites": [
                "climate-data.org",
                "sydneyexpert.com",
                "tokyocheapo.com",
                "www.holiday-weather.com",
                "www.nomadasaurus.com",
                "www.thebrokebackpacker.com"
            ]
        },
        {
            "rule": "stay22\\.com\\/api\\/lehf",
            "cookies": 0.000603,
            "fingerprinting": 0,
            "subdomains": [
                "scripts"
            ],
            "apis": {},
            "sites": 6,
            "prevalence": 0.000603,
            "cnames": [],
            "responseHashes": [],
            "type": "Preflight",
            "firstPartyCookies": {},
            "firstPartyCookiesSent": {},
            "exampleSites": [
                "climate-data.org",
                "sydneyexpert.com",
                "tokyocheapo.com",
                "www.holiday-weather.com",
                "www.nomadasaurus.com",
                "www.thebrokebackpacker.com"
            ]
        },
        {
            "rule": "stay22\\.com\\/letmeallez\\.js",
            "cookies": 0.000804,
            "fingerprinting": 2,
            "subdomains": [
                "scripts"
            ],
            "apis": {
                "Navigator.prototype.vendor": 8,
                "Navigator.prototype.userAgent": 8,
                "Navigator.prototype.webkitTemporaryStorage": 8,
                "Performance.prototype.memory": 8,
                "window.localStorage": 8
            },
            "sites": 8,
            "prevalence": 0.000804,
            "cnames": [],
            "responseHashes": [
                "7a8f16705a1bf99aa423a3cd41207e52d6d0781181ffdf9564bb36422c184c5a"
            ],
            "type": "Script",
            "firstPartyCookies": {},
            "firstPartyCookiesSent": {},
            "exampleSites": [
                "queerintheworld.com",
                "sydneyexpert.com",
                "tokyocheapo.com",
                "worldpopulationreview.com",
                "www.australias.guide",
                "www.holiday-weather.com",
                "www.nomadasaurus.com",
                "www.thebrokebackpacker.com"
            ]
        }
    ],
    "categories": [],
    "performance": {},
    "cookies": 0.000904,
    "topInitiators": [
        {
            "domain": "first party",
            "prevalence": 0.9166666666666666
        },
        {
            "domain": "cheapoguides.com",
            "prevalence": 0.08333333333333333
        }
    ],
    "types": {
        "XHR": 15,
        "Preflight": 15,
        "Script": 8
    },
    "nameservers": [
        "sid.ns.cloudflare.com",
        "wally.ns.cloudflare.com"
    ]
}