{
    "domain": "syndicatedsearch.goog",
    "owner": {},
    "source": [
        "DuckDuckGo-AU"
    ],
    "prevalence": 0.0011,
    "sites": 11,
    "subdomains": [],
    "cnames": [],
    "fingerprinting": 1,
    "resources": [
        {
            "rule": "syndicatedsearch\\.goog\\/afs\\/ads",
            "cookies": 0,
            "fingerprinting": 0,
            "subdomains": [],
            "apis": {},
            "sites": 10,
            "prevalence": 0.001,
            "cnames": [],
            "responseHashes": [
                "5dd76ef4556f4d76ef1d6e8597e08dafd682f08d40137b5ebc51c5cdbf896609",
                "01afcc8e0cbe4e326db5ef75a736a0c5e80e617c595849fafc213a951a389d7e",
                "d3de34dd9fc2ed3e32adf7c354fb1b3b58d75890226ccb3f027616cea7302cb2",
                "1875d6f632804bc91791ac487672bdc63c7f26e833af6b0122cde4528765ec29",
                "dc8b0eb7945d96f3afbdb20545e5a43a8ea054b31e70199b9ff5954ed5c82d28",
                "bcb7c30cfe7ade7f9e406d482563726e6341c90cee4865708fa39cd50f34b44a"
            ],
            "type": "Document",
            "firstPartyCookies": {},
            "firstPartyCookiesSent": {
                "lotame_domain_check": 0.0001004419445560466
            },
            "exampleSites": [
                "hatchjs.com",
                "howtosayguide.com",
                "opengovau.com",
                "weather-and-climate.com",
                "www.dentist.com.au",
                "www.motorcyclespecs.co.za",
                "www.nationaltribune.com.au",
                "www.sprunki.com",
                "www.toolsadvisor.org",
                "www.worldstandards.eu"
            ]
        },
        {
            "rule": "syndicatedsearch\\.goog\\/adsense\\/search\\/ads\\.js",
            "cookies": 0,
            "fingerprinting": 1,
            "subdomains": [],
            "apis": {
                "Date.prototype.getTime": 6,
                "Navigator.prototype.userAgent": 6,
                "window.name": 6
            },
            "sites": 8,
            "prevalence": 0.000804,
            "cnames": [],
            "responseHashes": [
                "5b84f3a88cba6fa3738dc706328e6320969b4bd70dffc287038e0494b1da9a10",
                "6b085c63f8768e308cc91d00257bda275045e2a8183993d17e8282858d22f8ac",
                "cf8ecd6f7786d00fd9ad9e52b41b4c99f5b814b402cb4e533d790ff994af80e8"
            ],
            "type": "Script",
            "firstPartyCookies": {},
            "firstPartyCookiesSent": {},
            "exampleSites": [
                "hatchjs.com",
                "howtosayguide.com",
                "opengovau.com",
                "weather-and-climate.com",
                "www.nationaltribune.com.au",
                "www.sprunki.com",
                "www.toolsadvisor.org",
                "www.worldstandards.eu"
            ]
        },
        {
            "rule": "syndicatedsearch\\.goog\\/afs\\/gen_204",
            "cookies": 0,
            "fingerprinting": 0,
            "subdomains": [],
            "apis": {},
            "sites": 6,
            "prevalence": 0.000603,
            "cnames": [],
            "responseHashes": [
                "e3b0c44298fc1c149afbf4c8996fb92427ae41e4649b934ca495991b7852b855"
            ],
            "type": "Image",
            "firstPartyCookies": {},
            "firstPartyCookiesSent": {},
            "exampleSites": [
                "hatchjs.com",
                "weather-and-climate.com",
                "www.colesgroup.com.au",
                "www.nationaltribune.com.au",
                "www.toolsadvisor.org",
                "www.worldstandards.eu"
            ]
        },
        {
            "rule": "syndicatedsearch\\.goog\\/afs\\/ads\\/i\\/iframe\\.html",
            "cookies": 0,
            "fingerprinting": 0,
            "subdomains": [],
            "apis": {},
            "sites": 2,
            "prevalence": 0.000201,
            "cnames": [],
            "responseHashes": [
                "7cde26735b1c70f7af4cdee53ce119e03069aeb67ecb09e1e730e90c172ff60d"
            ],
            "type": "Document",
            "firstPartyCookies": {},
            "firstPartyCookiesSent": {},
            "exampleSites": [
                "dentist.com.au",
                "www.dentist.com.au"
            ]
        }
    ],
    "categories": [],
    "performance": {},
    "cookies": 0,
    "topInitiators": [
        {
            "domain": "google.com",
            "prevalence": 1
        }
    ],
    "types": {
        "Document": 12,
        "Script": 8,
        "Image": 6
    },
    "nameservers": [
        "ns2.google.com",
        "ns3.google.com",
        "ns1.google.com",
        "ns4.google.com"
    ]
}