{
    "domain": "t13.io",
    "owner": {},
    "source": [
        "DuckDuckGo-AU"
    ],
    "prevalence": 0.00954,
    "sites": 95,
    "subdomains": [
        "s2s"
    ],
    "cnames": [],
    "fingerprinting": 0,
    "resources": [
        {
            "rule": "t13\\.io\\/cookie_sync",
            "cookies": 0,
            "fingerprinting": 0,
            "subdomains": [
                "s2s"
            ],
            "apis": {},
            "sites": 79,
            "prevalence": 0.00793,
            "cnames": [],
            "responseHashes": [
                "f49931cd672ee578763c980a45ef0e951852751cf18a54b7e67fb196fb94e7ca",
                "383ccf69fdaa7a585b2a800061ec72884cf42bf4c7dbe5490da39ab371fbc45f",
                "f98f841e84e37966e05beb67167f229620af8fe88d8fbba425040671591d822a",
                "b37ef531a3fb0ff8cccf9fe0b4f26664149b6b211ae3be437258923e8a83db19",
                "3b47640a518fe0768a053158a11fb7670b3141aa87ffa524e805713dcc2883f8",
                "2c4ab102e33cc1f7d4f3613ba8652dbb32fdd04915d52955945078cd69468c99",
                "542b08379c430499556a1f3a7604c2e14124df1b50c2b1cc28a8c630946a0dfb",
                "83f7f60f07c8daae40091fd920240704ca6aa011433914f8fa4d31524833385a",
                "9f424e66ae30ad93b87a41df105e84a13c72f709f53ffb6317939541769c3456",
                "07ee37387c1d8eac2959c5c490920f6fa3c22aa0d6997238c5b8c9d47a8473db",
                "db83fdcb2e057dfdb5006d99bccda81d5ff8d332b6bdb3eaee3311e5841cccef",
                "3bce5f84552b6301a4b147920f0f09b56c6ea2b7cebbbd1afa3a6eb26f64b79c",
                "7313aafe93b1cd373d05772bee29fc7d993d0fc4932eb68f648534d08d0d4a25",
                "fab5bef392b367accc8cd261763840cef26ac33f3d0a2b6a699148d0a2495eb0",
                "ba0155a6d09e154b8b479a4eaf6bfd8b95fc1acc86644f5b4a97e0f810ec5f36",
                "6c0d17b4cf32b910a25076a8e3e0614d954dbabf79ebd86f1d8b0458a7eac087",
                "42132448b2289a6f1c32a00a739c75dc6757a9faf64433ce2b0f20a889dcf25a",
                "39942053340a36db24c9ec8fc86312de772d33a6ce057862136876f7e75b0837",
                "3ebb0050489e2a36a6b845719ffcb1df58680b5570dc04225e9b3cc3d6be8fa7",
                "18ae69e052c08fbba1fe0824a79f61da9db1f398283ea61af1fe6b64c5ec2c61",
                "0dfe98f410a47425e80b380b30364ebc90b55b01388b600374b5557406608f47",
                "06cd7c87f9a07fbca416f2894a1d8c092aa302104c591589516f9cda4ee732ad",
                "e5695d5933c37fc056d7b53ad4c0c256bf103984305489d5544cc69dd6ea909f",
                "40b583d852674e0f0a440b2f9657b57ad0b8bd14fa4d40927ded117a2471acad",
                "ef1d5f4eb7a11b60a7f69c39404282ddbacb21942ea5562d20ba94df3450c601",
                "b3d35bbc6c57bdadb6cbad7ea520d1ed7ff11b8a53ae0d56551a1c42f914661f",
                "2392c639cff7a32f4e2729bcac6f92d560b88045fe0f0dacf602927c3446ee9c",
                "a61eb3e96e20dd2b9a73baa3289daefdcbe0c1d2f7c43f99cf6bd62fe6125cc6",
                "efa3512c3f1dbfbca9cc47abf7508e362b5fff2ad34db1bd21772f014055b4f9",
                "aff5a56ce6a4fd25424a7614ab0efbdfb9ebe0a9fcd7684234ae80b0700f1e15",
                "3d9eefabd1016d28d3e785d2ff29e85326d7059f63332dc5f4542bc525fc9e3f",
                "c96eefc8c3ffb34c8f7b896e2246e64224aefeb33410d0450ffdd47d28439e94",
                "4946d381ca0624d2d46d164002217d8a99b88324adca44b45c3b83bc1461335c",
                "4267e2a34e87ce59a622afcb8fd277ea56b46c05bca272dbd61d9c0b410ab663",
                "1c69e9c7f65bd4d4c306a3781a90d687ef726d4c6723d1096998f9f394f682ea",
                "7577b0f2b18f3d84f00aa4695223756c2726b33d7238f0fbf96e13b39e920c9f",
                "c7a11e79661d0ccbc536b0dd6e97f03dce0c83b63f6dc399abb9e4166429e6ee",
                "74e070081d4e38ce94c8f144222f1c4850a1766cf2d8c026d18da2ec379a7556",
                "42d44697ddafa805f6d48e21a15a57d6ec48163f9155f062a21b72f90d1641e6",
                "98590e4c56391cf61384466d2ee5bed4e752ddfb21f1d705d54d33b4797da33b",
                "90892be7b8379333dcf266e0530d3d56f5d7c615992b56056a168969c28d6718",
                "bd0ab169383e4006a36839bd930daf87559e3db8521439d4b5fe7cd3c8ef0cea",
                "47eaf9b12a36e341cc901761b3c3d0c7b9825d7b98620cb9506c47969b91e398",
                "8f905ea63eee94fa6b03f24822c7d948d04f4ed74a006e7e00a67db6844bf970",
                "e0222d828fadfb8a47dd5860b24843a6eb52d5df1ce05f264a7f96f5b0ef3a24",
                "f3c25c2b7bdc3f5f37d956be8adb6b04a0282cd41e6fc6205cb17af438db7df7",
                "2d7aa9a479d858e6a15eb0fe64004425523146c5f1c1d9db38a7bbb4ea847452",
                "7f2e5811b4502043f1324cbc1d62b04274c668cb8625f2f9703d0198894d232d",
                "9405e14b287e688576cce2e2d4a045b274f39e82baffaaa715b6942d83ac67c2",
                "c3d26b5102bdee9553d2150202750a1e96087c60fcd2fe436889c7bcbb0a6187",
                "48e1bb241428bf624bd1bf69801ccdfc7f9523aaffedfc69956e2195e1053e32",
                "b3ad15eecac71d5ad680b2eb6617a13d7abb12070566f1369bd92be9d5a7bc63",
                "41b3b346bd70a03acab8e3147d7710a760e595ae6ed6fc371d9e7212e37db32d",
                "45eb2f58c3972fca05906c4ff6f72db5cd5a44ba2a412891b1f94e4256f1fd6b",
                "b59b460c03f5a5d0299e3fed5458e2166e6099b83d17319136b7ffd73de9fdbb",
                "c0417e6746620a2a7a7454c2f45ba15ded4fe3d532ff6562f8c3d43c0363942f",
                "5eafd878e47c6fed4bc7d1d55386a056ea3964ac2acab711cb52c6ffd4d85e76",
                "3a0649f59282664c672232089fd1f8dfaf2076c7fec7fa627a9d4c7cc72a4927",
                "b7a4a11f874ba4859337572f17001a265fa8b87f329f64d5e184983ae7d003fe",
                "3a0410be787817a5951ec9f76b027dfe589e82406e910ede2b90ba5e80db9b5f",
                "7b8631837ae0c793404b09e0c4b446f4fce8a52d645b6dca6e5dde89a12cd6ed",
                "bf0e68b09104617c105b7f564b6f8b82b886c068f6b6c153e393fe199440a399",
                "848f6753046ecab67f94a31ffa650e29d4a5ae10fe72ed0cd92a02ba4e1848a4",
                "045a68e521b2e8ee03b330d0ba69283ea58b60a186da42bdba6db9a873df7a36",
                "5a7ee2057b037c3f8cef7ec44eebc3d8521cd9f7117b3b4a04cc06522b5a0f28",
                "868efb22927eb9d39e11f079aff2d84e5aa26c5c348f8c683484359e2491368f",
                "15e5a3c943c7cf0c575ce525828fe49e3ba4ae50cc94a634b6d76590283a085f",
                "7833a874c4cc975ff08d441910a52f69d1ea5901f0dc9cf271cbe76c5a65c72c",
                "3481aecbc44d0d14d6e15cfce7ea1349d129ac083b6566d66d59a5e05f1461cb",
                "86ec0abeaeed51560d20179c70e1abfa80f1c329f42fc386f5c83f54fd18560c",
                "f460a4d45e7fe93fae633547a1373a1e2272bdef507048adbb4deae4cfe5afe6",
                "e5ca9d78f28ad2aa3618f4aa003c587ba98368b629883c21c283adc51836b06b",
                "86ee0ade2a11baba4bc8ebc2de96d34d9c9034dc102c4169b8ff7103b9acfe75",
                "eb16a6f4afec86ac204cce76c05b7efa26dc8a759cac8749fb3613f974f3cdb6",
                "284d769c2cf8fdd9f5a0c70de2a0aba2495e931e0c88c3531b59bbc7d0df4ae0",
                "960593056b32b97a5efd39977e095bf77c2708993ba59f88237d14b2a32d750b",
                "4aa00848dca5068edf1eea75c7f1dba3daa1fd73261d78de7ce65402e888cc03",
                "db26fe0af0ae0eee8632368633b2286a40064cc625e2b7b6037653bf864308b3"
            ],
            "type": "Fetch",
            "firstPartyCookies": {},
            "firstPartyCookiesSent": {},