{
    "domain": "trackwilltrk.com",
    "owner": {},
    "source": [
        "DuckDuckGo-AU"
    ],
    "prevalence": 0.00151,
    "sites": 15,
    "subdomains": [
        "r"
    ],
    "cnames": [],
    "fingerprinting": 0,
    "resources": [
        {
            "rule": "trackwilltrk\\.com\\/s1\\/c069787e-4e87-45f8-8089-244690a7e181",
            "cookies": 0,
            "fingerprinting": 0,
            "subdomains": [
                "r"
            ],
            "apis": {},
            "sites": 7,
            "prevalence": 0.000703,
            "cnames": [],
            "responseHashes": [
                "8173a7994f733aeca9e2c1fefee2879cb717f6343eb03dafb044bed3d0a8c099",
                "e432b14c643a41e12706749437bdb23a3b4e28be3c908feef9d2d06842e69dcf",
                "8d2541dc8a30087bc87d2a831497eee44ce48cd599aa282cdea8f5cf878f8bcf",
                "88a598f308372209ed959bca5d4675ac477e315ffa7ac1651bf06c0ff5edeecb",
                "bdda1613416150d3b884040c763e37d53bd62564ea7611f0e9bcc9b81eb31cff",
                "70cc9b844cf6cdb101c151fb6b6b2245153f2208b18789c89f783abd69efc851"
            ],
            "type": "Document",
            "firstPartyCookies": {},
            "firstPartyCookiesSent": {},
            "exampleSites": [
                "motherless.com",
                "sxyprn.net",
                "www.elitebabes.com",
                "www.freeones.com",
                "www.xfreehd.com",
                "www.youjizz.com",
                "xgroovy.com"
            ]
        },
        {
            "rule": "trackwilltrk\\.com\\/s1\\/fa7c51a0-d0a2-461c-86be-9d48408831cd",
            "cookies": 0,
            "fingerprinting": 0,
            "subdomains": [
                "r"
            ],
            "apis": {},
            "sites": 2,
            "prevalence": 0.000201,
            "cnames": [],
            "responseHashes": [
                "98a82f3092be3ed81187b6526e35497a45039f3b3732746a55937a919c47b15c"
            ],
            "type": "Document",
            "firstPartyCookies": {},
            "firstPartyCookiesSent": {},
            "exampleSites": [
                "scatkings.com",
                "www.boundhub.com"
            ]
        },
        {
            "rule": "trackwilltrk\\.com\\/s1\\/5a68c44a-0419-42b8-957c-12e68bd3c761",
            "cookies": 0,
            "fingerprinting": 0,
            "subdomains": [
                "r"
            ],
            "apis": {},
            "sites": 2,
            "prevalence": 0.000201,
            "cnames": [],
            "responseHashes": [
                "70a1069149c538ff0dad8178360c1a54919d4c3c95e424dc06a46444f903e913"
            ],
            "type": "Document",
            "firstPartyCookies": {},
            "firstPartyCookiesSent": {},
            "exampleSites": [
                "nyaa.si",
                "sukebei.nyaa.si"
            ]
        },
        {
            "rule": "trackwilltrk\\.com\\/s1\\/34c66d81-575c-4300-8b51-a7368692617d",
            "cookies": 0,
            "fingerprinting": 0,
            "subdomains": [
                "r"
            ],
            "apis": {},
            "sites": 2,
            "prevalence": 0.000201,
            "cnames": [],
            "responseHashes": [
                "92c54ee17da80f87b7cdfc95cc8eb0cb423c2841656cd46422c746ef8a894210"
            ],
            "type": "Document",
            "firstPartyCookies": {},
            "firstPartyCookiesSent": {},
            "exampleSites": [
                "thisvid.com",
                "www.imagefap.com"
            ]
        }
    ],
    "categories": [],
    "performance": {},
    "cookies": 0,
    "types": {
        "Document": 13
    },
    "nameservers": [
        "ns.anycastns2.org",
        "ns.anycastns1.org"
    ]
}