{
    "domain": "trkcall.com",
    "owner": {},
    "source": [
        "DuckDuckGo-AU"
    ],
    "prevalence": 0.00161,
    "sites": 16,
    "subdomains": [
        "s"
    ],
    "cnames": [],
    "fingerprinting": 2,
    "resources": [
        {
            "rule": "trkcall\\.com\\/v3\\/",
            "cookies": 0,
            "fingerprinting": 0,
            "subdomains": [
                "s"
            ],
            "apis": {},
            "sites": 14,
            "prevalence": 0.00141,
            "cnames": [],
            "responseHashes": [
                "7ba3f81953f0237e31f1ded596d99e916d214ea53393613d4b3e06d30fc8b3eb",
                "acfdfc30c39d7be9b4cc2e8617b2666f54264c004a689751ce80999046852a98",
                "c3884b97ebda69bc071f75d84e197f82e66130668998cc0eaa306b5653eb2cfa",
                "11f672974bd9bbe8b9132d7fa037457b4c75502d343a68ee764d5de158b0966a",
                "d4d7cc934907f380f27809c63194859d7d02a81869aee5b2effa44784065d466",
                "2629e4456de8405cd3c4c9475b2a6a15a8c9ffcba4fd342b06cd11880fbb40ab",
                "d352151b0bc8c641636d9793bae9cb482991fb704d4c3606223fabb053343550",
                "f391334c3ff64728c7faed4b96a3353de848703eb9c299b8aabfeb62ffa00006",
                "5c08dc0898335f1c26d1bdca328bed4deaa73f9de566636ba919cf98e9e9ada0",
                "2c13ba433f40935ab7e169161cdc4f00a1a14c3a2881d40be26ecd20e560ac56",
                "2572927fffddb4f692a13d7f43967587fb38fdbf6536e2b2692012bd39806b8b"
            ],
            "type": "XHR",
            "firstPartyCookies": {},
            "firstPartyCookiesSent": {
                "_ga": 0.0024106066693451184,
                "_hjTLDTest": 0.0001004419445560466,
                "utm_source_coax": 0.0001004419445560466,
                "utm_medium_coax": 0.0001004419445560466
            },
            "exampleSites": [
                "agedcareonline.com.au",
                "ainsliebullion.com.au",
                "aussieenvironmental.com.au",
                "aussiegardener.com.au",
                "irrigationstore.com.au",
                "legalvision.com.au",
                "www.allgreen.com.au",
                "www.ambertiles.com.au",
                "www.applianceswarehouse.com.au",
                "www.doorsplus.com.au",
                "www.industrykitchens.com.au",
                "www.slatergordon.com.au",
                "www.slatteryauctions.com.au",
                "www.vikingcruises.com"
            ]
        },
        {
            "rule": "trkcall\\.com\\/v3\\/p\\/94545\\/1226057384\\.1731801902\\/611800835750",
            "cookies": 0,
            "fingerprinting": 0,
            "subdomains": [
                "s"
            ],
            "apis": {},
            "sites": 2,
            "prevalence": 0.000201,
            "cnames": [],
            "responseHashes": [
                "e4294ca94cabd44520ec025297f38e983abd060c49036b4be063174a982f598c"
            ],
            "type": "XHR",
            "firstPartyCookies": {},
            "firstPartyCookiesSent": {
                "_ga": 0.0004017677782241864
            },
            "exampleSites": [
                "doorsplus.com.au",
                "www.doorsplus.com.au"
            ]
        },
        {
            "rule": "trkcall\\.com\\/scripts\\/95564\\.js",
            "cookies": 0,
            "fingerprinting": 2,
            "subdomains": [],
            "apis": {
                "Navigator.prototype.userAgent": 2,
                "Navigator.prototype.language": 2,
                "Screen.prototype.colorDepth": 2,
                "Date.prototype.getTimezoneOffset": 2,
                "window.sessionStorage": 2,
                "window.localStorage": 2,
                "window.indexedDB": 2,
                "Navigator.prototype.platform": 2,
                "Navigator.prototype.doNotTrack": 2,
                "Navigator.prototype.appName": 2,
                "Navigator.prototype.plugins": 2,
                "Navigator.prototype.cookieEnabled": 2,
                "Document.cookie getter": 2
            },
            "sites": 2,
            "prevalence": 0.000201,
            "cnames": [],
            "responseHashes": [
                "37a8ad65df718f48b775142f4d34d42ea571fd7370ed25b8688c6801de64bbe4"
            ],
            "type": "Script",
            "firstPartyCookies": {},
            "firstPartyCookiesSent": {},
            "exampleSites": [
                "vikingcruises.com",
                "www.vikingcruises.com"
            ]
        },
        {
            "rule": "trkcall\\.com\\/v4\\/955642981233717\\/user2",
            "cookies": 0,
            "fingerprinting": 0,
            "subdomains": [
                "s"
            ],
            "apis": {},
            "sites": 2,
            "prevalence": 0.000201,
            "cnames": [],
            "responseHashes": [
                "d7d063cd8fe7bbd7d3386aa2b757d05e1880569f59e26f0ff7e4b3cfd41a51c1"
            ],
            "type": "XHR",
            "firstPartyCookies": {},
            "firstPartyCookiesSent": {},
            "exampleSites": [
                "vikingcruises.com",
                "www.vikingcruises.com"
            ]
        }
    ],
    "categories": [],
    "performance": {},
    "cookies": 0.00121,
    "topInitiators": [
        {
            "domain": "first party",
            "prevalence": 0.5757575757575758
        },
        {
            "domain": "googletagmanager.com",
            "prevalence": 0.30303030303030304
        },
        {
            "domain": "datadoghq-browser-agent.com",
            "prevalence": 0.06060606060606061
        },
        {
            "domain": "adobedtm.com",
            "prevalence": 0.06060606060606061
        }
    ],
    "types": {
        "XHR": 18,
        "Script": 2
    },
    "nameservers": [
        "ns-1293.awsdns-33.org",
        "ns-1671.awsdns-16.co.uk",
        "ns-898.awsdns-48.net",
        "ns-35.awsdns-04.com"
    ]
}