{
    "domain": "wisepops.net",
    "owner": {},
    "source": [
        "DuckDuckGo-AU"
    ],
    "prevalence": 0.00372,
    "sites": 37,
    "subdomains": [],
    "cnames": [],
    "fingerprinting": 2,
    "resources": [
        {
            "rule": "wisepops\\.net\\/loader\\.js",
            "cookies": 0.00121,
            "fingerprinting": 2,
            "subdomains": [],
            "apis": {
                "window.sessionStorage": 12,
                "window.localStorage": 12,
                "Document.cookie getter": 12,
                "Document.cookie setter": 12,
                "Date.prototype.getTime": 12,
                "window.innerHeight": 12,
                "window.innerWidth": 12,
                "Navigator.prototype.cookieEnabled": 12,
                "Intl.DateTimeFormat.prototype.resolvedOptions": 12
            },
            "sites": 37,
            "prevalence": 0.00372,
            "cnames": [],
            "responseHashes": [
                "e3b0c44298fc1c149afbf4c8996fb92427ae41e4649b934ca495991b7852b855",
                "5706db26b575971d87bbd3ced0960a4e38cf9c417a69056005edbdcca3c6774b",
                "11e80ebd3903845a5e58cb0f61b088cc2f3e458e993626cb5a64c8095010434e",
                "0ec6e906fa4c042bebc1cf0c7360bf2c6859016eea8861ecf9747008bf696d01",
                "733903027a6ef1bc965984d4617e06112437d726bef567fd7a12bd57050e04f4",
                "e4d0fcc7e7799a21d9114efde859eb61894f5a04b7126cea2e6429513e025848",
                "f09564955349924873adf482b8850a2145484b5bd2937e5d5395a8e27fb95cd0",
                "2c533c65502644da3e0646ffd9849be8050e116ebeeef1782b3f6e86ccf01a0f",
                "70d9187958cb7ecf23bbe3f3497c3155714e903a840fc91f5f5382fe1a151fb9",
                "7689d89b2eeae6b334095193e887c50626b142bb63808449c825f0e2a3c39311",
                "e8f3435c4fcb67df9a5fdee4e373215bdc83f3ed36874ed7f9871d72410bf27f",
                "aae3e5dc29860bdf89d84ee10765e86170a32f37bff616f72e28b8666a974017",
                "cf23c94376d93ad16532af81fb99f50979b5e7377f880abb84a32c6a195779a2",
                "36b4eb744ef472ae5377209f6bf3daeb0e17cad98a23da88b3044dc67e326f8e",
                "ec1795a2a3f8deb9cf9fb69d8fdedb7f660480b7a746c2bb366ba060a876237b",
                "aa28595ad6d543ee81a8f7c9cccd0a00972858e9dc89a591a6bb0ec668e806a0",
                "9a822a18711b54f894ad25303f6061cbeabf9fca2002ae3bd8be7c9f9a36f55e",
                "a5f960cfa6d5faf4678b877e819ea7d1ea3c9de7a1779c2ff397285487afd84e",
                "910b8d4069fd78f23e24c6517671da074af998b30fb269b1753c5d3f35daa111",
                "241606600868b55e0cd1717769290c7decf11b54bee1945a613e135f64dbd254",
                "0a78f8d6f74c700fb9d55da4b7f8919e797134eca05cb83c388ad5a07683b323",
                "04c085688755447ad01cb74ae99710c1b05357d8cd293ce20d4fee67fea75aae",
                "6567649ef334c7973d4918039d25f9f7b4280155b0489239404f0ba6423440a3",
                "3510b5a7fea6137d98bfab820cb1bcf2ba58c8c6e7b31168a8de255bb883c94b",
                "9251755d68f1d88d2f8e344324f759927bb2e1f706a1a9be3fe42faa8d8983bd",
                "d94487ffd30f2a183fa3ef89342d2c768035598be7b0b9f1e2736cd83ebc754a",
                "91660474956b12bd6af60e0119f027fb51cb30dc2e273acfcb1b2d5721d6ccaf"
            ],
            "type": "Script",
            "firstPartyCookies": {
                "__tld__": {
                    "ttl": 21,
                    "length": 1,
                    "prevalence": 0.0012053033346725592,
                    "uniqueness": 0.08333333333333333
                },
                "wisepops": {
                    "ttl": 63072000,
                    "length": 175,
                    "prevalence": 0.0012053033346725592,
                    "uniqueness": 1
                },
                "wisepops_session": {
                    "ttl": null,
                    "length": 285,
                    "prevalence": 0.0012053033346725592,
                    "uniqueness": 1
                },
                "wisepops_visitor": {
                    "ttl": 63072000,
                    "length": 67,
                    "prevalence": 0.0012053033346725592,
                    "uniqueness": 1
                },
                "wisepops_visits": {
                    "ttl": 63072000,
                    "length": 40,
                    "prevalence": 0.0012053033346725592,
                    "uniqueness": 1
                },
                "wisepops_props": {
                    "ttl": 63072000,
                    "length": 96,
                    "prevalence": 0.0002008838891120932,
                    "uniqueness": 1
                }
            },
            "firstPartyCookiesSent": {},
            "exampleSites": [
                "www.visitgippsland.com.au",
                "www.colliermiller.com.au",
                "www.camerapro.com.au",
                "www.bfi.org.uk",
                "www.mcgrath.com.au",
                "www.deakin.edu.au",
                "www.dailywire.com",
                "www.marcs.com.au",
                "www.rsea.com.au",
                "www.wineselectors.com.au",
                "www.surfstitch.com",
                "kitchenwarehouse.com.au",
                "www.davidlawrence.com.au",
                "haynes.com",
                "www.jelliscraig.com.au",
                "www.beliefnet.com",
                "www.greatbritishchefs.com",
                "www.flightcentre.com.au",
                "www.eands.com.au",
                "saltandpepper.com.au"
            ]
        },
        {
            "rule": "wisepops\\.net\\/id",
            "cookies": 0,
            "fingerprinting": 0,
            "subdomains": [],
            "apis": {},
            "sites": 28,
            "prevalence": 0.00281,
            "cnames": [],