{
    "domain": "yottaa.net",
    "owner": {
        "name": "Yottaa Inc",
        "displayName": "Yottaa"
    },
    "source": [
        "DuckDuckGo-AU"
    ],
    "prevalence": 0.0011,
    "sites": 11,
    "subdomains": [
        "rapid-1",
        "qoe-1"
    ],
    "cnames": [],
    "fingerprinting": 0,
    "resources": [
        {
            "rule": "yottaa\\.net\\/api\\/v1\\/configure\\.rapid\\.js",
            "cookies": 0.000703,
            "fingerprinting": 0,
            "subdomains": [
                "rapid-1",
                "qoe-1"
            ],
            "apis": {},
            "sites": 9,
            "prevalence": 0.000904,
            "cnames": [],
            "responseHashes": [
                "891d38dcccdad99cca1e74ed56dd069e5d074484d107784e7a040a030c6f07da",
                "4c3769b9fa64a8d0f2a406a995bf0412095ce6178d2f5e5d512151edf2e4b4df",
                "d0983220484cce53afacd5299ef985384d185b257369edde8a80a55a1cd3ec1b",
                "d0f48af988fe0dd9c4bb817de41c030908a7f4849c7af464679c9469c91fd25f",
                "e62b6f9a371cd0cb7abf107757a22ac64517a011877128b37c4f169bcf1b8e86",
                "ee1add3fd6a94a77cee2970daf3d5ddb3dabe5d0c04b18173a58c38ce3d27768",
                "74da8b3327fe1183783101be90d8b3f94994cc70dcadeddcb5cd86cdc6795505",
                "df621bea3d7656799aef8a3b4431b6b1dab3b7916490d6e5d01ede6b2aaf7695"
            ],
            "type": "XHR",
            "firstPartyCookies": {},
            "firstPartyCookiesSent": {
                "_hjTLDTest": 0.0001004419445560466,
                "dy_fs_page": 0.0003013258336681398,
                "IR_gbd": 0.0002008838891120932
            },
            "exampleSites": [
                "puma.com",
                "seedsprout.com.au",
                "www.asics.com",
                "www.balsamhill.com.au",
                "www.kingarthurbaking.com",
                "www.kmart.co.nz",
                "www.kmart.com.au",
                "www.logitech.com",
                "www.logitechg.com"
            ]
        },
        {
            "rule": "yottaa\\.net\\/log-nt\\/event",
            "cookies": 0,
            "fingerprinting": 0,
            "subdomains": [
                "qoe-1"
            ],
            "apis": {},
            "sites": 9,
            "prevalence": 0.000904,
            "cnames": [],
            "responseHashes": [
                "ca3d163bab055381827226140568f3bef7eaac187cebd76878e0b63e9e442356"
            ],
            "type": "Ping",
            "firstPartyCookies": {},
            "firstPartyCookiesSent": {},
            "exampleSites": [
                "puma.com",
                "seedsprout.com.au",
                "www.asics.com",
                "www.balsamhill.com.au",
                "www.hoka.com",
                "www.kingarthurbaking.com",
                "www.kmart.co.nz",
                "www.kmart.com.au",
                "www.ralphlauren.com.au"
            ]
        }
    ],
    "categories": [
        "Analytics"
    ],
    "performance": {},
    "cookies": 0.000703,
    "topInitiators": [
        {
            "domain": "yottaa.com",
            "prevalence": 0.9444444444444444
        },
        {
            "domain": "first party",
            "prevalence": 0.05555555555555555
        }
    ],
    "types": {
        "XHR": 9,
        "Ping": 9
    },
    "nameservers": [
        "ns3-us-west.yottaa.net",
        "ns3-us-east.yottaa.net",
        "ns3-eu-west.yottaa.net",
        "ns3-ap-southeast.yottaa.net"
    ]
}