{
    "domain": "app-us1.com",
    "owner": {
        "name": "ActiveCampaign, Inc.",
        "displayName": "ActiveCampaign"
    },
    "source": [
        "DuckDuckGo-FR"
    ],
    "prevalence": 0.00222,
    "sites": 22,
    "subdomains": [
        "diffuser-cdn",
        "prism"
    ],
    "cnames": [],
    "fingerprinting": 1,
    "resources": [
        {
            "rule": "app-us1\\.com\\/diffuser\\/diffuser\\.js",
            "cookies": 0.00191,
            "fingerprinting": 1,
            "subdomains": [
                "diffuser-cdn"
            ],
            "apis": {
                "Navigator.prototype.userAgent": 22,
                "Document.cookie getter": 20,
                "Date.prototype.getTime": 19,
                "Document.cookie setter": 19
            },
            "sites": 22,
            "prevalence": 0.00222,
            "cnames": [],
            "responseHashes": [
                "26db36707844fa367f47c47b4b614db27a608286fe71d9ff8c3012dbe71c5499"
            ],
            "type": "Script",
            "firstPartyCookies": {
                "prism_609620646": {
                    "ttl": 2592003,
                    "length": 36,
                    "prevalence": 0.00010076582023377671,
                    "uniqueness": 1
                },
                "prism_223555403": {
                    "ttl": 2592003,
                    "length": 36,
                    "prevalence": 0.00010076582023377671,
                    "uniqueness": 1
                },
                "prism_799452741": {
                    "ttl": 2592007,
                    "length": 36,
                    "prevalence": 0.00010076582023377671,
                    "uniqueness": 1
                },
                "prism_476109127": {
                    "ttl": 2592005,
                    "length": 36,
                    "prevalence": 0.00010076582023377671,
                    "uniqueness": 1
                },
                "prism_649848035": {
                    "ttl": 2592004,
                    "length": 36,
                    "prevalence": 0.00010076582023377671,
                    "uniqueness": 1
                },
                "prism_1000929748": {
                    "ttl": 2592003,
                    "length": 36,
                    "prevalence": 0.00010076582023377671,
                    "uniqueness": 1
                },
                "prism_65988392": {
                    "ttl": 2592004,
                    "length": 36,
                    "prevalence": 0.00010076582023377671,
                    "uniqueness": 1
                },
                "prism_476375977": {
                    "ttl": 2592010,
                    "length": 36,
                    "prevalence": 0.00010076582023377671,
                    "uniqueness": 1
                },
                "prism_225600763": {
                    "ttl": 2592003,
                    "length": 36,
                    "prevalence": 0.00010076582023377671,
                    "uniqueness": 1
                },
                "prism_66246712": {
                    "ttl": 2592003,
                    "length": 36,
                    "prevalence": 0.00010076582023377671,
                    "uniqueness": 1
                },
                "prism_609990896": {
                    "ttl": 2592013,
                    "length": 36,
                    "prevalence": 0.00010076582023377671,
                    "uniqueness": 1
                },
                "prism_611487216": {
                    "ttl": 2592003,
                    "length": 36,
                    "prevalence": 0.00010076582023377671,
                    "uniqueness": 1
                },
                "prism_25300270": {
                    "ttl": 2592002,
                    "length": 36,
                    "prevalence": 0.00010076582023377671,
                    "uniqueness": 1
                },
                "prism_25900740": {
                    "ttl": 2592006,
                    "length": 36,
                    "prevalence": 0.00010076582023377671,
                    "uniqueness": 1
                },
                "prism_66010652": {
                    "ttl": 2592004,
                    "length": 36,
                    "prevalence": 0.00010076582023377671,
                    "uniqueness": 1
                },
                "prism_1000943168": {
                    "ttl": 2592004,
                    "length": 36,
                    "prevalence": 0.00010076582023377671,
                    "uniqueness": 1
                },
                "prism_92073434": {
                    "ttl": 2592004,
                    "length": 36,
                    "prevalence": 0.00010076582023377671,
                    "uniqueness": 1
                },
                "prism_478502367": {
                    "ttl": 2592003,
                    "length": 36,
                    "prevalence": 0.00010076582023377671,
                    "uniqueness": 1
                },
                "prism_69078272": {
                    "ttl": 2592005,
                    "length": 36,
                    "prevalence": 0.00010076582023377671,
                    "uniqueness": 1
                }
            },
            "firstPartyCookiesSent": {},
            "exampleSites": [
                "www.speedtest.net",
                "vivre-intuitif.com",
                "ixtem-moto.com",
                "www.thesimsresource.com",
                "apprendre-la-photo.fr",
                "philippe-etchebest.com",
                "www.addictivetips.com",
                "www.guide-piscine.fr",
                "www.anglaiscours.fr",
                "linote.fr",
                "www.jpost.com",
                "www.cegid.com",
                "www.laboratoires-fenioux.com",
                "www.iso.org",
                "sagessesante.fr",
                "www.flightconnections.com",
                "pyrenex.com",
                "www.my-origines.com",
                "www.orpi.com",
                "finance-heros.fr"
            ]
        },
        {
            "rule": "app-us1\\.com\\/",
            "cookies": 0.00191,
            "fingerprinting": 0,
            "subdomains": [
                "prism"
            ],
            "apis": {},
            "sites": 20,
            "prevalence": 0.00202,
            "cnames": [],