{
    "domain": "baidu.com",
    "owner": {
        "name": "Baidu, Inc.",
        "displayName": "Baidu"
    },
    "source": [
        "DuckDuckGo-FR"
    ],
    "prevalence": 0.00111,
    "sites": 11,
    "subdomains": [
        "hm"
    ],
    "cnames": [],
    "fingerprinting": 2,
    "resources": [
        {
            "rule": "baidu\\.com\\/hm\\.js",
            "cookies": 0.00101,
            "fingerprinting": 2,
            "subdomains": [
                "hm"
            ],
            "apis": {
                "Navigator.prototype.userAgent": 10,
                "Navigator.prototype.cookieEnabled": 10,
                "Navigator.prototype.javaEnabled": 10,
                "Navigator.prototype.language": 10,
                "Screen.prototype.width": 10,
                "Screen.prototype.height": 10,
                "Screen.prototype.colorDepth": 10,
                "Screen.prototype.orientation": 10,
                "window.innerWidth": 10,
                "window.localStorage": 10,
                "Document.cookie getter": 10,
                "window.sessionStorage": 10,
                "Date.prototype.getTime": 10,
                "Document.cookie setter": 10,
                "window.innerHeight": 10
            },
            "sites": 11,
            "prevalence": 0.00111,
            "cnames": [],
            "responseHashes": [
                "5969da240082ab0056874bb49932398d8dbf6c8f045110467450cc078ff8e5e2",
                "0c20eb98cc5d7d14a7ee01ebf40c9dc58a35f39e8e1ec5baa3cd30f10906b289",
                "cc287c1ea06dc480dbe8696a53d628cb338fab04f6dbd6a4d9db556961fbc89b",
                "a733b585885c97fe083a4461eb76f4b1ec31e90d8b10e810525638df2d7a72bf",
                "9cebdde8315f2dc88a46a8455f9f0e33f1e69648a2f31497f134a4bdec61fcd6",
                "c6a1276aec9e01bccf9199e8865438b41f729daa5190ad88fdbeaa45f378c601",
                "e5c89a16a71e0704c7dc835274e4e48e60c99158c755d4b0412b45eae75c9487",
                "1a0ffa093f90f0e350a36c58f9694d6b0025131dfac3ad4476bab7e31034f829"
            ],
            "type": "Script",
            "firstPartyCookies": {
                "Hm_lvt_6bcd52f51e9b3dce32bec4a3997715ac": {
                    "ttl": 31536016,
                    "length": 10,
                    "prevalence": 0.00010076582023377671,
                    "uniqueness": 1
                },
                "Hm_lpvt_6bcd52f51e9b3dce32bec4a3997715ac": {
                    "ttl": null,
                    "length": 10,
                    "prevalence": 0.00010076582023377671,
                    "uniqueness": 1
                },
                "HMACCOUNT": {
                    "ttl": null,
                    "length": 16,
                    "prevalence": 0.001007658202337767,
                    "uniqueness": 1
                },
                "Hm_lvt_1d5ba5cbc559273825f37fdd6ecdfe28": {
                    "ttl": 31536006,
                    "length": 10,
                    "prevalence": 0.00020153164046755341,
                    "uniqueness": 1
                },
                "Hm_lpvt_1d5ba5cbc559273825f37fdd6ecdfe28": {
                    "ttl": null,
                    "length": 10,
                    "prevalence": 0.00020153164046755341,
                    "uniqueness": 1
                },
                "Hm_lvt_960ef17df44dacb2a038ecfdc57c6bf5": {
                    "ttl": 31536004,
                    "length": 10,
                    "prevalence": 0.00010076582023377671,
                    "uniqueness": 1
                },
                "Hm_lpvt_960ef17df44dacb2a038ecfdc57c6bf5": {
                    "ttl": null,
                    "length": 10,
                    "prevalence": 0.00010076582023377671,
                    "uniqueness": 1
                },
                "Hm_lvt_a7025e25c8500c732b8f48cc46e21467": {
                    "ttl": 31536003,
                    "length": 10,
                    "prevalence": 0.00010076582023377671,
                    "uniqueness": 1
                },
                "Hm_lpvt_a7025e25c8500c732b8f48cc46e21467": {
                    "ttl": null,
                    "length": 10,
                    "prevalence": 0.00010076582023377671,
                    "uniqueness": 1
                },
                "Hm_lvt_59317e5849f38e9ec82d03f6fb1a84d7": {
                    "ttl": 31536002,
                    "length": 10,
                    "prevalence": 0.00010076582023377671,
                    "uniqueness": 1
                },
                "Hm_lpvt_59317e5849f38e9ec82d03f6fb1a84d7": {
                    "ttl": null,
                    "length": 10,
                    "prevalence": 0.00010076582023377671,
                    "uniqueness": 1
                },
                "Hm_lvt_b037229ee737c49aa8a08d5c4a797453": {
                    "ttl": 31536004,
                    "length": 10,
                    "prevalence": 0.00010076582023377671,
                    "uniqueness": 1
                },
                "Hm_lpvt_b037229ee737c49aa8a08d5c4a797453": {
                    "ttl": null,
                    "length": 10,
                    "prevalence": 0.00010076582023377671,
                    "uniqueness": 1
                },
                "Hm_lvt_95e64d347633bfd0a2462e25c93606d6": {
                    "ttl": 31536003,
                    "length": 10,
                    "prevalence": 0.00010076582023377671,
                    "uniqueness": 1
                },
                "Hm_lpvt_95e64d347633bfd0a2462e25c93606d6": {
                    "ttl": null,
                    "length": 10,
                    "prevalence": 0.00010076582023377671,
                    "uniqueness": 1
                },
                "Hm_lvt_98beee57fd2ef70ccdd5ca52b9740c49": {
                    "ttl": 31536006,
                    "length": 10,
                    "prevalence": 0.00020153164046755341,
                    "uniqueness": 1
                },
                "Hm_lpvt_98beee57fd2ef70ccdd5ca52b9740c49": {
                    "ttl": null,
                    "length": 10,
                    "prevalence": 0.00020153164046755341,
                    "uniqueness": 1
                }
            },
            "firstPartyCookiesSent": {},
            "exampleSites": [
                "csdn.net",
                "docs.espressif.com",
                "gitmind.com",
                "mangapark.net",
                "www.espressif.com",
                "www.mangatown.com",
                "www.score808pro.com",
                "www.ventoy.net",
                "www.wipo.int",
                "www.zhihu.com",
                "zhuanlan.zhihu.com"
            ]
        },
        {
            "rule": "baidu\\.com\\/hm\\.gif",
            "cookies": 0,
            "fingerprinting": 0,
            "subdomains": [
                "hm"
            ],
            "apis": {},
            "sites": 10,
            "prevalence": 0.00101,
            "cnames": [],
            "responseHashes": [
                "77b1d2c0857d4e95d4c2ae7aa0abc5aaafa6bd4581b31203d1592759c26f5c44"
            ],
            "type": "Image",
            "firstPartyCookies": {},
            "firstPartyCookiesSent": {
                "HMACCOUNT": 0.001007658202337767
            },
            "exampleSites": [
                "csdn.net",
                "docs.espressif.com",
                "gitmind.com",
                "mangapark.net",
                "www.espressif.com",
                "www.mangatown.com",
                "www.score808pro.com",
                "www.wipo.int",
                "www.zhihu.com",
                "zhuanlan.zhihu.com"
            ]
        }
    ],
    "categories": [],
    "performance": {},
    "cookies": 0.00101,
    "topInitiators": [
        {
            "domain": "first party",
            "prevalence": 0.7692307692307693
        },
        {
            "domain": "csdnimg.cn",