{
    "domain": "c90dc23040.com",
    "owner": {},
    "source": [
        "DuckDuckGo-FR"
    ],
    "prevalence": 0.00101,
    "sites": 10,
    "subdomains": [
        "9572f39990",
        "ff82fc4162"
    ],
    "cnames": [],
    "fingerprinting": 0,
    "resources": [
        {
            "rule": "c90dc23040\\.com\\/in\\/multy",
            "cookies": 0,
            "fingerprinting": 0,
            "subdomains": [
                "9572f39990",
                "ff82fc4162"
            ],
            "apis": {},
            "sites": 10,
            "prevalence": 0.00101,
            "cnames": [],
            "responseHashes": [],
            "type": "Preflight",
            "firstPartyCookies": {},
            "firstPartyCookiesSent": {},
            "exampleSites": [
                "bokepi.com",
                "chaturflix.cam",
                "enf-cmnf.com",
                "forcedcinema.net",
                "heavyfetish.com",
                "javhub.net",
                "pornovideoshub.com",
                "thepiratebay.org",
                "www5.javmost.com",
                "xxxi.porn"
            ]
        },
        {
            "rule": "c90dc23040\\.com\\/in\\/multy",
            "cookies": 0,
            "fingerprinting": 0,
            "subdomains": [
                "9572f39990",
                "ff82fc4162"
            ],
            "apis": {},
            "sites": 10,
            "prevalence": 0.00101,
            "cnames": [],
            "responseHashes": [
                "4cbf5fceeba29432ceb5ba7d3a382759844794cfe85597c67832613c51b993ac",
                "ba1cf8d73478acd804e2c19a9a6921985980a4ae2edd49ce199aa460c00e7f10",
                "6d9544bf418714eeb72a510fae19a34fb2b94a86ba098e746f94cf68c6b28d74",
                "d05053b68ba10e99f464eacdef6f1a6b3e211aa3d72e0f56a12daeeb776e63e7",
                "1afa242d8f3cee6b53462c24b608b2889f095a8f3c9c73f8198fc896b1ee8802",
                "e4e3d33daaa3b07c4fbf995fd5ee41ae501a7a208d85260ac5131c53dec1c869",
                "e3b0c44298fc1c149afbf4c8996fb92427ae41e4649b934ca495991b7852b855",
                "f18dbdb4c1bbb4d20d0473fcb8dce8c30e242ded2d7abc020bece4a528016584",
                "47b72066b13419027d39bbc7c2b207bc37b1f24eaddf10ec5a2701bfc599a633"
            ],
            "type": "XHR",
            "firstPartyCookies": {},
            "firstPartyCookiesSent": {},
            "exampleSites": [
                "bokepi.com",
                "chaturflix.cam",
                "enf-cmnf.com",
                "forcedcinema.net",
                "heavyfetish.com",
                "javhub.net",
                "pornovideoshub.com",
                "thepiratebay.org",
                "www5.javmost.com",
                "xxxi.porn"
            ]
        },
        {
            "rule": "c90dc23040\\.com\\/in\\/show\\/",
            "cookies": 0,
            "fingerprinting": 0,
            "subdomains": [
                "9572f39990",
                "ff82fc4162"
            ],
            "apis": {},
            "sites": 9,
            "prevalence": 0.000907,
            "cnames": [],
            "responseHashes": [
                "e3b0c44298fc1c149afbf4c8996fb92427ae41e4649b934ca495991b7852b855"
            ],
            "type": "Image",
            "firstPartyCookies": {},
            "firstPartyCookiesSent": {},
            "exampleSites": [
                "bokepi.com",
                "chaturflix.cam",
                "enf-cmnf.com",
                "forcedcinema.net",
                "heavyfetish.com",
                "javhub.net",
                "pornovideoshub.com",
                "www5.javmost.com",
                "xxxi.porn"
            ]
        },
        {
            "rule": "c90dc23040\\.com\\/in\\/dip",
            "cookies": 0,
            "fingerprinting": 0,
            "subdomains": [
                "ff82fc4162"
            ],
            "apis": {},
            "sites": 2,
            "prevalence": 0.000202,
            "cnames": [],
            "responseHashes": [
                "e3b0c44298fc1c149afbf4c8996fb92427ae41e4649b934ca495991b7852b855"
            ],
            "type": "XHR",
            "firstPartyCookies": {},
            "firstPartyCookiesSent": {},
            "exampleSites": [
                "chaturflix.cam",
                "www5.javmost.com"
            ]
        }
    ],
    "categories": [],
    "performance": {},
    "cookies": 0,
    "topInitiators": [
        {
            "domain": "3ad2ae645c.com",
            "prevalence": 0.675
        },
        {
            "domain": "wpushsdk.com",
            "prevalence": 0.2
        },
        {
            "domain": "natsdk.com",
            "prevalence": 0.125
        }
    ],
    "types": {
        "Preflight": 10,
        "XHR": 12,
        "Image": 9
    },
    "nameservers": [
        "dns1.infrapu.sh",
        "dns2.infrapu.sh"
    ]
}