{
    "domain": "cookie-script.com",
    "owner": {},
    "source": [
        "DuckDuckGo-FR"
    ],
    "prevalence": 0.00202,
    "sites": 20,
    "subdomains": [
        "consent",
        "cdn"
    ],
    "cnames": [],
    "fingerprinting": 2,
    "resources": [
        {
            "rule": "cookie-script\\.com\\/analytics",
            "cookies": 0,
            "fingerprinting": 0,
            "subdomains": [
                "consent"
            ],
            "apis": {},
            "sites": 15,
            "prevalence": 0.00151,
            "cnames": [],
            "responseHashes": [
                "a17d4481761ecbf9077874867abb5598dd877ecf2ce8c4b9af1efea950ef97f4",
                "d1771faabc5647e35a77aacff12f06b12c071ffa139c4d488324f3daf679b0c7",
                "c9827759eae6c6ad9d5379da2db51331a5cca8894741f3e21c77075dee835232",
                "e05a8761fa27aa57f8546b5805a3a09909f7b71f1f9d591361bce68504e8d2f6",
                "cf1b820bb4c67f8fa7464cbfcdda8509d313c509501cd7cdf1da6ef7fe569e33",
                "e4bb2e4524ee4276eaa174f53560b2f4efe24868a9c56f93013f03e41eab5c14",
                "fb137e1a4912513b4a10609eb29e32a47ca6049eb656b7dae13e70e76d307705",
                "433463afe64bcddfc37109cc56fdbd20a3ddbe47a9b97a56bdcb446d30800b58",
                "b7767345f865b3778bfb855558341e190ce03060b25881a57e09882fd4291e0d",
                "6dbc1ba787d1c9b2d3b921e82eb3c8e66a698f73288f20c0174b4112f431059e",
                "3122e574e5554c7d914058254fca943af572ccf7c33409fbc6b2eee7f930c485",
                "807386d14004dad368fcec1dba11e9b0623f6c90f87ba22a00093ab436a31089",
                "fba069896572307785a22ec8ed9c6566059e149b9ce7fac7f848aefb6b797148",
                "06a5b816a307faa727bd9610e9be33cd6401ba6d4c738476a19e82ad9e5abd65"
            ],
            "type": "XHR",
            "firstPartyCookies": {},
            "firstPartyCookiesSent": {},
            "exampleSites": [
                "fixthephoto.com",
                "fr.vidnoz.com",
                "www.citizenkid.com",
                "www.convertworld.com",
                "www.europe-echecs.com",
                "www.gralon.net",
                "www.jeusol.fr",
                "www.ligne-roset.com",
                "www.moddb.com",
                "www.o2switch.fr",
                "www.play-in.com",
                "www.promos.fr",
                "www.resizepixel.com",
                "www.rebuy.fr",
                "www.veeam.com"
            ]
        },
        {
            "rule": "cookie-script\\.com\\/iabtcf\\/2\\.2\\/sdk_cmp\\.js",
            "cookies": 0,
            "fingerprinting": 1,
            "subdomains": [
                "cdn"
            ],
            "apis": {
                "Date.prototype.getTime": 8
            },
            "sites": 8,
            "prevalence": 0.000806,
            "cnames": [],
            "responseHashes": [
                "c9bb198e1586feb6180fb7c7a6cbbf7e43e2f6f3104a26bc1302acce7b6a674f"
            ],
            "type": "Script",
            "firstPartyCookies": {},
            "firstPartyCookiesSent": {},
            "exampleSites": [
                "fixthephoto.com",
                "www.citizenkid.com",
                "www.convertworld.com",
                "www.europe-echecs.com",
                "www.gralon.net",
                "www.jeusol.fr",
                "www.moddb.com",
                "www.resizepixel.com"
            ]
        },
        {
            "rule": "cookie-script\\.com\\/iabtcf\\/2\\.2\\/vendor-list\\.json",
            "cookies": 0,
            "fingerprinting": 0,
            "subdomains": [
                "cdn"
            ],
            "apis": {},
            "sites": 8,
            "prevalence": 0.000806,
            "cnames": [],
            "responseHashes": [
                "63f3e07c683cf6e30a124743d0b6c2373cdf3e6aef73a5986013fbbe5395d661"
            ],
            "type": "XHR",
            "firstPartyCookies": {},
            "firstPartyCookiesSent": {},
            "exampleSites": [
                "fixthephoto.com",
                "www.citizenkid.com",
                "www.convertworld.com",
                "www.europe-echecs.com",
                "www.gralon.net",
                "www.jeusol.fr",
                "www.moddb.com",
                "www.resizepixel.com"
            ]
        },
        {
            "rule": "cookie-script\\.com\\/iabtcf\\/2\\.2\\/google-vendors\\.json",
            "cookies": 0,
            "fingerprinting": 0,
            "subdomains": [
                "cdn"
            ],
            "apis": {},
            "sites": 8,
            "prevalence": 0.000806,
            "cnames": [],
            "responseHashes": [
                "8785fffee057643b558c46e0c7972928ba53b11b610db40b38011f1943f55a56"
            ],
            "type": "Fetch",
            "firstPartyCookies": {},
            "firstPartyCookiesSent": {},
            "exampleSites": [
                "fixthephoto.com",
                "www.citizenkid.com",
                "www.convertworld.com",
                "www.europe-echecs.com",
                "www.gralon.net",
                "www.jeusol.fr",
                "www.moddb.com",
                "www.resizepixel.com"
            ]
        },
        {
            "rule": "cookie-script\\.com\\/s\\/e976c29abf54dbb19f5896bc4362fefa\\.js",
            "cookies": 0,
            "fingerprinting": 0,
            "subdomains": [
                "cdn"
            ],
            "apis": {},
            "sites": 2,
            "prevalence": 0.000202,
            "cnames": [],
            "responseHashes": [
                "41b805ea7ac014e23556e98bb374702a08344268f92489a02f0880849394a1e4"
            ],
            "type": "Script",
            "firstPartyCookies": {},
            "firstPartyCookiesSent": {},
            "exampleSites": [
                "w3docs.com",
                "www.w3docs.com"
            ]
        }
    ],
    "categories": [],
    "performance": {},
    "cookies": 0.00171,
    "topInitiators": [
        {
            "domain": "first party",
            "prevalence": 0.4444444444444444
        },
        {
            "domain": "googletagmanager.com",
            "prevalence": 0.4074074074074074
        },
        {
            "domain": "b-cdn.net",
            "prevalence": 0.14814814814814814
        }
    ],
    "types": {
        "XHR": 23,
        "Script": 10,
        "Fetch": 8
    },
    "nameservers": [
        "ns1.digitalocean.com",
        "ns2.digitalocean.com",
        "ns3.digitalocean.com"
    ]
}