{
    "domain": "cq0.co",
    "owner": {},
    "source": [
        "DuckDuckGo-FR"
    ],
    "prevalence": 0.00111,
    "sites": 11,
    "subdomains": [
        "doh"
    ],
    "cnames": [],
    "fingerprinting": 0,
    "resources": [
        {
            "rule": "cq0\\.co\\/resolve",
            "cookies": 0,
            "fingerprinting": 0,
            "subdomains": [
                "doh"
            ],
            "apis": {},
            "sites": 12,
            "prevalence": 0.00121,
            "cnames": [],
            "responseHashes": [
                "e5183413187b7b4bf1230ce9b34ea7371ee1e5ebf292a1bb7811a9e18e1e6b16",
                "0505042bc830730bc963dfde33875d4a2b3234c0e14393a70b357c8ab964eed3",
                "e083b17c23ec32971e306b47a4be62f676345483f5b2ac33faf00deacd1e9e78",
                "769b47f13fc53200a5a44c40755dda12cbe24c902b3834b7e2e4798d7e7a9609",
                "463e22b53d3543fde375fd7b42defd620e78a721feaae9edb757e4b512152983",
                "8b04f4ab39cf62ab631c37029b488470bd5854eb65a1eae58910ead893f5b5e2",
                "fd83008c79dda0492bd636a36c07dd791728821fcc95f54baaea86345247ed4d",
                "cf9587bd5d2763ebb22a06471a9486f75d55a82598dd2c6448d0235334652533",
                "773d12c7b868a16ea78557268b2395c0d3b65b150faa3e470c58ed314e2314dc"
            ],
            "type": "Fetch",
            "firstPartyCookies": {},
            "firstPartyCookiesSent": {
                "AUDI_ENSIGHTEN_PRIVACY_TLD-www.audi.fr": 0.00010076582023377671,
                "MAYO_CLINIC_ENSIGHTEN_PRIVACY_TLD-www.mayoclinic.org": 0.00010076582023377671
            },
            "exampleSites": [
                "go.com",
                "abcnews.go.com",
                "fr.norton.com",
                "moviesanywhere.com",
                "www.audi.fr",
                "www.britishairways.com",
                "www.delta.com",
                "www.espn.com",
                "www.johnlewis.com",
                "www.latimes.com",
                "www.mayoclinic.org",
                "www.nationalgeographic.com"
            ]
        }
    ],
    "categories": [],
    "performance": {},
    "cookies": 0,
    "topInitiators": [
        {
            "domain": "first party",
            "prevalence": 0.5882352941176471
        },
        {
            "domain": "espn.com",
            "prevalence": 0.23529411764705882
        },
        {
            "domain": "audi.com",
            "prevalence": 0.058823529411764705
        },
        {
            "domain": "californiatimes.com",
            "prevalence": 0.058823529411764705
        },
        {
            "domain": "ensighten.com",
            "prevalence": 0.058823529411764705
        }
    ],
    "types": {
        "Fetch": 12
    },
    "nameservers": [
        "ns-488.awsdns-61.com",
        "ns-1857.awsdns-40.co.uk",
        "ns-1240.awsdns-27.org",
        "ns-682.awsdns-21.net"
    ]
}