{
    "domain": "daxiva.xyz",
    "owner": {},
    "source": [
        "DuckDuckGo-FR"
    ],
    "prevalence": 0.000605,
    "sites": 6,
    "subdomains": [
        "cdn"
    ],
    "cnames": [],
    "fingerprinting": 2,
    "resources": [
        {
            "rule": "daxiva\\.xyz\\/sdk\\/push_web\\/",
            "cookies": 0.000605,
            "fingerprinting": 2,
            "subdomains": [
                "cdn"
            ],
            "apis": {
                "Navigator.prototype.userAgent": 6,
                "Intl.DateTimeFormat.prototype.resolvedOptions": 6,
                "Date.prototype.getTimezoneOffset": 6,
                "Document.cookie getter": 6,
                "Date.prototype.getTime": 6,
                "Document.cookie setter": 6,
                "window.innerHeight": 6,
                "window.innerWidth": 6,
                "window.devicePixelRatio": 6,
                "Navigator.prototype.appName": 6
            },
            "sites": 6,
            "prevalence": 0.000605,
            "cnames": [],
            "responseHashes": [
                "66c9bf464aa8bb235cbd4b325a1a91c07b13e9eae06cee8800a1dcc76b79e8fd",
                "1ce08c908d87fc20e58041d031539d9220ebb6ef8f1e1114fce3308f1c94977a",
                "cb152f2a1472f408e7d21bf496edcdbc1f3279fa16ae0fa512177aa5575a8767",
                "4e84fb124ce6024482b79157e8bf220c2d775a2fa30bc7617a0a00ad55fa0530",
                "560c923781abdbac266fa86830668594bc3ad857b1ff4efc4fd9f85a829191de"
            ],
            "type": "Script",
            "firstPartyCookies": {
                "rvt_inlpush_cnt_10031": {
                    "ttl": 86402,
                    "length": 1,
                    "prevalence": 0.00010076582023377671,
                    "uniqueness": 1
                },
                "rvt_inlpush_max_10031": {
                    "ttl": 86402,
                    "length": 1,
                    "prevalence": 0.00010076582023377671,
                    "uniqueness": 1
                },
                "rvt_inlpush_shown_10031": {
                    "ttl": 86403,
                    "length": 1,
                    "prevalence": 0.00010076582023377671,
                    "uniqueness": 1
                },
                "rvt_inlpush_cnt_9625": {
                    "ttl": 86402,
                    "length": 1,
                    "prevalence": 0.00010076582023377671,
                    "uniqueness": 1
                },
                "rvt_inlpush_max_9625": {
                    "ttl": 86401,
                    "length": 1,
                    "prevalence": 0.00010076582023377671,
                    "uniqueness": 1
                },
                "rvt_inlpush_shown_9625": {
                    "ttl": 86403,
                    "length": 1,
                    "prevalence": 0.00010076582023377671,
                    "uniqueness": 1
                },
                "rvt_inlpush_cnt_8329": {
                    "ttl": 86403,
                    "length": 1,
                    "prevalence": 0.00010076582023377671,
                    "uniqueness": 1
                },
                "rvt_inlpush_max_8329": {
                    "ttl": 86402,
                    "length": 1,
                    "prevalence": 0.00010076582023377671,
                    "uniqueness": 1
                },
                "rvt_inlpush_shown_8329": {
                    "ttl": 86403,
                    "length": 1,
                    "prevalence": 0.00010076582023377671,
                    "uniqueness": 1
                },
                "rvt_inlpush_cnt_8331": {
                    "ttl": 86402,
                    "length": 1,
                    "prevalence": 0.00010076582023377671,
                    "uniqueness": 1
                },
                "rvt_inlpush_max_8331": {
                    "ttl": 86401,
                    "length": 1,
                    "prevalence": 0.00010076582023377671,
                    "uniqueness": 1
                },
                "rvt_inlpush_shown_8331": {
                    "ttl": 86403,
                    "length": 1,
                    "prevalence": 0.00010076582023377671,
                    "uniqueness": 1
                },
                "rvt_inlpush_cnt_9999": {
                    "ttl": 86403,
                    "length": 1,
                    "prevalence": 0.00010076582023377671,
                    "uniqueness": 1
                },
                "rvt_inlpush_max_9999": {
                    "ttl": 86402,
                    "length": 1,
                    "prevalence": 0.00010076582023377671,
                    "uniqueness": 1
                },
                "rvt_inlpush_shown_9999": {
                    "ttl": 86403,
                    "length": 1,
                    "prevalence": 0.00010076582023377671,
                    "uniqueness": 1
                },
                "rvt_inlpush_cnt_8418": {
                    "ttl": 86402,
                    "length": 1,
                    "prevalence": 0.00010076582023377671,
                    "uniqueness": 1
                },
                "rvt_inlpush_max_8418": {
                    "ttl": 86401,
                    "length": 1,
                    "prevalence": 0.00010076582023377671,
                    "uniqueness": 1
                },
                "rvt_inlpush_shown_8418": {
                    "ttl": 86403,
                    "length": 1,
                    "prevalence": 0.00010076582023377671,
                    "uniqueness": 1
                }
            },
            "firstPartyCookiesSent": {},
            "exampleSites": [
                "animalpornvideos.com",
                "beastiality.tv",
                "bestiality-sex.com",
                "petsexvideos.com",
                "xxxzooporn.net",
                "zoosex.cc"
            ]
        }
    ],
    "categories": [],
    "performance": {},
    "cookies": 0.000605,
    "topInitiators": [
        {
            "domain": "first party",
            "prevalence": 1
        }
    ],
    "types": {
        "Script": 6
    },
    "nameservers": [
        "dell.ns.cloudflare.com",
        "ray.ns.cloudflare.com"
    ]
}