{
    "domain": "driftapi.com",
    "owner": {},
    "source": [
        "DuckDuckGo-FR"
    ],
    "prevalence": 0.00101,
    "sites": 10,
    "subdomains": [
        "bootstrap"
    ],
    "cnames": [],
    "fingerprinting": 0,
    "resources": [
        {
            "rule": "driftapi\\.com\\/widget_bootstrap\\/ping\\/v2",
            "cookies": 0,
            "fingerprinting": 0,
            "subdomains": [
                "bootstrap"
            ],
            "apis": {},
            "sites": 10,
            "prevalence": 0.00101,
            "cnames": [],
            "responseHashes": [
                "5d37e1357f836c5d5a74a8f4c921fbd118d6fa3bd0c1d9127afc1f3b36cd4402",
                "4e429a20df9d58773ba875a1cf69abab25e0c8f09aff9a7c084f6b2b742e4827",
                "6365c8152256093e73d530bf6a071b6c5d6971b6684d01c0692b1536b35aa7f4",
                "3ecb45defb9b18b17ad59c49411a35506659886968b1082e9393bdb37c054355",
                "1f3b5fa3c0102cc4b18742a5f0d64f82bacd9af0c410b773bd7660312f15b1b8",
                "0306c49ea9a3592d0de02432b6b0d0aacafbc02be7282716ed129a7e5ee953c8",
                "7fe7dac786403bf27111aaef460196da9289de06e26498e937914925c4671c13",
                "87021127f648cbe62d145cc97ac656ce5abf695eb06ac30f36561763a0c5b9a1",
                "6ccaa487bd0ea6ac49fffa322a7b58643fb78380771b4bbce99ff22b686f366e"
            ],
            "type": "XHR",
            "firstPartyCookies": {},
            "firstPartyCookiesSent": {},
            "exampleSites": [
                "clickhouse.com",
                "redis.io",
                "webflow.com",
                "www.brevo.com",
                "www.dashlane.com",
                "www.docusign.com",
                "www.hpe.com",
                "www.lastpass.com",
                "www.onshape.com",
                "www.sketchup.com"
            ]
        },
        {
            "rule": "driftapi\\.com\\/widget_bootstrap",
            "cookies": 0,
            "fingerprinting": 0,
            "subdomains": [
                "bootstrap"
            ],
            "apis": {},
            "sites": 10,
            "prevalence": 0.00101,
            "cnames": [],
            "responseHashes": [
                "fcd83453a1ee9da928b698db949057d1599dfb8aca77fce90770cd350016b588",
                "094df714bcb0042bd4072957a5eb31ed0f253978d8b4b9abcc91f7a12d3a9eeb",
                "a440c1250a4b0bd75ec65999fb3ea462612b8c7a2ba1fe05824edc38531efdcd",
                "3ff952c64da2be8991ff58a6237ea2bc96a3027716b9cc374668733a04d76b56",
                "ebc83e8d6f2d22da52d1c4e534fcf19da29959ee2d3e74c50d8d2c7c4eaa06c2",
                "bd0dbef63f72d692712424819fd3d56eed3fbaaab6cae308ce3374ea6d9c122f",
                "d21563de67cbb1ca184cec46dd820741afb7744b30b8acfc09f7f3073907ba7a",
                "3fff4f6c3b3f435462598687619f5c7612d47974f4ec3feee57880b6caadb4ce",
                "58591e3ee49635ea88ea83ae8dd1c630a8b7427e8cfd0043e6b63710d6b18b88"
            ],
            "type": "XHR",
            "firstPartyCookies": {},
            "firstPartyCookiesSent": {},
            "exampleSites": [
                "clickhouse.com",
                "redis.io",
                "webflow.com",
                "www.brevo.com",
                "www.dashlane.com",
                "www.docusign.com",
                "www.hpe.com",
                "www.lastpass.com",
                "www.onshape.com",
                "www.sketchup.com"
            ]
        }
    ],
    "categories": [],
    "performance": {},
    "cookies": 0,
    "topInitiators": [
        {
            "domain": "driftt.com",
            "prevalence": 1
        }
    ],
    "types": {
        "XHR": 20
    },
    "nameservers": [
        "ns-1366.awsdns-42.org",
        "ns-1970.awsdns-54.co.uk",
        "ns-28.awsdns-03.com",
        "ns-653.awsdns-17.net"
    ]
}