{
    "domain": "linkconnector.com",
    "owner": {
        "name": "LinkConnector Corporation",
        "displayName": "LinkConnector"
    },
    "source": [
        "DuckDuckGo-FR"
    ],
    "prevalence": 0.00101,
    "sites": 10,
    "subdomains": [
        "www"
    ],
    "cnames": [],
    "fingerprinting": 1,
    "resources": [
        {
            "rule": "linkconnector\\.com\\/uts_lp\\.php",
            "cookies": 0.00101,
            "fingerprinting": 1,
            "subdomains": [
                "www"
            ],
            "apis": {
                "Document.cookie getter": 10,
                "window.localStorage": 10,
                "Date.prototype.getTime": 10,
                "Document.cookie setter": 10
            },
            "sites": 10,
            "prevalence": 0.00101,
            "cnames": [],
            "responseHashes": [
                "8ed482a264710eae7e599c6452f26a92193fb5197d0754e7bc70c7c1dee9a4c4",
                "4523dd8d8e11b023294f07443fea8ed6718482192f66c3367b4c026643d00c39",
                "7cd8c7de1739ad4624dac7c7fd0684221789cd5683e7a1938fc8809b6de82be9",
                "d12495d8419f89b5dbb7f1e7742535ba504f1cdb6f30860ecf0a381a872ffc95",
                "b428895f415a5d86824e05421c7cb8520eeaed1c410cae1c260df0d1105e2796",
                "fa7412ad9d7291a8f3d7c319f4c722dea34b4ca03abc56d61d10a26b952e20f8",
                "e8639d098933a688b5a1ba21d4f5728d3a0a87f6cc7bbd4271d5c27d4e62fe47",
                "2de0a510a9738499e0576f54dffa4abd3752860bd9d1a5ba578caf54802afc45",
                "3103c62af1684a08cb897f929370223e36ddbf534dbd099301770bfc4608b82a"
            ],
            "type": "Script",
            "firstPartyCookies": {
                "uts_id": {
                    "ttl": 157680004,
                    "length": 17,
                    "prevalence": 0.001007658202337767,
                    "uniqueness": 1
                },
                "LCUTS_UID_900133": {
                    "ttl": 3604,
                    "length": 6,
                    "prevalence": 0.0006045949214026602,
                    "uniqueness": 0.16666666666666666
                },
                "LCUTS_UID_902059": {
                    "ttl": 3603,
                    "length": 6,
                    "prevalence": 0.00010076582023377671,
                    "uniqueness": 1
                },
                "LCUTS_UID_901602": {
                    "ttl": 3603,
                    "length": 6,
                    "prevalence": 0.00020153164046755341,
                    "uniqueness": 0.5
                },
                "LCUTS_UID_902007": {
                    "ttl": 3603,
                    "length": 6,
                    "prevalence": 0.00010076582023377671,
                    "uniqueness": 1
                }
            },
            "firstPartyCookiesSent": {
                "LCUTS_UID_900133": 0.0006045949214026602,
                "LCUTS_UID_902059": 0.00010076582023377671,
                "LCUTS_UID_901602": 0.00020153164046755341,
                "LCUTS_UID_902007": 0.00010076582023377671
            },
            "exampleSites": [
                "wondershare.fr",
                "filmora.wondershare.fr",
                "learnsql.com",
                "mobiletrans.wondershare.com",
                "moviemaker.minitool.com",
                "pdf.wondershare.fr",
                "recoverit.wondershare.fr",
                "uniconverter.wondershare.fr",
                "updf.com",
                "www.minitool.com"
            ]
        },
        {
            "rule": "linkconnector\\.com\\/tu\\.php",
            "cookies": 0.000705,
            "fingerprinting": 0,
            "subdomains": [
                "www"
            ],
            "apis": {},
            "sites": 7,
            "prevalence": 0.000705,
            "cnames": [],
            "responseHashes": [
                "942fa519ebb6234f59c3d8c8c66c6b2671b69364c1c31a6788f722e4baca9a94"
            ],
            "type": "Image",
            "firstPartyCookies": {},
            "firstPartyCookiesSent": {
                "_rdt_uuid": 0.00010076582023377671,
                "_hjSessionUser_1326224": 0.00010076582023377671,
                "_hjSession_1326224": 0.00010076582023377671,
                "IR_gbd": 0.00040306328093510683,
                "_gcl_au": 0.00010076582023377671,
                "_ga": 0.00010076582023377671,
                "poptin_user_id": 0.00010076582023377671,
                "am_gpp_cmp_version": 0.00010076582023377671,
                "_uetsid": 0.00010076582023377671,
                "_uetvid": 0.00010076582023377671
            },
            "exampleSites": [
                "wondershare.fr",
                "filmora.wondershare.fr",
                "learnsql.com",
                "mobiletrans.wondershare.com",
                "pdf.wondershare.fr",
                "recoverit.wondershare.fr",
                "uniconverter.wondershare.fr"
            ]
        },
        {
            "rule": "linkconnector\\.com\\/js\\/uts_uid\\.php",
            "cookies": 0.000705,
            "fingerprinting": 0,
            "subdomains": [
                "www"
            ],
            "apis": {},
            "sites": 7,
            "prevalence": 0.000705,
            "cnames": [],
            "responseHashes": [
                "942fa519ebb6234f59c3d8c8c66c6b2671b69364c1c31a6788f722e4baca9a94"
            ],
            "type": "Image",
            "firstPartyCookies": {},
            "firstPartyCookiesSent": {
                "LCUTS_UID_900133": 0.0006045949214026602,
                "LCUTS_UID_902059": 0.00010076582023377671
            },
            "exampleSites": [
                "wondershare.fr",
                "filmora.wondershare.fr",
                "learnsql.com",
                "mobiletrans.wondershare.com",
                "pdf.wondershare.fr",
                "recoverit.wondershare.fr",
                "uniconverter.wondershare.fr"
            ]
        },
        {
            "rule": "linkconnector\\.com\\/uts_clickcounts\\.php",
            "cookies": 0,
            "fingerprinting": 0,
            "subdomains": [
                "www"
            ],
            "apis": {},
            "sites": 3,
            "prevalence": 0.000302,
            "cnames": [],
            "responseHashes": [
                "e3b0c44298fc1c149afbf4c8996fb92427ae41e4649b934ca495991b7852b855"
            ],
            "type": "Script",
            "firstPartyCookies": {},
            "firstPartyCookiesSent": {
                "LCUTS_UID_902059": 0.00010076582023377671,
                "LCUTS_UID_901602": 0.00020153164046755341
            },
            "exampleSites": [
                "learnsql.com",
                "moviemaker.minitool.com",
                "www.minitool.com"
            ]
        }
    ],
    "categories": [],
    "performance": {},
    "cookies": 0.00101,
    "topInitiators": [
        {
            "domain": "googletagmanager.com",
            "prevalence": 0.7
        },
        {
            "domain": "first party",
            "prevalence": 0.3
        }
    ],
    "types": {
        "Script": 13,
        "Image": 14
    },
    "nameservers": [
        "edna.ns.cloudflare.com",
        "sri.ns.cloudflare.com"
    ]
}