{
    "domain": "msgclick.top",
    "owner": {},
    "source": [
        "DuckDuckGo-FR"
    ],
    "prevalence": 0.00131,
    "sites": 13,
    "subdomains": [],
    "cnames": [],
    "fingerprinting": 0,
    "resources": [
        {
            "rule": "msgclick\\.top\\/gh\\.js",
            "cookies": 0,
            "fingerprinting": 0,
            "subdomains": [],
            "apis": {},
            "sites": 11,
            "prevalence": 0.00111,
            "cnames": [],
            "responseHashes": [
                "44136fa355b3678a1146ad16f7e8649e94fb4fc21fe77e8310c060f61caaff8a"
            ],
            "type": "XHR",
            "firstPartyCookies": {},
            "firstPartyCookiesSent": {},
            "exampleSites": [
                "animalsbestialityporn.com",
                "animalpornvideos.com",
                "beastiality.tv",
                "bestiality-sex.com",
                "petsexvideos.com",
                "www.zoofilialovers.com",
                "www.zooskoolvideos.com",
                "xxxzooporn.net",
                "zooanimalsex.top",
                "zooanimalsexporn.com",
                "zoosex.cc"
            ]
        },
        {
            "rule": "msgclick\\.top\\/feed\\/",
            "cookies": 0.00131,
            "fingerprinting": 0,
            "subdomains": [],
            "apis": {},
            "sites": 13,
            "prevalence": 0.00131,
            "cnames": [],
            "responseHashes": [
                "9e72f9629b0fe3c27c8e4e0ef25bd3737983338187a5f325760dd1b313c1eea3",
                "d9257c58fc8f5a5121661eb82d8c7ee7f996712d541ec90355b03d647da1a51b",
                "372580296516e7fae3b751b753fada86d35a003a0289baf28e2cea31ef89cba3",
                "4a783d06609d0261d7c83bbfd10a19b2949286df8e5e51727720eeb08f013d0c",
                "d37e97fe271273d9d3d223242e7072fa543f345612ac0d1ac06f7d7750c11a2d",
                "7e36080fc98bdf244a796995fec6ed5367f810276fec8fea6b9ff93bdeaf4ebc",
                "ebea1cc4a2a193f86f794af142302a9150071e7a94561d93283450861a4d85e5",
                "3067f5667b10c87f6de9ffa2697ed778781f51f7071f3c4f49a3bef48f10be6a",
                "920a809af5cde288819525e5be49d79869b98eea5cb066d18f3a336196c164ad",
                "db262650b4abf4c1958bc28c52159c624bee322d3bd33dbfe355526c5a7aab48",
                "89d0850aea835e701474a20fe964b66fe62b0f65c5c4431500b3b496cccb2691",
                "17b49f600a6e6bc1a5d5bdfe516568af1065efc93aa299715715b82709ca580a"
            ],
            "type": "XHR",
            "firstPartyCookies": {},
            "firstPartyCookiesSent": {},
            "exampleSites": [
                "animalsbestialityporn.com",
                "animalpornvideos.com",
                "beastiality.tv",
                "bestiality-sex.com",
                "bestiality.party",
                "petsexvideos.com",
                "sexanimalvideos.com",
                "www.zoofilialovers.com",
                "www.zooskoolvideos.com",
                "xxxzooporn.net",
                "zooanimalsex.top",
                "zooanimalsexporn.com",
                "zoosex.cc"
            ]
        },
        {
            "rule": "msgclick\\.top\\/s3\\/pgo\\/3-7417\\/asx6eodhlxcdkacgkiaaaaaax3ecmapqquubia7zdqaaaal6fmaaaaaaaaaa",
            "cookies": 0.000202,
            "fingerprinting": 0,
            "subdomains": [],
            "apis": {},
            "sites": 2,
            "prevalence": 0.000202,
            "cnames": [],
            "responseHashes": [
                "ad60ddc0cd1978c2e809e3c575fc16e07f453188b73add44de07405e539c4765"
            ],
            "type": "Document",
            "firstPartyCookies": {},
            "firstPartyCookiesSent": {},
            "exampleSites": [
                "zoofilialovers.com",
                "www.zoofilialovers.com"
            ]
        },
        {
            "rule": "msgclick\\.top\\/s3\\/pgo\\/3-7417\\/asx6eodhlxcdkacgkiaaaaaax3ecmapqquubia7zdqaaaal6fmaaaaaaaaaa",
            "cookies": 0,
            "fingerprinting": 0,
            "subdomains": [],
            "apis": {},
            "sites": 2,
            "prevalence": 0.000202,
            "cnames": [],
            "responseHashes": [],
            "type": "Image",
            "firstPartyCookies": {},
            "firstPartyCookiesSent": {},
            "exampleSites": [
                "zoofilialovers.com",
                "www.zoofilialovers.com"
            ]
        },
        {
            "rule": "msgclick\\.top\\/s3\\/pgo\\/3-7417\\/ardocodhlxcdkacgkiaaaaaasexhcbpqquubia7zdqaaaal6fmaaaaaaaaaa",
            "cookies": 0.000202,
            "fingerprinting": 0,
            "subdomains": [],
            "apis": {},
            "sites": 2,
            "prevalence": 0.000202,
            "cnames": [],
            "responseHashes": [
                "96621c3faea5758c30a11e02662f0880453f7db906746a24e350ccd681ec68c8"
            ],
            "type": "Document",
            "firstPartyCookies": {},
            "firstPartyCookiesSent": {},
            "exampleSites": [
                "zooskoolvideos.com",
                "www.zooskoolvideos.com"
            ]
        },
        {
            "rule": "msgclick\\.top\\/s3\\/pgo\\/3-7417\\/ardocodhlxcdkacgkiaaaaaasexhcbpqquubia7zdqaaaal6fmaaaaaaaaaa",
            "cookies": 0,
            "fingerprinting": 0,
            "subdomains": [],
            "apis": {},
            "sites": 2,
            "prevalence": 0.000202,
            "cnames": [],
            "responseHashes": [
                "71f4fbd6cec49518d4191a86caa88937aea240e037879a8d4f2c9eb37a24d314"
            ],
            "type": "Image",
            "firstPartyCookies": {},
            "firstPartyCookiesSent": {},
            "exampleSites": [
                "zooskoolvideos.com",
                "www.zooskoolvideos.com"
            ]
        }
    ],
    "categories": [],
    "performance": {},
    "cookies": 0.00131,
    "topInitiators": [
        {
            "domain": "daxiva.xyz",
            "prevalence": 0.44680851063829785
        },
        {
            "domain": "safoso.uno",
            "prevalence": 0.2553191489361702
        },
        {
            "domain": "kiyala.uno",
            "prevalence": 0.1702127659574468
        },
        {
            "domain": "pnonolet.com",
            "prevalence": 0.1276595744680851
        }
    ],
    "types": {
        "XHR": 24,
        "Document": 4,
        "Image": 4
    },
    "nameservers": [
        "dell.ns.cloudflare.com",
        "ray.ns.cloudflare.com"
    ]
}