{
    "domain": "p-n.io",
    "owner": {
        "name": "Pushly",
        "displayName": "Pushly"
    },
    "source": [
        "DuckDuckGo-FR"
    ],
    "prevalence": 0.00181,
    "sites": 18,
    "subdomains": [
        "cdn",
        "k"
    ],
    "cnames": [],
    "fingerprinting": 3,
    "resources": [
        {
            "rule": "p-n\\.io\\/pushly-sdk\\.min\\.js",
            "cookies": 0.00171,
            "fingerprinting": 2,
            "subdomains": [
                "cdn"
            ],
            "apis": {
                "window.localStorage": 18,
                "Navigator.prototype.userAgent": 17,
                "Navigator.prototype.appVersion": 17,
                "Navigator.prototype.appCodeName": 17,
                "Navigator.prototype.product": 17,
                "Navigator.prototype.vendor": 17,
                "window.indexedDB": 17,
                "Document.cookie getter": 18,
                "Date.prototype.getTime": 18,
                "window.sessionStorage": 17,
                "Navigator.prototype.cookieEnabled": 16,
                "Document.cookie setter": 17,
                "Navigator.prototype.permissions": 16,
                "Intl.DateTimeFormat.prototype.resolvedOptions": 16,
                "NavigatorUAData.prototype.brands": 16,
                "Screen.prototype.orientation": 16
            },
            "sites": 18,
            "prevalence": 0.00181,
            "cnames": [],
            "responseHashes": [
                "9dc92387817367615157341df34a87b308dc6b1c7ce91fbda580b1d7ed1455ae",
                "051d9d276940deb5f6b69b8aad0f056b343e574984ea66ff14c632c798b226bd",
                "ad8aace5ff5dc36e57d763025872924b24c5082cb318d4423038611d3c37380c",
                "23f67183e353f3e4f598c92ad6b34c5da4c9e3b1d9377bcea870bc951ebc5d69",
                "194cb91c2ba342b3c0f6774d337ebb73e8082b0c83cfa1d07d96699e7bb676da",
                "366fff84102a5fd21791e51f34dc3396cb763d3bc2a58a6635e82d9b90af43e9",
                "2cee59dc86e88068f8adaebc5036d660768ed37878964f6d80b24362c045bda0",
                "3c04d40c8f9d661c567a7fa7931d2b6ce57b7ecbd0c20f8c653302f9d72b9836",
                "cd00a302c6e916dde5069839a77a8e700557c649b9b3f584d37c038355a199b0",
                "6726143743061ae465c9c0b376c35c71a9c5d4eb9c1364d4004d942e4e6944f1",
                "4589443a651adfa5e13d18d788e3f7324ac91dcf98df2f55129303bf1e15f3b5",
                "db3a7f05decd98a553315fd8a39599e1ab1a7e4bbe57fe7ef4912814aff63ab9",
                "9ab3d25b9a84c3aa4e8645c0b827899d2f903b1e9a8034e617dd3bb5f820fbe4",
                "f514ae598c3b399ae8487b212084887a6eb53ed659493d7ddb8b85d3bd70fc37",
                "7580b34b88d39af9b0c092ce8bf65c714b82ccf0be8f104b86c898ebd2c4b9b6",
                "91ce31a7e641f17b65927bcbbdca132633eff6ef600cb3dc507ad35b8a5ce0b4",
                "d2da5e0e2f6bb5d01a5b3aed2f15bb8817c9ce58d748aaae1360201fe07ddbae"
            ],
            "type": "Script",
            "firstPartyCookies": {
                "_pn_mP90dbv9": {
                    "ttl": 15552004,
                    "length": 112,
                    "prevalence": 0.00010076582023377671,
                    "uniqueness": 1
                },
                "_pn_GvbR9fxg": {
                    "ttl": 15552002,
                    "length": 112,
                    "prevalence": 0.00010076582023377671,
                    "uniqueness": 1
                },
                "_pn_TgtvAlfG": {
                    "ttl": 15552003,
                    "length": 112,
                    "prevalence": 0.00010076582023377671,
                    "uniqueness": 1
                },
                "_pn_s3wTyyKy": {
                    "ttl": 15552001,
                    "length": 59,
                    "prevalence": 0.00010076582023377671,
                    "uniqueness": 1
                },
                "_pn": {
                    "ttl": 15552009,
                    "length": 112,
                    "prevalence": 0.0003022974607013301,
                    "uniqueness": 1
                },
                "_pn_HgS8Lyj7": {
                    "ttl": 15552007,
                    "length": 112,
                    "prevalence": 0.00010076582023377671,
                    "uniqueness": 1
                },
                "_pn_v2C4lIRo": {
                    "ttl": 15552013,
                    "length": 112,
                    "prevalence": 0.00010076582023377671,
                    "uniqueness": 1
                },
                "_pn_6YlvT2LV": {
                    "ttl": 15552014,
                    "length": 112,
                    "prevalence": 0.00010076582023377671,
                    "uniqueness": 1
                },
                "_pn_Zepx0dJv": {
                    "ttl": 15552018,
                    "length": 112,
                    "prevalence": 0.00010076582023377671,
                    "uniqueness": 1
                },
                "_pn_DEpH4OaP": {
                    "ttl": 15552016,
                    "length": 112,
                    "prevalence": 0.00010076582023377671,
                    "uniqueness": 1
                },
                "_pn_r1HpRy4H": {
                    "ttl": 15552009,
                    "length": 112,
                    "prevalence": 0.00010076582023377671,
                    "uniqueness": 1
                },
                "_pn_6OSqKsZr": {
                    "ttl": 15552021,
                    "length": 112,
                    "prevalence": 0.00010076582023377671,
                    "uniqueness": 1
                },
                "_pn_RPAnbhVi": {
                    "ttl": 15552003,
                    "length": 112,
                    "prevalence": 0.00010076582023377671,
                    "uniqueness": 1
                },
                "_pn_Kq0OPI7a": {
                    "ttl": 15552006,
                    "length": 112,
                    "prevalence": 0.00010076582023377671,
                    "uniqueness": 1
                },
                "_pn_2g6b0g7p": {
                    "ttl": 15552004,
                    "length": 112,
                    "prevalence": 0.00010076582023377671,
                    "uniqueness": 1
                }
            },
            "firstPartyCookiesSent": {},
            "exampleSites": [
                "dotesports.com",
                "fortune.com",
                "knowyourmeme.com",
                "lifehacker.com",
                "mashable.com",
                "progameguides.com",
                "road.cc",
                "twinfinite.net",
                "www.accuweather.com",
                "www.allmusic.com",
                "www.coindesk.com",
                "www.destructoid.com",
                "www.digitaltrends.com",
                "www.distractify.com",
                "www.smithsonianmag.com",
                "www.sportingnews.com",
                "www.thekitchn.com",
                "www.trustedreviews.com"
            ]
        },
        {
            "rule": "p-n\\.io\\/event-stream",
            "cookies": 0,
            "fingerprinting": 0,
            "subdomains": [
                "k"
            ],
            "apis": {},
            "sites": 8,
            "prevalence": 0.000806,
            "cnames": [],
            "responseHashes": [],
            "type": "Fetch",
            "firstPartyCookies": {},
            "firstPartyCookiesSent": {},
            "exampleSites": [
                "dotesports.com",
                "progameguides.com",
                "twinfinite.net",
                "www.coindesk.com",
                "www.destructoid.com",
                "www.distractify.com",
                "www.smithsonianmag.com",
                "www.sportingnews.com"
            ]
        }
    ],
    "categories": [],
    "performance": {},
    "cookies": 0.00171,
    "topInitiators": [
        {
            "domain": "first party",