{
    "domain": "pbxai.com",
    "owner": {},
    "source": [
        "DuckDuckGo-FR"
    ],
    "prevalence": 0.00232,
    "sites": 23,
    "subdomains": [
        "floor",
        "cdn"
    ],
    "cnames": [],
    "fingerprinting": 1,
    "resources": [
        {
            "rule": "pbxai\\.com\\/",
            "cookies": 0,
            "fingerprinting": 0,
            "subdomains": [
                "floor"
            ],
            "apis": {},
            "sites": 18,
            "prevalence": 0.00181,
            "cnames": [],
            "responseHashes": [
                "23db87ebe2350878ab7813be19d68562fc07bee5297f140ab79aa38990f8970e",
                "9af1757fe4211b03e17bc0c3dc0ab9cbd29e96660542fe90702aeba8eff154b5",
                "7f0e08fdc127cd2fab4fc8245ba3c6ea38ce33c911684386ee4543c388a7912b",
                "695b4d7be04db607f1e343f62a4f85e6fdbf2e12a15b93cf5c8a784e651a2bf2",
                "c84b3f5c179b09b032c9c05babc13d1e988cff29f5a6fa76dc12c5ce92f83255",
                "3436aa0834975983c2caaf94b2909631aed944f7930fd939b3aaf6e2e71e1a3a",
                "3e6a1d9d17b3bca91daf3c4ca855d31eda7e4ca32187b5196481f2ec9f82acd7",
                "72ed66c7a69fa93a27c4d6fd9209c48bfb1d1448936f4f6a6b3e71cfdd4f46c8",
                "db048f7fdb52b35fb12eb78a176b802e467cf904c7e7fc98157e795c3b6a9d04",
                "bc0258995e9e453ebe31a324a330d255b71e25a4375db9da4933a927fec46fe1",
                "d11f3a48b1ac2ab96f7a858efee0dd2185d418ccc7abe0fadcb1a278b966196e",
                "cb0800306143344cad5233fab2e86bb4637053cf58bc89a8dbc46ce76a4848fc",
                "5b1e343004738b2ebef1c11299e11e7b9e46b653ded567cd217bda9ab4850c2e",
                "cc10c459ad81839beef6e470ac49d4fa4b85372313cfc28dbf4f9e6ca6d1cbc8",
                "ca1cb978269e9fcf71863eb1db67ef61e916515284df1b2da63d10df17156ef8",
                "cc58a11e6d5ae0bf48c04e60644af6106a0d144518f620c9b17fa6101dd1c05b"
            ],
            "type": "Fetch",
            "firstPartyCookies": {},
            "firstPartyCookiesSent": {},
            "exampleSites": [
                "lecrabeinfo.net",
                "en.islcollective.com",
                "fr.investing.com",
                "fr.windfinder.com",
                "helpdeskgeek.com",
                "www.connexionfrance.com",
                "www.geoguessr.com",
                "www.imagetotext.io",
                "www.investing.com",
                "www.linguee.fr",
                "www.linguee.com",
                "www.livesoccertv.com",
                "www.notebookcheck.net",
                "www.radiotimes.com",
                "www.rapidtables.com",
                "www.ultimatespecs.com",
                "www.windguru.cz",
                "www.wordhippo.com"
            ]
        },
        {
            "rule": "pbxai\\.com\\/aba93a3a-0792-49b0-9740-2018808409c4\\.js",
            "cookies": 0,
            "fingerprinting": 0,
            "subdomains": [
                "cdn"
            ],
            "apis": {},
            "sites": 2,
            "prevalence": 0.000202,
            "cnames": [],
            "responseHashes": [
                "d90e37973f7ad8b50381d5f43cf2e12c4fce25ed08e1ef6f9c783a010b301af5"
            ],
            "type": "Script",
            "firstPartyCookies": {},
            "firstPartyCookiesSent": {},
            "exampleSites": [
                "investing.com",
                "www.investing.com"
            ]
        },
        {
            "rule": "pbxai\\.com\\/47f20c1b-5e16-45d3-b65a-7dd90864f1b8\\.js",
            "cookies": 0,
            "fingerprinting": 1,
            "subdomains": [
                "cdn"
            ],
            "apis": {
                "window.localStorage": 1,
                "window.sessionStorage": 1
            },
            "sites": 2,
            "prevalence": 0.000202,
            "cnames": [],
            "responseHashes": [
                "b679f074e626b88962c9ae4da8d3c8c2136ff48b4cf08ddeed1ec0c86ca287fb"
            ],
            "type": "Script",
            "firstPartyCookies": {},
            "firstPartyCookiesSent": {},
            "exampleSites": [
                "digitaltrends.com",
                "www.vice.com"
            ]
        },
        {
            "rule": "pbxai\\.com\\/736376db-e1cc-45b9-91e1-f3ccf5a10d38\\.js",
            "cookies": 0,
            "fingerprinting": 0,
            "subdomains": [
                "cdn"
            ],
            "apis": {},
            "sites": 2,
            "prevalence": 0.000202,
            "cnames": [],
            "responseHashes": [
                "95f8e93a8907670d0656e73560f73a12bb8d0f2ce03f68994ce208b4bd0e6e42"
            ],
            "type": "Script",
            "firstPartyCookies": {},
            "firstPartyCookiesSent": {},
            "exampleSites": [
                "nexusmods.com",
                "www.pockettactics.com"
            ]
        }
    ],
    "categories": [],
    "performance": {},
    "cookies": 0,
    "topInitiators": [
        {
            "domain": "snigelweb.com",
            "prevalence": 0.5714285714285714
        },
        {
            "domain": "first party",
            "prevalence": 0.14285714285714285
        },
        {
            "domain": "adpushup.com",
            "prevalence": 0.07142857142857142
        },
        {
            "domain": "invmed.co",
            "prevalence": 0.07142857142857142
        },
        {
            "domain": "htlbid.com",
            "prevalence": 0.07142857142857142
        },
        {
            "domain": "rubiconproject.com",
            "prevalence": 0.07142857142857142
        }
    ],
    "types": {
        "Fetch": 18,
        "Script": 6
    },
    "nameservers": [
        "ns-1067.awsdns-05.org",
        "ns-1593.awsdns-07.co.uk",
        "ns-234.awsdns-29.com",
        "ns-847.awsdns-41.net"
    ]
}