{
    "domain": "tarteaucitron.io",
    "owner": {},
    "source": [
        "DuckDuckGo-FR"
    ],
    "prevalence": 0.00595,
    "sites": 59,
    "subdomains": [
        "cdn"
    ],
    "cnames": [],
    "fingerprinting": 1,
    "resources": [
        {
            "rule": "tarteaucitron\\.io\\/load\\.js",
            "cookies": 0.00504,
            "fingerprinting": 1,
            "subdomains": [],
            "apis": {
                "Document.cookie getter": 51,
                "Navigator.prototype.doNotTrack": 50,
                "Date.prototype.getTime": 50,
                "Document.cookie setter": 50,
                "window.innerHeight": 5,
                "Navigator.prototype.language": 4
            },
            "sites": 55,
            "prevalence": 0.00554,
            "cnames": [],
            "responseHashes": [
                "7f0c85ac96781bfa8410e50fc45e28a005050c2dfad8726981589a7ec2a1cbf9",
                "0be7592519cdf41f102453f1c5e33f0541c450ef44367cc31e410966346fb5e2",
                "298a73b0bde4bbe97b668be31b5f12d0473caa6f06a72fefe1f7049934308df7",
                "197a1c5a0a2b4cdc7339f30ff231347fc0fbfe3e3736e7f06eebd5caeeeb6fcb",
                "d807afcba92efad6c6dd6cb39252c4e898b0caae0aa249ae56cbbbc41360ac90",
                "8683129fc6f644eb738c8e4290fa5e45452f6c65c46c1508d62ad5cdb1aea21a",
                "4f87d91d57f86912072d7243e6b2aaa79890a68698a3934db387a9ea727046d5",
                "7a3afbdbb5616206569b548d75b7e8289ae6fdf8f709e50d3a394bcdacc5ecd1",
                "864e30b6f0a0248233a388e65b2bd482f1651cd229d4bd39ca8496edd413b506",
                "97c0e74a2e111fa7234870e6ab7f09bc88cec535d0858c5b57331be35609deb8",
                "8f59ad63eb64877b1131397d9ef9a8ae2ccfec083c7512de07f195dbef004a66",
                "289f7c0273bffa3d05bf27ab581bf151e3871429cf9775a11453866abfad19ef",
                "da96024fbf75f64b9e02feedd477c5cf874385c4d6a0f142820bcbb598b3e11f",
                "94a8db12775511aeb285f5060a51210434aaa4457a42f7434699164edbd0e854",
                "64c09f57e033a701f955ef40cce0f8a7e74229b5f2db4662a487db7d16554adc",
                "943405cb3dec743812c3732391bff30eab3d6363410f8dfcecd1b2f830e8b1a1",
                "1f5fcf1450d3e61e92f429871ba81071b4c4b9f7935231c4c68e5212094b711e",
                "e43111bedb2c2042d0488a893f78965c702e68078f81e51cd77ee1fbd10d14da",
                "8d851b96fd25cf21ea292ff8dbac2136bdae79fbf5c16a0001066b046390dcdd",
                "53ff16d5b6636bcc85b0784128586582aeb358de9a49732009c72fb1ad184f95",
                "01709a77b2609dab030f4b745ec1862312023ac8f5e7200d9594a9ff1b2a9914",
                "bb2d190bf09381286f78646c30541c0a58dd8c693c213cc7702b5b27d131a093",
                "781e56cba62c504caf01007fae96168cb482f10c2049a78f57f08cb945cb82f9",
                "3d6a257516038f001a7ad4da5cb2f0affe8a71474fbd552e7f27f556918385f4",
                "ed4678bb1518a145e06923962df31d89ab25ba8e03df8507257651352dfe9b17",
                "3f78ba7033042cff9facb799e4ed06dafe5e9c45d9e6c9bd519b05b5a38979a4",
                "ec2026e8a04f043c27d211dbd653e01c3c5bd91cdc7604a0d12d988b50ac428a",
                "b582a8fc92b7dfb46f55dd92b42e7d2cc2b5524e8c9986f5c12c8f41e7dd0311",
                "0d81a3a3d3c7142ef04e6d611110581259e8ff3f022facdf167db5b29ff8554c",
                "7f1d61c537dd62dae8801a457ccbb7907f8e76044576be438913707850a95305",
                "06071da484398cfdc32a8aa3a3f3fddd0fe7e9f85e4d2a1b6fe0cb3a450da8ca",
                "8561cea7ad484bcae14f10fb00b6844c78db2f83dc253fd0971e4fc20e614733",
                "9b43dce683042de037c2016d2bee6ce8446723e0e569abd1277d025d64021fb6",
                "75a54a028eab3586b99413ecbf913ff2991a3e797b3e6ca8589c78e6e8e0ff92",
                "2d3415fe7988cea3ff946fb56d10a7273e55c9a4aa38ed967ad7f246c082b1ac",
                "a91e86660f34ea994b25348cc36f37b8448a3c0fada3f96a16d36c8eace28de5",
                "cb86f7a3bfeb60246a8154cfb148c323aa3148f2357969b7651fe2cf72240c44",
                "5ad1c72228afdb04ce6d119173e37430a655af783ca088378c8f706c511ccb60",
                "f9c713d9e33693d9d65540c71e5fa0553e833ee091ee1c3ff35b8b2fd07efabf",
                "c7004caddbb41cacb6e50614796cdd7e4f50227780fbc20efabe2b5f43cb9d04",
                "04ae21e77d44682016bda0a02ce803d9ed14a63123a96c8274ac789a0c768c6b",
                "f34ade71b36bdc2798796385f274fa8dc7eeee9cfa424b86ae5c7c0048e26086",
                "68d48ec45620d8297d4a6ade3eee5f9e935f04f8c80eea387688a5ea112fb302",
                "bfef62dcb78af6c38838957c22c1deb33a3433d9b4530f234a5be1107bd3b6e1",
                "7c7236c1dda2dd481d33f8e4de2347f5c314c6f60da38722cba9f8b95c4e922e",
                "798b08f5b44ccfd92869d18843f22f160f3269359e6916c5589f67e8068b9042",
                "afab2268bdc62a6936c09ecd54d42b46bb23498d50215f9c0dbbf87e5d440f06",
                "3f924b4c355f3afe63b9dff5ea0c50e19064c4a5cc9af945d66cd569d25722d5",
                "c1aba9bcef25490c473c44a63cea556ec44ff04a590385d64f7333f538ec3f39",
                "b95c430e646c62170961d9f6127706992665337d1e44b925568b52cd71343196",
                "070113cc114ec3ea74317b97c9b1bfa68d8909ec47619bfc8bccf82b2f25a8c3",
                "90a1d22d850b948dc12382bd515bccba13c6cbdd47f48d08eb5992f0c24852f1",
                "8f633700ab1a6db16a3bf3494852dcc22212ade0db877dee41aef25ceeb1029d"
            ],
            "type": "Script",
            "firstPartyCookies": {
                "tarteaucitron": {
                    "ttl": 31536003,
                    "length": 10,
                    "prevalence": 0.003929866989117291,
                    "uniqueness": 0.5641025641025641
                },
                "cookie-compliance": {
                    "ttl": 31536002,
                    "length": 19,
                    "prevalence": 0.00010076582023377671,
                    "uniqueness": 1
                },
                "tarteaucitronc": {
                    "ttl": 86403,
                    "length": 11,
                    "prevalence": 0.00010076582023377671,
                    "uniqueness": 1
                },
                "tarteaucitrongallica": {
                    "ttl": 86423,
                    "length": 5,
                    "prevalence": 0.00020153164046755341,
                    "uniqueness": 0.5
                },
                "tarteaucitronbnf": {
                    "ttl": 86407,
                    "length": 5,
                    "prevalence": 0.00010076582023377671,
                    "uniqueness": 1
                },
                "Cookies": {
                    "ttl": 31536004,
                    "length": 15,
                    "prevalence": 0.00010076582023377671,
                    "uniqueness": 1
                },
                "tarteaucitron2": {
                    "ttl": 31536006,
                    "length": 14,
                    "prevalence": 0.00010076582023377671,
                    "uniqueness": 1
                },
                "eu-consent": {
                    "ttl": 15724803,
                    "length": 14,
                    "prevalence": 0.00010076582023377671,
                    "uniqueness": 1
                },
                "tarteaucitron-lgdj": {
                    "ttl": 31536002,
                    "length": 5,
                    "prevalence": 0.00010076582023377671,
                    "uniqueness": 1
                },
                "tarteaucitron_CMS": {
                    "ttl": 31536007,
                    "length": 9,
                    "prevalence": 0.00010076582023377671,
                    "uniqueness": 1
                },
                "cookieconsent": {
                    "ttl": 31536004,
                    "length": 8,
                    "prevalence": 0.00010076582023377671,
                    "uniqueness": 1
                }
            },
            "firstPartyCookiesSent": {},