{
    "domain": "trackcmp.net",
    "owner": {
        "name": "ActiveCampaign, Inc.",
        "displayName": "ActiveCampaign"
    },
    "source": [
        "DuckDuckGo-FR"
    ],
    "prevalence": 0.00242,
    "sites": 24,
    "subdomains": [],
    "cnames": [],
    "fingerprinting": 0,
    "resources": [
        {
            "rule": "trackcmp\\.net\\/visit",
            "cookies": 0.000605,
            "fingerprinting": 0,
            "subdomains": [],
            "apis": {},
            "sites": 6,
            "prevalence": 0.000605,
            "cnames": [],
            "responseHashes": [
                "e3b0c44298fc1c149afbf4c8996fb92427ae41e4649b934ca495991b7852b855"
            ],
            "type": "Script",
            "firstPartyCookies": {},
            "firstPartyCookiesSent": {},
            "exampleSites": [
                "apprendre-la-photo.fr",
                "gearspace.com",
                "pieces-detachees.sogedis.fr",
                "www.fluentu.com",
                "www.twil.fr",
                "www.wickedweasel.com"
            ]
        },
        {
            "rule": "trackcmp\\.net\\/t_prism_sitemessages\\.php",
            "cookies": 0,
            "fingerprinting": 0,
            "subdomains": [],
            "apis": {},
            "sites": 19,
            "prevalence": 0.00191,
            "cnames": [],
            "responseHashes": [
                "e3b0c44298fc1c149afbf4c8996fb92427ae41e4649b934ca495991b7852b855"
            ],
            "type": "Script",
            "firstPartyCookies": {},
            "firstPartyCookiesSent": {
                "prism_609620646": 0.00010076582023377671,
                "prism_223555403": 0.00010076582023377671,
                "prism_799452741": 0.00010076582023377671,
                "prism_476109127": 0.00010076582023377671,
                "prism_649848035": 0.00010076582023377671,
                "prism_1000929748": 0.00010076582023377671,
                "prism_65988392": 0.00010076582023377671,
                "prism_476375977": 0.00010076582023377671,
                "prism_225600763": 0.00010076582023377671,
                "prism_66246712": 0.00010076582023377671,
                "prism_609990896": 0.00010076582023377671,
                "prism_611487216": 0.00010076582023377671,
                "prism_25300270": 0.00010076582023377671,
                "prism_25900740": 0.00010076582023377671,
                "prism_66010652": 0.00010076582023377671,
                "prism_1000943168": 0.00010076582023377671,
                "prism_92073434": 0.00010076582023377671,
                "_li_dcdm_c": 0.00010076582023377671,
                "prism_478502367": 0.00010076582023377671,
                "prism_69078272": 0.00010076582023377671
            },
            "exampleSites": [
                "apprendre-la-photo.fr",
                "ixtem-moto.com",
                "mentorshow.com",
                "philippe-etchebest.com",
                "protrainer.fr",
                "pyrenex.com",
                "sagessesante.fr",
                "vivre-intuitif.com",
                "www.addictivetips.com",
                "www.anglaiscours.fr",
                "www.cegid.com",
                "www.flightconnections.com",
                "www.guide-piscine.fr",
                "www.jpost.com",
                "www.laboratoires-fenioux.com",
                "www.my-origines.com",
                "www.orpi.com",
                "www.speedtest.net",
                "www.thesimsresource.com"
            ]
        }
    ],
    "categories": [
        "Ad Motivated Tracking",
        "Advertising",
        "Action Pixels"
    ],
    "performance": {},
    "cookies": 0.000605,
    "topInitiators": [
        {
            "domain": "app-us1.com",
            "prevalence": 0.7407407407407407
        },
        {
            "domain": "first party",
            "prevalence": 0.18518518518518517
        },
        {
            "domain": "googletagmanager.com",
            "prevalence": 0.07407407407407407
        }
    ],
    "types": {
        "Script": 25
    },
    "nameservers": [
        "love.ns.cloudflare.com",
        "kellen.ns.cloudflare.com"
    ]
}