{
    "domain": "trmzum.com",
    "owner": {},
    "source": [
        "DuckDuckGo-FR"
    ],
    "prevalence": 0.00101,
    "sites": 10,
    "subdomains": [
        "live"
    ],
    "cnames": [],
    "fingerprinting": 2,
    "resources": [
        {
            "rule": "trmzum\\.com\\/loadeactrl\\.go",
            "cookies": 0,
            "fingerprinting": 2,
            "subdomains": [
                "live"
            ],
            "apis": {
                "Screen.prototype.availHeight": 6,
                "Screen.prototype.availWidth": 6,
                "Date.prototype.getTime": 6,
                "window.sessionStorage": 6,
                "Screen.prototype.height": 6,
                "Screen.prototype.width": 6,
                "window.innerHeight": 6,
                "window.innerWidth": 6,
                "window.localStorage": 6,
                "HTMLMediaElement.prototype.canPlayType": 1
            },
            "sites": 6,
            "prevalence": 0.000605,
            "cnames": [],
            "responseHashes": [
                "a0d762c7e298a4acfac7d65e4e9808ba6d41288600416ffc8dd9542e92919438",
                "036696c594b62816ab92e355849e38877d03e7a9de7bb58f678d58d3b6ce53d8",
                "e1b4587f3b33885bf734c08d58fb3077b49a460cfbd1e864b63916337a0db94d",
                "dd6d7cf0645f2bccfe0da355314dbe9fcf04daa097117d379cfbd0878810cd52",
                "201e86c5b330534854089ad49a662f4d9caddd0a3aca18ce494d16c3301489c9"
            ],
            "type": "Script",
            "firstPartyCookies": {},
            "firstPartyCookiesSent": {},
            "exampleSites": [
                "celebsroulette.com",
                "hdporn92.com",
                "shooshtime.com",
                "www.heavy-r.com",
                "www.luscious.net",
                "www.porngames.tv"
            ]
        },
        {
            "rule": "trmzum\\.com\\/eactrl\\.go",
            "cookies": 0,
            "fingerprinting": 0,
            "subdomains": [
                "live"
            ],
            "apis": {},
            "sites": 6,
            "prevalence": 0.000605,
            "cnames": [],
            "responseHashes": [
                "7087898c3572d68025830a0d31aac2fe286e32fe4c54d7c58357c674c24c6be2",
                "ed262a134f8956fbca05dc39b193a3584b6c95289f21d6bd9302394c518bae92",
                "8642210970b0f6ebe3a17bd96f025ed6b8268f4413f3ca2f5d057bf8775e34fc",
                "3c72d4d414422125eebeb177188c5cd008c28cab887d30db36f99c145a898861",
                "13251f76352df61be1fc4b108f0d338bd6bdbc3ce8e031dd9fbf76e3e30fb46e"
            ],
            "type": "XHR",
            "firstPartyCookies": {},
            "firstPartyCookiesSent": {},
            "exampleSites": [
                "celebsroulette.com",
                "hdporn92.com",
                "shooshtime.com",
                "www.heavy-r.com",
                "www.luscious.net",
                "www.porngames.tv"
            ]
        },
        {
            "rule": "trmzum\\.com\\/static\\.go",
            "cookies": 0,
            "fingerprinting": 0,
            "subdomains": [
                "live"
            ],
            "apis": {},
            "sites": 6,
            "prevalence": 0.000605,
            "cnames": [],
            "responseHashes": [
                "6e5f5448522bfc58655f0fe84c9169c9d4793932224b97d9471be6d67f182463"
            ],
            "type": "Stylesheet",
            "firstPartyCookies": {},
            "firstPartyCookiesSent": {},
            "exampleSites": [
                "celebsroulette.com",
                "hdporn92.com",
                "shooshtime.com",
                "www.heavy-r.com",
                "www.luscious.net",
                "www.porngames.tv"
            ]
        },
        {
            "rule": "trmzum\\.com\\/vast\\.go",
            "cookies": 0,
            "fingerprinting": 0,
            "subdomains": [
                "live"
            ],
            "apis": {},
            "sites": 3,
            "prevalence": 0.000302,
            "cnames": [],
            "responseHashes": [
                "13f3f8f07961fd0b9327fef14aeab26b66dd6a932a8b6399e96ce0d64b49d30c",
                "ee6e71f389253937200a54e876ff5125395681fcb4c4d29af9af85b74f6f5963"
            ],
            "type": "XHR",
            "firstPartyCookies": {},
            "firstPartyCookiesSent": {},
            "exampleSites": [
                "spankbang.com",
                "jp.spankbang.com",
                "la.spankbang.com"
            ]
        }
    ],
    "categories": [],
    "performance": {},
    "cookies": 0,
    "topInitiators": [
        {
            "domain": "first party",
            "prevalence": 0.6666666666666666
        },
        {
            "domain": "twinrdsrv.com",
            "prevalence": 0.3333333333333333
        }
    ],
    "types": {
        "Script": 6,
        "XHR": 9,
        "Stylesheet": 6
    },
    "nameservers": [
        "ns40.domaincontrol.com",
        "ns39.domaincontrol.com"
    ]
}