{
    "domain": "veoxa.com",
    "owner": {
        "name": "J S WEB PRODUCTION",
        "displayName": "J S WEB PRODUCTION"
    },
    "source": [
        "DuckDuckGo-FR"
    ],
    "prevalence": 0.000705,
    "sites": 7,
    "subdomains": [
        "profiling"
    ],
    "cnames": [],
    "fingerprinting": 1,
    "resources": [
        {
            "rule": "veoxa\\.com\\/boot\\/request\\/",
            "cookies": 0,
            "fingerprinting": 1,
            "subdomains": [
                "profiling"
            ],
            "apis": {
                "window.localStorage": 6,
                "Document.cookie getter": 6
            },
            "sites": 6,
            "prevalence": 0.000605,
            "cnames": [],
            "responseHashes": [
                "41313501355c22c60b9b76a32e6df42547b3b17bc78485d96baea124a5c53961",
                "021c27cf9e389b10bfe3bb4ad164db042667f313d2e3e4ba87677387784566ea",
                "c0d782582104477d838ae285e2ef1889f7749d27598f177704659fda39756610",
                "2591573e1c089ac698b5e7661ef1f1ef5458c5be6613512ce9440e9948cfbd2e",
                "7be9ba031ae2898d406e0d5bb67a97f168d0c92b6f78fe6268d57dc7e1b9c38f"
            ],
            "type": "Script",
            "firstPartyCookies": {},
            "firstPartyCookiesSent": {},
            "exampleSites": [
                "highsociety.fr",
                "smaaart.fr",
                "www.ammareal.fr",
                "www.educastream.com",
                "www.mondialrelay.fr",
                "www.relaiscolis.com"
            ]
        },
        {
            "rule": "veoxa\\.com\\/store\\/js",
            "cookies": 0.000605,
            "fingerprinting": 1,
            "subdomains": [
                "profiling"
            ],
            "apis": {
                "window.localStorage": 6,
                "Date.prototype.getTime": 6,
                "Document.cookie setter": 6
            },
            "sites": 6,
            "prevalence": 0.000605,
            "cnames": [],
            "responseHashes": [
                "a9d5e145c61c5c623a9e30ecf7125986656ac7fd5e990d235fa81c9f6b00f663",
                "ad8eb88d28e0bb6b5b2d2d8926d42014875e9a59cbd06ab2035e06aa951fd281",
                "a312a4f0ffbed9ec323792ab29deb84aed135b7e894113a0b5dc85cca9caebbf",
                "47915f0461a4549594390b69d70c2fb13d7a94f2cc6efa1e535da68ad1f75dd7",
                "4c23eae33e17b11c6e9cbf0acb81d89346b2999a200273da1ee0295fb5b997c1"
            ],
            "type": "Script",
            "firstPartyCookies": {
                "vuidck": {
                    "ttl": 7776006,
                    "length": 36,
                    "prevalence": 0.0006045949214026602,
                    "uniqueness": 1
                }
            },
            "firstPartyCookiesSent": {},
            "exampleSites": [
                "highsociety.fr",
                "smaaart.fr",
                "www.ammareal.fr",
                "www.educastream.com",
                "www.mondialrelay.fr",
                "www.relaiscolis.com"
            ]
        }
    ],
    "categories": [],
    "performance": {},
    "cookies": 0.000705,
    "topInitiators": [
        {
            "domain": "dwin1.com",
            "prevalence": 0.7142857142857143
        },
        {
            "domain": "first party",
            "prevalence": 0.14285714285714285
        },
        {
            "domain": "tradedoubler.com",
            "prevalence": 0.14285714285714285
        }
    ],
    "types": {
        "Script": 12
    },
    "nameservers": [
        "ns-713.awsdns-25.net",
        "ns-475.awsdns-59.com",
        "ns-1096.awsdns-09.org",
        "ns-1729.awsdns-24.co.uk"
    ]
}