{
    "domain": "vntsm.io",
    "owner": {},
    "source": [
        "DuckDuckGo-FR"
    ],
    "prevalence": 0.00272,
    "sites": 27,
    "subdomains": [
        "hb"
    ],
    "cnames": [],
    "fingerprinting": 0,
    "resources": [
        {
            "rule": "vntsm\\.io\\/content\\.html",
            "cookies": 0.00272,
            "fingerprinting": 0,
            "subdomains": [
                "hb"
            ],
            "apis": {},
            "sites": 27,
            "prevalence": 0.00272,
            "cnames": [],
            "responseHashes": [
                "a1f82892b455db46e171d58cfa148dca931e83f06777118be45ec82b646ac134",
                "ce8368e5b8e9f2f066acc6284578c00021aea742c4c7c7ec2836c232a5f8b1f8",
                "9f22ef3b6555934f42b3a77914a73fbb40d47bb4602d7d5a0917b105f6b49dcc",
                "0339f5171402c5abbc239e4214e15bf8d9c53c6e457e5fd76a9fa29af1350266",
                "cb5a1630ea459981ffcfa231708c4b2ec36d7c410e298047928e68c22e38218a",
                "9d4c13ba918d95339518c4c3811ba7d0532b0cabda850a8a11a73f0b38322bd2",
                "c15342bbce55a8d0a24b229a6f24c620a3e90bb9cbd87df11245a22535d7f3d0",
                "d67e9de907c04ed598575b3d8fd2629acba8aaeb6ee23e62e35d5c953a869c51"
            ],
            "type": "Fetch",
            "firstPartyCookies": {},
            "firstPartyCookiesSent": {},
            "exampleSites": [
                "openguessr.com",
                "fortnite.gg",
                "www.planetminecraft.com",
                "www.systemrequirementslab.com",
                "www.mtggoldfish.com",
                "wh40k-fr.lexicanum.com",
                "satisfactory-calculator.com",
                "www.op.gg",
                "www.dofusbook.net",
                "www.metasrc.com",
                "missing11.com",
                "www.overtake.gg",
                "www.stumbleguys.com",
                "www.emu-france.com",
                "pokemonshowdown.com",
                "www.worldguessr.com",
                "prosettings.net",
                "wzstats.gg",
                "www.animenewsnetwork.com",
                "garticphone.com"
            ]
        }
    ],
    "categories": [],
    "performance": {},
    "cookies": 0.00272,
    "topInitiators": [
        {
            "domain": "vntsm.com",
            "prevalence": 0.8064516129032258
        },
        {
            "domain": "adinplay.com",
            "prevalence": 0.0967741935483871
        },
        {
            "domain": "first party",
            "prevalence": 0.0967741935483871
        }
    ],
    "types": {
        "Fetch": 27
    },
    "nameservers": [
        "ns-866.awsdns-44.net",
        "ns-1655.awsdns-14.co.uk",
        "ns-1245.awsdns-27.org",
        "ns-99.awsdns-12.com"
    ]
}