{
    "domain": "wisepops.net",
    "owner": {},
    "source": [
        "DuckDuckGo-FR"
    ],
    "prevalence": 0.00202,
    "sites": 20,
    "subdomains": [],
    "cnames": [],
    "fingerprinting": 2,
    "resources": [
        {
            "rule": "wisepops\\.net\\/loader\\.js",
            "cookies": 0.000705,
            "fingerprinting": 2,
            "subdomains": [],
            "apis": {
                "window.sessionStorage": 7,
                "window.localStorage": 7,
                "Document.cookie getter": 7,
                "Document.cookie setter": 7,
                "Date.prototype.getTime": 7,
                "window.innerHeight": 7,
                "window.innerWidth": 7,
                "Navigator.prototype.cookieEnabled": 7,
                "Intl.DateTimeFormat.prototype.resolvedOptions": 7,
                "Notification.permission": 1
            },
            "sites": 20,
            "prevalence": 0.00202,
            "cnames": [],
            "responseHashes": [
                "80062fd128dec316f7a324d1b1d889f35a3d56f511a6af7fd54900d099c1475f",
                "4b9243e5f620b1c3f73bf3381e928ed120c9dc8d6b132429b9ca96ed3cf923f2",
                "5f1736c47065b1c6d654b7d16fd558e4174bcfb2ae075d98f0ffbb58e61bc1ec",
                "ccca25987d7c2e95e96386ef667e9e6b130cd772790e98d0e0b93dadf1b6168f",
                "e3b0c44298fc1c149afbf4c8996fb92427ae41e4649b934ca495991b7852b855",
                "9270f1ca29fc746b9071af91a81511e1fccd979fee8a02e28accba4faf1226f1",
                "8206be19c9a6a782c8bb31a1a0da243a0b123a9093bacc4d00e3886d1d1e9987",
                "5be1b036d435012382ee05a1a503ef5224ebc85a2a333433599e67b324b7d1f4",
                "64526df91f085c1531d56486bf4be704f4184edc27345f8a9f565c55c2e26665",
                "912519191363476e6b6182f005eb34a6e3108fdeb02321aad3a464b550e97747",
                "de41927640a4aaa583485d193d9f2c61f2e6081ebb6bb2a8910853f3d34b622f",
                "57bc6d0033701acfe76e0355768062200e693d73e62ecb9ec6bc054dbbaf44f8",
                "ae6b1b0a86b8e0a0c6c8c85d54caaf157836306d112fe869cd56427374990ee7",
                "8469eb80f0e8aefabe7eaa7ae70a8fd7341c8238c6131eca53c3867a4cf72155",
                "ec9aa39f167fed7d48e34e38a88dabbccd44da0db15c02837bc9ff5242d439e4",
                "7d36b924bcb3951801be3911cdd60adf855aa8336387c29f866be3b526f612ad"
            ],
            "type": "Script",
            "firstPartyCookies": {
                "__tld__": {
                    "ttl": 4,
                    "length": 1,
                    "prevalence": 0.0007053607416364369,
                    "uniqueness": 0.14285714285714285
                },
                "wisepops": {
                    "ttl": 63072000,
                    "length": 153,
                    "prevalence": 0.0007053607416364369,
                    "uniqueness": 1
                },
                "wisepops_session": {
                    "ttl": null,
                    "length": 276,
                    "prevalence": 0.0007053607416364369,
                    "uniqueness": 1
                },
                "wisepops_visitor": {
                    "ttl": 63072000,
                    "length": 67,
                    "prevalence": 0.0007053607416364369,
                    "uniqueness": 1
                },
                "wisepops_visits": {
                    "ttl": 63072000,
                    "length": 40,
                    "prevalence": 0.0007053607416364369,
                    "uniqueness": 1
                },
                "wisepops_props": {
                    "ttl": 34214400,
                    "length": 157,
                    "prevalence": 0.00010076582023377671,
                    "uniqueness": 1
                }
            },
            "firstPartyCookiesSent": {},
            "exampleSites": [
                "foncia.com",
                "global-exam.com",
                "particulier.malakoffhumanis.com",
                "particuliers.alpiq.fr",
                "www.assoconnect.com",
                "www.cabaia.fr",
                "www.carreblanc.com",
                "www.dunod.com",
                "www.finishers.com",
                "www.indy.fr",
                "www.labelleiloise.fr",
                "www.lanutrition.fr",
                "www.laboiterose.fr",
                "www.lesitedumadeinfrance.fr",
                "www.millesima.fr",
                "www.ornikar.com",
                "www.santevet.com",
                "www.tikamoon.com",
                "www.twil.fr",
                "www.zamnesia.fr"
            ]
        },
        {
            "rule": "wisepops\\.net\\/id",
            "cookies": 0,
            "fingerprinting": 0,
            "subdomains": [],
            "apis": {},
            "sites": 16,
            "prevalence": 0.00161,
            "cnames": [],
            "responseHashes": [
                "94df59bc35ce5042fd626fbb3b09fac241db68916fac46725c4063617e06e82b",
                "7f059caf3ac84149647eb5746a6b118fef43bda28c39d2dd4eac7916f2df84d5",
                "738960370c3409bc4e67e0e6ea4e626cda00283d29fb09028b76b0014973854f",
                "8b0f8f09d838f18ad198929c225e73598adf83aef49a1929015a8f3e48b66927",
                "315b27160c3c2f02fef5607d2c36117be8f046cff27c5ee1ddab9f3d048ada5c",
                "e8c43b9aa7feaeb25b9f23cd214637164669f77b1dd93af179e132a0a296e9b0",
                "6a5015337e7d809080150a99d7ce419682407a056a56596b694015f69a907745",
                "7ea1d24cfe24c747906a65a29420e2713ebdcf7bffd5297bad208a5242a13076",
                "37b0846e10f6e44b95bb09e780c077bce8c338ec282fd2c1ca7143628356aeb5",
                "67a3d748e5fcd989bb75b76462e7cbc793cc217b0de8de4a30ef90fbfc77c94d",
                "b630611e61722c7cfa53b689fde05c621142cc931a572af6950d584cf348c9cb",
                "c6f04ba3898c63e9b31c879947e8cc1bd4beeba95e3d1d751d02e2dabfdf12a3",
                "71d39a635681b3ef7011690bc8eca6111befedf978ea140e029f9c068e947f2b",
                "12d056a2b6e0148fa1f647747f08f5ca9fb8e20d8a535f1427a627806c43aaec",
                "8be230154247ccca36ad6335ac81c45ed25a2e56124cd2cd2415aa412522cc03"
            ],
            "type": "Fetch",
            "firstPartyCookies": {},
            "firstPartyCookiesSent": {},
            "exampleSites": [
                "foncia.com",
                "global-exam.com",
                "particulier.malakoffhumanis.com",
                "particuliers.alpiq.fr",
                "www.assoconnect.com",
                "www.carreblanc.com",
                "www.indy.fr",
                "www.labelleiloise.fr",
                "www.lanutrition.fr",
                "www.laboiterose.fr",
                "www.lesitedumadeinfrance.fr",
                "www.millesima.fr",
                "www.santevet.com",
                "www.tikamoon.com",
                "www.twil.fr",
                "www.zamnesia.fr"
            ]
        },
        {
            "rule": "wisepops\\.net\\/feed\\.html",
            "cookies": 0,
            "fingerprinting": 1,
            "subdomains": [],
            "apis": {
                "window.sessionStorage": 4,
                "window.devicePixelRatio": 4
            },
            "sites": 5,
            "prevalence": 0.000504,
            "cnames": [],
            "responseHashes": [
                "2f6f3b210bbef59ebcf49bd7f41824dc0e5afd4a45163786ebdd7f1a58fb4e65",
                "d764d38ab5c7d7e5d8f4c334b28a46684778b8d9e5bcc716fb469b36fe46a311"
            ],
            "type": "Document",
            "firstPartyCookies": {},
            "firstPartyCookiesSent": {},
            "exampleSites": [
                "foncia.com",
                "www.assoconnect.com",
                "www.carreblanc.com",
                "www.labelleiloise.fr",
                "www.laboiterose.fr"
            ]
        },
        {
            "rule": "wisepops\\.net\\/my-wisepop",
            "cookies": 0,
            "fingerprinting": 0,
            "subdomains": [],