{
    "domain": "4dsply.com",
    "owner": {
        "name": "AdSupply, Inc.",
        "displayName": "AdSupply"
    },
    "source": [
        "DuckDuckGo-CA"
    ],
    "prevalence": 0.00131,
    "sites": 13,
    "subdomains": [
        "cdn.engine",
        "engine"
    ],
    "cnames": [],
    "fingerprinting": 3,
    "resources": [
        {
            "rule": "4dsply\\.com\\/Scripts\\/infinity\\.js\\.aspx",
            "cookies": 0.000704,
            "fingerprinting": 3,
            "subdomains": [
                "cdn.engine"
            ],
            "apis": {
                "Navigator.prototype.userAgent": 12,
                "Navigator.prototype.platform": 12,
                "window.localStorage": 12,
                "Date.prototype.getTimezoneOffset": 12,
                "Navigator.prototype.mimeTypes": 12,
                "window.innerWidth": 12,
                "window.innerHeight": 12,
                "Screen.prototype.width": 12,
                "Screen.prototype.height": 12,
                "Date.prototype.getTime": 7,
                "Document.cookie getter": 11,
                "window.sessionStorage": 11,
                "Document.cookie setter": 7,
                "window.screenLeft": 7,
                "window.screenTop": 7
            },
            "sites": 12,
            "prevalence": 0.00121,
            "cnames": [],
            "responseHashes": [
                "739c78d16b51a45323961b880349c8f0af5fccabaa2d767f2b794588067f4018",
                "be8204fc0fe21b01a02c27fbc8ebed3c359745780397e6f67861bf1dc7c58a8a",
                "d01841a9a0728a420fe016aab08788dc672da194ca706e5408f5ae51a1648e24",
                "71f7e167b4014dcce906cfcf2dfdc3bb15793e76bbb7a6b309d9b91b0ef316f1",
                "3ebdf9088e08751ae175a7943833727e5e53d0601a45c31d8d00a895fd55a0e0",
                "1bca287c05ef611c7a656589ff011b58bb3d1132fd71b6cd5cf57371795c2030",
                "e700c2775067fdd7871a7bbd86ce7f9c8830a99e05f326a6b83abeb1423e7006",
                "3531885a8fc53d1859bff478a84f89f74ff919e680c4f6b76e8067100113270c",
                "78530f05b308e309668877265ea224d3ed599a26a1fc97cbdb306895fcb2bd12",
                "f79e164fd2e67170b847af8452399ffb8ef013e9e992c37bc6e789a239acf8f3",
                "7a468e9b4cc377522ca7cbc02face98188890e276a974d46e04cc088b45a31de"
            ],
            "type": "Script",
            "firstPartyCookies": {
                "g36FastPopSessionRequestNumber": {
                    "ttl": null,
                    "length": 1,
                    "prevalence": 0.0007042962068618574,
                    "uniqueness": 0.14285714285714285
                }
            },
            "firstPartyCookiesSent": {},
            "exampleSites": [
                "babylonbee.com",
                "notthebee.com",
                "operationdisclosureofficial.com",
                "protrumpnews.com",
                "thefederalist.com",
                "whatreallyhappened.com",
                "www.breitbart.com",
                "www.powerlineblog.com",
                "www.theburningplatform.com",
                "www.wnd.com",
                "www.wikifeet.com",
                "www9.gogoanime.me"
            ]
        },
        {
            "rule": "4dsply\\.com\\/Tag\\.vrfy",
            "cookies": 0.000604,
            "fingerprinting": 0,
            "subdomains": [
                "engine"
            ],
            "apis": {},
            "sites": 7,
            "prevalence": 0.000704,
            "cnames": [],
            "responseHashes": [
                "91ae17380aa80343f14f842e3c1851d2e71921c6746e58583ac8928d211bc67d",
                "fa5c295c1ce9b399357cd359c6312f4e06288931d2a39392d4f36d5aa9745af8",
                "494727b9c25dd0b3d14544cc95bda50b0069b0ad46618abb2b5e89bccd941ea7",
                "36c81e79dbf2d3e78bbc96783e277d250196d71a344017d812aa514cd25c3513",
                "86f4b1c6e20bd12d74ea9274fa4f32bedbcb53e4e1db0a008fe7a89c8893599d",
                "e3b0c44298fc1c149afbf4c8996fb92427ae41e4649b934ca495991b7852b855"
            ],
            "type": "Script",
            "firstPartyCookies": {},
            "firstPartyCookiesSent": {
                "token_QlJAAAAAAAAArRMIRsGBk-hpXXMDyS9EWV8qBEI": 0.00010061374383740819,
                "_li_dcdm_c": 0.00010061374383740819,
                "lotame_domain_check": 0.00010061374383740819
            },
            "exampleSites": [
                "babylonbee.com",
                "notthebee.com",
                "operationdisclosureofficial.com",
                "protrumpnews.com",
                "whatreallyhappened.com",
                "www.theburningplatform.com",
                "www.wikifeet.com"
            ]
        },
        {
            "rule": "4dsply\\.com\\/Scripts\\/MediaScripts\\/b\\.js",
            "cookies": 0,
            "fingerprinting": 1,
            "subdomains": [
                "cdn.engine"
            ],
            "apis": {
                "Navigator.prototype.userAgent": 8,
                "Date.prototype.getTime": 8
            },
            "sites": 8,
            "prevalence": 0.000805,
            "cnames": [],
            "responseHashes": [
                "b7e61067a212deb6afc647fa5e6f8b5e158232cedc38d45f69ec5cb3f67a76d8"
            ],
            "type": "Script",
            "firstPartyCookies": {},
            "firstPartyCookiesSent": {},
            "exampleSites": [
                "babylonbee.com",
                "notthebee.com",
                "operationdisclosureofficial.com",
                "protrumpnews.com",
                "whatreallyhappened.com",
                "www.breitbart.com",
                "www.powerlineblog.com",
                "www.theburningplatform.com"
            ]
        },
        {
            "rule": "4dsply\\.com\\/verify",
            "cookies": 0,
            "fingerprinting": 0,
            "subdomains": [
                "engine"
            ],
            "apis": {},
            "sites": 4,
            "prevalence": 0.000402,
            "cnames": [],
            "responseHashes": [
                "39ca3c85734717cf31f55ab2e7d04d8ad2438a3bd9f6f46fae350d12506b4699"
            ],
            "type": "XHR",
            "firstPartyCookies": {},
            "firstPartyCookiesSent": {
                "token_QlJAAAAAAAAArRMIRsGBk-hpXXMDyS9EWV8qBEI": 0.00040245497534963277
            },
            "exampleSites": [
                "operationdisclosureofficial.com",
                "whatreallyhappened.com",
                "www.theburningplatform.com",
                "www.wikifeet.com"
            ]
        },
        {
            "rule": "4dsply\\.com\\/Tag\\.engine",
            "cookies": 0.000402,
            "fingerprinting": 0,
            "subdomains": [
                "engine"
            ],
            "apis": {},
            "sites": 4,
            "prevalence": 0.000402,
            "cnames": [],
            "responseHashes": [
                "9bd353caf84062c14af40fdb842087ef5a3f621feb18a5c677769eb589000d93",
                "d77c7a01803d754beb3937a1e1fdad82c24ce4e9a5ab77bf0182fc9c6b0e1b9d",
                "1f286806581b08d5aaafea01eb20310a3b8bb9afe91dc9b2fbb9c7a0ff8dcaa5"
            ],
            "type": "Script",
            "firstPartyCookies": {},
            "firstPartyCookiesSent": {},
            "exampleSites": [
                "breitbart.com",
                "www.powerlineblog.com",
                "www.wnd.com",
                "www9.gogoanime.me"
            ]
        }
    ],
    "categories": [],
    "performance": {},
    "cookies": 0.00121,
    "topInitiators": [
        {
            "domain": "first party",
            "prevalence": 0.45454545454545453
        },
        {
            "domain": "script.ac",
            "prevalence": 0.2727272727272727
        },
        {
            "domain": "addroplet.com",