{
    "domain": "54.156.2.105",
    "owner": {},
    "source": [
        "DuckDuckGo-CA"
    ],
    "prevalence": 0.000704,
    "sites": 7,
    "subdomains": [],
    "cnames": [],
    "fingerprinting": 0,
    "resources": [
        {
            "rule": "54\\.156\\.2\\.105\\/is",
            "cookies": 0,
            "fingerprinting": 0,
            "subdomains": [],
            "apis": {},
            "sites": 7,
            "prevalence": 0.000704,
            "cnames": [],
            "responseHashes": [
                "ff9bc151deb28f790cd74693b74ba26bc58abc531d2d8411e156ad7c8cecb944",
                "941204d1557f8906a59413d3b52e92a84eefcad858e9d82defffa0f2aa2934af",
                "1bc004e4112e1d0c081b3fd918931c4cb6adc68339b62387fde5c8f270dd3ee4",
                "c654d52b908bd289a7045574ca24f6f126b5738a7c69019c5f6098f8bcac6845",
                "f9292cad277631f1998a33266f48b45676c31136d7d4d1e6bd4ef72a39c178ca",
                "54cfe47576d33f8b630a3253e4680e736ecf6c3f301014bed3e53509b6d08b02"
            ],
            "type": "Fetch",
            "firstPartyCookies": {},
            "firstPartyCookiesSent": {},
            "exampleSites": [
                "vessi.com",
                "playactivate.com",
                "www.airthings.com",
                "www.build.com",
                "www.dailywire.com",
                "www.denniskirk.com",
                "www.fjallraven.com"
            ]
        }
    ],
    "categories": [],
    "performance": {},
    "cookies": 0,
    "types": {
        "Fetch": 7
    },
    "nameservers": []
}