{
    "domain": "adalyser.com",
    "owner": {
        "name": "OneSoon Ltd",
        "displayName": "OneSoon"
    },
    "source": [
        "DuckDuckGo-CA"
    ],
    "prevalence": 0.000805,
    "sites": 8,
    "subdomains": [
        "c0",
        "c5"
    ],
    "cnames": [],
    "fingerprinting": 1,
    "resources": [
        {
            "rule": "adalyser\\.com\\/adalyser\\.js",
            "cookies": 0.000805,
            "fingerprinting": 1,
            "subdomains": [
                "c0",
                "c5"
            ],
            "apis": {
                "Navigator.prototype.userAgent": 8,
                "Navigator.prototype.language": 8,
                "Date.prototype.getTime": 8,
                "window.localStorage": 8,
                "Document.cookie setter": 8,
                "Document.cookie getter": 8
            },
            "sites": 8,
            "prevalence": 0.000805,
            "cnames": [],
            "responseHashes": [
                "fe1e73ae7eda5dcb510994cad5818f8335686a3bee8dde7325921f7cbcdc6ce8",
                "0ad32814005d756f314c0dbae2a1e742a64e4e505a923757ff5172cdb443663c",
                "e51fc1d194ae40ce2db4ba6abce427ad95cc98d505a4e7346c0c6f6eae33b1c9",
                "240530cd560bf994ebc14eabf67aa7b0413487cacc7ae1d1e29306243d87672b"
            ],
            "type": "Script",
            "firstPartyCookies": {
                "__adal_ses": {
                    "ttl": 1806,
                    "length": 1,
                    "prevalence": 0.0008049099506992655,
                    "uniqueness": 0.125
                },
                "__adal_id": {
                    "ttl": 63072006,
                    "length": 108,
                    "prevalence": 0.0008049099506992655,
                    "uniqueness": 1
                },
                "__adal_ca": {
                    "ttl": 15552005,
                    "length": 101,
                    "prevalence": 0.0008049099506992655,
                    "uniqueness": 0.125
                },
                "__adal_cw": {
                    "ttl": 604805,
                    "length": 13,
                    "prevalence": 0.0008049099506992655,
                    "uniqueness": 1
                },
                "__adal_lp": {
                    "ttl": 2592005,
                    "length": 26,
                    "prevalence": 0.00010061374383740819,
                    "uniqueness": 1
                }
            },
            "firstPartyCookiesSent": {},
            "exampleSites": [
                "asana.com",
                "en.sleepcountry.ca",
                "wise.com",
                "www.ancestry.ca",
                "www.ancestry.com.au",
                "www.livescore.com",
                "www.thetrainline.com",
                "www.xero.com"
            ]
        },
        {
            "rule": "adalyser\\.com\\/tracking\\/track\\/v3\\/p",
            "cookies": 0,
            "fingerprinting": 0,
            "subdomains": [
                "c0",
                "c5"
            ],
            "apis": {},
            "sites": 8,
            "prevalence": 0.000805,
            "cnames": [],
            "responseHashes": [
                "d346801abbf9bb4e9e9a055239053d4ab5596514304f601a6c70604187acb744"
            ],
            "type": "Image",
            "firstPartyCookies": {},
            "firstPartyCookiesSent": {
                "__adal_cw": 0.0008049099506992655,
                "dy_fs_page": 0.00010061374383740819
            },
            "exampleSites": [
                "asana.com",
                "en.sleepcountry.ca",
                "wise.com",
                "www.ancestry.ca",
                "www.ancestry.com.au",
                "www.livescore.com",
                "www.thetrainline.com",
                "www.xero.com"
            ]
        }
    ],
    "categories": [],
    "performance": {},
    "cookies": 0.000805,
    "topInitiators": [
        {
            "domain": "first party",
            "prevalence": 0.6666666666666666
        },
        {
            "domain": "googletagmanager.com",
            "prevalence": 0.3333333333333333
        }
    ],
    "types": {
        "Script": 8,
        "Image": 8
    },
    "nameservers": [
        "ns10.dnsmadeeasy.com",
        "ns11.dnsmadeeasy.com",
        "ns12.dnsmadeeasy.com",
        "ns13.dnsmadeeasy.com",
        "ns14.dnsmadeeasy.com",
        "ns15.dnsmadeeasy.com"
    ]
}