{
    "domain": "aserve1.net",
    "owner": {},
    "source": [
        "DuckDuckGo-CA"
    ],
    "prevalence": 0.000906,
    "sites": 9,
    "subdomains": [
        "cpm"
    ],
    "cnames": [],
    "fingerprinting": 0,
    "resources": [
        {
            "rule": "aserve1\\.net\\/hb",
            "cookies": 0,
            "fingerprinting": 0,
            "subdomains": [
                "cpm"
            ],
            "apis": {},
            "sites": 9,
            "prevalence": 0.000906,
            "cnames": [],
            "responseHashes": [
                "6128b420a1d4b014b32afd8b76c0b27fb3eb0493a027a062ba8a60dcc8100940",
                "af34b8bcb3c7aeb8178bd5585978f4715d69e4a87c9234927247c03a0fae9433",
                "1640ed8b2bae413f239a4c9ff1945be68e08def3eef2ae57f4df951e69a56dcb",
                "52a78e8909794c800a8b4d104bd8315408d62389ac8b36ad1d0639dacb496bd1",
                "04a2ded8568499c42dfd23d962ba60f6fb75ae5ac0f564ed3ba0b043605a8341",
                "e0b2cb7c14efa5e1d218ef3346d79975d258d36602c5c665aa15f5c709760ce4",
                "766c8fdb7c2e54c066d1fe39bac05bbbb8503fa0b303b9708a3d0c11fa65a946",
                "6f7c2e54060c93796e482f72225533934a21ae15ebe8d45a714f7ffa2514012b"
            ],
            "type": "Fetch",
            "firstPartyCookies": {},
            "firstPartyCookiesSent": {},
            "exampleSites": [
                "dailyhive.com",
                "helpdeskgeek.com",
                "mediabiasfactcheck.com",
                "statisticsbyjim.com",
                "wordfind.com",
                "www.isitdownrightnow.com",
                "www.mrexcel.com",
                "www.numbeo.com",
                "www.supercoloring.com"
            ]
        }
    ],
    "categories": [],
    "performance": {},
    "cookies": 0,
    "topInitiators": [
        {
            "domain": "snigelweb.com",
            "prevalence": 0.5714285714285714
        },
        {
            "domain": "pubmatic.com",
            "prevalence": 0.2857142857142857
        },
        {
            "domain": "pubguru.net",
            "prevalence": 0.14285714285714285
        }
    ],
    "types": {
        "Fetch": 9
    },
    "nameservers": [
        "kiki.ns.cloudflare.com",
        "toby.ns.cloudflare.com"
    ]
}