{
    "domain": "c90dc23040.com",
    "owner": {},
    "source": [
        "DuckDuckGo-CA"
    ],
    "prevalence": 0.000906,
    "sites": 9,
    "subdomains": [
        "ff82fc4162",
        "9572f39990"
    ],
    "cnames": [],
    "fingerprinting": 0,
    "resources": [
        {
            "rule": "c90dc23040\\.com\\/in\\/multy",
            "cookies": 0,
            "fingerprinting": 0,
            "subdomains": [
                "ff82fc4162",
                "9572f39990"
            ],
            "apis": {},
            "sites": 9,
            "prevalence": 0.000906,
            "cnames": [],
            "responseHashes": [
                "ce9f2914ff36e6afe00c41e32a0cc3bbf0247f4ee388d1d3e3e81ce3431bfda8",
                "dbd3e2670c197a81a7959e504f8b9b163e57579cb8919db34983f55a49e5fabd",
                "0a4329550d6aa4dd5b9b7395207d88c686b813600702547f3d5fdeba97a0e39e",
                "01cc7087739bc09e6745b299ce4f542cb6cf048dccc89e21eb8452597528aa5d",
                "5e123e2d358e196f47f0d2b43235467c4b48c8d92398bcbaca5dd498ff212771",
                "028dddf5655f7fd894d45b595728dc1fa93ef26b1005a65a39db5dd57eed2065",
                "9c127dd488beda11463e6d719704d7d356de89d3380ace91b20bc7e460e44bb3",
                "e3b0c44298fc1c149afbf4c8996fb92427ae41e4649b934ca495991b7852b855"
            ],
            "type": "XHR",
            "firstPartyCookies": {},
            "firstPartyCookiesSent": {},
            "exampleSites": [
                "chaturflix.cam",
                "enf-cmnf.com",
                "femdom-joi.com",
                "forcedcinema.net",
                "heavyfetish.com",
                "highporn.net",
                "javhub.net",
                "nude1.eu",
                "thepiratebay.org"
            ]
        },
        {
            "rule": "c90dc23040\\.com\\/in\\/multy",
            "cookies": 0,
            "fingerprinting": 0,
            "subdomains": [
                "ff82fc4162",
                "9572f39990"
            ],
            "apis": {},
            "sites": 9,
            "prevalence": 0.000906,
            "cnames": [],
            "responseHashes": [],
            "type": "Preflight",
            "firstPartyCookies": {},
            "firstPartyCookiesSent": {},
            "exampleSites": [
                "chaturflix.cam",
                "enf-cmnf.com",
                "femdom-joi.com",
                "forcedcinema.net",
                "heavyfetish.com",
                "highporn.net",
                "javhub.net",
                "nude1.eu",
                "thepiratebay.org"
            ]
        },
        {
            "rule": "c90dc23040\\.com\\/in\\/show\\/",
            "cookies": 0,
            "fingerprinting": 0,
            "subdomains": [
                "ff82fc4162",
                "9572f39990"
            ],
            "apis": {},
            "sites": 8,
            "prevalence": 0.000805,
            "cnames": [],
            "responseHashes": [
                "e3b0c44298fc1c149afbf4c8996fb92427ae41e4649b934ca495991b7852b855"
            ],
            "type": "Image",
            "firstPartyCookies": {},
            "firstPartyCookiesSent": {},
            "exampleSites": [
                "chaturflix.cam",
                "enf-cmnf.com",
                "femdom-joi.com",
                "forcedcinema.net",
                "heavyfetish.com",
                "highporn.net",
                "javhub.net",
                "nude1.eu"
            ]
        }
    ],
    "categories": [],
    "performance": {},
    "cookies": 0,
    "topInitiators": [
        {
            "domain": "3ad2ae645c.com",
            "prevalence": 0.7777777777777778
        },
        {
            "domain": "wpushsdk.com",
            "prevalence": 0.2222222222222222
        }
    ],
    "types": {
        "XHR": 9,
        "Preflight": 9,
        "Image": 8
    },
    "nameservers": [
        "dns1.infrapu.sh",
        "dns2.infrapu.sh"
    ]
}