{
    "domain": "consentmanager.net",
    "owner": {
        "name": "consentmanager AB",
        "displayName": "ConsentManager"
    },
    "source": [
        "DuckDuckGo-CA"
    ],
    "prevalence": 0.00151,
    "sites": 15,
    "subdomains": [
        "a.delivery",
        "delivery",
        "b.delivery",
        "d.delivery",
        "cdn",
        "c.delivery"
    ],
    "cnames": [],
    "fingerprinting": 2,
    "resources": [
        {
            "rule": "consentmanager\\.net\\/delivery\\/cmp\\.php",
            "cookies": 0.000302,
            "fingerprinting": 1,
            "subdomains": [
                "a.delivery",
                "delivery",
                "b.delivery",
                "d.delivery"
            ],
            "apis": {
                "Document.cookie getter": 2,
                "Date.prototype.getTime": 15,
                "Document.cookie setter": 2
            },
            "sites": 16,
            "prevalence": 0.00161,
            "cnames": [],
            "responseHashes": [
                "7d5debe6f8f790291f92a5389d236bd97bb7745d4ce2c0a093a4ccbf2a42a070",
                "bd9aec204df4e99d4bd397bd4ff656c3202f426de5b23dc00523d48ff2553850",
                "cbbb90f81a506e4f1615abe55b267fef7ccc80156a434fe98687afcc6bc15343",
                "42b9fb3671e30fe9d4ad5d4a2db90492cfde9c486124544e25635169bd341bf8",
                "1a540ae55e934cc94fa3cbdf027d90788f9bdede141948c89ea506b4400fe18a",
                "179d92e22e4fe27851f51bf97a6b43536a96ed18e7b0b3140e385a70e111d5d1",
                "68ef6a1a61b3c0c5e248a7923c0f2a540a1497019cc0c7e84a04c958354c1ff9",
                "6aa2808ba6d0e1dec5b9ba6d67a47236c0892255bc1e967ead6959f5e09abce4",
                "4050b0e356b4ef44faff5daaf0f82748ff2801c28ed985f1099c6c675ed51f3a",
                "a7b5f9b1d16487b02cbbceb82a2d99aca06777af0fd4295f1acd4b29ef09a0b8",
                "7e30a5e2091c22ceccf9c2823855267466e5237c8c3d42d1235a255ed0ccdc38",
                "a01eb170e4d6f50d5dac50924919eeb872bacf853c96c3733da542f7ad6891e5",
                "d469501440de275648c4c473ccda0fc6c99d8c827743ace1d1df3cd8df1485b2",
                "a34fe126be18724b881a813127b28bb335b7e34e808dc2ef3ba1d30c5a12c6a2"
            ],
            "type": "Script",
            "firstPartyCookies": {
                "__cmpcc": {
                    "ttl": 34128007,
                    "length": 1,
                    "prevalence": 0.00020122748767481639,
                    "uniqueness": 0.5
                }
            },
            "firstPartyCookiesSent": {
                "IR_gbd": 0.00010061374383740819,
                "srcSite": 0.00020122748767481639,
                "lotame_domain_check": 0.00030184123151222455
            },
            "exampleSites": [
                "businessinsider.com",
                "coupons.businessinsider.com",
                "filmora.wondershare.com",
                "ok.ru",
                "taddlr.com",
                "www.aidedd.org",
                "www.bosch-home.ca",
                "www.bosch-home.com",
                "www.calendar-canada.ca",
                "www.continental-tires.com",
                "www.easeus.com",
                "www.fjallraven.com",
                "www.landmarkcinemas.com",
                "www.media.io",
                "www.shorturl.at",
                "www.tuasaude.com"
            ]
        },
        {
            "rule": "consentmanager\\.net\\/delivery\\/js\\/cmp_final\\.min\\.js",
            "cookies": 0.000503,
            "fingerprinting": 1,
            "subdomains": [
                "cdn"
            ],
            "apis": {
                "Date.prototype.getTime": 7,
                "Navigator.prototype.languages": 7,
                "Navigator.prototype.language": 7,
                "Document.cookie getter": 7,
                "Document.cookie setter": 5,
                "window.localStorage": 6
            },
            "sites": 7,
            "prevalence": 0.000704,
            "cnames": [],
            "responseHashes": [
                "6b65b29fde63aca60fa0aec56df0fc8fed2ea22a6e90a755a1ac97407e196525"
            ],
            "type": "Script",
            "firstPartyCookies": {
                "__cmpconsentx20820": {
                    "ttl": 31536004,
                    "length": 59,
                    "prevalence": 0.00010061374383740819,
                    "uniqueness": 1
                },
                "__cmpcvcx20820": {
                    "ttl": 31536004,
                    "length": 89,
                    "prevalence": 0.00010061374383740819,
                    "uniqueness": 1
                },
                "__cmpcpcx20820": {
                    "ttl": 31536004,
                    "length": 4,
                    "prevalence": 0.00010061374383740819,
                    "uniqueness": 1
                },
                "__cmpcvc": {
                    "ttl": 31536004,
                    "length": 89,
                    "prevalence": 0.00010061374383740819,
                    "uniqueness": 1
                },
                "__cmpcpc": {
                    "ttl": 31536004,
                    "length": 4,
                    "prevalence": 0.00010061374383740819,
                    "uniqueness": 1
                },
                "__cmpiab": {
                    "ttl": 31536004,
                    "length": 9,
                    "prevalence": 0.00010061374383740819,
                    "uniqueness": 1
                },
                "__cmpiabc": {
                    "ttl": 31536004,
                    "length": 18,
                    "prevalence": 0.00010061374383740819,
                    "uniqueness": 1
                },
                "__cmpiabli": {
                    "ttl": 31536004,
                    "length": 9,
                    "prevalence": 0.00010061374383740819,
                    "uniqueness": 1
                },
                "__cmpiabcli": {
                    "ttl": 31536004,
                    "length": 13,
                    "prevalence": 0.00010061374383740819,
                    "uniqueness": 1
                },
                "__cmpcccu26960": {
                    "ttl": 1209608,
                    "length": 52,
                    "prevalence": 0.00010061374383740819,
                    "uniqueness": 1
                },
                "__cmpcccu47649": {
                    "ttl": 31536004,
                    "length": 139,
                    "prevalence": 0.00010061374383740819,
                    "uniqueness": 1
                },
                "__cmpcccx86399": {
                    "ttl": 1209603,
                    "length": 58,
                    "prevalence": 0.00010061374383740819,
                    "uniqueness": 1
                },
                "__cmpcccx97154": {
                    "ttl": 31536011,
                    "length": 190,
                    "prevalence": 0.00010061374383740819,
                    "uniqueness": 1
                },
                "__cmpccpausps": {
                    "ttl": 31536011,
                    "length": 4,
                    "prevalence": 0.00010061374383740819,
                    "uniqueness": 1
                },
                "__cmpconsentx97154": {
                    "ttl": 31536011,
                    "length": 307,
                    "prevalence": 0.00010061374383740819,
                    "uniqueness": 1
                }
            },
            "firstPartyCookiesSent": {},
            "exampleSites": [
                "businessinsider.com",
                "filmora.wondershare.com",
                "www.continental-tires.com",
                "www.easeus.com",
                "www.fjallraven.com",
                "www.landmarkcinemas.com",
                "www.media.io"
            ]
        },
        {
            "rule": "consentmanager\\.net\\/delivery\\/info\\/",
            "cookies": 0,
            "fingerprinting": 0,