{
    "domain": "coosync.com",
    "owner": {},
    "source": [
        "DuckDuckGo-CA"
    ],
    "prevalence": 0.00473,
    "sites": 47,
    "subdomains": [],
    "cnames": [],
    "fingerprinting": 0,
    "resources": [
        {
            "rule": "coosync\\.com\\/sn\\/c",
            "cookies": 0,
            "fingerprinting": 0,
            "subdomains": [],
            "apis": {},
            "sites": 47,
            "prevalence": 0.00473,
            "cnames": [],
            "responseHashes": [
                "70ca6d0c8784ca6cffdcbde62e8f8a3f752192ed3136d6e01ae6799caab2b506",
                "4f6226860e5834662aa0b9f48980d3795a3dc8668aeabd4ec80b97a6e2d5c8f2",
                "71d879a36fda6002c29f738743babc9dc952744c247dcb76e72412c9fabf17b2",
                "017706f243037460790f400c9b4891c78e0d1030e255d3b70814bbcc293bba8f",
                "e807d9a50215094ac5cb082412172a5274a3d47ec15596826d5dd621378c5576",
                "6b625a476ad1493105ff522e37179b75c4c282d93feb21417cd9a9aa3c8537b5",
                "696b8f5f002007a5b5355e96616d519b63e4dc087169877b11e3a71de39a788f",
                "36a8678cdb789833b0c87ad44394e025f1d51eb5d97d03a92396d2505242d289",
                "46f9aa1956bd359be9629482075c48b07802f0bc5f55238a758d05cf5babbb8e",
                "1926972d5aee511b70f14823dd7485ee1d1c298d4dbc6b6fa59e2e720d613bb0",
                "da02f046d0d5804eb37eb866c260d543ff5dd759bdd011e104bddfbaee5f4844",
                "c156a9c26a203b8b4eb52c7531ba810070e9b4ebcbc3c0ac5837cdd65f5607ab"
            ],
            "type": "Document",
            "firstPartyCookies": {},
            "firstPartyCookiesSent": {},
            "exampleSites": [
                "www.homemoviestube.com",
                "fapello.to",
                "javtiful.com",
                "rule34.world",
                "nhentai.com",
                "sheeshfans.com",
                "forcedcinema.net",
                "fapopedia.net",
                "www.sxyprn.com",
                "familyporn.tv",
                "leakedmodels.com",
                "javseen.tv",
                "thefappening.pro",
                "nudogram.com",
                "fapeza.com",
                "rule34video.com",
                "javhub.net",
                "pornmedium.com",
                "pornxp.com",
                "www.porn4fans.com"
            ]
        }
    ],
    "categories": [],
    "performance": {},
    "cookies": 0,
    "topInitiators": [
        {
            "domain": "endowmentoverhangutmost.com",
            "prevalence": 0.19230769230769232
        },
        {
            "domain": "bankingbloatedcaptive.com",
            "prevalence": 0.1346153846153846
        },
        {
            "domain": "divisiondrearilyunfiled.com",
            "prevalence": 0.1346153846153846
        },
        {
            "domain": "bullionglidingscuttle.com",
            "prevalence": 0.09615384615384616
        },
        {
            "domain": "isolatedovercomepasted.com",
            "prevalence": 0.09615384615384616
        },
        {
            "domain": "appointeeivyspongy.com",
            "prevalence": 0.057692307692307696
        },
        {
            "domain": "brittlesturdyunlovable.com",
            "prevalence": 0.057692307692307696
        },
        {
            "domain": "blurbreimbursetrombone.com",
            "prevalence": 0.038461538461538464
        },
        {
            "domain": "diagramjawlineunhappy.com",
            "prevalence": 0.038461538461538464
        },
        {
            "domain": "chaseherbalpasty.com",
            "prevalence": 0.038461538461538464
        }
    ],
    "types": {
        "Document": 47
    },
    "nameservers": [
        "ns-745.awsdns-29.net",
        "ns-389.awsdns-48.com",
        "ns-1822.awsdns-35.co.uk",
        "ns-1241.awsdns-27.org"
    ]
}