{
    "domain": "cq0.co",
    "owner": {},
    "source": [
        "DuckDuckGo-CA"
    ],
    "prevalence": 0.00211,
    "sites": 21,
    "subdomains": [
        "doh"
    ],
    "cnames": [],
    "fingerprinting": 0,
    "resources": [
        {
            "rule": "cq0\\.co\\/resolve",
            "cookies": 0,
            "fingerprinting": 0,
            "subdomains": [
                "doh"
            ],
            "apis": {},
            "sites": 22,
            "prevalence": 0.00221,
            "cnames": [],
            "responseHashes": [
                "b288b760f1018c5071e7de7e1b599abfbc5583f707fb277b3b02173f69db7dc0",
                "c7290d5c03ee9033c8db92f8ce99f55f3e081d513ea872e312c5506a2f9ddf58",
                "f3ccdf66bd6f6f0bc5cd4e48a235d940d1500ede37353a5f75fafa5e4f7ddd46",
                "10aa63c483fdb330e8048e8fe8e724f3c34fbf0e7ec1c4bb604d2971ac20a083",
                "3778fcc0cb8844d8bd148c92d6d03c4d8703f5c28d4270cbe8361ee82f8d0eec",
                "6a2dc2010eff421a1e9b8e98bd74553dc603de98d365417bf65335a4dd133dd7",
                "6740ecad91a5282fbcd9352f175dd3a33135de71750590abd392d99ba5ac4a4a",
                "e494bff1bc348911410264543f920fcdc488fd2633ae29fcba637a0fcf2fca59",
                "57a858b1885393dcb0051b5990cfb82a6761e236cf5e25e2533a9c3b02f289c6",
                "769b47f13fc53200a5a44c40755dda12cbe24c902b3834b7e2e4798d7e7a9609",
                "4a472a064bf19fc84a6990e08907cc6e55583d035c72725a9131b0d829e116b7",
                "19e275f6f1a9b0facc7054a258e08fa008673f62856183a501c56300e274d25b",
                "07d50129464b2220860dc9d87368d51ef94888ab97334d24e775b002292d6ed7",
                "22c9693d121d08e1e42f510a71f0039384c818f0e762d09bea26a81b583e022e",
                "fd83008c79dda0492bd636a36c07dd791728821fcc95f54baaea86345247ed4d",
                "039e69de877d56642d0eae7a055fce80618892914449ecc981dfcc5690c503bb",
                "cf9587bd5d2763ebb22a06471a9486f75d55a82598dd2c6448d0235334652533",
                "f509eafcf7a4bd9c4c70b34dfbf4cf7e396eb8105b45c274541c9de08c60444d",
                "c283a811b59947ff87e56bf10397774306002dcf7bb9bc5259320b5b3d01b0b9",
                "c0bf3ea5703f2dfc17391b7de9c25ec67b0cd4af7a6d4702384fde7c1f1cd518"
            ],
            "type": "Fetch",
            "firstPartyCookies": {},
            "firstPartyCookiesSent": {
                "IR_gbd": 0.00040245497534963277,
                "lotame_domain_check": 0.00010061374383740819,
                "_li_dcdm_c": 0.00010061374383740819,
                "MAYO_CLINIC_ENSIGHTEN_PRIVACY_TLD-www.mayoclinic.org": 0.00010061374383740819
            },
            "exampleSites": [
                "abcnews.go.com",
                "www.espn.com",
                "www.latimes.com",
                "www.mayoclinic.org",
                "www.delta.com",
                "www.fidelity.com",
                "www.nationalgeographic.com",
                "kids.nationalgeographic.com",
                "abc.com",
                "ca.norton.com",
                "www.johnlewis.com",
                "www.marvel.com",
                "projects.fivethirtyeight.com",
                "go.com",
                "moviesanywhere.com",
                "www.sherwin-williams.com",
                "www.wyndhamhotels.com",
                "www.audi.ca",
                "us.norton.com",
                "www.britishairways.com"
            ]
        }
    ],
    "categories": [],
    "performance": {},
    "cookies": 0,
    "topInitiators": [
        {
            "domain": "first party",
            "prevalence": 0.5769230769230769
        },
        {
            "domain": "espn.com",
            "prevalence": 0.2692307692307692
        },
        {
            "domain": "ensighten.com",
            "prevalence": 0.07692307692307693
        },
        {
            "domain": "audi.com",
            "prevalence": 0.038461538461538464
        },
        {
            "domain": "californiatimes.com",
            "prevalence": 0.038461538461538464
        }
    ],
    "types": {
        "Fetch": 22
    },
    "nameservers": [
        "ns-1240.awsdns-27.org",
        "ns-1857.awsdns-40.co.uk",
        "ns-488.awsdns-61.com",
        "ns-682.awsdns-21.net"
    ]
}