{
    "domain": "fullcontact.com",
    "owner": {},
    "source": [
        "DuckDuckGo-CA"
    ],
    "prevalence": 0.00332,
    "sites": 33,
    "subdomains": [
        "tags",
        "api"
    ],
    "cnames": [],
    "fingerprinting": 1,
    "resources": [
        {
            "rule": "fullcontact\\.com\\/anon\\/fullcontact\\.js",
            "cookies": 0.00231,
            "fingerprinting": 1,
            "subdomains": [
                "tags"
            ],
            "apis": {
                "Navigator.prototype.appName": 24,
                "Document.cookie setter": 23,
                "Document.cookie getter": 23
            },
            "sites": 33,
            "prevalence": 0.00332,
            "cnames": [],
            "responseHashes": [
                "d04c0e3e88947ddf1538e3315df91b065380ea97a9a5cb40c2f89574e5fb3067"
            ],
            "type": "Script",
            "firstPartyCookies": {
                "fc_storage_location": {
                    "ttl": 315576022,
                    "length": 6,
                    "prevalence": 0.0023141161082603882,
                    "uniqueness": 0.043478260869565216
                },
                "fc_pid_variable": {
                    "ttl": 315576022,
                    "length": 6,
                    "prevalence": 0.0023141161082603882,
                    "uniqueness": 0.043478260869565216
                },
                "__li_idex_cache_eyJxZiI6IjAuMSJ9": {
                    "ttl": 315576007,
                    "length": 112,
                    "prevalence": 0.00030184123151222455,
                    "uniqueness": 1
                },
                "fc_session": {
                    "ttl": 1810,
                    "length": 3,
                    "prevalence": 0.00030184123151222455,
                    "uniqueness": 0.3333333333333333
                },
                "fc_pid": {
                    "ttl": 315576007,
                    "length": 48,
                    "prevalence": 0.00030184123151222455,
                    "uniqueness": 0.6666666666666666
                },
                "fc_anon": {
                    "ttl": 315576007,
                    "length": 48,
                    "prevalence": 0.00030184123151222455,
                    "uniqueness": 0.6666666666666666
                }
            },
            "firstPartyCookiesSent": {},
            "exampleSites": [
                "www.spokeo.com",
                "windsorstar.com",
                "www.teepublic.com",
                "lfpress.com",
                "ottawacitizen.com",
                "thestarphoenix.com",
                "www.intelligencer.ca",
                "edmontonsun.com",
                "ottawasun.com",
                "www.chathamdailynews.ca",
                "www.iherb.com",
                "edmontonjournal.com",
                "www.standard-freeholder.com",
                "torontosun.com",
                "leaderpost.com",
                "www.theobserver.ca",
                "www.fortmcmurraytoday.com",
                "www.hollandamerica.com",
                "www.thesudburystar.com",
                "montrealgazette.com"
            ]
        },
        {
            "rule": "fullcontact\\.com\\/v3\\/webtag\\.resolve",
            "cookies": 0,
            "fingerprinting": 0,
            "subdomains": [
                "api"
            ],
            "apis": {},
            "sites": 7,
            "prevalence": 0.000704,
            "cnames": [],
            "responseHashes": [],
            "type": "Preflight",
            "firstPartyCookies": {},
            "firstPartyCookiesSent": {},
            "exampleSites": [
                "iherb.com",
                "edmontonjournal.com",
                "financialpost.com",
                "www.hollandamerica.com",
                "www.iherb.com",
                "www.spokeo.com",
                "www.teepublic.com"
            ]
        },
        {
            "rule": "fullcontact\\.com\\/v3\\/webtag\\.resolve",
            "cookies": 0,
            "fingerprinting": 0,
            "subdomains": [
                "api"
            ],
            "apis": {},
            "sites": 9,
            "prevalence": 0.000906,
            "cnames": [],
            "responseHashes": [
                "002cea64c3a79317e5de49bd202168abdd4c72ba8bbee40174526d54e11d443a",
                "0799e1c5d905ea3a39fadf4c93a1eb2922a262313b9170b7555fd6764b01296d",
                "bd0692957fbd916a90ced7de792fb99e206be0467ef2a804be3373b058d338dc"
            ],
            "type": "Fetch",
            "firstPartyCookies": {},
            "firstPartyCookiesSent": {},
            "exampleSites": [
                "iherb.com",
                "edmontonjournal.com",
                "financialpost.com",
                "winnipegsun.com",
                "www.hollandamerica.com",
                "www.iherb.com",
                "www.owensoundsuntimes.com",
                "www.spokeo.com",
                "www.teepublic.com"
            ]
        },
        {
            "rule": "fullcontact\\.com\\/v3\\/webtag\\.domain",
            "cookies": 0,
            "fingerprinting": 0,
            "subdomains": [
                "api"
            ],
            "apis": {},
            "sites": 2,
            "prevalence": 0.000201,
            "cnames": [],
            "responseHashes": [],
            "type": "Fetch",
            "firstPartyCookies": {},
            "firstPartyCookiesSent": {},
            "exampleSites": [
                "edmontonjournal.com",
                "www.spokeo.com"
            ]
        },
        {
            "rule": "fullcontact\\.com\\/v3\\/webtag\\.resolve",
            "cookies": 0,
            "fingerprinting": 0,
            "subdomains": [
                "api"
            ],
            "apis": {},
            "sites": 2,
            "prevalence": 0.000201,
            "cnames": [],
            "responseHashes": [],
            "type": "Other",
            "firstPartyCookies": {},
            "firstPartyCookiesSent": {},
            "exampleSites": [
                "winnipegsun.com",
                "www.owensoundsuntimes.com"
            ]
        }
    ],
    "categories": [],
    "performance": {},
    "cookies": 0.00231,
    "topInitiators": [
        {
            "domain": "postmedia.digital",
            "prevalence": 0.717948717948718
        },
        {
            "domain": "first party",
            "prevalence": 0.1794871794871795
        },
        {
            "domain": "liadm.com",
            "prevalence": 0.05128205128205128
        },
        {
            "domain": "googletagmanager.com",
            "prevalence": 0.02564102564102564
        },
        {
            "domain": "datadoghq-browser-agent.com",
            "prevalence": 0.02564102564102564
        }
    ],
    "types": {
        "Script": 33,
        "Preflight": 7,
        "Fetch": 11,
        "Other": 2
    },
    "nameservers": [
        "ns-1.awsdns-00.com",
        "ns-1295.awsdns-33.org",
        "ns-2042.awsdns-63.co.uk",
        "ns-655.awsdns-17.net"
    ]
}