{
    "domain": "futurehybrid.tech",
    "owner": {},
    "source": [
        "DuckDuckGo-CA"
    ],
    "prevalence": 0.00443,
    "sites": 44,
    "subdomains": [
        "sommelier"
    ],
    "cnames": [],
    "fingerprinting": 0,
    "resources": [
        {
            "rule": "futurehybrid\\.tech\\/config\\/",
            "cookies": 0,
            "fingerprinting": 0,
            "subdomains": [
                "sommelier"
            ],
            "apis": {},
            "sites": 44,
            "prevalence": 0.00443,
            "cnames": [],
            "responseHashes": [
                "01c3637801b11a5bd1f11d44e0a1013f114fb129598ae905bb0ece9606e966c4",
                "8784ff9b41f1260b4b8cb1d98a3e9ca023b589ab53e52f3c744e2a1d1a6430a9",
                "336bfb38cce417f8941d28d2d78b9deab40224d59558c546ba527e6fd19cd819",
                "ddfefb28cac973d75c4971c2eecf157a5290a017ccb50dc0dd3b4a3cbf75b81a",
                "9e603f388e1a2b72ef029a33bc83338fb03d181e3ad14778dc480e0c8a87f630",
                "35e496c9b2da5235e1285f8aca6e5a3c5f500bd4f37a8516f308a63603d12bca",
                "9d83e22265e92f73a816f140e2a983ebd07db3108a831bb9f029d8c62ee01fd4",
                "1f6afdc644153258ed35807b0a9710c6815d7f77d2f81af9373252d55c0d3343",
                "5c4ab8ce70580ddf769deed7ba318c2437227d7bbccaddaaa906ede2557f2850",
                "de13d709da35653d9a25885676c69b9c12cad978887f139500ee44db426de076",
                "1b338144fd509c31de3a8534d71fc7c781b87b88ca7cae78ed470aa9be317538",
                "94da6ee97364ec9f0434cb9b10e6b8e14145a737564f3a0ce9441d0cf956aea5",
                "e2cc6d916a561d386577a673446e7f949a8303e81c110e42865c66cbd699d64c",
                "caa2cd5c13077120a09c9573988e05ee4a4b356238776322e2200083df7cf410",
                "f192ae52f7f7c5187d7a61279648f2f9e628b6b860f070c7e5552a1ad4b8fe2a",
                "7e8b550796f765fe0e63730210f0aa5e2cee0d200e2ba993fad24882c559122d",
                "46a2eb3de2cf1a7336e2eb2e0f34fbc42cc2462f0c090f35c78f6ad6011366b3",
                "0e2041427f388702b9f33398ea73f1cdaaea3cfce6dda99d90623f863402286c",
                "8d573a28811001f0f859270bd209078964016adc577906929522ec21c7a5a558",
                "cb01e8a477a3553c7ab99a69a61c4c02213b81f250a701929e5b394228fa585e",
                "2cdb2ae380e1ce4a780522ff6f334bee4cfb5734821a0e1b65a3a6ebdd9f80bb",
                "675c59d7f9587b867606882ebc96c5fd2a6bd8d0ab108accdb0fa90395dc9c07",
                "114f7d1b2fb9bb52bd2726167e68f8b8f115414301d5f0865e74ec9e58f6e5b8",
                "d8653712ff3bc799f8450b1fbaed9bf4dde51b09510f3b6efff47ec2cf29a8de",
                "011934c4af7cdc6f6f0d2066a865e6b189502234cde9745102f579caea4a9dd3",
                "3de5ea854c64230af0532af8485e7baafbec783e360a8c345b91299ef5a99139",
                "9523544fbc2b45f79a109de89791b8cc8d258436b78ae728bc8c9ae7adf52d2a",
                "08cec0f54ec17f2b727ff122bb9ffc4d9fd0e0e0219a7c051a7751800b867a28",
                "0144140c2d754a811e553cc2737d3b268400253347bc71e52a361e44a786901a",
                "72ffc7e5d924c648e9b63853ddeb7fbc22a9a7993d8cd739a6cea2bb80d4f343",
                "d08805864e66392a08435f1722198c6e6f009ceb99de10603c8b4dbcc4ef0d69",
                "bc851c84bdb7ea80f529f0acdc738f1b20f2623b54ff979bf37fac971d1834c4",
                "adbe9c79365d0777eee7da2a7db725998a6af2ebf1d2a87d9691aa4b4f79e61d",
                "a1f92a4ebb8eb9b8172d9d46ba8515a19bd8bf7358174ce6c2a8865bb92a0e4b",
                "23c73144a349d23bd895fbe35b4041a9acfc4599267900acac525eb1c448aacf",
                "d2490bc9fca1bd2df678077b086ae5926f8da8078d5ad1eb19fb6b17d695e0a3",
                "1f82082e05f7013fedff5e77bd558a24accff8f636ccaa29bc76156cbad43408",
                "93237aad1a58050ce66a85538cf506d69cb3740335d2208f89cb2aef30af156d",
                "12bff7ea12569f7b122e250957a5c3d78eb2af04f7e65964861e8936fa770bb0",
                "2c0e6fdae44913651e041f274955f780fb7fb29dc69542c8b85dd5e949052f21",
                "43aa828f7bf94094658ffedfc96e14e452e2302d7ff886e8d02bec3ce48c6d8b",
                "ba37fb0d6b77738a1ad2439bced19df1ce7f80d044ca1d838794200884e9fd0a",
                "cd4155f0c519f20f1835d4d73013f238b016ada615dff90646c7c7597a9a0916"
            ],
            "type": "Fetch",
            "firstPartyCookies": {},
            "firstPartyCookiesSent": {
                "_li_dcdm_c": 0.003622094778146695,
                "lotame_domain_check": 0.0040245497534963275,
                "__pid": 0.00010061374383740819
            },
            "exampleSites": [
                "www.techradar.com",
                "www.tomsguide.com",
                "www.tomshardware.com",
                "www.advnture.com",
                "forums.tomsguide.com",
                "www.anandtech.com",
                "www.cyclingnews.com",
                "www.petsradar.com",
                "www.imore.com",
                "www.laptopmag.com",
                "www.digitalcameraworld.com",
                "www.decanter.com",
                "www.space.com",
                "www.toptenreviews.com",
                "www.sciencealert.com",
                "www.gardeningknowhow.com",
                "forums.tomshardware.com",
                "www.kiplinger.com",
                "www.cyclingweekly.com",
                "www.techspot.com"
            ]
        }
    ],
    "categories": [],
    "performance": {},
    "cookies": 0,
    "topInitiators": [
        {
            "domain": "futurecdn.net",
            "prevalence": 1
        }
    ],
    "types": {
        "Fetch": 44
    },
    "nameservers": [
        "ns-786.awsdns-34.net",
        "ns-1419.awsdns-49.org",
        "ns-55.awsdns-06.com",
        "ns-1705.awsdns-21.co.uk"
    ]
}