{
    "domain": "getdrip.com",
    "owner": {
        "name": "Avenue 81, Inc.",
        "displayName": "Avenue 81"
    },
    "source": [
        "DuckDuckGo-CA"
    ],
    "prevalence": 0.00101,
    "sites": 10,
    "subdomains": [
        "api",
        "tag"
    ],
    "cnames": [],
    "fingerprinting": 1,
    "resources": [
        {
            "rule": "getdrip\\.com\\/client\\/events\\/visit",
            "cookies": 0.000302,
            "fingerprinting": 0,
            "subdomains": [
                "api"
            ],
            "apis": {},
            "sites": 8,
            "prevalence": 0.000805,
            "cnames": [],
            "responseHashes": [
                "e22e63521eac54c9c6afaec23783223cc648b50ec08b02e3ecef6af735353591",
                "3f387c7ca0a22be840268bbe804a0ea4a36bf5a60ee31fb895685be9bef66a6b",
                "7152c4fc87c2a912249708777ba89cc3a9913d5024c5287339660e1a39de7626",
                "ea2d3b193be248697c673c6bfcb505f3106dbdccdbf77c4288de6d1dd53c57ae",
                "2e40c69f90bc6ef9dcc14f97299f50f31267e117f1debe75653b8acd12c5b29d",
                "510dc831128f7d9d8750832b296994bde7592680166b8518224e2d37a777a29f",
                "d7e55704dcb80eadd31d8786c668502f6aefa571c6ced0cb846702c5e2ca8c14"
            ],
            "type": "Script",
            "firstPartyCookies": {},
            "firstPartyCookiesSent": {
                "_li_dcdm_c": 0.00010061374383740819,
                "lotame_domain_check": 0.00010061374383740819
            },
            "exampleSites": [
                "cigarchief.com",
                "infinite.tcgplayer.com",
                "spreadsheeto.com",
                "teenage.engineering",
                "thedrardisshow.com",
                "www.baeldung.com",
                "www.tcgplayer.com",
                "www.uaudio.com"
            ]
        },
        {
            "rule": "getdrip\\.com\\/client\\/track",
            "cookies": 0,
            "fingerprinting": 0,
            "subdomains": [
                "api"
            ],
            "apis": {},
            "sites": 8,
            "prevalence": 0.000805,
            "cnames": [],
            "responseHashes": [
                "07f3b4d5aea195802645396baa10dc6ddf043b45ecd1d7d6c61d100acf91dca7",
                "9b72e09089e4bde66497dc126b89a89e68b66a41993035ca8b8c072553f7939a",
                "0a942bee4ee5b946fd0ba1225676a7e00172ed8c4c13c07e84e50548a7d891e5",
                "8048db0e0a824ca7379357c602db2a57532baec2b70466b78241e20baca4a4ce",
                "9a4fac94e0dee955146b44b033503c21fcd16d13c2611e6036d59a68a7de9113",
                "3a705614e6a833d11e8a0e706d750cc64fbc8c0f3d6e159eedf16734653ccf92",
                "4ee7cd2bdae5fe66ab3b22009943ed2486765dd3b68353d79f5e8dba4cd49e55"
            ],
            "type": "Script",
            "firstPartyCookies": {},
            "firstPartyCookiesSent": {
                "_li_dcdm_c": 0.00010061374383740819,
                "lotame_domain_check": 0.00010061374383740819
            },
            "exampleSites": [
                "cigarchief.com",
                "infinite.tcgplayer.com",
                "spreadsheeto.com",
                "teenage.engineering",
                "thedrardisshow.com",
                "www.baeldung.com",
                "www.tcgplayer.com",
                "www.uaudio.com"
            ]
        },
        {
            "rule": "getdrip\\.com\\/4160913\\.js",
            "cookies": 0,
            "fingerprinting": 0,
            "subdomains": [
                "tag"
            ],
            "apis": {},
            "sites": 2,
            "prevalence": 0.000201,
            "cnames": [],
            "responseHashes": [
                "947699d7ccda899b1abc3afdc4dd0463da8f8ca1a43ffa961ae82d36b8798bb8"
            ],
            "type": "Script",
            "firstPartyCookies": {},
            "firstPartyCookiesSent": {},
            "exampleSites": [
                "tcgplayer.com",
                "www.tcgplayer.com"
            ]
        }
    ],
    "categories": [],
    "performance": {},
    "cookies": 0.000503,
    "topInitiators": [
        {
            "domain": "first party",
            "prevalence": 0.5517241379310345
        },
        {
            "domain": "d14jnfavjicsbe.cloudfront.net",
            "prevalence": 0.3448275862068966
        },
        {
            "domain": "googletagmanager.com",
            "prevalence": 0.06896551724137931
        },
        {
            "domain": "segment.com",
            "prevalence": 0.034482758620689655
        }
    ],
    "types": {
        "Script": 18
    },
    "nameservers": [
        "ns-1955.awsdns-52.co.uk",
        "ns-339.awsdns-42.com",
        "ns-691.awsdns-22.net",
        "ns-1039.awsdns-01.org"
    ]
}