{
    "domain": "getsitectrl.com",
    "owner": {},
    "source": [
        "DuckDuckGo-CA"
    ],
    "prevalence": 0.00262,
    "sites": 26,
    "subdomains": [
        "events"
    ],
    "cnames": [],
    "fingerprinting": 0,
    "resources": [
        {
            "rule": "getsitectrl\\.com\\/api\\/v1\\/events",
            "cookies": 0,
            "fingerprinting": 0,
            "subdomains": [
                "events"
            ],
            "apis": {},
            "sites": 26,
            "prevalence": 0.00262,
            "cnames": [],
            "responseHashes": [
                "c5c51888666700d23522ba048823f894af900162db9662aac2e0a5f472dfa72d",
                "c0b5b6807375208c7b8625ee3ddaa7018f210efc448ca316b20553ec9dbab1cb",
                "c30d4709b896fcf7d563ba13c4410c1e04b347c3767897c3370bc933f5b24407",
                "27a2322a4cb8ab93a9e99ae98e5517d362a23f220b7c161005898b15a0f7564d",
                "ce46f46d00eb36932a9acabb6368dddf3fd0b2fc3eeb8cd157b51e1d1134bbab",
                "3735eea7d09705f31c414c909539186f90a30c2fb9c630d1e479698af7bd3766",
                "dbd1c2b46a51cf1d3557f7bec9a1c1b35396f3de345e5a9959536705d70aac44",
                "d80b995021996cf2b969ef9e07b2b82a6d8a748f9afd867452f0fc5b122b82b9",
                "ba9f1f71baaab336cbd990037d3ea2f1f73d35c362f6b7297e7e74cbda2a1a08",
                "9c21045efc149a6647fa89e2a9187a8f4006d6b1032464004e7ef33b5f1cf931",
                "653d73d00750ea83f70ae32d2f1e7b4357b5d21d9d429292b52f275ea608c57c",
                "31547e9776ac0eaf0732a83a5f8bb5e25fed3cf60e8e99e93dae51c16004a2c6",
                "82468680af0d57ba5e439985c50887f3faa64dcece9ff7046ef9186713bd3ff0",
                "943cb7bfcaf63e2c54fc383c6200aab2f8fd3814233d617b785e84b3fe349b80",
                "abed5639c4e614b6c587e9461cc52e0e7a6157754fb43637f260ad12a1e76a11",
                "8271a245ebcfa9445ad37ad9c37fc157947754bb26b5da2af604ef95b230c0ac",
                "9f0991db620b63445d64946a02854c4daf8faef7f83d42f489f8ace00efa0bab",
                "1a5f70ed91b7695051285ab4d0b6b14df23522fc8c246815d0c2e7175b04ebea",
                "c849167778587e900502889878ee140f70906592ced67cdb794c9198d45a32fa",
                "8f4490e2c3bb416e45ab8fd5920dcb5b5148ff46b43f12edc56e151c6bee6a4a",
                "4737ac264759b8711d0bad6a58afa9e525ad048bda822ac747cbf337c8641227",
                "0ebf7cec5465068baad97b316ecc359a64310d175a97562040b127bd56e9d107",
                "5d6ae79146ea755b5f1ab62e5b1deca88c5829aff9e3fd48edd76f3d2d6f1ba3",
                "a1b4da7403179b8eba04fab5f3a3f23dd309852f30044e759bc40a861abb902b",
                "990a68983c68ad7b1a6be63af9edda22e08c3f2a01434601dac95febaec5c3f4"
            ],
            "type": "Fetch",
            "firstPartyCookies": {},
            "firstPartyCookiesSent": {},
            "exampleSites": [
                "www.fixya.com",
                "www.promessedefleurs.com",
                "www.nsnews.com",
                "www.piquenewsmagazine.com",
                "www.trustedhousesitters.com",
                "charityvillage.com",
                "money.ca",
                "condos.ca",
                "www.physio-pedia.com",
                "www.thesarniajournal.ca",
                "www.delta-optimist.com",
                "www.vancouverisawesome.com",
                "www.princegeorgecitizen.com",
                "www.prpeak.com",
                "www.getmaple.ca",
                "www.tricitynews.com",
                "www.1010tires.com",
                "property.ca",
                "www.richmond-news.com",
                "www.burnabynow.com"
            ]
        },
        {
            "rule": "getsitectrl\\.com\\/api\\/v1\\/events",
            "cookies": 0,
            "fingerprinting": 0,
            "subdomains": [
                "events"
            ],
            "apis": {},
            "sites": 2,
            "prevalence": 0.000201,
            "cnames": [],
            "responseHashes": [
                "e3b0c44298fc1c149afbf4c8996fb92427ae41e4649b934ca495991b7852b855"
            ],
            "type": "Ping",
            "firstPartyCookies": {},
            "firstPartyCookiesSent": {},
            "exampleSites": [
                "charityvillage.com",
                "www.physio-pedia.com"
            ]
        }
    ],
    "categories": [],
    "performance": {},
    "cookies": 0,
    "topInitiators": [
        {
            "domain": "getsitecontrol.com",
            "prevalence": 0.6470588235294118
        },
        {
            "domain": "first party",
            "prevalence": 0.35294117647058826
        }
    ],
    "types": {
        "Fetch": 26,
        "Ping": 2
    },
    "nameservers": [
        "ns-1342.awsdns-39.org",
        "ns-853.awsdns-42.net",
        "ns-1552.awsdns-02.co.uk",
        "ns-420.awsdns-52.com"
    ]
}