{
    "domain": "gorgias.chat",
    "owner": {},
    "source": [
        "DuckDuckGo-CA"
    ],
    "prevalence": 0.00332,
    "sites": 33,
    "subdomains": [
        "config",
        "assets"
    ],
    "cnames": [],
    "fingerprinting": 2,
    "resources": [
        {
            "rule": "gorgias\\.chat\\/gorgias-chat-bundle\\.js",
            "cookies": 0,
            "fingerprinting": 2,
            "subdomains": [
                "config"
            ],
            "apis": {
                "window.localStorage": 28,
                "Navigator.prototype.languages": 28,
                "Date.prototype.getTimezoneOffset": 28,
                "Date.prototype.getTime": 28,
                "window.innerWidth": 25,
                "window.innerHeight": 25,
                "window.sessionStorage": 25,
                "Navigator.prototype.userAgent": 25,
                "Event.prototype.timeStamp": 25,
                "window.indexedDB": 4
            },
            "sites": 28,
            "prevalence": 0.00282,
            "cnames": [],
            "responseHashes": [
                "5c827f5c834d0d0a22f6d5ea49ba69499a61ee25fce4f3cbb902314c8e907ecf",
                "7d2364d9d7c0412ccc2934135e8b811e49e2360862472a0e9b044de9d195791b",
                "10cf1863737021ff8581af52f5de6097ec547dfc4674e323bcd0d38cf85b05e2",
                "70d3dc24267f9df1a53c2402aa4c005cfa903706c508c74393382f72fdab4247",
                "34a2249f18f30bd5efc4b4e9ab2e1fe5bf459db7bd95663fb4bb36a98be6dfb1",
                "f84adfdc813bba5a47be083008ffe2fc4bcd4f26484bceed69973c940af2a415",
                "5f1df97f446c815d4197cf3be945748ec50920173191494c9998430573633b7c",
                "b21093ba4a2b2c7ad25b58da0e59fad5c55942282f9abc79b4689de60c382207",
                "7abebede7b81946d18bb916bff41e6dbb85e7fd76f322c93b3b44300f2cf8b92",
                "edeb3fd6ca1a73e4108775f047e7182c4a74357510dcdab408271152255b07c7",
                "cb0d4fc203631e5ae2ef1e6efac53a32538938720c4b2c433c15a1cc8039c467",
                "71253c6df655f53edac0c1c5e703a6e25dc047191549366cca3b0e99afe44bec",
                "8a04e2184c624b42a30c318080aff2eea2edbf516f0f39a50c422bc3dc30d71e",
                "b41f251d94acceee76e510848cce2e5d73c8a868acf78f1189a7d06b2e65bb8f",
                "e7508ca63906897d29d26b71603c5bcc6c39fab7ebcac808fb2013228c522a2c",
                "5ef5ed102a43bc992b346865c29c83292fbde2b2d87bd07cdcf997e8050239f3",
                "7092b4869ecd456aac52ba5be924bc25370b9062bf87f8b0f21d13848c7890ed",
                "f5fa9646720c0b9988bc5cc9df5378e8f08decd715011ca2d30308bc908fb8d6",
                "95244b634ae8e0bb716a19c0442b8c5c00863b60f82c7599ebdb6a0d3e33f285",
                "5c682be6e1e5c8ab2ec9bc03e7b19374c2796bf84320a9d11ae577e100e05f8b",
                "2038ae9153aed4f59a0c3eba88b6f58a4ee96b909dc0f32e661258fced0406a0",
                "e6951fb39cab7b8a2465a59f0b85163f3cadeec88981fb3bd984bdb72b6f16b2",
                "a5a0263a24d8e6853c5eab914e78bc0c14520c79bf783d76355fbd1d64aee8c1",
                "d6db85568c49b08d5a87c979009c0a104a2b2092fe2341a8b77edcb079728c17",
                "68a3bb59443755c57d589447fbe1f16a1beef270ad707d5c1e03443aedd5ac74",
                "03fc68cc96484810aaf2bec82dee31eecf38003e0c5e31fdb946b87448247977",
                "eff6ea19599c0815bec90c1c88a3a906783c9d3a28b9db5fd20550509c8679e6"
            ],
            "type": "Script",
            "firstPartyCookies": {},
            "firstPartyCookiesSent": {},
            "exampleSites": [
                "baerskintactical.com",
                "urban-planet.com",
                "www.northernfitness.ca",
                "snugglebugz.ca",
                "www.singer.com",
                "suzyshier.com",
                "www.davidstea.com",
                "treadmillfactory.ca",
                "www.newlook.ca",
                "www.pinkcherry.ca",
                "williamsfoodequipment.com",
                "timex.ca",
                "www.chefsupplies.ca",
                "pmctire.com",
                "www.baindepot.com",
                "ca.vessi.com",
                "www.westcoastseeds.com",
                "candyfunhouse.ca",
                "www.thebikeshop.com",
                "www.mastermindtoys.com"
            ]
        },
        {
            "rule": "gorgias\\.chat\\/build\\/static\\/js\\/focustrap\\.537e760901a928ee\\.js",
            "cookies": 0,
            "fingerprinting": 0,
            "subdomains": [
                "assets"
            ],
            "apis": {},
            "sites": 28,
            "prevalence": 0.00282,
            "cnames": [],
            "responseHashes": [
                "e3b0c44298fc1c149afbf4c8996fb92427ae41e4649b934ca495991b7852b855"
            ],
            "type": "Other",
            "firstPartyCookies": {},
            "firstPartyCookiesSent": {},
            "exampleSites": [
                "www.northernfitness.ca",
                "canadaweldingsupply.ca",
                "treadmillfactory.ca",
                "www.westcoastseeds.com",
                "www.baindepot.com",
                "ca.vessi.com",
                "urban-planet.com",
                "www.vitamart.ca",
                "williamsfoodequipment.com",
                "www.mastermindtoys.com",
                "www.gianttiger.com",
                "www.thebikeshop.com",
                "www.chefsupplies.ca",
                "ca.tilley.com",
                "www.pinkcherry.ca",
                "www.cpap.com",
                "suzyshier.com",
                "snugglebugz.ca",
                "pmctire.com",
                "www.singer.com"
            ]
        },
        {
            "rule": "gorgias\\.chat\\/build\\/static\\/js\\/846\\.0b58287d041cdf8b\\.js",
            "cookies": 0,
            "fingerprinting": 0,
            "subdomains": [
                "assets"
            ],
            "apis": {},
            "sites": 28,
            "prevalence": 0.00282,
            "cnames": [],
            "responseHashes": [
                "e3b0c44298fc1c149afbf4c8996fb92427ae41e4649b934ca495991b7852b855"
            ],
            "type": "Other",
            "firstPartyCookies": {},
            "firstPartyCookiesSent": {},
            "exampleSites": [
                "treadmillfactory.ca",
                "ca.tilley.com",
                "timex.ca",
                "www.gianttiger.com",
                "candyfunhouse.ca",
                "knifewear.com",
                "chatters.ca",
                "baerskintactical.com",
                "www.vitamart.ca",
                "canadaweldingsupply.ca",
                "williamsfoodequipment.com",
                "www.westcoastseeds.com",
                "suzyshier.com",
                "www.davidstea.com",
                "www.northernfitness.ca",
                "ca.vessi.com",
                "www.baindepot.com",
                "www.thebikeshop.com",
                "pmctire.com",
                "www.newlook.ca"
            ]
        },
        {
            "rule": "gorgias\\.chat\\/build\\/static\\/js\\/gcmw\\.d670f61f3256dbaf\\.js",
            "cookies": 0,
            "fingerprinting": 0,
            "subdomains": [
                "assets"
            ],
            "apis": {},
            "sites": 28,
            "prevalence": 0.00282,
            "cnames": [],
            "responseHashes": [
                "e3b0c44298fc1c149afbf4c8996fb92427ae41e4649b934ca495991b7852b855"
            ],
            "type": "Other",
            "firstPartyCookies": {},
            "firstPartyCookiesSent": {},