{
    "domain": "maredpt.com",
    "owner": {},
    "source": [
        "DuckDuckGo-CA"
    ],
    "prevalence": 0.00111,
    "sites": 11,
    "subdomains": [],
    "cnames": [],
    "fingerprinting": 0,
    "resources": [
        {
            "rule": "maredpt\\.com\\/pu\\/",
            "cookies": 0,
            "fingerprinting": 0,
            "subdomains": [],
            "apis": {},
            "sites": 11,
            "prevalence": 0.00111,
            "cnames": [],
            "responseHashes": [
                "66f7b6849f0d9a96e6edec30f3ca51e33d2d4e32153efe935a7d92ef4ec07d7b",
                "d2e23b94824d2e98821300d2144ccb4755bf0b628912d935e194ab34f33433e3",
                "eabf28d5a24cdb225189269b202ab1c6e6012b97ea2eab2cf0e5df221f626b19",
                "fc28073d7b2be2d6b6c00cddf8869abe719a176ce5de6df49a64c0082855b85e",
                "39a5b45ca558b7f6511bd65b7a1bd9ce1c7ac7f18bbf48a5e13801a5d24bea54",
                "1a0f47fe14eb5d5b5b5864623c26544512623cf9f7361ae4aa2e9592532ef21e",
                "bba63d6321dc8e9347c231387c670d0125b1b4c0f5ba9b1fb26145e0b3edf6c9",
                "0609c75ada492ed93f1e328cfb4d660ff9e68320525e66f90a414a946a483ea6",
                "0ee66c73d6ff3e2a072c6b7b70f7ce75dcc7954e087c29640a6c55e881d172d0",
                "d57e174aa13a6a2c1c07f8716d429faf196fe482214d7968845dee72f37c1f83"
            ],
            "type": "Document",
            "firstPartyCookies": {},
            "firstPartyCookiesSent": {},
            "exampleSites": [
                "tnaflix.com",
                "ok.porn",
                "ok.xxx",
                "www.imagefap.com",
                "www.perfectgirls.xxx",
                "www.porntrex.tv",
                "www.porntrex.com",
                "www.pornhat.com",
                "www.spankingtube.com",
                "www.tnaflix.com",
                "www.tranny.one"
            ]
        }
    ],
    "categories": [],
    "performance": {},
    "cookies": 0,
    "topInitiators": [
        {
            "domain": "twinrdack.com",
            "prevalence": 0.5454545454545454
        },
        {
            "domain": "twinrdsrv.com",
            "prevalence": 0.36363636363636365
        },
        {
            "domain": "impactserving.com",
            "prevalence": 0.09090909090909091
        }
    ],
    "types": {
        "Document": 11
    },
    "nameservers": [
        "ns1.eurodns.com",
        "ns3.eurodns.com",
        "ns2.eurodns.com",
        "ns4.eurodns.com"
    ]
}