{
    "domain": "mountain.com",
    "owner": {
        "name": "Mountain Digital, Inc.",
        "displayName": "Mountain Digital"
    },
    "source": [
        "DuckDuckGo-CA"
    ],
    "prevalence": 0.00433,
    "sites": 43,
    "subdomains": [
        "dx",
        "px",
        "gs"
    ],
    "cnames": [],
    "fingerprinting": 1,
    "resources": [
        {
            "rule": "mountain\\.com\\/spx",
            "cookies": 0,
            "fingerprinting": 1,
            "subdomains": [
                "dx"
            ],
            "apis": {
                "Document.cookie getter": 40,
                "Date.prototype.getTime": 22
            },
            "sites": 42,
            "prevalence": 0.00423,
            "cnames": [],
            "responseHashes": [
                "1e314717d1cf7479200c025c7b0b408628c605306b96afba4d0ef4e586c2d1b3",
                "504179470254d888caec7baf4f5d883778ffc217b988c57f207ff2e9e0a3c083",
                "ca1ba527c216220ee812e781d4968052b06977e9239db2f7a9bae1e6997e29d8",
                "c9d046116d4e96cc309f9a1a1db9fedb89bab6ac1889acb4bab1d5fa981870e1",
                "211f05445e23831fd91de757926cf9343c882d6988ce810dd8ea2a0f46200e46",
                "5e0284cfbcf9b32386bca1f2aba22324a81305ca31fa0d61bf075485b1afaea8",
                "419f188f8a929547eda2e4ea8fb214a4bc5db28243a3ce13f4172f560199d2df",
                "79b875a7078bfe93438225a3fc5e53f030e14c19a268fae907668a69af3fbb90",
                "a5c66e6f7a58ff0a03d2eff4a9429c0af4244bc8de9e07bee5b98260150f7ffa",
                "cdf6d033fbf33a8f1ee83572ab29d49031b2dcda349de3d742284f6488779b27",
                "f8b70ad539870a348146086ac45a2fb5e09d957b59faa45f9f6aecf650669053",
                "87ecf8e69897884691538a2981d4219a67f18a115bdef74877c197bdd1fdc1be",
                "4464ef6ca5da4b4f88c9642cc778dc6cc2622b299a0e3e6b4a86eb0d56a59052",
                "9596787c122fbc51da612efda2f5b19734b07bbb767b336b3405a80781bc0011",
                "7f7d4eb7fe2c9caf037fcf2831a79f0e82409f9c0bdc2edac373d92f52da754b",
                "742da298bf212224c0b4d22ab44179455e3d4777692438c8bbfba0197ca648ee",
                "43af0b774869077292ff769967820160ed13f75a33b3c478f26361613bafa03e",
                "d703f2cf0f9fcd71edc447ffcb9a97ebedde81620ebfc6daa14589ba75a899eb",
                "502d8e2c7c5ff28b94427556e5daa5cea34aa7afe1b3dc080fa322549dee5077",
                "7ac92de1395d20ac710fedb05637620796812147b88a807ef0563cc36462d30a",
                "03bc65fc438b311d5a88a1f606afb78c4aa201e039044c3e939950b1bcb7263f",
                "abd936520d935938620a2c2b448686529c7687b3ada4a2458d3137cc3fafbb66",
                "f3ad99acfa40449f46d2c837e2caa02780f3069d08d17e4e318bb0438d5412c2",
                "3d5b2c2f1af776c4651bd35e37ca1b78f7c5651d79dc5f047d8187e50ba85475",
                "e70461901221d6f5ca7c7677ca0d4ac7eeece344b8610ca1d3a7828c1111522b",
                "895835ec2c7323248c115e46a398fb5f1fea03f7bd7cf029350ff229d46b77a5",
                "4689b5a8d4295628c2e7f61eea7823c128124e4a2da9dd3dddfdc0bf142c9026",
                "cb04d8e34462d23f0ce7df7d99072122cd1cbf62e746c0bf6777cbc5eac89a5d",
                "e7d9a24855337f98e4dadc169ba83799860af3538a8f38161a9ae1592ad23be0",
                "5634fcf7bca11a7a6f89af4a1583ae366aa206bebc8843fcd77fe7f5f789d228",
                "f5127f958b1367e956665b81b7f2fb2561503a852c1423a9afaccf3664c9c629",
                "5e2472db9bd8b4eb1f72e267e067ed10f08bb1ddcc65cc20b464349a06f2e726",
                "88d06404ba1f2813b6d44dfde0916b8ef3feebc3b1f9b508fc95e7428b8d5e83",
                "b215ffaa55580117733ff6ae6d85214e31593435083ff94d6d1d9f25f521a59e",
                "f39e332114167923c5502208606eeeac04259987c94e9ff0fe33431d173badee",
                "1c1994e11559d4eaa01961f5510793eec962fc5deb3723df376869841317c04d",
                "933e4972fd2c3fadbaabb0c9a0f0652c35a4ff4c07a9956f74d3f48d9392f199",
                "2d0bba2dbf78b29a6520b77ddb51d0cf29accea7e85655662e7988ddc76a4d9c",
                "026c4715e4d4cded65a969b59ece97b2af9dd0ca591989b0fed6fbd605d7dc1d",
                "cad9a20b853f9b80dfd3ded71972799bf51ea31e20c6fe650a73ad5acabb99c3",
                "2eeba7beebae49f7560c1202a22432e5ab18dd4073449cae3569476336b73a77"
            ],
            "type": "Script",
            "firstPartyCookies": {},
            "firstPartyCookiesSent": {
                "__podscribe_vessi_landing_url": 0.00010061374383740819,
                "gpv_pn": 0.00010061374383740819,
                "IR_gbd": 0.0005030687191870409,
                "lotame_domain_check": 0.00010061374383740819,
                "_li_dcdm_c": 0.00030184123151222455
            },
            "exampleSites": [
                "www.redhat.com",
                "www.hottopic.com",
                "playactivate.com",
                "ground.news",
                "asana.com",
                "www.iqair.com",
                "www.angi.com",
                "food52.com",
                "www.plannedparenthood.org",
                "www.cpap.com",
                "realtruck.com",
                "www.sweetwater.com",
                "www.quince.com",
                "www.missouribotanicalgarden.org",
                "www.gadventures.com",
                "www.fjallraven.com",
                "www.rbauction.com",
                "www.masterclass.com",
                "www.niche.com",
                "www.thriftbooks.com"
            ]
        },
        {
            "rule": "mountain\\.com\\/st",
            "cookies": 0.00413,
            "fingerprinting": 0,
            "subdomains": [
                "px"
            ],
            "apis": {},
            "sites": 42,
            "prevalence": 0.00423,
            "cnames": [],