{
    "domain": "nice-team.net",
    "owner": {},
    "source": [
        "DuckDuckGo-CA"
    ],
    "prevalence": 0.000604,
    "sites": 6,
    "subdomains": [
        "cdn-bundler"
    ],
    "cnames": [],
    "fingerprinting": 1,
    "resources": [
        {
            "rule": "nice-team\\.net\\/app\\/js\\/bundler\\.js",
            "cookies": 0,
            "fingerprinting": 1,
            "subdomains": [
                "cdn-bundler"
            ],
            "apis": {
                "Navigator.prototype.userAgent": 5
            },
            "sites": 6,
            "prevalence": 0.000604,
            "cnames": [],
            "responseHashes": [
                "e9e4d71818c13fd0270fbdc3f2538bdb8ddd0906dba173c0f116833df61f883a",
                "084f3df45bab22c8bb6b1038837583ee78f5c7cf03fd45ab799eb37d2b6ac545",
                "ebeb287616ce279b493a5314f60463800a852c35fedf3de8e06d52dbf080644a",
                "a78f0577293745ce14fb5f8f5c05cd57aaa6ddfdb318d5c163d2a15c756e9cb0",
                "e6cad45ef1803e01d58fe98ff8d0cb94ff957092ca0612e6461998a997ec7547"
            ],
            "type": "Script",
            "firstPartyCookies": {},
            "firstPartyCookiesSent": {},
            "exampleSites": [
                "bambulab.com",
                "moogaudio.com",
                "organika.com",
                "shop.panasonic.com",
                "vitasave.ca",
                "www.cpap.com"
            ]
        },
        {
            "rule": "nice-team\\.net\\/app\\/js\\/bundler-script\\.js",
            "cookies": 0,
            "fingerprinting": 1,
            "subdomains": [
                "cdn-bundler"
            ],
            "apis": {
                "Navigator.prototype.userAgent": 5,
                "Date.prototype.getTime": 5,
                "Document.cookie getter": 2
            },
            "sites": 6,
            "prevalence": 0.000604,
            "cnames": [],
            "responseHashes": [
                "84a8298fa2bcc73ce86a7451b2105cdfe5d1cb070fafacca277f3d1e8d201649",
                "a09af77c4a28841b3ff10d1d7ad2207a645e07430ff1bc87e68eeb6803dacd52",
                "912f8fecf144051ddcb8afdc747b1cf4f5da4f30b8d8bbe7e36e406d96d330f3",
                "dba5166ad9db9ba648c1032ebbd34dcd0d085b50023b839ef5c68ca1db93a563",
                "f0384519fe79bb916f695838b789af125d2ff81abeef7a9706b415ecd5a16341"
            ],
            "type": "Script",
            "firstPartyCookies": {},
            "firstPartyCookiesSent": {},
            "exampleSites": [
                "bambulab.com",
                "moogaudio.com",
                "organika.com",
                "shop.panasonic.com",
                "vitasave.ca",
                "www.cpap.com"
            ]
        }
    ],
    "categories": [],
    "performance": {},
    "cookies": 0,
    "topInitiators": [
        {
            "domain": "first party",
            "prevalence": 1
        }
    ],
    "types": {
        "Script": 12
    },
    "nameservers": [
        "amanda.ns.cloudflare.com",
        "cash.ns.cloudflare.com"
    ]
}