{
    "domain": "noibu.com",
    "owner": {},
    "source": [
        "DuckDuckGo-CA"
    ],
    "prevalence": 0.00402,
    "sites": 40,
    "subdomains": [
        "cdn",
        "input"
    ],
    "cnames": [],
    "fingerprinting": 2,
    "resources": [
        {
            "rule": "noibu\\.com\\/collect\\.js",
            "cookies": 0,
            "fingerprinting": 2,
            "subdomains": [
                "cdn"
            ],
            "apis": {
                "Navigator.prototype.doNotTrack": 22,
                "Navigator.prototype.userAgent": 23,
                "window.localStorage": 22,
                "window.sessionStorage": 22,
                "Navigator.prototype.connection": 22,
                "Performance.prototype.memory": 26,
                "Date.prototype.getTime": 26,
                "Navigator.prototype.language": 26,
                "URL.createObjectURL": 22,
                "window.innerWidth": 26,
                "window.innerHeight": 26,
                "Event.prototype.timeStamp": 2,
                "console.memory": 1
            },
            "sites": 30,
            "prevalence": 0.00302,
            "cnames": [],
            "responseHashes": [
                "9d138594ca00297a0afe05dcad114b243190c599571d1ff2e6b4cd0c0831b04f",
                "9bdbd02ade8c73a0309396dae823c99ca2d4b65923ded118775875b06a443204",
                "c5e35b61b1ea63e171106b7c837b51fa2b4c7dd34b228020d5081487d9e46c9a",
                "2ae9e4f5e7e559e800e666db8644efb082b914c246d81626e9cbbacdbfa6d4d2",
                "b29803c1087c11606e30485ab471acb9ffa7667726f65cc486cb8afaf0595f36",
                "cd13d9547c28490cb80f8d345b939267affe0e5d1e30f048bf5f84ecf5ea2a37",
                "7836ce849b1ef44f5b5d0e766a494d1a78f42617a43ffa9e48571179748649ad",
                "b95ee8e180fac6eb709683cc4428e8902cb706401b7406c71ea4da53087099f0",
                "8dc0f991fedc2405fca075ee340be3cc7d85747522e040a2369d058df6d03afd",
                "bd359667a32446a05ef7e28a17576b9686708d4a491fa5262d9476d2e3689ef1",
                "e03bcae4f5f89b88a11d86f85ec799348880b3c327c28cc6795535c2bb68e37e",
                "649897229907ec97f7303786c8da83a93d859985f6708d866e91c0580b9ac1f1",
                "471ab34705c07bfc740e3fb6bc1f0f8aa0107eb7060c71a8083e069cfe313117",
                "d15d697e9159958c99812dcb0215ad5af097ad4f32940d9a1f7415d1f37d6b96",
                "c517c5902dd3f23ae4bf69bf8811935ac1c6161709596b0764b6109b31d44c18",
                "04fc958e8f158b89c668e0c7ac82d0c3c16600cd1e875eee5591c0e758acd8a6",
                "321d4d9d85278febd7743357c4da3237a43a38101c50ab5e4e5314cf485f2779",
                "7d46ee5b89c46c4a8955bb5f5ec30c8f68ad81798b94bb7d57b7c5b37906fd7d",
                "89adb3a2a8fc42d3414669a0981f1de81e2fee55f2866721bd6fa6b6e924c5af",
                "e32ccb73808d51ca8e7c745ec950015ba9a157ed9cd0e2d1f526d9de5534a145",
                "af7ca0deaaae7b08f0eded9f3c0c6e0de363f604b34ce8a8497a031ea052764d",
                "1e97f0780420356636f87ad32b0c9c028db4df889b0ff80ab79905f6667e65aa",
                "605098cb8817e6590bf75f6370c95566aaaa1744c229b5a8b53786073e12080a",
                "1d8fee4f7c7d8e7bde7271624a3e603c104db2043b941a89fbd45eff6c079c11"
            ],
            "type": "Script",
            "firstPartyCookies": {},
            "firstPartyCookiesSent": {},
            "exampleSites": [
                "www.transat.com",
                "flyflair.com",
                "www.cuisinart.com",
                "mustsociete.com",
                "www.spirit.com",
                "www.shopbentley.com",
                "www.cosmomusic.ca",
                "www.airtransat.com",
                "www.selloffvacations.com",
                "www.urbanbarn.com",
                "www.roots.com",
                "sleepcountry.ca",
                "www.sunwing.ca",
                "leevalley.com",
                "www.trailappliances.com",
                "en.sleepcountry.ca",
                "www.mscdirect.com",
                "suzyshier.com",
                "www.brownsshoes.com",
                "www.partstree.com"
            ]
        },
        {
            "rule": "noibu\\.com\\/pv_part",
            "cookies": 0,
            "fingerprinting": 0,
            "subdomains": [
                "input"
            ],
            "apis": {},
            "sites": 37,
            "prevalence": 0.00372,
            "cnames": [],
            "responseHashes": [],
            "type": "WebSocket",
            "firstPartyCookies": {},
            "firstPartyCookiesSent": {},
            "exampleSites": [
                "www.holtrenfrew.com",
                "www.jysk.ca",
                "flyflair.com",
                "mustsociete.com",
                "www.roots.com",
                "www.brownsshoes.com",
                "melanielyne.com",
                "ouraring.com",
                "www.selloffvacations.com",
                "www.dynamiteclothing.com",
                "sleepcountry.ca",
                "www.johnnyseeds.com",
                "mejuri.com",
                "www.wyze.com",
                "suzyshier.com",
                "www.leevalley.com",
                "www.transat.com",
                "www.trailappliances.com",
                "www.airtransat.com",
                "www.laura.ca"
            ]
        },
        {
            "rule": "noibu\\.com\\/collect-worker\\.js",
            "cookies": 0,
            "fingerprinting": 0,
            "subdomains": [
                "cdn"
            ],
            "apis": {},
            "sites": 37,
            "prevalence": 0.00372,
            "cnames": [],
            "responseHashes": [
                "893e612b6646a59145690c318149fe53708691ca1418a90683455b23d470e2ef"
            ],
            "type": "Fetch",
            "firstPartyCookies": {},
            "firstPartyCookiesSent": {},
            "exampleSites": [
                "www.garageclothing.com",
                "mejuri.com",
                "www.stokesstores.com",
                "www.airtransat.com",
                "leevalley.com",
                "www.wyze.com",
                "www.roots.com",
                "www.leevalley.com",
                "www.dynamiteclothing.com",
                "www.partstree.com",
                "flyflair.com",
                "www.spirit.com",
                "www.transat.com",
                "www.selloffvacations.com",
                "www.johnnyseeds.com",
                "ouraring.com",
                "melanielyne.com",
                "www.trailappliances.com",
                "www.holtrenfrew.com",
                "suzyshier.com"
            ]
        },
        {
            "rule": "noibu\\.com\\/pv",
            "cookies": 0,
            "fingerprinting": 0,
            "subdomains": [
                "input"
            ],
            "apis": {},
            "sites": 2,
            "prevalence": 0.000201,
            "cnames": [],
            "responseHashes": [],
            "type": "Preflight",
            "firstPartyCookies": {},
            "firstPartyCookiesSent": {},
            "exampleSites": [
                "sleepcountry.ca",
                "en.sleepcountry.ca"
            ]
        },
        {
            "rule": "noibu\\.com\\/pv",
            "cookies": 0,
            "fingerprinting": 0,
            "subdomains": [
                "input"
            ],
            "apis": {},
            "sites": 2,
            "prevalence": 0.000201,
            "cnames": [],
            "responseHashes": [],
            "type": "Fetch",
            "firstPartyCookies": {},
            "firstPartyCookiesSent": {},
            "exampleSites": [
                "sleepcountry.ca",
                "en.sleepcountry.ca"
            ]
        },
        {
            "rule": "noibu\\.com\\/collect-core\\.js",
            "cookies": 0,
            "fingerprinting": 2,
            "subdomains": [
                "cdn"
            ],