{
    "domain": "nosto.com",
    "owner": {
        "name": "Nosto Solutions Ltd",
        "displayName": "Nosto Solutions"
    },
    "source": [
        "DuckDuckGo-CA"
    ],
    "prevalence": 0.00101,
    "sites": 10,
    "subdomains": [
        "connect"
    ],
    "cnames": [],
    "fingerprinting": 1,
    "resources": [
        {
            "rule": "nosto\\.com\\/ev1",
            "cookies": 0,
            "fingerprinting": 0,
            "subdomains": [
                "connect"
            ],
            "apis": {},
            "sites": 10,
            "prevalence": 0.00101,
            "cnames": [],
            "responseHashes": [
                "0b4352ef49a9c0fe9b6573bce9d1f1f53c5d3a09d9180a8a121d04864515217c",
                "100d1884eba868a7ee06f78000038beaad9bc9e2ac1aeb3e50cc8e9c155e98a3",
                "900f5eac995760eb658088e9eb2eaca6aa9a17cf3b42fd12c4aacc3f06b50551",
                "fccb402bcaff8d24952b1c01ccc46dcd3d1a96ebfe17ccd164c7830106e51f85",
                "22bdad76703c712b73cdb832998de65c4faef5059e9698c26987bc2e8425b250",
                "8972b653636310e48b7d58e007e76708a20c1efbf23a3ad08ca9d832ddc7cbf4",
                "8ef1e514971338e251c35c5face4c15b0a7c274f8ded82280aaa72f75332413b",
                "abae12d8a69066e5c44cf6dc117b77435d68bd77f09e6b0c8fccd146683911fb",
                "5b3a7683b328917bb564ed59071977d954645b3cb181c3c1692f96681027d679"
            ],
            "type": "XHR",
            "firstPartyCookies": {},
            "firstPartyCookiesSent": {
                "_li_dcdm_c": 0.00030184123151222455,
                "lotame_domain_check": 0.00030184123151222455
            },
            "exampleSites": [
                "blnts.com",
                "ca.frankandoak.com",
                "suzyshier.com",
                "www.astronomy.com",
                "www.discovermagazine.com",
                "www.homesalive.ca",
                "www.premiumoutlets.com",
                "www.sail.ca",
                "www.saje.ca",
                "www.trains.com"
            ]
        },
        {
            "rule": "nosto\\.com\\/cmp-mapping\\/collections",
            "cookies": 0,
            "fingerprinting": 0,
            "subdomains": [
                "connect"
            ],
            "apis": {},
            "sites": 3,
            "prevalence": 0.000302,
            "cnames": [],
            "responseHashes": [
                "1868ef8afa51133a217ac559b17334cde8225f807e3b4cc233c280b6f3ad79cb",
                "44136fa355b3678a1146ad16f7e8649e94fb4fc21fe77e8310c060f61caaff8a"
            ],
            "type": "XHR",
            "firstPartyCookies": {},
            "firstPartyCookiesSent": {
                "2c.cId": 0.00030184123151222455
            },
            "exampleSites": [
                "blnts.com",
                "ca.frankandoak.com",
                "www.premiumoutlets.com"
            ]
        },
        {
            "rule": "nosto\\.com\\/include\\/chvdehrb",
            "cookies": 0.000302,
            "fingerprinting": 1,
            "subdomains": [
                "connect"
            ],
            "apis": {
                "Navigator.prototype.userAgent": 3,
                "Navigator.prototype.product": 3,
                "window.localStorage": 3,
                "window.sessionStorage": 2,
                "Document.cookie getter": 3,
                "Date.prototype.getTime": 3,
                "Document.cookie setter": 3
            },
            "sites": 3,
            "prevalence": 0.000302,
            "cnames": [],
            "responseHashes": [
                "8b9c0c621786a0ff6806aa1087efbbf9011f49b68f850120fb3b6890cdb5f54c"
            ],
            "type": "Script",
            "firstPartyCookies": {
                "2c.cId": {
                    "ttl": 126144003,
                    "length": 24,
                    "prevalence": 0.00030184123151222455,
                    "uniqueness": 1
                }
            },
            "firstPartyCookiesSent": {},
            "exampleSites": [
                "astronomy.com",
                "www.discovermagazine.com",
                "www.trains.com"
            ]
        }
    ],
    "categories": [],
    "performance": {},
    "cookies": 0.00101,
    "topInitiators": [
        {
            "domain": "first party",
            "prevalence": 0.8846153846153846
        },
        {
            "domain": "noibu.com",
            "prevalence": 0.07692307692307693
        },
        {
            "domain": "googletagmanager.com",
            "prevalence": 0.038461538461538464
        }
    ],
    "types": {
        "XHR": 13,
        "Script": 3
    },
    "nameservers": [
        "ns-1361.awsdns-42.org",
        "ns-1750.awsdns-26.co.uk",
        "ns-425.awsdns-53.com",
        "ns-596.awsdns-10.net"
    ]
}