{
    "domain": "p7cloud.net",
    "owner": {},
    "source": [
        "DuckDuckGo-CA"
    ],
    "prevalence": 0.00342,
    "sites": 34,
    "subdomains": [
        "silo48",
        "silo26",
        "silo49",
        "silo38",
        "silo52",
        "silo27",
        "silo40",
        "silo43",
        "silo50",
        "ua",
        "location",
        "lal"
    ],
    "cnames": [],
    "fingerprinting": 1,
    "resources": [
        {
            "rule": "p7cloud\\.net\\/as1\\.js",
            "cookies": 0.00312,
            "fingerprinting": 1,
            "subdomains": [
                "silo48",
                "silo26",
                "silo49",
                "silo38",
                "silo52",
                "silo27",
                "silo40",
                "silo43",
                "silo50"
            ],
            "apis": {
                "window.localStorage": 31,
                "Date.prototype.getTime": 31,
                "Navigator.prototype.languages": 14,
                "Document.cookie getter": 31,
                "Document.cookie setter": 31,
                "Navigator.prototype.userAgent": 2,
                "window.devicePixelRatio": 1,
                "Screen.prototype.width": 1,
                "Screen.prototype.height": 1,
                "Navigator.prototype.platform": 1
            },
            "sites": 34,
            "prevalence": 0.00342,
            "cnames": [],
            "responseHashes": [
                "e5dbd0fe93cced81442cdf4e1e74daa3e893e47a917dc14ffa4b444e09d4a1fd",
                "7be4883ea90f9acfccfb40de2db9e91298a12b714cf199b4807c4962816c78b0",
                "f79f0cf51538f7925f8e28328b0d6a736570a8fd9e8dbd2c3dc1fd593490d07b",
                "759165b2e537cd42ffa0250c8fc55be43c08cb1ff3cd7903da98690cca49a043",
                "230a36e089a794fdef2bb93d3857d11b668d837d4f32bcea4be9456a94bf0424",
                "21f99f7fc8a8fc3a101507730d33b51fdb157f831d5b8ae580e60b809ee27ec5",
                "4ed4471d159c1b68e79ae6cd24b4bbb9fb87e4947d415bf808476a911f258103",
                "249319713aae58cf6578288d463e7e8238595ce63b8d06a6256159fab9ed3817",
                "ee16c32ff558ab218ea3610118b16080b72bfb9f95da1f0550e9b8668b4abe2d",
                "972aeb22ba31b4650dc884da9e52d8569d5834001621e491ef34c33b53618ad4",
                "bada1f49dd743a004f692616c462458e95ec3a4151c470d22e0108369d36ac1e",
                "a7f0faba113cf4d95f442edc7c34cf0cc2e4e8c807f62a1468623027cae5e661",
                "fa4fc1a12aab66ee22aac50cdbc9c97294fe3b5d71c32148a590d853599d94aa",
                "eb465660c773a213ddca25e9274c8985688c021d047967abdf3996f47ff9d6cf",
                "e78565b3268e8c5f4d9d98a56a320cac8f9f944dcc9766dfebe22537d0028c6c",
                "b91dbf622db6fdfe31dbbf52017a4517070e3d4177e6d38e4ef4ad854590ac8a",
                "a25d14a3a6f152d7cb53b49128e88d70ae0cf051f9cb2f3e9f854f50522dd7dc",
                "ea137e5338999ba6c23decdb558d6f62cab06ecb675ed38c55bde321a9e0902b",
                "cab93061de0bd465bec05fa3ebac211babe03ee414f002c9eb7deb624330053f",
                "b86ee9cef343dea03e0091e276bdd391a550d72bdf007e5b17c0a3088883b1ff",
                "99288daf20e92aa0d0c73661cd5331704b38f685d3a8621660f74f74bb56a949",
                "3291f1bdc82b57029c8b5d1570ec5a9cca724a66e0378c805747c1e7c2687cfb",
                "849b99cbef453304d33f56623465047088acf98a42f7fd0004ccb0f3358b7c4a",
                "8af706e215f7946c378f19c78fc90c41a1b1572796a8797ecb92e3ed528850d5"
            ],
            "type": "Script",
            "firstPartyCookies": {
                "aspan_s": {
                    "ttl": 1821,
                    "length": 22,
                    "prevalence": 0.003119026058959654,
                    "uniqueness": 1
                }
            },
            "firstPartyCookiesSent": {
                "_li_dcdm_c": 0.0005030687191870409,
                "lotame_domain_check": 0.0006036824630244491
            },
            "exampleSites": [
                "cars.usnews.com",
                "health.usnews.com",
                "nypost.com",
                "twinfinite.net",
                "www.newsweek.com",
                "www.escapistmagazine.com",
                "www.gameskinny.com",
                "www.intouchweekly.com",
                "attackofthefanboy.com",
                "primagames.com",
                "dotesports.com",
                "www.siliconera.com",
                "progameguides.com",
                "www.lifeandstylemag.com",
                "travel.usnews.com",
                "www.themarysue.com",
                "www.charlieintel.com",
                "wegotthiscovered.com",
                "www.pcinvasion.com",
                "www.justjared.com"
            ]
        },
        {
            "rule": "p7cloud\\.net\\/if\\.html",
            "cookies": 0.00312,
            "fingerprinting": 1,
            "subdomains": [
                "silo48",
                "silo26",
                "silo49",
                "silo38",
                "silo52",
                "silo27",
                "silo40",
                "silo43"
            ],
            "apis": {
                "Date.prototype.getTime": 31,
                "Document.cookie setter": 31,
                "Document.cookie getter": 22,
                "window.localStorage": 19
            },
            "sites": 31,
            "prevalence": 0.00312,
            "cnames": [],
            "responseHashes": [
                "d42edb141cda8b27117800847a1d1934059ded1125122778a2bdc05fac4a4fd4"
            ],
            "type": "Document",
            "firstPartyCookies": {
                "arcid": {
                    "ttl": 7776024,
                    "length": 36,
                    "prevalence": 0.0028171848274474295,
                    "uniqueness": 1
                },
                "tapad": {
                    "ttl": 1209607,
                    "length": 13,
                    "prevalence": 0.0020122748767481637,
                    "uniqueness": 1
                },
                "cohorts": {
                    "ttl": 7776027,
                    "length": 42,
                    "prevalence": 0.0019116611329107556,
                    "uniqueness": 0.9473684210526315
                },
                "_t": {
                    "ttl": 249,
                    "length": 3,
                    "prevalence": 0.0005030687191870409,
                    "uniqueness": 0.2
                }
            },
            "firstPartyCookiesSent": {},
            "exampleSites": [
                "cars.usnews.com",
                "health.usnews.com",
                "nypost.com",
                "twinfinite.net",
                "www.newsweek.com",
                "primagames.com",
                "progameguides.com",
                "www.gamepur.com",
                "golf.com",
                "attackofthefanboy.com",
                "www.intouchweekly.com",
                "www.justjared.com",
                "www.charlieintel.com",
                "www.dexerto.com",
                "money.usnews.com",
                "www.usnews.com",
                "www.womansworld.com",
                "www.closerweekly.com",
                "pagesix.com",
                "www.escapistmagazine.com"
            ]
        },
        {
            "rule": "p7cloud\\.net\\/cpm\\.js",
            "cookies": 0,
            "fingerprinting": 0,
            "subdomains": [
                "silo48",
                "silo38",
                "silo40",
                "silo43"
            ],
            "apis": {},
            "sites": 16,
            "prevalence": 0.00161,
            "cnames": [],