{
    "domain": "prcdn.co",
    "owner": {},
    "source": [
        "DuckDuckGo-CA"
    ],
    "prevalence": 0.00121,
    "sites": 12,
    "subdomains": [
        "i",
        "t",
        "s",
        "r"
    ],
    "cnames": [],
    "fingerprinting": 2,
    "resources": [
        {
            "rule": "prcdn\\.co\\/img",
            "cookies": 0.00111,
            "fingerprinting": 0,
            "subdomains": [
                "i",
                "t"
            ],
            "apis": {},
            "sites": 11,
            "prevalence": 0.00111,
            "cnames": [],
            "responseHashes": [
                "6b599f28f69ae5551b380524993178e6caeb7ff4f1204390b3cb48e79561662d",
                "63049ff4e8f7d9bc164259af972ecadff74b7994ea365dc5497e84bef8cd88f7",
                "71a3dee77a294bb8eb34c7946d57abfd056f3f00e8592b749ca5c508e9164949",
                "f598d6ffc609b76df5f678834915a75e59fccbaa5eda70170ad6e1fa21bdeaf2",
                "9f6d5a19147cc935d7b80230545ee96c87a75bf2715e861b6da5f71a3ba11eff",
                "c53488d18e1c2d837a032bae1077a48194456cc9c6b03142560fdc0a9947cb4d",
                "eeb0e8f7d812111c768fe8e67c1d0722426ae8084002bb6823c9c1db8f89bee4",
                "a0dee12779056a470a883ab9cccc756ba03a61077c02efd2d7a73ddeb5a7212f",
                "07660c6331ddd970e4e88aeeffc9caf1d09479f20129475b3b6246a4af260e31",
                "f9ea9d9ec7c9760cdd2bfb6a2f91b22f0cbcef57c8c1f3deb785348da7693511"
            ],
            "type": "Image",
            "firstPartyCookies": {},
            "firstPartyCookiesSent": {},
            "exampleSites": [
                "calgaryherald.com",
                "edmontonjournal.com",
                "globe2go.pressreader.com",
                "leaderpost.com",
                "lfpress.com",
                "montrealgazette.com",
                "nationalpost.com",
                "ottawacitizen.com",
                "thestarphoenix.com",
                "vancouversun.com",
                "windsorstar.com"
            ]
        },
        {
            "rule": "prcdn\\.co\\/se2skyservices\\/res\\/",
            "cookies": 0.000101,
            "fingerprinting": 0,
            "subdomains": [
                "s"
            ],
            "apis": {},
            "sites": 2,
            "prevalence": 0.000201,
            "cnames": [],
            "responseHashes": [
                "feba484387c8e75d3ca4996538f2da68a9fab1f8f4ad1100f2c3d028738eb3c5"
            ],
            "type": "Fetch",
            "firstPartyCookies": {},
            "firstPartyCookiesSent": {},
            "exampleSites": [
                "pressreader.com",
                "globe2go.pressreader.com"
            ]
        },
        {
            "rule": "prcdn\\.co\\/res\\/en-us\\/g3416\\/t469320015\\/2\\/WebResource\\.ashx",
            "cookies": 0.000101,
            "fingerprinting": 0,
            "subdomains": [
                "r"
            ],
            "apis": {},
            "sites": 2,
            "prevalence": 0.000201,
            "cnames": [],
            "responseHashes": [
                "109432b7c01d93cced1f81b8d23176e2b9f59f85ba33e6052b05edf1801802cf"
            ],
            "type": "Stylesheet",
            "firstPartyCookies": {},
            "firstPartyCookiesSent": {},
            "exampleSites": [
                "pressreader.com",
                "www.pressreader.com"
            ]
        },
        {
            "rule": "prcdn\\.co\\/services\\/res\\/",
            "cookies": 0.000201,
            "fingerprinting": 0,
            "subdomains": [
                "s"
            ],
            "apis": {},
            "sites": 2,
            "prevalence": 0.000201,
            "cnames": [],
            "responseHashes": [
                "51594c959c21ce0ad728b42abb97c2ad2cc91176921c4c4015feaea468c76c62"
            ],
            "type": "Fetch",
            "firstPartyCookies": {},
            "firstPartyCookiesSent": {},
            "exampleSites": [
                "pressreader.com",
                "www.pressreader.com"
            ]
        }
    ],
    "categories": [],
    "performance": {},
    "cookies": 0.00121,
    "topInitiators": [
        {
            "domain": "first party",
            "prevalence": 1
        }
    ],
    "types": {
        "Image": 11,
        "Fetch": 4,
        "Stylesheet": 2
    },
    "nameservers": [
        "laura.ns.cloudflare.com",
        "alec.ns.cloudflare.com"
    ]
}