{
    "domain": "setupad.net",
    "owner": {},
    "source": [
        "DuckDuckGo-CA"
    ],
    "prevalence": 0.000704,
    "sites": 7,
    "subdomains": [
        "prebid-stag"
    ],
    "cnames": [],
    "fingerprinting": 0,
    "resources": [
        {
            "rule": "setupad\\.net\\/cookie_sync",
            "cookies": 0.000704,
            "fingerprinting": 0,
            "subdomains": [
                "prebid-stag"
            ],
            "apis": {},
            "sites": 7,
            "prevalence": 0.000704,
            "cnames": [],
            "responseHashes": [
                "a4f09c810667bc5c6a5a98fbfce594d3e8c1c33f9c809345251d79e8917c3e56",
                "b79fc604744f08daae27f8d54524e48b73a03b8408b4d58792990a25aed7de2f",
                "360874d65f5bd943428c23e78d2ba37a7b12b51fb7a9ef337a1a31db6866e5da",
                "17723cfa52ad70d0eac26e5af99c3132a2ed510b824132126b813dade2d1f6f3",
                "d4faaa8d05195efd308ea299bc514d65074d608277d8f4bb2b953e23dd4b34eb",
                "8050f2513e66d4eef003d409d8e14f928d663df7a37394f4e1356b069323402e"
            ],
            "type": "Fetch",
            "firstPartyCookies": {},
            "firstPartyCookiesSent": {},
            "exampleSites": [
                "assettocorsamods.io",
                "finbold.com",
                "www.ascii-code.com",
                "www.greatbritishchefs.com",
                "www.kyivpost.com",
                "www.motorcyclespecs.co.za",
                "www.windowslatest.com"
            ]
        },
        {
            "rule": "setupad\\.net\\/openrtb2\\/auction",
            "cookies": 0.000704,
            "fingerprinting": 0,
            "subdomains": [
                "prebid-stag"
            ],
            "apis": {},
            "sites": 7,
            "prevalence": 0.000704,
            "cnames": [],
            "responseHashes": [
                "c4740a15e6de31312f07cc890a3ce26d106ecedd60a8936b8f3f346baa18b348",
                "a2841a4653b8c96f3af9a1a2d7e2fd1c1db56b1268cb7c3a798bb1424f5e5fff",
                "abd028687169c6a9f1e849583a9eb7a582ef66f911dfe954adfcfa0a517e3dc0"
            ],
            "type": "Fetch",
            "firstPartyCookies": {},
            "firstPartyCookiesSent": {},
            "exampleSites": [
                "assettocorsamods.io",
                "finbold.com",
                "www.ascii-code.com",
                "www.greatbritishchefs.com",
                "www.kyivpost.com",
                "www.motorcyclespecs.co.za",
                "www.windowslatest.com"
            ]
        },
        {
            "rule": "setupad\\.net\\/setuid",
            "cookies": 0.000604,
            "fingerprinting": 0,
            "subdomains": [
                "prebid-stag"
            ],
            "apis": {},
            "sites": 6,
            "prevalence": 0.000604,
            "cnames": [],
            "responseHashes": [
                "c956a8bbf43bb56f60d1beefcc5a70f2cb0725083a00e8a0daf423176509fd18",
                "e3b0c44298fc1c149afbf4c8996fb92427ae41e4649b934ca495991b7852b855"
            ],
            "type": "Image",
            "firstPartyCookies": {},
            "firstPartyCookiesSent": {},
            "exampleSites": [
                "assettocorsamods.io",
                "finbold.com",
                "www.ascii-code.com",
                "www.kyivpost.com",
                "www.motorcyclespecs.co.za",
                "www.windowslatest.com"
            ]
        },
        {
            "rule": "setupad\\.net\\/setuid",
            "cookies": 0.000201,
            "fingerprinting": 0,
            "subdomains": [
                "prebid-stag"
            ],
            "apis": {},
            "sites": 2,
            "prevalence": 0.000201,
            "cnames": [],
            "responseHashes": [
                "e3b0c44298fc1c149afbf4c8996fb92427ae41e4649b934ca495991b7852b855"
            ],
            "type": "Document",
            "firstPartyCookies": {},
            "firstPartyCookiesSent": {},
            "exampleSites": [
                "ascii-code.com",
                "www.motorcyclespecs.co.za"
            ]
        }
    ],
    "categories": [],
    "performance": {},
    "cookies": 0.000704,
    "topInitiators": [
        {
            "domain": "stpd.cloud",
            "prevalence": 0.5
        },
        {
            "domain": "openx.net",
            "prevalence": 0.15789473684210525
        },
        {
            "domain": "first party",
            "prevalence": 0.13157894736842105
        },
        {
            "domain": "lijit.com",
            "prevalence": 0.07894736842105263
        },
        {
            "domain": "pubmatic.com",
            "prevalence": 0.05263157894736842
        },
        {
            "domain": "casalemedia.com",
            "prevalence": 0.02631578947368421
        },
        {
            "domain": "e-planning.net",
            "prevalence": 0.02631578947368421
        },
        {
            "domain": "onetag-sys.com",
            "prevalence": 0.02631578947368421
        }
    ],
    "types": {
        "Fetch": 14,
        "Image": 6,
        "Document": 2
    },
    "nameservers": [
        "deb.ns.cloudflare.com",
        "guy.ns.cloudflare.com"
    ]
}