{
    "domain": "sexfortokens.com",
    "owner": {},
    "source": [
        "DuckDuckGo-CA"
    ],
    "prevalence": 0.000604,
    "sites": 6,
    "subdomains": [
        "go"
    ],
    "cnames": [],
    "fingerprinting": 0,
    "resources": [
        {
            "rule": "sexfortokens\\.com\\/api\\/models",
            "cookies": 0.000604,
            "fingerprinting": 0,
            "subdomains": [
                "go"
            ],
            "apis": {},
            "sites": 6,
            "prevalence": 0.000604,
            "cnames": [],
            "responseHashes": [
                "59e3f1f1928a840ceebaaa618ef62c2e90be22b20d3e6be01fa9a4cddb4ddb5e",
                "37852e6f4dec1c60c850a9248f9178e257bc0df28aab8b65ee2ab0588373df32",
                "0beff7b0cab1c2480a6398817613346b144794f7d7de93dafe1988c8e532c83c",
                "1de9df2bfaec12a140763e18fbd9a76ea66ae94d8548137def5bf146d27a7256",
                "ca572e4165690235b787a6dfbb4b3d669bbbfe2cd836ac92fa19345badc17f0d"
            ],
            "type": "Fetch",
            "firstPartyCookies": {},
            "firstPartyCookiesSent": {},
            "exampleSites": [
                "eroticmv.com",
                "nhentai.com",
                "shooshtime.com",
                "txxx.com",
                "vxxx.com",
                "www.xfreehd.com"
            ]
        },
        {
            "rule": "sexfortokens\\.com\\/app\\/domain-checker\\/get-check",
            "cookies": 0.000604,
            "fingerprinting": 0,
            "subdomains": [
                "go"
            ],
            "apis": {},
            "sites": 6,
            "prevalence": 0.000604,
            "cnames": [],
            "responseHashes": [
                "ec8f55f6b8f4404866b4d342266b9b112fc3490a7c89d42bc01d08ccbd6ced98",
                "9e86f01139f0d2c36028ca54e6cd53dbff4ec19349be4c107ffb1b016c2630a1",
                "47047eafde6d659b95d30259759d1f0e3fd6a23d94c95db8c9593d86908a1b78",
                "82f6bcfbed63f281879e3df670e72649b20665feca58f0d47ce3bf3608292923",
                "a9d031b27af66a94452c191bac8081b41869d1b57b14c2440abcf1f723463c2d"
            ],
            "type": "Fetch",
            "firstPartyCookies": {},
            "firstPartyCookiesSent": {},
            "exampleSites": [
                "eroticmv.com",
                "nhentai.com",
                "shooshtime.com",
                "txxx.com",
                "vxxx.com",
                "www.xfreehd.com"
            ]
        },
        {
            "rule": "sexfortokens\\.com\\/abc\\.gif",
            "cookies": 0,
            "fingerprinting": 0,
            "subdomains": [
                "go"
            ],
            "apis": {},
            "sites": 6,
            "prevalence": 0.000604,
            "cnames": [],
            "responseHashes": [
                "e3b0c44298fc1c149afbf4c8996fb92427ae41e4649b934ca495991b7852b855"
            ],
            "type": "Image",
            "firstPartyCookies": {},
            "firstPartyCookiesSent": {},
            "exampleSites": [
                "eroticmv.com",
                "nhentai.com",
                "shooshtime.com",
                "txxx.com",
                "vxxx.com",
                "www.xfreehd.com"
            ]
        },
        {
            "rule": "sexfortokens\\.com\\/app\\/domain-checker\\/check-result",
            "cookies": 0.000604,
            "fingerprinting": 0,
            "subdomains": [
                "go"
            ],
            "apis": {},
            "sites": 6,
            "prevalence": 0.000604,
            "cnames": [],
            "responseHashes": [
                "e3b0c44298fc1c149afbf4c8996fb92427ae41e4649b934ca495991b7852b855"
            ],
            "type": "Fetch",
            "firstPartyCookies": {},
            "firstPartyCookiesSent": {},
            "exampleSites": [
                "eroticmv.com",
                "nhentai.com",
                "shooshtime.com",
                "txxx.com",
                "vxxx.com",
                "www.xfreehd.com"
            ]
        }
    ],
    "categories": [],
    "performance": {},
    "cookies": 0.000604,
    "topInitiators": [
        {
            "domain": "bbrdbr.com",
            "prevalence": 0.46875
        },
        {
            "domain": "rmhfrtnd.com",
            "prevalence": 0.375
        },
        {
            "domain": "camschat.net",
            "prevalence": 0.125
        },
        {
            "domain": "first party",
            "prevalence": 0.03125
        }
    ],
    "types": {
        "Fetch": 18,
        "Image": 6
    },
    "nameservers": [
        "ivan.ns.cloudflare.com",
        "kate.ns.cloudflare.com"
    ]
}