{
    "domain": "stay22.com",
    "owner": {},
    "source": [
        "DuckDuckGo-CA"
    ],
    "prevalence": 0.000906,
    "sites": 9,
    "subdomains": [
        "www",
        "scripts"
    ],
    "cnames": [],
    "fingerprinting": 2,
    "resources": [
        {
            "rule": "stay22\\.com\\/ext\\/partner",
            "cookies": 0.000906,
            "fingerprinting": 0,
            "subdomains": [
                "www"
            ],
            "apis": {},
            "sites": 9,
            "prevalence": 0.000906,
            "cnames": [],
            "responseHashes": [
                "5329b64099bf8e5d0d667e7766711ecbf137f318fc6409d29905df946f926bbb",
                "50beb0d9359b172b6294cca95cd4a2f7be6be62213745c7c4399469ab6748e22",
                "60b0431ee5a5629dfe0b769515cd567f82f2eddad3dcd8b097f6c7bcfbec7205",
                "9593eb622963eb46efef2a3f04ba7ca48640e0121cc2a73a426b1b4d5ee99f64",
                "de653df5c653257bf5a371db422e054331eb912fa90b8883acf28791de59e63e",
                "6ed54e3fe3e44ba61ce94d4a4a4416029fde1641ded3914ae349286a106d97fa",
                "8e19418a0b7baab391101f4f005e6870c0ab51201fcdc547173e1a1b4a8cbcff",
                "ec2726f49fc93ddf3f041e294e4430d2033f84ee98fbd5bec9c3a3818b26b86b"
            ],
            "type": "XHR",
            "firstPartyCookies": {},
            "firstPartyCookiesSent": {
                "_hjTLDTest": 0.00010061374383740819,
                "lotame_domain_check": 0.00010061374383740819,
                "_li_dcdm_c": 0.00010061374383740819
            },
            "exampleSites": [
                "climate-data.org",
                "matadornetwork.com",
                "queerintheworld.com",
                "worldpopulationreview.com",
                "www.expatden.com",
                "www.fieldmag.com",
                "www.holiday-weather.com",
                "www.paroles.net",
                "www.thebrokebackpacker.com"
            ]
        },
        {
            "rule": "stay22\\.com\\/ext\\/partner",
            "cookies": 0.000906,
            "fingerprinting": 0,
            "subdomains": [
                "www"
            ],
            "apis": {},
            "sites": 9,
            "prevalence": 0.000906,
            "cnames": [],
            "responseHashes": [],
            "type": "Preflight",
            "firstPartyCookies": {},
            "firstPartyCookiesSent": {
                "_hjTLDTest": 0.00010061374383740819,
                "lotame_domain_check": 0.00010061374383740819,
                "_li_dcdm_c": 0.00010061374383740819
            },
            "exampleSites": [
                "climate-data.org",
                "matadornetwork.com",
                "queerintheworld.com",
                "worldpopulationreview.com",
                "www.expatden.com",
                "www.fieldmag.com",
                "www.holiday-weather.com",
                "www.paroles.net",
                "www.thebrokebackpacker.com"
            ]
        },
        {
            "rule": "stay22\\.com\\/api\\/lehf",
            "cookies": 0.000906,
            "fingerprinting": 0,
            "subdomains": [
                "scripts"
            ],
            "apis": {},
            "sites": 9,
            "prevalence": 0.000906,
            "cnames": [],
            "responseHashes": [
                "0e029a3a3d01a0ca9f1345fa6bebf2813118d78c0cb8c598d8c29803163078c3",
                "1f173eb0f700f288d10183fb802a4fda7d1ae832a2d645b631697367a46af82d",
                "07df6c46a4a6f4bb9c59fc3b8a6507fd08b04feff8799ff3d1c307df77e5fccf",
                "c695fa0af4f50de52aaaf8fbe9c3ffd090317ec3e07274f5517e887c35f99588",
                "df48bb5da05be66f5ec0edfb44626613a9f6157b771655cbbf6534c93c066fe9",
                "febf52e1e1439497c8b47128a02c823223f8609498e43d3da4b78d0abdcb18ef",
                "2f120a7536a2aadd7e93eb9ff26726de2cbef0510a1db36fcfcf4eb01dfdfa53",
                "61c941557c435bcf7cc80deb7c1ad81d687b382beb4d8ef18634bd6059dc15f5"
            ],
            "type": "XHR",
            "firstPartyCookies": {},
            "firstPartyCookiesSent": {},
            "exampleSites": [
                "climate-data.org",
                "matadornetwork.com",
                "queerintheworld.com",
                "worldpopulationreview.com",
                "www.expatden.com",
                "www.fieldmag.com",
                "www.holiday-weather.com",
                "www.paroles.net",
                "www.thebrokebackpacker.com"
            ]
        },
        {
            "rule": "stay22\\.com\\/api\\/lehf",
            "cookies": 0.000906,
            "fingerprinting": 0,
            "subdomains": [
                "scripts"
            ],
            "apis": {},
            "sites": 9,
            "prevalence": 0.000906,
            "cnames": [],
            "responseHashes": [],
            "type": "Preflight",
            "firstPartyCookies": {},
            "firstPartyCookiesSent": {},
            "exampleSites": [
                "climate-data.org",
                "matadornetwork.com",
                "queerintheworld.com",
                "worldpopulationreview.com",
                "www.expatden.com",
                "www.fieldmag.com",
                "www.holiday-weather.com",
                "www.paroles.net",
                "www.thebrokebackpacker.com"
            ]
        },
        {
            "rule": "stay22\\.com\\/letmeallez\\.js",
            "cookies": 0.000805,
            "fingerprinting": 2,
            "subdomains": [
                "scripts"
            ],
            "apis": {
                "Navigator.prototype.vendor": 8,
                "Navigator.prototype.userAgent": 8,
                "Navigator.prototype.webkitTemporaryStorage": 8,
                "Performance.prototype.memory": 8,
                "window.localStorage": 8
            },
            "sites": 8,
            "prevalence": 0.000805,
            "cnames": [],
            "responseHashes": [
                "7a8f16705a1bf99aa423a3cd41207e52d6d0781181ffdf9564bb36422c184c5a"
            ],
            "type": "Script",
            "firstPartyCookies": {},
            "firstPartyCookiesSent": {},
            "exampleSites": [
                "matadornetwork.com",
                "queerintheworld.com",
                "worldpopulationreview.com",
                "www.expatden.com",
                "www.fieldmag.com",
                "www.holiday-weather.com",
                "www.paroles.net",
                "www.thebrokebackpacker.com"
            ]
        }
    ],
    "categories": [],
    "performance": {},
    "cookies": 0.000906,
    "topInitiators": [
        {
            "domain": "first party",
            "prevalence": 0.8333333333333334
        },
        {
            "domain": "googletagmanager.com",
            "prevalence": 0.16666666666666666
        }
    ],
    "types": {
        "XHR": 18,
        "Preflight": 18,
        "Script": 8
    },
    "nameservers": [
        "sid.ns.cloudflare.com",
        "wally.ns.cloudflare.com"
    ]
}