{
    "domain": "syndicatedsearch.goog",
    "owner": {},
    "source": [
        "DuckDuckGo-CA"
    ],
    "prevalence": 0.00181,
    "sites": 18,
    "subdomains": [],
    "cnames": [],
    "fingerprinting": 1,
    "resources": [
        {
            "rule": "syndicatedsearch\\.goog\\/afs\\/ads",
            "cookies": 0,
            "fingerprinting": 0,
            "subdomains": [],
            "apis": {},
            "sites": 17,
            "prevalence": 0.00171,
            "cnames": [],
            "responseHashes": [
                "23c55c132d2376b694bf87fdf5794869a1f8abb6ce1a5af46b564d7b4c97a18f",
                "c7da6d7c11befc9ac48b2e5d87ad94664293dc893078ae6a767380ebc328b88d",
                "0dd918136c06989156401326aac52385b6f67ae72a8b4808cb0db5816c3c0027",
                "ee4f9290df96bf941a204e207746e31aa0acf74fabeb113fa4f26023e22ebea1",
                "7b13a98d71c82fe71e21606d3f0189ad84fda4296183a601d694cf903060f96b",
                "4feaea80c684e10112a4f9bf36bc19e916946874ea1c5b8bdaac6c1f0e2322c9",
                "238d90cd3d71c02aa9c5b4f3582cad804948bde76d7a919e1b92ce7d598031e5",
                "8634cfe91d808c30bdb12757eda9cdd9f5ff5d16394580eb93c0f0cf615143ba",
                "8ae48652e7e2d0589d61e8284a1b2a6bcbf0ef2aaa3f33b480230bc4a76f12fa",
                "5c9b88a5d7047e06f8a000e5971942296df5e1d6a5957ac610f52a9730fee14f",
                "88ff30dae095749cc1adca0b86a6104d217996f3cfd17249a691d9676bb838c1",
                "9b43ff46e8f48be58b1320473b48807df0216b591e692c9ac2640fdaf3bb1aea",
                "673cfe91e7ee367dacaad679ddb8b587804991b54e412a2d15e766177a959aa9",
                "68f9251449551ff580cfeb2e51b1f051208e9df84aca9025cad678bc19bb41e9",
                "7605951b6bf8efed2964f13eda716cb52c90b0cf253e9e570cc3b4f5f08740e1",
                "2aa096cd8edc2f2a658e1670fc773415ea5b5d0ed5caa9a2a002d713df86747a"
            ],
            "type": "Document",
            "firstPartyCookies": {},
            "firstPartyCookiesSent": {},
            "exampleSites": [
                "accesswinnipeg.com",
                "fr.linux-console.net",
                "gluethings.com",
                "hatchjs.com",
                "knowinsiders.com",
                "mapliv.com",
                "opengovca.com",
                "tdbank.banklocationmaps.com",
                "tellyvisions.org",
                "tempmailo.com",
                "transittoronto.ca",
                "uhmegle.com",
                "weather-and-climate.com",
                "www.ehow.com",
                "www.linuxquestions.org",
                "www.movieinsider.com",
                "www.toolsadvisor.org"
            ]
        },
        {
            "rule": "syndicatedsearch\\.goog\\/adsense\\/search\\/ads\\.js",
            "cookies": 0,
            "fingerprinting": 1,
            "subdomains": [],
            "apis": {
                "Date.prototype.getTime": 16,
                "Navigator.prototype.userAgent": 12,
                "window.name": 10
            },
            "sites": 16,
            "prevalence": 0.00161,
            "cnames": [],
            "responseHashes": [
                "bdfa8a86622158e08509d956200f2626f4bc0391100da090c3834e7cb5dc812f",
                "cf8ecd6f7786d00fd9ad9e52b41b4c99f5b814b402cb4e533d790ff994af80e8",
                "5b84f3a88cba6fa3738dc706328e6320969b4bd70dffc287038e0494b1da9a10",
                "de33ef501c23268a388c974e80a37533ecf2b5950be163ad91ecd487baff63ac",
                "854899d7ee91ca332f8d474f00b3185b5e852a7bb0e3de96a8f928f533adc85f",
                "dc4f5b22f97213997e64f216b85aa020ad422168455264c932be193ddf58c317",
                "3954a40393ce0e89ec36f2b6387ac0d1b5af6980b9e4e4c2b1c71bbea48b4dab",
                "6b085c63f8768e308cc91d00257bda275045e2a8183993d17e8282858d22f8ac"
            ],
            "type": "Script",
            "firstPartyCookies": {},
            "firstPartyCookiesSent": {},
            "exampleSites": [
                "accesswinnipeg.com",
                "fr.linux-console.net",
                "gluethings.com",
                "hatchjs.com",
                "knowinsiders.com",
                "mapliv.com",
                "opengovca.com",
                "tdbank.banklocationmaps.com",
                "tellyvisions.org",
                "tempmailo.com",
                "transittoronto.ca",
                "uhmegle.com",
                "weather-and-climate.com",
                "www.linuxquestions.org",
                "www.movieinsider.com",
                "www.toolsadvisor.org"
            ]
        },
        {
            "rule": "syndicatedsearch\\.goog\\/afs\\/gen_204",
            "cookies": 0,
            "fingerprinting": 0,
            "subdomains": [],
            "apis": {},
            "sites": 15,
            "prevalence": 0.00151,
            "cnames": [],
            "responseHashes": [
                "e3b0c44298fc1c149afbf4c8996fb92427ae41e4649b934ca495991b7852b855"
            ],
            "type": "Image",
            "firstPartyCookies": {},
            "firstPartyCookiesSent": {},
            "exampleSites": [
                "accesswinnipeg.com",
                "fr.linux-console.net",
                "gluethings.com",
                "hatchjs.com",
                "knowinsiders.com",
                "tdbank.banklocationmaps.com",
                "tellyvisions.org",
                "tempmailo.com",
                "transittoronto.ca",
                "uhmegle.com",
                "weather-and-climate.com",
                "www.linuxquestions.org",
                "www.motorauthority.com",
                "www.movieinsider.com",
                "www.toolsadvisor.org"
            ]
        }
    ],
    "categories": [],
    "performance": {},
    "cookies": 0,
    "topInitiators": [
        {
            "domain": "google.com",
            "prevalence": 1
        }
    ],
    "types": {
        "Document": 17,
        "Script": 16,
        "Image": 15
    },
    "nameservers": [
        "ns1.google.com",
        "ns3.google.com",
        "ns2.google.com",
        "ns4.google.com"
    ]
}