{
    "domain": "trafget.com",
    "owner": {},
    "source": [
        "DuckDuckGo-CA"
    ],
    "prevalence": 0.000805,
    "sites": 8,
    "subdomains": [
        "ts"
    ],
    "cnames": [],
    "fingerprinting": 0,
    "resources": [
        {
            "rule": "trafget\\.com\\/nw100\\.php",
            "cookies": 0.000604,
            "fingerprinting": 0,
            "subdomains": [
                "ts"
            ],
            "apis": {},
            "sites": 6,
            "prevalence": 0.000604,
            "cnames": [],
            "responseHashes": [
                "7e910ef048741c29422d5819d74b8b82622f1de01cad80c02d0ee50ebdc4b25f",
                "be9cca40d01dab7231e62270fa479f4afd4026e0b4f6fab5f70d2791ea8d4214",
                "772a0ac1970785b969c48ae5f165f3f9ce4500a6e4a844d857f073016c77cd09",
                "28aa2d19dedc62f43baf62c875339c7bc6086800f1b41a510dcd773dd6e35a35",
                "d67b4c835d1d2ba38808bed189d24c3c818358c0683cf56ada1495f5af03229d"
            ],
            "type": "Document",
            "firstPartyCookies": {},
            "firstPartyCookiesSent": {},
            "exampleSites": [
                "freeadultcomix.com",
                "hdporn92.com",
                "iceporncasting.net",
                "sexstories69.com",
                "sexygirlspics.com",
                "thematurepornpics.com"
            ]
        },
        {
            "rule": "trafget\\.com\\/nw\\.php",
            "cookies": 0.000503,
            "fingerprinting": 0,
            "subdomains": [
                "ts"
            ],
            "apis": {},
            "sites": 5,
            "prevalence": 0.000503,
            "cnames": [],
            "responseHashes": [
                "1eb9fdb99c9560dd8cb2b7648cf23afaacb5c05f57bab8891a3334b8e4fb74e7",
                "5b225562f1d6c13d75f9c2bfdcd7c44c6087d59e61550f3c318000042a0935e4",
                "389c4784b8991de86fe206da527a987c62f72a55101734674a2097565425c5ac",
                "69075e9fc19bbabc5bd17a5e646664b5df5ba538220c631935a5689ab8092c1e"
            ],
            "type": "Document",
            "firstPartyCookies": {},
            "firstPartyCookiesSent": {},
            "exampleSites": [
                "freeadultcomix.com",
                "hdporn92.com",
                "iceporncasting.net",
                "pornzog.com",
                "vxxx.com"
            ]
        }
    ],
    "categories": [],
    "performance": {},
    "cookies": 0.000805,
    "topInitiators": [
        {
            "domain": "tsyndicate.com",
            "prevalence": 0.75
        },
        {
            "domain": "first party",
            "prevalence": 0.25
        }
    ],
    "types": {
        "Document": 11
    },
    "nameservers": [
        "harleigh.ns.cloudflare.com",
        "buck.ns.cloudflare.com"
    ]
}