{
    "domain": "wisepops.net",
    "owner": {},
    "source": [
        "DuckDuckGo-CA"
    ],
    "prevalence": 0.00211,
    "sites": 21,
    "subdomains": [],
    "cnames": [],
    "fingerprinting": 2,
    "resources": [
        {
            "rule": "wisepops\\.net\\/loader\\.js",
            "cookies": 0.000704,
            "fingerprinting": 2,
            "subdomains": [],
            "apis": {
                "window.sessionStorage": 7,
                "window.localStorage": 7,
                "Document.cookie getter": 7,
                "Document.cookie setter": 7,
                "Date.prototype.getTime": 7,
                "window.innerHeight": 7,
                "window.innerWidth": 7,
                "Navigator.prototype.cookieEnabled": 7,
                "Intl.DateTimeFormat.prototype.resolvedOptions": 6
            },
            "sites": 21,
            "prevalence": 0.00211,
            "cnames": [],
            "responseHashes": [
                "459285bba79670590d55db826de657eba34d17fc9831b054b70cbe3afa8e40ae",
                "e3b0c44298fc1c149afbf4c8996fb92427ae41e4649b934ca495991b7852b855",
                "9f6f634eccf635ca2ae683fa635ba24f4136bf8d1f7a8ef1808f5c62f60860b5",
                "2bb305d3c885cae86dac3ce3c58f87ae3167cdf06e33c4790cfe34ee40bb9b8a",
                "63e2eadb6ece62b8fefc31d24bd4215ef600c03760237e3379b2fd244690f8c1",
                "0ec6e906fa4c042bebc1cf0c7360bf2c6859016eea8861ecf9747008bf696d01",
                "733903027a6ef1bc965984d4617e06112437d726bef567fd7a12bd57050e04f4",
                "e4d0fcc7e7799a21d9114efde859eb61894f5a04b7126cea2e6429513e025848",
                "70d9187958cb7ecf23bbe3f3497c3155714e903a840fc91f5f5382fe1a151fb9",
                "e6c35e45d8d4da4d5a0fd4ce853b3327cb04f890f36b14cbc2000401f241362a",
                "cf23c94376d93ad16532af81fb99f50979b5e7377f880abb84a32c6a195779a2",
                "aa11497f9ae6dcad91a6ea0239628f9ee32289291979abcd8c8fab6ba3aa63d7",
                "df8b83a6b51a274b0902b6f0186b804b63ad1f78244bc209492dbcdc62d39c77",
                "a5f960cfa6d5faf4678b877e819ea7d1ea3c9de7a1779c2ff397285487afd84e",
                "87138b4595b22fea22c340cdb86a9f0b939da390aad0dd539e5ce6340f401894"
            ],
            "type": "Script",
            "firstPartyCookies": {
                "__tld__": {
                    "ttl": 4,
                    "length": 1,
                    "prevalence": 0.0007042962068618574,
                    "uniqueness": 0.14285714285714285
                },
                "wisepops": {
                    "ttl": 63072000,
                    "length": 179,
                    "prevalence": 0.0007042962068618574,
                    "uniqueness": 1
                },
                "wisepops_session": {
                    "ttl": null,
                    "length": 282,
                    "prevalence": 0.0007042962068618574,
                    "uniqueness": 1
                },
                "wisepops_visitor": {
                    "ttl": 63072000,
                    "length": 67,
                    "prevalence": 0.0006036824630244491,
                    "uniqueness": 1
                },
                "wisepops_visits": {
                    "ttl": 63072000,
                    "length": 40,
                    "prevalence": 0.0006036824630244491,
                    "uniqueness": 1
                },
                "wisepops_props": {
                    "ttl": 63072000,
                    "length": 96,
                    "prevalence": 0.00020122748767481639,
                    "uniqueness": 1
                }
            },
            "firstPartyCookiesSent": {},
            "exampleSites": [
                "www.bfi.org.uk",
                "www.canadaluggagedepot.ca",
                "www.flightcentre.ca",
                "www.onthesnow.com",
                "silvergoldbull.ca",
                "www.microcenter.com",
                "millerthomson.com",
                "timex.ca",
                "thedrardisshow.com",
                "www.dailywire.com",
                "www.ceicdata.com",
                "www.spacelist.ca",
                "www.greatbritishchefs.com",
                "alzheimer.ca",
                "www.alfred.com",
                "www.patheos.com",
                "kuhnrikon.com",
                "www.bmr.ca",
                "www.beliefnet.com",
                "realtruck.com"
            ]
        },
        {
            "rule": "wisepops\\.net\\/id",
            "cookies": 0,
            "fingerprinting": 0,
            "subdomains": [],
            "apis": {},
            "sites": 17,
            "prevalence": 0.00171,
            "cnames": [],
            "responseHashes": [
                "de21556361920491617d151aee2afd4d73e34efae9ebcedb17856fabff018efb",
                "9c57d37e1c9bc1134b056e76a19fa0dd2b0bfe6892a0239d6b0843a9de2ce148",
                "96ff317008990c62a2310f100504144cacc56a0f6cb2771c133671383113db78",
                "1b22cc2e989ad187360bf9da040ec6aa9d90821784fee403ddf74332f0f9c8f8",
                "45c4aa1f6805199d7d5d98bb26cb29dad7e85df4cd55bccd47997273cd8436a4",
                "aedc6af75f987c9ba1e37d73246698693bbd8957a473f741b6b2abf79b2e461d",
                "0691e3bc261b07da25cccd6f8db92221b1568a7e436158e4349349d56af6beff",
                "e11a5f61744cb197fb997dcd1ba656c7e62556fb5a1a25e9adf64797058dcfda",
                "23f08e49dabe9872f9623bd50e5bca2a83003b5444f318885eb1c65f235e5d32",
                "64e9f052b6f85b8a844dc20b0453c2d08726236dd7bee8be4cddb1a177cf174f",
                "9f0b6d498c8712f47946b679874c8e3d91bb9ccd9add627c24ddb036b10e0626",
                "610d93faf558d03419079be8535c9e5e9a577ffb3bbcc3950b4a6dfa77c78b65",
                "6d9b0dd8d7ae101874ceb0a6e7f83a65e4966d24edd1ccc5573260fe64d4612e",
                "9a6913e282b4abfe564cfaa8888843ae15d5a4a557262546916689acc250b3aa",
                "187a32faa4f3171d43fd7476d5577e407e3aab308d57c98ccf157cb52ccff9aa"
            ],
            "type": "Fetch",
            "firstPartyCookies": {},
            "firstPartyCookiesSent": {},
            "exampleSites": [
                "alzheimer.ca",
                "haynes.com",
                "kuhnrikon.com",
                "realtruck.com",
                "silvergoldbull.ca",
                "timex.ca",
                "www.alfred.com",
                "www.beliefnet.com",
                "www.bfi.org.uk",
                "www.ceicdata.com",
                "www.dailywire.com",
                "www.flightcentre.ca",
                "www.greatbritishchefs.com",
                "www.microcenter.com",
                "www.onthesnow.com",
                "www.patheos.com",
                "www.spacelist.ca"
            ]
        },
        {
            "rule": "wisepops\\.net\\/my-wisepop",
            "cookies": 0,
            "fingerprinting": 0,
            "subdomains": [],
            "apis": {},
            "sites": 16,
            "prevalence": 0.00161,
            "cnames": [],