{
    "domain": "amspbs.com",
    "owner": {},
    "source": [
        "DuckDuckGo-GB"
    ],
    "prevalence": 0.00131,
    "sites": 13,
    "subdomains": [],
    "cnames": [],
    "fingerprinting": 0,
    "resources": [
        {
            "rule": "amspbs\\.com\\/cookie_sync",
            "cookies": 0,
            "fingerprinting": 0,
            "subdomains": [],
            "apis": {},
            "sites": 13,
            "prevalence": 0.00131,
            "cnames": [],
            "responseHashes": [
                "f9e5bc280eed2d3987ad4e6bf3719d98cf835fdca914791a47171ee1076c4b01",
                "fe0d9b0c47e56700062e1e6cfcaa084f5bfd85a7901721f9c8ce651b60c59a6a",
                "4794bd0bf1d92d9e14221fdb597d405b21d37bd1b540c9723deb7d0874fdd4e6",
                "4bb0874c6cd989f4f8900663d6d74a54c8e5657f849c1547fe84ab10a96c25f9",
                "bb1a700b8aef736d5254e0f3751328c3eb1503b0ca180853e8cee088f7a77621",
                "d661ed949273051a209c1cd0c6658b32ccaca94c156f8815ad01f71df4eb4f84"
            ],
            "type": "Fetch",
            "firstPartyCookies": {},
            "firstPartyCookiesSent": {},
            "exampleSites": [
                "attackofthefanboy.com",
                "dotesports.com",
                "primagames.com",
                "progameguides.com",
                "twinfinite.net",
                "wegotthiscovered.com",
                "www.destructoid.com",
                "www.escapistmagazine.com",
                "www.gamepur.com",
                "www.gameskinny.com",
                "www.pcinvasion.com",
                "www.siliconera.com",
                "www.whatismyip.com"
            ]
        },
        {
            "rule": "amspbs\\.com\\/openrtb2\\/auction",
            "cookies": 0,
            "fingerprinting": 0,
            "subdomains": [],
            "apis": {},
            "sites": 13,
            "prevalence": 0.00131,
            "cnames": [],
            "responseHashes": [
                "0590f43faa5c21257d6547f6158735b6817a0a150af702713b47f3b16ec00832",
                "6793e869112b788a98a4c0df4f6d8f95a0bd975790d88375805a515a51d0eaf2",
                "673689fe144f8481543d02ac0e7f8aeffb8d6059240758f37965e73d6bbe8af9",
                "60c71e1051664631a8f6f7b063d56ef22905ce7ae107f92beaf353af75bd8e29",
                "6e36ccfbe4af094d950b80155b9ead72114d33ef7f53ba36ff6033b4e979b32e",
                "b7554c4abc262c3e2fddeeabf3381c64643f80ea4a0fc0d957ea704e09d1cb74",
                "57fffe74d2e776a6c96373bb6151183dc75e74d0bd533ded3ed14326b4b7832c",
                "aa227d2903aa534d9de0c14a929bb16301e4d52fa9623edec8c9fcea6a23005f",
                "f5ac8e437be77bf6c968864f4c27ad6640ade8f7383c09707d545c4178cfaf46",
                "ec0f2befffa743d26e27bba9afb92daf9d062d1fed72ba3fc378d45093b41504",
                "bc65297698467b6711b3d6106cd7521c3e820044f3f17db22a94e81eb7aac66f",
                "a31960017864f9ff577d7e1782abdd776cece36850ea46376432fa74059322cb"
            ],
            "type": "Fetch",
            "firstPartyCookies": {},
            "firstPartyCookiesSent": {},
            "exampleSites": [
                "attackofthefanboy.com",
                "dotesports.com",
                "primagames.com",
                "progameguides.com",
                "twinfinite.net",
                "wegotthiscovered.com",
                "www.destructoid.com",
                "www.escapistmagazine.com",
                "www.gamepur.com",
                "www.gameskinny.com",
                "www.pcinvasion.com",
                "www.siliconera.com",
                "www.whatismyip.com"
            ]
        },
        {
            "rule": "amspbs\\.com\\/setuid",
            "cookies": 0.000301,
            "fingerprinting": 0,
            "subdomains": [],
            "apis": {},
            "sites": 3,
            "prevalence": 0.000301,
            "cnames": [],
            "responseHashes": [
                "e3b0c44298fc1c149afbf4c8996fb92427ae41e4649b934ca495991b7852b855"
            ],
            "type": "Document",
            "firstPartyCookies": {},
            "firstPartyCookiesSent": {},
            "exampleSites": [
                "wegotthiscovered.com",
                "www.escapistmagazine.com",
                "www.siliconera.com"
            ]
        },
        {
            "rule": "amspbs\\.com\\/setuid",
            "cookies": 0.000402,
            "fingerprinting": 0,
            "subdomains": [],
            "apis": {},
            "sites": 4,
            "prevalence": 0.000402,
            "cnames": [],
            "responseHashes": [
                "c956a8bbf43bb56f60d1beefcc5a70f2cb0725083a00e8a0daf423176509fd18"
            ],
            "type": "Image",
            "firstPartyCookies": {},
            "firstPartyCookiesSent": {},
            "exampleSites": [
                "wegotthiscovered.com",
                "www.escapistmagazine.com",
                "www.siliconera.com",
                "www.whatismyip.com"
            ]
        }
    ],
    "categories": [],
    "performance": {},
    "cookies": 0.000402,
    "topInitiators": [
        {
            "domain": "htlbid.com",
            "prevalence": 0.8787878787878788
        },
        {
            "domain": "sellwild.com",
            "prevalence": 0.09090909090909091
        },
        {
            "domain": "first party",
            "prevalence": 0.030303030303030304
        }
    ],
    "types": {
        "Fetch": 26,
        "Document": 3,
        "Image": 4
    },
    "nameservers": [
        "ns-587.awsdns-09.net",
        "ns-219.awsdns-27.com",
        "ns-1341.awsdns-39.org",
        "ns-1592.awsdns-07.co.uk"
    ]
}