{
    "domain": "bunny.net",
    "owner": {},
    "source": [
        "DuckDuckGo-GB"
    ],
    "prevalence": 0.00332,
    "sites": 33,
    "subdomains": [
        "fonts"
    ],
    "cnames": [],
    "fingerprinting": 0,
    "resources": [
        {
            "rule": "bunny\\.net\\/css",
            "cookies": 0,
            "fingerprinting": 0,
            "subdomains": [
                "fonts"
            ],
            "apis": {},
            "sites": 32,
            "prevalence": 0.00321,
            "cnames": [],
            "responseHashes": [
                "91b2e35aa1a83cb5e1f8a81bbfd7282eae3f275bf21c0d5463b0b8dd4b88e035",
                "51a66f44b3a8529c2ec600d5cfed0fa189b53d1f74c024122b5b6f28fac38727",
                "381dc182e82acce31f4cdc9a5fdb3831f61aee332014bef0cccbe77b1d6c03aa",
                "a0ac081e50481287af5272ca27593c798b2d7ff3310ccd590fa0da08b2156c0f",
                "4fed59230e40d1804e5841989a09b12470f9eac8cf7e15eff13490cdf009c43d",
                "0ae52e4bd77c3fc50dad8de596fb5171a67686c94771023a92396810d946e45c",
                "ee08fa80205ecbff2b39e18d7e64c31dc2de338a49b1359e4beaf7e2d3731d27",
                "220f6c247006f789e00d6a5a0c500383293508d1190d8781a9818023c9c0b60f",
                "9ceeff21a93c14d399f43b5cd80712db8e3655e2b3130850d6aa77d69c1e44ed",
                "6481508c065fa04299994b77ad18b189cb1a9d1259e867d4e27d97af8934927d",
                "630b08f38fca432cd3ab6df7c3e4c90575b3678518089ca1f03be82fa234421c",
                "84a34a15b9f642da0d05bc3788218e8945a77f1f204d6d8e0954ce7ce05b6140",
                "4209660d11d10bb16c51e1d966b72d552f0dc1b0ca31830b901d73b4c96f08a2",
                "b47661da687e21ba73e9e4d86b6243df8dd22eb173312dbdae4bc233de80a009",
                "6b1bda8615d7b3cd4e38d9b27bb5cae51ee4b4527af31877d2c09d939211ed58",
                "1af03775edb7ed0601679f2c6ea158ea94f18ed331cfb86dd68a84dae40472c0",
                "38d07422505cc35f0c3412907f9110c025c7a543e84ef15ea0ce6be8bc290d11",
                "9c3b334c710b1016b4acb9e8d4c220883a0ee9678652058da60890ad2299b385",
                "6abff1233b1735ddfabf718838cb108129b242f7523a35a78f3d17e07e2c62b9",
                "b7d191b39062ed01a8f2ac3c4c0a4adfd81d6925d86b6e37304999d980c89157"
            ],
            "type": "Stylesheet",
            "firstPartyCookies": {},
            "firstPartyCookiesSent": {},
            "exampleSites": [
                "only-scat.com",
                "www.directstoves.com",
                "news.stv.tv",
                "www.direct-fireplaces.com",
                "www.discoverwalks.com",
                "www.herefordshire.gov.uk",
                "www.boilerguide.co.uk",
                "www.sparksdirect.co.uk",
                "www.dieoff.org",
                "www.innerbody.com",
                "moneyadvisor.co.uk",
                "www.theabsolutesound.com",
                "producerhive.com",
                "fapello.cam",
                "www.fluentu.com",
                "mysupermarketcompare.co.uk",
                "fabricland.co.uk",
                "fapello.to",
                "americansongwriter.com",
                "twominenglish.com"
            ]
        },
        {
            "rule": "bunny\\.net\\/roboto\\/files\\/roboto-latin-400-normal\\.woff2",
            "cookies": 0,
            "fingerprinting": 0,
            "subdomains": [
                "fonts"
            ],
            "apis": {},
            "sites": 12,
            "prevalence": 0.00121,
            "cnames": [],
            "responseHashes": [
                "763a081ce5f7095fecf02428c1be35ae77edb1300effd1cd2d7bf45a9e0ec3bf"
            ],
            "type": "Font",
            "firstPartyCookies": {},
            "firstPartyCookiesSent": {},
            "exampleSites": [
                "americansongwriter.com",
                "counsellingtutor.com",
                "lianaskitchen.co.uk",
                "mondaymandala.com",
                "mysupermarketcompare.co.uk",
                "www.dieoff.org",
                "www.directstoves.com",
                "www.direct-fireplaces.com",
                "www.energy-review.co.uk",
                "www.fluentu.com",
                "www.garagegymreviews.com",
                "www.tipsbulletin.com"
            ]
        },
        {
            "rule": "bunny\\.net\\/open-sans\\/files\\/open-sans-latin-400-normal\\.woff2",
            "cookies": 0,
            "fingerprinting": 0,
            "subdomains": [
                "fonts"
            ],
            "apis": {},
            "sites": 3,
            "prevalence": 0.000301,
            "cnames": [],
            "responseHashes": [
                "a324ee4cb86584bab745cdab8e7e206ae76dbc653b66a13ed26fc867ef3be4b9"
            ],
            "type": "Font",
            "firstPartyCookies": {},
            "firstPartyCookiesSent": {},
            "exampleSites": [
                "counsellingtutor.com",
                "fabricland.co.uk",
                "moneyadvisor.co.uk"
            ]
        },
        {
            "rule": "bunny\\.net\\/inter\\/files\\/inter-latin-500-normal\\.woff2",
            "cookies": 0,
            "fingerprinting": 0,
            "subdomains": [
                "fonts"
            ],
            "apis": {},
            "sites": 4,
            "prevalence": 0.000402,
            "cnames": [],
            "responseHashes": [
                "1589a5a3840930ac4cb1f00e391da5146f938bf9987e254745dfe062950132ee"
            ],
            "type": "Font",
            "firstPartyCookies": {},
            "firstPartyCookiesSent": {},
            "exampleSites": [
                "fapello.cam",
                "fapello.to",
                "iheat.co.uk",
                "news.stv.tv"
            ]
        },
        {
            "rule": "bunny\\.net\\/inter\\/files\\/inter-latin-700-normal\\.woff2",
            "cookies": 0,
            "fingerprinting": 0,
            "subdomains": [
                "fonts"
            ],
            "apis": {},
            "sites": 2,
            "prevalence": 0.000201,
            "cnames": [],
            "responseHashes": [
                "640ddcc10e0bb9984df36e99cbae4672e7b21941ff0a8438e06c4aa6edd8ff22"
            ],
            "type": "Font",
            "firstPartyCookies": {},
            "firstPartyCookiesSent": {},
            "exampleSites": [
                "fapello.cam",
                "news.stv.tv"
            ]
        },
        {
            "rule": "bunny\\.net\\/inter\\/files\\/inter-latin-400-normal\\.woff2",
            "cookies": 0,
            "fingerprinting": 0,
            "subdomains": [
                "fonts"
            ],
            "apis": {},
            "sites": 4,
            "prevalence": 0.000402,
            "cnames": [],
            "responseHashes": [
                "f8547a8d7d0bb4d26d950b2579c6f25d054932f0c8cc9bbdbe7b2608d1bc4351"
            ],
            "type": "Font",
            "firstPartyCookies": {},
            "firstPartyCookiesSent": {},
            "exampleSites": [
                "fapello.cam",
                "fapello.to",
                "iheat.co.uk",
                "news.stv.tv"
            ]
        },
        {
            "rule": "bunny\\.net\\/inter\\/files\\/inter-latin-600-normal\\.woff2",
            "cookies": 0,
            "fingerprinting": 0,
            "subdomains": [
                "fonts"
            ],
            "apis": {},
            "sites": 4,
            "prevalence": 0.000402,
            "cnames": [],
            "responseHashes": [
                "bac13173a35467a4b97f8ab83e5f6ecbea56b400b3825f6f5a5b227e08394b73"
            ],
            "type": "Font",
            "firstPartyCookies": {},
            "firstPartyCookiesSent": {},