{
    "domain": "c90dc23040.com",
    "owner": {},
    "source": [
        "DuckDuckGo-GB"
    ],
    "prevalence": 0.000904,
    "sites": 9,
    "subdomains": [
        "ff82fc4162",
        "9572f39990"
    ],
    "cnames": [],
    "fingerprinting": 0,
    "resources": [
        {
            "rule": "c90dc23040\\.com\\/in\\/multy",
            "cookies": 0,
            "fingerprinting": 0,
            "subdomains": [
                "ff82fc4162",
                "9572f39990"
            ],
            "apis": {},
            "sites": 9,
            "prevalence": 0.000904,
            "cnames": [],
            "responseHashes": [],
            "type": "Preflight",
            "firstPartyCookies": {},
            "firstPartyCookiesSent": {},
            "exampleSites": [
                "chaturflix.cam",
                "enf-cmnf.com",
                "femdom-joi.com",
                "forcedcinema.net",
                "heavyfetish.com",
                "mzansipornvideos.com",
                "nude1.eu",
                "thepiratebay.org",
                "xxxi.porn"
            ]
        },
        {
            "rule": "c90dc23040\\.com\\/in\\/multy",
            "cookies": 0,
            "fingerprinting": 0,
            "subdomains": [
                "ff82fc4162",
                "9572f39990"
            ],
            "apis": {},
            "sites": 9,
            "prevalence": 0.000904,
            "cnames": [],
            "responseHashes": [
                "4dd893928479f707640a67618d38198b4cc36630646b7b9224a7d944ec12599e",
                "7511fe11258b4ab8fa8a613233675da2cb629b7cdd9060312f63f2fe9282bfd0",
                "a9e0cde40f3e4d54842501615666d92d640b2da6d202ffcbc25afc06604d8506",
                "4cd96e4bbca8e770c987067dd10c12c2b972abca09b687b71e6aee703e237ebe",
                "d6207278b892cf882eb1db0bf168330092d583d17c589898a7ff87c9ad6020ca",
                "02081994859dbfbae887bab54adbf6f52bbaa75c30c1db07671dbebb6424f851",
                "e3b0c44298fc1c149afbf4c8996fb92427ae41e4649b934ca495991b7852b855",
                "360d9b1bed631ad98821b6d7e4c0615f61f6c941f93e57a6becb2b91e46b1e4d"
            ],
            "type": "XHR",
            "firstPartyCookies": {},
            "firstPartyCookiesSent": {},
            "exampleSites": [
                "chaturflix.cam",
                "enf-cmnf.com",
                "femdom-joi.com",
                "forcedcinema.net",
                "heavyfetish.com",
                "mzansipornvideos.com",
                "nude1.eu",
                "thepiratebay.org",
                "xxxi.porn"
            ]
        },
        {
            "rule": "c90dc23040\\.com\\/in\\/show\\/",
            "cookies": 0,
            "fingerprinting": 0,
            "subdomains": [
                "ff82fc4162",
                "9572f39990"
            ],
            "apis": {},
            "sites": 8,
            "prevalence": 0.000804,
            "cnames": [],
            "responseHashes": [
                "e3b0c44298fc1c149afbf4c8996fb92427ae41e4649b934ca495991b7852b855"
            ],
            "type": "Image",
            "firstPartyCookies": {},
            "firstPartyCookiesSent": {},
            "exampleSites": [
                "chaturflix.cam",
                "enf-cmnf.com",
                "femdom-joi.com",
                "forcedcinema.net",
                "heavyfetish.com",
                "mzansipornvideos.com",
                "nude1.eu",
                "xxxi.porn"
            ]
        }
    ],
    "categories": [],
    "performance": {},
    "cookies": 0,
    "topInitiators": [
        {
            "domain": "3ad2ae645c.com",
            "prevalence": 0.7941176470588235
        },
        {
            "domain": "wpushsdk.com",
            "prevalence": 0.20588235294117646
        }
    ],
    "types": {
        "Preflight": 9,
        "XHR": 9,
        "Image": 8
    },
    "nameservers": [
        "dns2.infrapu.sh",
        "dns1.infrapu.sh"
    ]
}