{
    "domain": "connatix.com",
    "owner": {
        "name": "Connatix",
        "displayName": "Connatix"
    },
    "source": [
        "DuckDuckGo-GB"
    ],
    "prevalence": 0.00432,
    "sites": 43,
    "subdomains": [
        "capi",
        "cd",
        "cds",
        "pl"
    ],
    "cnames": [],
    "fingerprinting": 1,
    "resources": [
        {
            "rule": "connatix\\.com\\/us\\/pixel",
            "cookies": 0,
            "fingerprinting": 0,
            "subdomains": [
                "capi"
            ],
            "apis": {},
            "sites": 7,
            "prevalence": 0.000703,
            "cnames": [],
            "responseHashes": [
                "e3b0c44298fc1c149afbf4c8996fb92427ae41e4649b934ca495991b7852b855"
            ],
            "type": "Image",
            "firstPartyCookies": {},
            "firstPartyCookiesSent": {
                "euconsent-v2": 0.00010046212577858148
            },
            "exampleSites": [
                "all3dp.com",
                "draxe.com",
                "www.amazon.sg",
                "www.audible.com",
                "www.colgate.com",
                "www.dndbeyond.com",
                "www.zwift.com"
            ]
        },
        {
            "rule": "connatix\\.com\\/connatix\\.player\\.js",
            "cookies": 0,
            "fingerprinting": 0,
            "subdomains": [
                "cd"
            ],
            "apis": {},
            "sites": 32,
            "prevalence": 0.00321,
            "cnames": [],
            "responseHashes": [
                "dc6a3d54dc17467b8bcf37ed59c2bbf700a0baffed569913198af1d70a129344",
                "8a52063170453225e869e629a81f7183204b74f30237111777a29ba1fb5d66c5",
                "d9b0b29cf13bcffd5d3dceae96a977b1062c21a8f9044d927bd95b7889c2eb02",
                "03921707fb35188c43020619d7a60b32d690186f890391fcb2fd655522e6ccd1",
                "0341fa645ce786b6b20dea67114ad8a53020a53023711a9bbfe66a9d232a665b",
                "95c9bb5914c0591d7f2badb28af5e75a426a19201910ba277ae17992930b3623",
                "ec0f8d3e15ddc4e3afe4318ab29310b019b5a86ce8069def3b7847ba0564ae35",
                "ef78d34836a3f194c2c0e159f88ceb8d0c2055b95f0daa4ffb14a598de167566",
                "0cf0a8d34c37a22d5143740283ecc2758d273b5ac2ad2fba7f31f23ee4eb1a00",
                "b80887cc4e332d81e8fa8a893e7bc24e18fadc2b985d1ad079cf17d00d72fdf5",
                "ce38e2cee92b6e5345e5fd74251bc8c454a92e08b18a0af22d87cf610d470999",
                "7170632e201f23890e25a05c0094e0349cfc18ad7eb437ceeba328402bfef74e",
                "b0b59b09f67dd7e7ff61548dc529602f5feafc65f648bc5b6d21fe47188dfa54",
                "9a5d7d0420c3c213c2107ee6b1d85e8a33a3f007ce62ae18a6c73d5ca059ed6f",
                "fd96df81227bd3252394210b87737b3b703f172f801cc47c2ae4e9740153da0c",
                "569dad8c727ea7c67f1ac32259c1549da71a12a2fb4f79f0aa9b808e8849e9c8",
                "26d05d0b31d4dc99fa0e2f296cc9b19e79bbb2f726b4a7dcd91a807befcf8f8e",
                "9a8aeef33361afe158ad1a5eca3fc6895209932d0a6b10e4a1e1efe5b72fbd05"
            ],
            "type": "Script",
            "firstPartyCookies": {},
            "firstPartyCookiesSent": {},
            "exampleSites": [
                "gizmodo.com",
                "hollywoodlife.com",
                "variety.com",
                "www.accuweather.com",
                "www.buzzfeed.com",
                "www.rollingstone.com",
                "astrostyle.com",
                "www.visordown.com",
                "www.lovetoknow.com",
                "www.broadwayworld.com",
                "www.powerpyx.com",
                "www.op.gg",
                "deadline.com",
                "www.allfreeknitting.com",
                "www.gadgetreview.com",
                "www.buzzfeednews.com",
                "www.billboard.com",
                "wwd.com",
                "www.avclub.com",
                "lithub.com"
            ]
        },
        {
            "rule": "connatix\\.com\\/tr\\/si",
            "cookies": 0,
            "fingerprinting": 0,
            "subdomains": [
                "capi"
            ],
            "apis": {},
            "sites": 6,
            "prevalence": 0.000603,
            "cnames": [],
            "responseHashes": [
                "e3b0c44298fc1c149afbf4c8996fb92427ae41e4649b934ca495991b7852b855"
            ],
            "type": "Image",
            "firstPartyCookies": {},
            "firstPartyCookiesSent": {},
            "exampleSites": [
                "astrostyle.com",
                "nameberry.com",
                "worldpopulationreview.com",
                "www.gadgetreview.com",
                "www.lovetoknow.com",
                "www.powerpyx.com"
            ]
        },
        {
            "rule": "connatix\\.com\\/p\\/544200\\/elLoader\\.js",
            "cookies": 0,
            "fingerprinting": 1,
            "subdomains": [
                "cds"
            ],
            "apis": {
                "Navigator.prototype.userAgent": 9
            },
            "sites": 32,
            "prevalence": 0.00321,
            "cnames": [],
            "responseHashes": [
                "c2d2cb5e64e2d1fdbd312d724e5d49359a55a2d90373099d56d83853e2e5385a"
            ],
            "type": "Script",
            "firstPartyCookies": {},
            "firstPartyCookiesSent": {},
            "exampleSites": [
                "gizmodo.com",
                "hollywoodlife.com",
                "variety.com",
                "www.accuweather.com",
                "www.buzzfeed.com",
                "www.op.gg",
                "www.hollywoodreporter.com",
                "www.gearpatrol.com",
                "www.denofgeek.com",
                "www.pastemagazine.com",
                "robbreport.com",
                "www.rogerebert.com",
                "www.gadgetreview.com",
                "tvline.com",
                "www.visordown.com",
                "www.billboard.com",
                "www.powerpyx.com",
                "deadline.com",
                "www.sheknows.com",
                "worldpopulationreview.com"
            ]
        },
        {
            "rule": "connatix\\.com\\/p\\/544200\\/connatix\\.player\\.js",
            "cookies": 0,
            "fingerprinting": 1,
            "subdomains": [
                "cds"
            ],
            "apis": {
                "Navigator.prototype.userAgent": 32
            },
            "sites": 32,
            "prevalence": 0.00321,
            "cnames": [],
            "responseHashes": [
                "b3d6399fc815488c5f1beea19a011d45c0f21a692ce1e21c2ac33e3968995012",
                "95ef445503234efd8ab2296e30125f19648532db0b17359dc67570637b59bc06"
            ],
            "type": "Script",
            "firstPartyCookies": {},
            "firstPartyCookiesSent": {},
            "exampleSites": [
                "gizmodo.com",
                "hollywoodlife.com",
                "variety.com",
                "www.accuweather.com",
                "www.buzzfeed.com",
                "www.powerpyx.com",
                "www.gearpatrol.com",
                "www.sheknows.com",
                "tvline.com",
                "www.op.gg",
                "nameberry.com",
                "deadline.com",
                "www.buzzfeednews.com",
                "www.pastemagazine.com",
                "www.rollingstone.com",
                "www.broadwayworld.com",
                "www.rogerebert.com",
                "www.hollywoodreporter.com",
                "listverse.com",
                "robbreport.com"
            ]
        },
        {
            "rule": "connatix\\.com\\/",
            "cookies": 0,
            "fingerprinting": 0,
            "subdomains": [
                "pl"
            ],
            "apis": {},
            "sites": 11,
            "prevalence": 0.00111,
            "cnames": [],