{
    "domain": "driftapi.com",
    "owner": {},
    "source": [
        "DuckDuckGo-GB"
    ],
    "prevalence": 0.00171,
    "sites": 17,
    "subdomains": [
        "bootstrap"
    ],
    "cnames": [],
    "fingerprinting": 0,
    "resources": [
        {
            "rule": "driftapi\\.com\\/widget_bootstrap\\/ping\\/v2",
            "cookies": 0,
            "fingerprinting": 0,
            "subdomains": [
                "bootstrap"
            ],
            "apis": {},
            "sites": 17,
            "prevalence": 0.00171,
            "cnames": [],
            "responseHashes": [
                "13aaa2535c941f7ba1ae03b69320499f47ee88e669fd5793345c516c346a5a88",
                "4ab3e986fab310f3da304ab0453ba1d09f9e9f589995b39ace8750d80ef42d8a",
                "5d37e1357f836c5d5a74a8f4c921fbd118d6fa3bd0c1d9127afc1f3b36cd4402",
                "4e429a20df9d58773ba875a1cf69abab25e0c8f09aff9a7c084f6b2b742e4827",
                "1f3b5fa3c0102cc4b18742a5f0d64f82bacd9af0c410b773bd7660312f15b1b8",
                "12b3cb8a8e2e40090fb92259b36a29915fd08da02a2fcac0b393a2bd8619153f",
                "0306c49ea9a3592d0de02432b6b0d0aacafbc02be7282716ed129a7e5ee953c8",
                "7fe7dac786403bf27111aaef460196da9289de06e26498e937914925c4671c13",
                "87021127f648cbe62d145cc97ac656ce5abf695eb06ac30f36561763a0c5b9a1",
                "8c60d374f5b23354f25059e04b2e99aa46b5fd3b8e2019f1d5afa42b261aae06",
                "38cdce405c6f5c51885903192430da8ab543a4ee06f037819c87348359156677",
                "b47b760116488fe89d99bb6f8a7db027c6eb52737ad2a817aa57e95a32e09ab5",
                "6ccaa487bd0ea6ac49fffa322a7b58643fb78380771b4bbce99ff22b686f366e",
                "c238c9badaeeeba04077bcce2f7eeb9f7f12c7cc2d2840c996d6275560f036bd",
                "afe726b436a31855abf67e7bdeb1b4a6a5917374bf400ea3152ab273b1561a9c"
            ],
            "type": "XHR",
            "firstPartyCookies": {},
            "firstPartyCookiesSent": {},
            "exampleSites": [
                "ballotpedia.org",
                "gocardless.com",
                "otter.ai",
                "redis.io",
                "webflow.com",
                "www.docusign.com",
                "www.emerson.com",
                "www.fortinet.com",
                "www.hpe.com",
                "www.lastpass.com",
                "www.onshape.com",
                "www.payscale.com",
                "www.pluralsight.com",
                "www.qualtrics.com",
                "www.sketchup.com",
                "www.smartsheet.com",
                "www.spglobal.com"
            ]
        },
        {
            "rule": "driftapi\\.com\\/widget_bootstrap",
            "cookies": 0,
            "fingerprinting": 0,
            "subdomains": [
                "bootstrap"
            ],
            "apis": {},
            "sites": 16,
            "prevalence": 0.00161,
            "cnames": [],
            "responseHashes": [
                "70fe5db026a12febdf06dd91578a2f58ee00066237bc6e897f4f3fcb07935714",
                "fafd3b5e0844ad4c103582826cfcc8b0e2e918d421bd7409a3e5929fabc2c466",
                "45609e35166b78f36ea87f30d4e74936fd02966b188bc9cb0bda517349bc3341",
                "aaaff78690b9e09f89445201cddc62986a2483db8e8908fb65cbc961d837429e",
                "315ea900f805dd2cc7d3247b9b429db868f0051686bc18f62bdefc3ed8aebc60",
                "bbe771c1f486aed7d9e11fcbbde93d9e25f91bb068479847ad167a6493594aac",
                "32ad39fde48d862352536a0ce8f56aa30a1dbccee9475e7cf9ba7b10694eedfd",
                "828330a90e8232f762cc5110a696815fa794faaede60523beb8bea4a1ea7e1f3",
                "d1a5e7cef9e3e1700d053e5ff80c1ef2013c9cc3540b35850ff72b8753882d0c",
                "4a165db21feef805d9783be1ff49b685cce5de7d5815028b50908d237d782c03",
                "7f38d5806176d7af2566a5782036a84631ea7ca985858719ef2a62454947039b",
                "c638586616e94a318e7e48f8174c3727c407b81387bde8a0a78c8b45b17f72a3",
                "b9a90a5eef9efda4005c3cf55b8fef99aa0527936ebe1ab32bcc53abaf4f67b6",
                "6ea0de9f1760836098d5823bb1a2ddb16c759aebf3b0a34a4654b810a8d7ea17",
                "97bde0df93e939bde4616718f6a654674a1cd9606605a3cbaf5d7d6fef78e222"
            ],
            "type": "XHR",
            "firstPartyCookies": {},
            "firstPartyCookiesSent": {},
            "exampleSites": [
                "ballotpedia.org",
                "gocardless.com",
                "otter.ai",
                "redis.io",
                "webflow.com",
                "www.docusign.com",
                "www.emerson.com",
                "www.hpe.com",
                "www.lastpass.com",
                "www.onshape.com",
                "www.payscale.com",
                "www.pluralsight.com",
                "www.qualtrics.com",
                "www.sketchup.com",
                "www.smartsheet.com",
                "www.spglobal.com"
            ]
        }
    ],
    "categories": [],
    "performance": {},
    "cookies": 0,
    "topInitiators": [
        {
            "domain": "driftt.com",
            "prevalence": 1
        }
    ],
    "types": {
        "XHR": 33
    },
    "nameservers": [
        "ns-28.awsdns-03.com",
        "ns-653.awsdns-17.net",
        "ns-1970.awsdns-54.co.uk",
        "ns-1366.awsdns-42.org"
    ]
}