{
    "domain": "futurehybrid.tech",
    "owner": {},
    "source": [
        "DuckDuckGo-GB"
    ],
    "prevalence": 0.00603,
    "sites": 60,
    "subdomains": [
        "sommelier"
    ],
    "cnames": [],
    "fingerprinting": 0,
    "resources": [
        {
            "rule": "futurehybrid\\.tech\\/config\\/",
            "cookies": 0,
            "fingerprinting": 0,
            "subdomains": [
                "sommelier"
            ],
            "apis": {},
            "sites": 60,
            "prevalence": 0.00603,
            "cnames": [],
            "responseHashes": [
                "da753bd280dfe639febe530ee21016ae3ec5c0276a66b427f2187fc864aa09a5",
                "dcc3650e0901ecccbda2c792bdb47ee6b8dc1dc7eab92d276376ce3e1553c6de",
                "83b4cfa9addbe8f9758f1e4cf1dfad0961f44a0cdbdf0e3ba10d6801db1e3861",
                "c41cc9218dfbed805fb76fe2f5f3072b1ab65a28fc532952c8825e32d6685002",
                "ddfefb28cac973d75c4971c2eecf157a5290a017ccb50dc0dd3b4a3cbf75b81a",
                "efcabae76dae7e8217ac160ff903adcf2ead0f66ae4bbcbde1a89cf01ccbe28c",
                "6036a53cf03ddf7a531f2453d2e1b3a59f0a6b3e4f8887bfef0cfd244717a8c4",
                "9b4f9bd07797c29f2bda1445f4b82a8998eba7b7ed78b7f0fb4d2273e3513842",
                "bed40748483e5ca9e9bf4cc4be958be075fd011ed4c7f4bb941691e575a888ad",
                "78fb914ad1e8ef6108dcee40e6d89339a8e0ee12fd318a3f619d106a027c7bde",
                "3fc430bb4939801914add88e9296f87a28c6c507c1b5d54d783831bc76d25801",
                "1aecb32f5bf313e2f24df4546fefd52f82079928813d081c663625951b9250fd",
                "6c0d09e683c0a7937e59f45257f501db733f0ef4b1d04dd461eb9d82f46879dc",
                "080814ad83c9175aae28c575757a4cf9ad0bbbc65b745a55759757fbcdd8cd43",
                "94da6ee97364ec9f0434cb9b10e6b8e14145a737564f3a0ce9441d0cf956aea5",
                "329f14bce72a860b563730d1c2d766318dfef6645e5d592be7a72677c685fd37",
                "6e10b9398d40ece3c433c92ac9320d283e87af959eedda861ca1724997d0b358",
                "bdda822c101bebe4d9adf018abf104dea4c9e0d86cd3b030cf121cdbcb514ce7",
                "f192ae52f7f7c5187d7a61279648f2f9e628b6b860f070c7e5552a1ad4b8fe2a",
                "e588a5f62597c49b34bf7860ae6e392f0c38c81fc8032928be40a7056c1685fa",
                "cb7e9a14f5c476ca679ed4ace2fb4bc7e48210a32a752b7347c099ce77e88d1f",
                "21c00212e15169677c1ed4c11163d32f559e1a2004b21cf02271f7d7964bb014",
                "778501c3ab6c5a968823653bd1f3d932c4e1bf478e98194eed1efeaace2255fb",
                "a7f194f0aedbfcbaab15e82ca64ce280cbc84333f51eb1cbdb05042ac5e67335",
                "ee057f96a952830f96d589e3a9c01e2283924053f561e5f91f7dfe0a870e4da5",
                "b0bb92b0944a8b2747ac29aac8e977c95690e6be859f0ff5ce241369ee9424e5",
                "acff1dd329da325e2f72bcbd16b8cb413f04fe547b9f12b1c2578079ce300cc8",
                "21633977ae8aee9345957b34afc8c1d7b7559b72b8d8b6e6911219b649fd90f4",
                "d71d6ff5fe20fc0adac89ea09764aa7c73826ff56ea16ed4dbe62881ed7af459",
                "4b9a5d1927a3e491bffd3967362cc01125f9611d4c5f27b8309cc1ee7741c6c9",
                "8a5a77d6f6eef3b8a4eaecf357faf12a722db6a00e430798c82ad87548ae8103",
                "263d54dca68ed9e55ebbac9e07b470150b06c99bac90d59ae8046495b57fe598",
                "7e431bae98b5a4d42c1eeab3aa1c3f0917c7a55495c427568da8876b9432ced7",
                "260d71d66c25ade2aa9bfb07744a0f7a6f5cdeb76e4a01778555f52ef9e694ce",
                "09a67069302ff1eb2408695f39abc2d964ebe9d1ae62641239cf001f915a8bfd",
                "f1b662c748aadf29ac7b9913c98d7e0035dfb74506762b57f7c7b658f6b95ddb",
                "6b82934528b471858c2c660025d3f2a1da65cc986aac71357b1ccb1823c94e44",
                "d227c360eb87e0b2baf8d5e7816cfeb285456a43e06ed4f2e35c21c12b2f29b4",
                "a2ec1e37b95373d8725ff7af250b5d3d8bbc139628cb5518fc05c5f1e9576471",
                "23076cb2294f41024f24b2fc08e8426239764e31e94e1093d40b76efcd8f054f",
                "86a1dcdd5fe8649073b8d291ed7d5cbcd533145807fe4e0329173c232f044fc8",
                "eb3a33be2293d15a0b370c7f9fbdac92e1273815f509f9a6a324d20c9592db29",
                "d4c582b15841d5b532ce38e2e99863a89b0f80ca3d756ddc9da781f5622c95c1",
                "0f0676354e795fed88b96591dbd324c36857748f53dae74ce008d9c25d98f673",
                "92a55e9d3a316c27680bedf62854443295bbe991a760cf66e6575183f73f99a2",
                "54edd1ee43eaf5108e7461b57aee2a7a18f50af0c80816e7a1b6692c4cdf1cd6",
                "cf8d7e077147a68ea94b83debd274be4d98e6b938b133853568d034cd9980b80",
                "9e653fc058b2288c02635f93361230b2b5a9e8fd5ce9f4e46cbbe857fc61057e",
                "711073640dd6e3f23e73810ffba777d20dd5e71c235063daced38edeef132a5f",
                "173df8ce69e0026049ff98e9d496877def59e3526fd3ff48b310793cd593e9cc",
                "1f4f00ce6cb86a8f35858778d9d6cdb52ef66eba782ded0f82994908ab10bf35",
                "29f07341d7957403063f11fc12a46e218b8a3cfc2d6bfade647c1ff080b66e0b",
                "faed06791c075508746d59d8cc45ecc6efc5664cbf8d4e858d76d1d4f732658d",
                "61860bae30fb3e38b86c787d63fcf5854af3ebaaa7163ff64190a4df89caef6b",
                "751038a854c3ff3747ac04fee18c027c8bae8dbd2f041bcdcd54e6a7381fef20",
                "b1989e71047bef3579a003ff449870262a0f5b8426c8981fea9908b8e9f32472",
                "15d69f7674f660dd1e1e16e4861da5447f5ff09d915af813e2c203b90f3ccf6a",
                "65207a7f846bc135f1b359384c5250326f5c1b7241cb13a4547d3ef5dd926913",
                "670874e13e607b80ad121cf9e482ff2df73fbd5bf8ce9e9b1563d800b1edd45b"
            ],
            "type": "Fetch",
            "firstPartyCookies": {},
            "firstPartyCookiesSent": {
                "__pid": 0.00020092425155716296
            },
            "exampleSites": [
                "www.techradar.com",
                "www.tomsguide.com",
                "www.tomshardware.com",
                "www.realhomes.com",
                "www.thefield.co.uk",
                "www.livescience.com",
                "www.golfmonthly.com",
                "www.womanandhome.com",
                "www.practicalcaravan.com",
                "www.bikeperfect.com",
                "www.countrylife.co.uk",
                "www.cyclingweekly.com",
                "www.loudersound.com",
                "www.marieclaire.com",
                "www.space.com",
                "www.androidcentral.com",
                "www.itpro.com",
                "www.t3.com",
                "moneyweek.com",
                "www.musicradar.com"
            ]
        }
    ],
    "categories": [],
    "performance": {},
    "cookies": 0,
    "topInitiators": [
        {
            "domain": "futurecdn.net",
            "prevalence": 1
        }
    ],
    "types": {
        "Fetch": 60
    },
    "nameservers": [
        "ns-786.awsdns-34.net",
        "ns-1419.awsdns-49.org",
        "ns-55.awsdns-06.com",
        "ns-1705.awsdns-21.co.uk"
    ]
}