{
    "domain": "lngtd.com",
    "owner": {},
    "source": [
        "DuckDuckGo-GB"
    ],
    "prevalence": 0.00141,
    "sites": 14,
    "subdomains": [
        "floors",
        "it",
        "conf"
    ],
    "cnames": [],
    "fingerprinting": 0,
    "resources": [
        {
            "rule": "lngtd\\.com\\/",
            "cookies": 0,
            "fingerprinting": 0,
            "subdomains": [
                "floors",
                "it"
            ],
            "apis": {},
            "sites": 9,
            "prevalence": 0.000904,
            "cnames": [],
            "responseHashes": [
                "3ea0a73e20a134ad5e41ef8fa8771252cd50a9848e3b898102648fcfaab88bdd",
                "9dc8e8b27a3d092f0ed388c87918c7ba0425338eba5b22100a2dcb8987ad8401",
                "0934861825830befa87ac4e508ee6287c718249efc2cf0dee3b58b3ddd6f0cb2",
                "4f4a1d1e9f04dd37523b1edeccf1b86f87a0f17f6509e709f5850268430515fd",
                "25d67d1e0869fcd09b89e7910b6f4adff20543979a96bb7132bd8af32629861c",
                "296c48b53d3aba46c4b07671b561e8aa0b91032227fe6c5cfca7f40281d0b6e9",
                "b6eb49befcc16baecb91025d6362735ee5c53b2f228b2246cc2e5e4461c4d8e1"
            ],
            "type": "XHR",
            "firstPartyCookies": {},
            "firstPartyCookiesSent": {},
            "exampleSites": [
                "westeros.org",
                "en.uesp.net",
                "socialblade.com",
                "uk.soccerway.com",
                "us.soccerway.com",
                "www.discogs.com",
                "www.distractify.com",
                "www.iphonelife.com",
                "www.sportingnews.com"
            ]
        },
        {
            "rule": "lngtd\\.com\\/lngtd-config",
            "cookies": 0,
            "fingerprinting": 0,
            "subdomains": [
                "conf"
            ],
            "apis": {},
            "sites": 7,
            "prevalence": 0.000703,
            "cnames": [],
            "responseHashes": [
                "67b660d6850cb140494511a23ab019b68d1c8939ac26e3533b51e71a377d73d2",
                "67bfbe110376789ec376419960c367be4fddfd346b9d5287faacdaaf816e5ba7",
                "f1b1594f04cf708226b6c1b4d2865275b0e216a2b564870924618f77c0ae92e5",
                "149976d4659d9e1136975edf65cc59676902e1bb9dd34918c43d6616ebe4f895",
                "c5ad2fa1f310f4855c37aca9e03140f2691b9e79fe249d05341136ad89f9de0a",
                "278ec1dbe5db3c60a5996a419f517787a85eee99e3dc3a8d9dc6be0b685159f8"
            ],
            "type": "XHR",
            "firstPartyCookies": {},
            "firstPartyCookiesSent": {},
            "exampleSites": [
                "foreignpolicy.com",
                "nerdlegame.com",
                "socialblade.com",
                "solitaired.com",
                "www.distractify.com",
                "www.enotes.com",
                "www.solitairebliss.com"
            ]
        },
        {
            "rule": "lngtd\\.com\\/",
            "cookies": 0,
            "fingerprinting": 0,
            "subdomains": [
                "it"
            ],
            "apis": {},
            "sites": 2,
            "prevalence": 0.000201,
            "cnames": [],
            "responseHashes": [],
            "type": "Preflight",
            "firstPartyCookies": {},
            "firstPartyCookiesSent": {},
            "exampleSites": [
                "socialblade.com",
                "www.distractify.com"
            ]
        },
        {
            "rule": "lngtd\\.com\\/soccerway_homepage\\.js",
            "cookies": 0,
            "fingerprinting": 0,
            "subdomains": [],
            "apis": {},
            "sites": 2,
            "prevalence": 0.000201,
            "cnames": [],
            "responseHashes": [
                "021816728042b8f506097dd32bf4671ada147adb528e87a18847f9e52bcf1d65"
            ],
            "type": "Script",
            "firstPartyCookies": {},
            "firstPartyCookiesSent": {},
            "exampleSites": [
                "soccerway.com",
                "us.soccerway.com"
            ]
        },
        {
            "rule": "lngtd\\.com\\/fcplayer\\.js",
            "cookies": 0,
            "fingerprinting": 0,
            "subdomains": [],
            "apis": {},
            "sites": 2,
            "prevalence": 0.000201,
            "cnames": [],
            "responseHashes": [
                "c9c062db3b37c586dd6487d7f4a338a0ec2f2f0a0bd15fcf3f40ff8d83fab2ec"
            ],
            "type": "Script",
            "firstPartyCookies": {},
            "firstPartyCookiesSent": {},
            "exampleSites": [
                "soccerway.com",
                "us.soccerway.com"
            ]
        }
    ],
    "categories": [],
    "performance": {},
    "cookies": 0,
    "topInitiators": [
        {
            "domain": "lngtdv.com",
            "prevalence": 0.48484848484848486
        },
        {
            "domain": "first party",
            "prevalence": 0.45454545454545453
        },
        {
            "domain": "fcp.codes",
            "prevalence": 0.06060606060606061
        }
    ],
    "types": {
        "XHR": 16,
        "Preflight": 2,
        "Script": 4
    },
    "nameservers": [
        "ns-304.awsdns-38.com",
        "ns-758.awsdns-30.net",
        "ns-1407.awsdns-47.org",
        "ns-1916.awsdns-47.co.uk"
    ]
}