{
    "domain": "minutemedia-prebid.com",
    "owner": {},
    "source": [
        "DuckDuckGo-GB"
    ],
    "prevalence": 0.00271,
    "sites": 27,
    "subdomains": [
        "hb",
        "cs-rtb"
    ],
    "cnames": [],
    "fingerprinting": 0,
    "resources": [
        {
            "rule": "minutemedia-prebid\\.com\\/hb-mm-multi",
            "cookies": 0,
            "fingerprinting": 0,
            "subdomains": [
                "hb"
            ],
            "apis": {},
            "sites": 25,
            "prevalence": 0.00251,
            "cnames": [],
            "responseHashes": [
                "4b5bb43220bea61859e0e093715c6b17ab8dbd24b16d1f8f1074bd42f307b7e4",
                "f80509af4ee031ef82bcc77540e338e53291c13a98951c3fcd1a8c8b79a5e8a6",
                "991ee372384202422c2cba8f979ad66f02cf4e171b4d0be4db1d45130979190a",
                "3105d18eec5cf07a4a51965fbf91ee4d4da88e9a11c961367b97a5bac6e918c2",
                "27361497beaf8e9b994d8ebcbe118551f8f5f2522f804d008a33a48561f56b00",
                "abf403d6e8b278773223498190fb1b63ebe418f579761b86d48e4bcccc1f4986",
                "690f12a7034756e7217cae420b51ba4267f653ce09475dba71b6f355a8bcad71",
                "10238bc44dea469d80234702a9165401588fc0c7381e8d7a36f3d4432092fc02",
                "4dbe45850449483964fed145642da8da10d9ad1a06946b405330bbc3e05e9465",
                "60a9194d3091d03c81418c67ba5eef38ce4b5f9e273929cea7203eadc3b1eab6",
                "65fac8f2f2f1ee207d30ae185d8dd504a46efe5ab8edb5423c9168f6d3ce6e14",
                "d7358745ecf60c385f243fc858c978709677ff262d11198ac230c40f536daa45",
                "ae306c6dacfdf61f5e2bf066800c9175629da58c94a6b5d304cbe763120f8377",
                "aa5ecf6ae71da200c23dc6a625d6dbf643c22be666ed3a2589b1746a73ad2e2a",
                "601d19950df91fce8f43f9aab9162b411cb6530ef922ce1c0e7710262632d655",
                "1f5b00b4d059bc6f0cda140e1777559d7a2a6e931901031ba31992cadf0b92db",
                "bc3897673b11e2699ed2cf1ded1a0918fe2196f678ba6575d2a7ff29977a5fc4",
                "36b1197852fccfdf183dff4629eb8bbe50f0627baf59efa34241191a5e41692a",
                "6caab0eb9b41de0d0069b1a0d599b84a2a77e994ef194a1e42cb287b158554d0",
                "52ba5d6ee8f56631bb05d1db28c7ae41a52453152c1d893c9501a8ab8556f850",
                "e241984b4526dc6fbae6621fb3ad2965b0607b52cef3c738317578106d637c78",
                "24284f0f1ab11e339a128519ac0ee129b86b283b095aad97f2499b2765e4315a"
            ],
            "type": "Fetch",
            "firstPartyCookies": {},
            "firstPartyCookiesSent": {},
            "exampleSites": [
                "www.mapquest.com",
                "www.zerohedge.com",
                "forums.golfwrx.com",
                "www.nintendolife.com",
                "www.pushsquare.com",
                "www.mangaread.org",
                "www.mindbodygreen.com",
                "robots.net",
                "appleinsider.com",
                "arcadespot.com",
                "www.travelgay.com",
                "www.whatfontis.com",
                "www.jpost.com",
                "www.listchallenges.com",
                "slippedisc.com",
                "www.atlasobscura.com",
                "recipes.net",
                "sudoku.com",
                "www.kitco.com",
                "uproxx.com"
            ]
        },
        {
            "rule": "minutemedia-prebid\\.com\\/sync-iframe",
            "cookies": 0,
            "fingerprinting": 0,
            "subdomains": [
                "cs-rtb"
            ],
            "apis": {},
            "sites": 2,
            "prevalence": 0.000201,
            "cnames": [],
            "responseHashes": [],
            "type": "Document",
            "firstPartyCookies": {},
            "firstPartyCookiesSent": {
                "hb_insticator_uid": 0.00020092425155716296
            },
            "exampleSites": [
                "golfwrx.com",
                "www.listchallenges.com"
            ]
        }
    ],
    "categories": [],
    "performance": {},
    "cookies": 0,
    "topInitiators": [
        {
            "domain": "first party",
            "prevalence": 0.23529411764705882
        },
        {
            "domain": "aditude.io",
            "prevalence": 0.14705882352941177
        },
        {
            "domain": "adapex.io",
            "prevalence": 0.14705882352941177
        },
        {
            "domain": "script.ac",
            "prevalence": 0.08823529411764706
        },
        {
            "domain": "hb-targa.s3.us-east-2.amazonaws.com",
            "prevalence": 0.058823529411764705
        },
        {
            "domain": "htlbid.com",
            "prevalence": 0.058823529411764705
        },
        {
            "domain": "bidmatic.io",
            "prevalence": 0.029411764705882353
        },
        {
            "domain": "pubguru.net",
            "prevalence": 0.029411764705882353
        },
        {
            "domain": "adspsp.com",
            "prevalence": 0.029411764705882353
        },
        {
            "domain": "streamrail.com",
            "prevalence": 0.029411764705882353
        }
    ],
    "types": {
        "Fetch": 25,
        "Document": 2
    },
    "nameservers": [
        "ns-1044.awsdns-02.org",
        "ns-555.awsdns-05.net",
        "ns-1681.awsdns-18.co.uk",
        "ns-129.awsdns-16.com"
    ]
}