{
    "domain": "mrf.io",
    "owner": {
        "name": "Marfeel Solutions, S.L.",
        "displayName": "Marfeel"
    },
    "source": [
        "DuckDuckGo-GB"
    ],
    "prevalence": 0.00392,
    "sites": 39,
    "subdomains": [
        "sdk",
        "marfeelexperimentsexperienceengine",
        "flowcards"
    ],
    "cnames": [],
    "fingerprinting": 1,
    "resources": [
        {
            "rule": "mrf\\.io\\/statics\\/marfeel-sdk\\.js",
            "cookies": 0.00372,
            "fingerprinting": 1,
            "subdomains": [
                "sdk"
            ],
            "apis": {
                "window.localStorage": 38,
                "Navigator.prototype.userAgent": 38,
                "window.sessionStorage": 38,
                "Date.prototype.getTime": 38,
                "Document.cookie setter": 37,
                "Document.cookie getter": 37,
                "window.innerHeight": 1,
                "window.innerWidth": 1
            },
            "sites": 39,
            "prevalence": 0.00392,
            "cnames": [],
            "responseHashes": [
                "1e4dc9b85be2b4ebbdcbecb7c4670c3d07f7a0bb2c24b096b778026afa4ec81a",
                "d93e3fbe95c61d7bed63bf0e73fc6cc5be6f359fc89c45b5d7b7e6aacc0acc59",
                "8dc231b65510f6790491839c591fbe3174666aadfe0ebdfaebeab994c497a0d5",
                "6cc6d455055ee9f863607db7a049ff0180c25729c4b08e1183e075aee0b95f1c",
                "860f8e2430cc43465d7a1e12902d71e90e2913113b554fd5339ef5765114bcc6",
                "431b0a06f4c45a9586dfdf3a8e9e387a615266bbc20ea07db75b167111100011",
                "8db86ba2aadd235ec6e18beedb3610096d9927fae7e67b020ad0715776c53e7c",
                "6c211a2c23fa023c97c8eb88c30d576ee2addcdefaef4961fcd724627e1754c2",
                "db9af8cd8d3108425aa4dcc7c414d6e615967314fa442a5db97794b3a9365936",
                "48bbfe4511f409a8b6f6a64b8a1edb4f9aeb689623cc514348842235af75fe83",
                "031c66d07b0a2f2a9e082f1d9d1e691174dc49fcefc9c4388a112275120dee38",
                "fdb60020b4a3e45a1d66b2e56bc8b1128df4fba32593dc9d98fd2caab22739c8",
                "a182bf90ba74eb4fd5ec6bb7f7d9b080353232663de86ee517a8fd2cec9081d2",
                "6b19530ed42447d435cc40aad99ab7fa9304f396d2b8927fcce6c1dad9e30e9e",
                "fbe04d24d7a12de9b1632496fb235feda1ff3f4eeadb69f6f7d4c423ddd6ee4b",
                "e9e04ff4deaf3c49961f043f6bbd41c113b7a147ea62de279edfce95485a9590",
                "b0f1913206d65dc40bc760a5676d4831866f407c1e9c9b837b980bb302ef0644",
                "4cf798cec115fc9a0d73c638ae838fd5fbff9a9985c603c4920dedce382c50a5"
            ],
            "type": "Script",
            "firstPartyCookies": {
                "___nrbic": {
                    "ttl": 15634802,
                    "length": 358,
                    "prevalence": 0.0020092425155716293,
                    "uniqueness": 1
                },
                "___nrbi": {
                    "ttl": 15634802,
                    "length": 213,
                    "prevalence": 0.0020092425155716293,
                    "uniqueness": 1
                },
                "compass_uid": {
                    "ttl": 15634802,
                    "length": 36,
                    "prevalence": 0.0020092425155716293,
                    "uniqueness": 1
                }
            },
            "firstPartyCookiesSent": {},
            "exampleSites": [
                "elpais.com",
                "gizmodo.com",
                "heavy.com",
                "knowyourmeme.com",
                "sciencing.com",
                "www.businessinsider.com",
                "www.dailydot.com",
                "www.hunker.com",
                "www.thegatewaypundit.com",
                "www.thedailymeal.com",
                "www.cfr.org",
                "the-yorkshireman.com",
                "www.housedigest.com",
                "foreignpolicy.com",
                "www.ghacks.net",
                "english.elpais.com",
                "www.slashgear.com",
                "www.elmundo.es",
                "www.nickiswift.com",
                "www.newstatesman.com"
            ]
        },
        {
            "rule": "mrf\\.io\\/experimentsexperience\\/render",
            "cookies": 0,
            "fingerprinting": 1,
            "subdomains": [
                "marfeelexperimentsexperienceengine"
            ],
            "apis": {
                "window.localStorage": 3
            },
            "sites": 8,
            "prevalence": 0.000804,
            "cnames": [],
            "responseHashes": [
                "0f8d6ca57f8a3a474d985e259006a7fa5c73e7b1f91d42d87c6634154948d226",
                "e3b0c44298fc1c149afbf4c8996fb92427ae41e4649b934ca495991b7852b855",
                "aebc4d55d7dbe1058f81fb965a32e36e3568065defc3b496508868e7a74f4b72",
                "c9a25f2973852e172d764151f4fe8bda4169abf2f5f8423ed5db770987ec2500",
                "8073143e95a27d73263bebf59841334f45caa1e8c49c43adad1b87843d683402"
            ],
            "type": "Script",
            "firstPartyCookies": {},
            "firstPartyCookiesSent": {},
            "exampleSites": [
                "elpais.com",
                "en.as.com",
                "english.elpais.com",
                "www.businessinsider.com",
                "www.cfr.org",
                "www.elmundo.es",
                "www.hellomagazine.com",
                "www.marca.com"
            ]
        },
        {
            "rule": "mrf\\.io\\/statics\\/0090828df445b49eb544\\.js",
            "cookies": 0,
            "fingerprinting": 0,
            "subdomains": [
                "sdk"
            ],
            "apis": {},
            "sites": 4,
            "prevalence": 0.000402,
            "cnames": [],
            "responseHashes": [
                "d3b490b5e114648717e83a33d02d026a90aa1cca49a886f9deb46cedf10a642d"
            ],
            "type": "Script",
            "firstPartyCookies": {},
            "firstPartyCookiesSent": {},
            "exampleSites": [
                "elpais.com",
                "en.as.com",
                "english.elpais.com",
                "nationalpost.com"
            ]
        },
        {
            "rule": "mrf\\.io\\/json\\/experiences",
            "cookies": 0,
            "fingerprinting": 0,
            "subdomains": [
                "flowcards"
            ],
            "apis": {},
            "sites": 4,
            "prevalence": 0.000402,
            "cnames": [],
            "responseHashes": [
                "4771b6e6d80480ff9d9ca116255b55e6a618fe445961840333b32a1315255e50",
                "c3aceb275a0eb6be17f1fa5a926c8bd4d544d87371a4ea066b733b61e0308d01",
                "b12eabacebe4e533934151b272325f06cef5b154953a212d7d18da1962b81a75"
            ],
            "type": "Fetch",
            "firstPartyCookies": {},
            "firstPartyCookiesSent": {
                "compass_uid": 0.00020092425155716296,
                "vocuser_nfryl_volver_al_origen": 0.00010046212577858148
            },
            "exampleSites": [
                "advocate.com",
                "www.elmundo.es",
                "www.out.com",
                "www.surinenglish.com"
            ]
        },
        {
            "rule": "mrf\\.io\\/json\\/experiences",
            "cookies": 0,
            "fingerprinting": 0,
            "subdomains": [
                "flowcards"
            ],
            "apis": {},
            "sites": 4,
            "prevalence": 0.000402,
            "cnames": [],
            "responseHashes": [],
            "type": "Preflight",
            "firstPartyCookies": {},
            "firstPartyCookiesSent": {
                "compass_uid": 0.00020092425155716296,
                "vocuser_nfryl_volver_al_origen": 0.00010046212577858148
            },