{
    "domain": "noibu.com",
    "owner": {},
    "source": [
        "DuckDuckGo-GB"
    ],
    "prevalence": 0.00422,
    "sites": 42,
    "subdomains": [
        "cdn",
        "input"
    ],
    "cnames": [],
    "fingerprinting": 2,
    "resources": [
        {
            "rule": "noibu\\.com\\/collect\\.js",
            "cookies": 0,
            "fingerprinting": 2,
            "subdomains": [
                "cdn"
            ],
            "apis": {
                "Navigator.prototype.doNotTrack": 28,
                "Navigator.prototype.userAgent": 28,
                "window.localStorage": 28,
                "window.sessionStorage": 28,
                "Navigator.prototype.connection": 28,
                "Performance.prototype.memory": 28,
                "Date.prototype.getTime": 28,
                "Navigator.prototype.language": 28,
                "URL.createObjectURL": 28,
                "window.innerWidth": 28,
                "window.innerHeight": 28
            },
            "sites": 29,
            "prevalence": 0.00291,
            "cnames": [],
            "responseHashes": [
                "c62a6dd25cd2ec5136f27a724fec5399295b7607e323b3a1455ce1583bcbc600",
                "95f6daa074406b22d4f93dd149f59d075c66293144a4848ba3239fd4f7491319",
                "c628ae3aab145a473b3e5de4cce6e2d819f1f20a85a66ff80abd6b8860470247",
                "5f8b423563872bde37f9ce1f622ce6e201228b74ef9d6c8b67fbe2faeced2d35",
                "5ef3f7c8ce7fccd28b4203da367e81a0b9f2e698a1f60f19bfc4882524550cc2",
                "cd13d9547c28490cb80f8d345b939267affe0e5d1e30f048bf5f84ecf5ea2a37",
                "5647efe6b1d6859a23c8f6320373a42ee0f69e73a30d0f973e2803aa1fdddcda",
                "be927c337c716cb097d1701a7b07ef69332aa60ce989a02e98fdec9950d5b935",
                "b6116a70fe54ff75088fa0061289d03bd01dc4c41d1428349658a299fc61abba",
                "96aea686c6a6a00b38d0c8810d63fb5a387775b8430dbfc51e389479ce8a8b7b",
                "f20e9ce7e46e849297045fea3004e418b5cb472d5eed2cb81f76465f23a8b322",
                "5dcff2a2a656b2cc0d6b3baaa5cf2e5265ad99a73ed2be9d27ade87c7f27c451",
                "5f6eb034042dca77df335942f18428776e678b71ff7ac5837dbcafa61210d530",
                "c65cddfb3320d2cdba3e8c34ef368afb99d6f476dbaebb07ed8b7014158de5f4",
                "3c32638a7baa724ba3e0abab828460e68b632f2ea8b1e9a44c5ee73dc996e530",
                "09a6ee99622994ef485d28f379af8c496e8796450243c9ec76f2da0581986b44",
                "202ab6efcaef8a0ce31d1ce480952de2e06828b2695081c50333fcc1cf90c986",
                "845cf4543fde787daa74eb6e7f162ff8da3e021dc5e890a5d5a203086b3f142e",
                "14d4a917592faf25b71cc955375f4d29fc8957b4113c632865c819e4dd0f626d",
                "12e53793b971e306d75d17cc3e343b680ebecae3337641a6b74509bb0ef66062",
                "ee15c4e198bf857573d678aa52e6e53e4a45c88096f56ea26c3d787ce3af41da",
                "4603c70de15d0039519ec561425cd6bd40c6f2157c7fd27dd7f6a2e11ab99ce3",
                "ad4a8227da020436128b45eaa4766c5029023a4ea39217db14e3691e72e5ca59",
                "2dd5cad2fd2dacbcde38bb3a9e6e2879190d8c635a2272b06446fc837429808e"
            ],
            "type": "Script",
            "firstPartyCookies": {},
            "firstPartyCookiesSent": {},
            "exampleSites": [
                "www.tiso.com",
                "www.calendarclub.co.uk",
                "www.barkerandstonehouse.co.uk",
                "appliancesdirect.co.uk",
                "fortnumandmason.com",
                "www.patrolbase.co.uk",
                "www.fortnumandmason.com",
                "www.pmtonline.co.uk",
                "www.bondara.co.uk",
                "houseofbruar.com",
                "www.dormeo.co.uk",
                "www.laptopsdirect.co.uk",
                "gooutdoors.co.uk",
                "www.aqualisa.co.uk",
                "ewm.co.uk",
                "www.bolts.co.uk",
                "www.wexphotovideo.com",
                "www.sarahraven.com",
                "www.appliancesdirect.co.uk",
                "dunsterhouse.co.uk"
            ]
        },
        {
            "rule": "noibu\\.com\\/pv_part",
            "cookies": 0,
            "fingerprinting": 0,
            "subdomains": [
                "input"
            ],
            "apis": {},
            "sites": 39,
            "prevalence": 0.00392,
            "cnames": [],
            "responseHashes": [],
            "type": "WebSocket",
            "firstPartyCookies": {},
            "firstPartyCookiesSent": {},
            "exampleSites": [
                "hollandandbarrett.com",
                "www.tiso.com",
                "www.dormeo.co.uk",
                "www.barkerandstonehouse.co.uk",
                "www.houseofbruar.com",
                "www.scs.co.uk",
                "www.sarahraven.com",
                "theperfumeshop.com",
                "royalmint.com",
                "www.inov8.com",
                "hollandscountryclothing.co.uk",
                "passenger-clothing.com",
                "www.gooutdoors.co.uk",
                "www.wexphotovideo.com",
                "www.ewm.co.uk",
                "www.hollandandbarrett.com",
                "gooutdoors.co.uk",
                "www.royalmint.com",
                "www.laptopsdirect.co.uk",
                "www.buildingmaterials.co.uk"
            ]
        },
        {
            "rule": "noibu\\.com\\/collect-worker\\.js",
            "cookies": 0,
            "fingerprinting": 0,
            "subdomains": [
                "cdn"
            ],
            "apis": {},
            "sites": 39,
            "prevalence": 0.00392,
            "cnames": [],
            "responseHashes": [
                "893e612b6646a59145690c318149fe53708691ca1418a90683455b23d470e2ef"
            ],
            "type": "Fetch",
            "firstPartyCookies": {},
            "firstPartyCookiesSent": {},
            "exampleSites": [
                "fortnumandmason.com",
                "www.theperfumeshop.com",
                "www.fortnumandmason.com",
                "www.aqualisa.co.uk",
                "www.joebrowns.co.uk",
                "www.royalmint.com",
                "www.dormeo.co.uk",
                "www.gooutdoors.co.uk",
                "passenger-clothing.com",
                "dunsterhouse.co.uk",
                "hollandandbarrett.com",
                "www.ewm.co.uk",
                "gooutdoors.co.uk",
                "www.bolts.co.uk",
                "theperfumeshop.com",
                "wexphotovideo.com",
                "www.laptopsdirect.co.uk",
                "ouraring.com",
                "www.hollandandbarrett.com",
                "www.bensonsforbeds.co.uk"
            ]
        },
        {
            "rule": "noibu\\.com\\/collect-core\\.js",
            "cookies": 0,
            "fingerprinting": 2,
            "subdomains": [
                "cdn"
            ],
            "apis": {
                "Navigator.prototype.doNotTrack": 11,
                "Navigator.prototype.userAgent": 11,
                "window.localStorage": 11,
                "window.sessionStorage": 11,
                "Navigator.prototype.connection": 11,
                "Performance.prototype.memory": 11,
                "Navigator.prototype.language": 11,
                "Date.prototype.getTime": 11,
                "URL.createObjectURL": 9
            },
            "sites": 13,
            "prevalence": 0.00131,
            "cnames": [],