{
    "domain": "olopruy.com",
    "owner": {},
    "source": [
        "DuckDuckGo-GB"
    ],
    "prevalence": 0.000703,
    "sites": 7,
    "subdomains": [],
    "cnames": [],
    "fingerprinting": 0,
    "resources": [
        {
            "rule": "olopruy\\.com\\/get",
            "cookies": 0,
            "fingerprinting": 0,
            "subdomains": [],
            "apis": {},
            "sites": 7,
            "prevalence": 0.000703,
            "cnames": [],
            "responseHashes": [
                "4320486b12a9468214fbfa718a4fb0194047af343de5a551fbae4e723024d900",
                "f1a37c8d1a6ad056e74a3c1f2e174d6b78c774810f5c4ea6ee6c3fbd850daf53",
                "d8884f6d91ab2065e0a13a1a0e4d7266bddf900301bdced00ad84b5e07ee8bb4",
                "3135d43ded5be73ac04a35b3741d27c06fd6c34237831013027c64ab9369180b",
                "010e6f63b5248b1d657ac2ed6a50ecbc55ab711c62174b6de173340dda446018",
                "78df5bd2a000a03bf7b9d8cf42e5764ca0fef23684c63fc8ca66756d273f8fa2"
            ],
            "type": "Fetch",
            "firstPartyCookies": {},
            "firstPartyCookiesSent": {},
            "exampleSites": [
                "hdzog.com",
                "porngo.xxx",
                "tubepornclassic.com",
                "txxx.com",
                "upornia.com",
                "vjav.com",
                "voyeurhit.com"
            ]
        }
    ],
    "categories": [],
    "performance": {},
    "cookies": 0,
    "topInitiators": [
        {
            "domain": "first party",
            "prevalence": 0.7142857142857143
        },
        {
            "domain": "txxx.tube",
            "prevalence": 0.14285714285714285
        },
        {
            "domain": "nv7s.com",
            "prevalence": 0.14285714285714285
        }
    ],
    "types": {
        "Fetch": 7
    },
    "nameservers": [
        "ns1.digitalocean.com",
        "ns2.digitalocean.com",
        "ns3.digitalocean.com"
    ]
}