{
    "domain": "p-n.io",
    "owner": {
        "name": "Pushly",
        "displayName": "Pushly"
    },
    "source": [
        "DuckDuckGo-GB"
    ],
    "prevalence": 0.00502,
    "sites": 50,
    "subdomains": [
        "cdn",
        "k"
    ],
    "cnames": [],
    "fingerprinting": 2,
    "resources": [
        {
            "rule": "p-n\\.io\\/pushly-sdk\\.min\\.js",
            "cookies": 0.00472,
            "fingerprinting": 2,
            "subdomains": [
                "cdn"
            ],
            "apis": {
                "window.localStorage": 49,
                "Navigator.prototype.userAgent": 48,
                "Navigator.prototype.appVersion": 48,
                "Navigator.prototype.appCodeName": 48,
                "Navigator.prototype.product": 48,
                "Navigator.prototype.vendor": 48,
                "window.indexedDB": 48,
                "Document.cookie getter": 49,
                "Date.prototype.getTime": 49,
                "window.sessionStorage": 48,
                "Navigator.prototype.cookieEnabled": 46,
                "Document.cookie setter": 47,
                "Navigator.prototype.permissions": 46,
                "Intl.DateTimeFormat.prototype.resolvedOptions": 46,
                "NavigatorUAData.prototype.brands": 46,
                "Screen.prototype.orientation": 45
            },
            "sites": 49,
            "prevalence": 0.00492,
            "cnames": [],
            "responseHashes": [
                "b27a6bda4ffb55bffe940c420e88109378922abf1db827db7a38e8bc1c0d9e4c",
                "ea21b06a10811256dfde1237ada7eaa570130a17346823f7ad4739081fe7da01",
                "df3d9bdf2bee6a40870bf2b65e003d0c0b8029a3d30a98d5169c93dbb39f7260",
                "9dc92387817367615157341df34a87b308dc6b1c7ce91fbda580b1d7ed1455ae",
                "315fe2b74eda3b3fa676316b0665b4d8aaaef3f2df23b7f063714f9446d42c95",
                "36e072c16c80b4503585b858ad4e7f445a5bfc55f49255d7ea5e6762dfe52543",
                "051d9d276940deb5f6b69b8aad0f056b343e574984ea66ff14c632c798b226bd",
                "ad8aace5ff5dc36e57d763025872924b24c5082cb318d4423038611d3c37380c",
                "23f67183e353f3e4f598c92ad6b34c5da4c9e3b1d9377bcea870bc951ebc5d69",
                "958bb692a644a31895e11b7ea1abbf7d2dfcbbdc262cd617985980028840a4a1",
                "194cb91c2ba342b3c0f6774d337ebb73e8082b0c83cfa1d07d96699e7bb676da",
                "b985710446270875e35853fca0fd4a626e229e6c1afdc4b676bc35524674fe45",
                "366fff84102a5fd21791e51f34dc3396cb763d3bc2a58a6635e82d9b90af43e9",
                "2cee59dc86e88068f8adaebc5036d660768ed37878964f6d80b24362c045bda0",
                "631bd7a7a65e1cffa01365f7450e6c2ca6eefee5cc29d9fd130b1b3396f62505",
                "ee62a4d1c7b533993b5dc7d808b0341b56aedc9825c0344e044eeb2fadf8f054",
                "3c04d40c8f9d661c567a7fa7931d2b6ce57b7ecbd0c20f8c653302f9d72b9836",
                "cd00a302c6e916dde5069839a77a8e700557c649b9b3f584d37c038355a199b0",
                "e840fe497e2a07e440107576ac0c1c1255983837e67bef0f993a8919bd578cc4",
                "4ec7913e767bcd6d19056c35fc982add931939f1d0ce217802670f19aaa20fa5",
                "31b921e71d12c8a170599f313e6b14856fbcb78619c3c449bba0fde9195359e9",
                "7438f6012eed79de365bd9457bcf3b84cbacbefabcb3ce686b0726f6650e5175",
                "6726143743061ae465c9c0b376c35c71a9c5d4eb9c1364d4004d942e4e6944f1",
                "b195663d34fedcffebd5ad861b65ed4f8143ae2bb70f2776809ebbe73dabfa02",
                "db8eca4792fb2a912dbcb1ce9938c267d4194f2efed302c3c241b91ad3d6fc0b",
                "4589443a651adfa5e13d18d788e3f7324ac91dcf98df2f55129303bf1e15f3b5",
                "db3a7f05decd98a553315fd8a39599e1ab1a7e4bbe57fe7ef4912814aff63ab9",
                "9ab3d25b9a84c3aa4e8645c0b827899d2f903b1e9a8034e617dd3bb5f820fbe4",
                "6f9af6771dcfbd931f20a7f86c05e24393256a3b2c54f1ba3e61e119e0223516",
                "36c9a301e9225dd19d4493db8dbafed036510f78dfaa8b70ffaacd1bce0c4345",
                "744df7e8d2262faaaed35b776b0b8666e9d01b3b858249688e4a89e814020d72",
                "a906c12f515420104c3a32114ccb88074d4e813969794061aa38bda1719a77f0",
                "98081b792f3422a7528677c45548ed8cdd1382123230ad0c0b13d33416d3ff4f",
                "f92f70b2d49800593c60c21729438ed9fc7df3b6ba8e5d9ffd009509033cb3d8",
                "4ec781c0f04d10ef01f58ba12f759b2cc602c6869b0255358de40b2d2be6f55a",
                "71909709831739a04f9c1522b7c562430794284a766d97c7d72a3b62521a2b3f",
                "19ef8743c2986fbdcedecf604176db5831e9e8db871fe9fbe25c69c46a2f5a62",
                "308e2e7fc0fe52d4a9bcbe5aa6d601979bd163f94d37fbb21cea9b9bab1f4520",
                "f5924f7ec1af9d54e5425da03149184f605f245681ac1bf04f702cd0500b9b03",
                "f514ae598c3b399ae8487b212084887a6eb53ed659493d7ddb8b85d3bd70fc37",
                "7580b34b88d39af9b0c092ce8bf65c714b82ccf0be8f104b86c898ebd2c4b9b6",
                "2bd62fde3e8c2c871b8650bc782b9343911e4413ccebcaf015978524fb3d7bdb",
                "25ee578e0bc3c285d8066beeac648c8fccc73522f70ae161066bcb44d9fed7c0",
                "91ce31a7e641f17b65927bcbbdca132633eff6ef600cb3dc507ad35b8a5ce0b4",
                "d2da5e0e2f6bb5d01a5b3aed2f15bb8817c9ce58d748aaae1360201fe07ddbae",
                "e0aaec863fd7c9eb92bb4ba3a8df6ea109d9b6e3e73a176f90d93b218ef48670",
                "38a8e5adbba8c0b0f421244424b8ff6f7eb2bff897b3795dd7e03288984f8fd2"
            ],
            "type": "Script",
            "firstPartyCookies": {
                "_pn_NtnVGehy": {
                    "ttl": 15552016,
                    "length": 112,
                    "prevalence": 0.00010046212577858148,
                    "uniqueness": 1
                },
                "_pn": {
                    "ttl": 15552007,
                    "length": 112,
                    "prevalence": 0.0011050833835643962,
                    "uniqueness": 1
                },
                "_pn_ijIQnGTS": {
                    "ttl": 15552018,
                    "length": 112,
                    "prevalence": 0.00010046212577858148,
                    "uniqueness": 1
                },
                "_pn_mP90dbv9": {
                    "ttl": 15552021,
                    "length": 112,
                    "prevalence": 0.00010046212577858148,
                    "uniqueness": 1
                },
                "_pn_GvbR9fxg": {
                    "ttl": 15552004,
                    "length": 112,
                    "prevalence": 0.00010046212577858148,
                    "uniqueness": 1
                },
                "_pn_TgtvAlfG": {
                    "ttl": 15552006,
                    "length": 112,
                    "prevalence": 0.00010046212577858148,
                    "uniqueness": 1
                },
                "_pn_s3wTyyKy": {
                    "ttl": 15552002,
                    "length": 59,
                    "prevalence": 0.00010046212577858148,
                    "uniqueness": 1
                },
                "_pn_zcgHRQlC": {
                    "ttl": 15552015,
                    "length": 112,
                    "prevalence": 0.00010046212577858148,
                    "uniqueness": 1
                },
                "_pn_HgS8Lyj7": {
                    "ttl": 15552007,
                    "length": 112,
                    "prevalence": 0.00010046212577858148,
                    "uniqueness": 1
                },
                "_pn_f4Yn8uX6": {
                    "ttl": 15552009,
                    "length": 112,
                    "prevalence": 0.00010046212577858148,
                    "uniqueness": 1
                },
                "_pn_v2C4lIRo": {
                    "ttl": 15552013,
                    "length": 112,
                    "prevalence": 0.00010046212577858148,
                    "uniqueness": 1
                },
                "_pn_esfBGYG9": {
                    "ttl": 15552007,