{
    "domain": "pbxai.com",
    "owner": {},
    "source": [
        "DuckDuckGo-GB"
    ],
    "prevalence": 0.00412,
    "sites": 41,
    "subdomains": [
        "floor",
        "cdn"
    ],
    "cnames": [],
    "fingerprinting": 1,
    "resources": [
        {
            "rule": "pbxai\\.com\\/",
            "cookies": 0,
            "fingerprinting": 0,
            "subdomains": [
                "floor"
            ],
            "apis": {},
            "sites": 35,
            "prevalence": 0.00352,
            "cnames": [],
            "responseHashes": [
                "936a7086330e8e10b61478ba5084ddedc38369e17fdf1a0810394f0daf14f4cb",
                "f9d64df7a65083dbbfd52cf79df9938d3e2a206d03fdede9acc3d7f128ca185b",
                "b8a0403f06ec0f74d702ab4e67e2435a75e671150319f9c7ab126d3b190db864",
                "6711493acea2b773b9b9fee1c3eaf119fffaad8e2a3ac104cf11f1b76919abad",
                "e3b0c44298fc1c149afbf4c8996fb92427ae41e4649b934ca495991b7852b855",
                "7b087cc4ffba008a4a565f594094a6b2c9bdcf00035f575daac2e6bcd277271e",
                "82d27d92ee06980708b51110997255f117acf3cde0ec0879bb05a343334beb23",
                "2d1b643526958d39102c3842f1c343183b70ac01cb2b08f6c2ad0c51f6b470fe",
                "bc7a78b7a5e4bd418be466129a10b8d554fc2d450d1ba5ce8b0e27874d935f91",
                "20fd61564ce2597abfd42e2777dab7ad813f08bd3a81871ee9462bb006afb39a",
                "9fe7c6cbdece2c8a1dc74fc4891b0228dc4e7035f42c9f3429d8f787e12d737a",
                "3febb524e02beab1c8e91d222ca575f5e905b97277f882067e6a9d1de60a8b34",
                "bd98999e083a587c84f9271338c016019338b45493373bcf6081092049ee3b35",
                "a3fa97cd50135b5a4e018b14e34aaa46f223183aedda069d91c003fe4e2d069d",
                "1ce67af551aadb7dc6288cfdba7b00f5046430241d15a68d012b64e64654ae26",
                "c7e65e2872cbab497906928ea95e6d5ff528bb18a88fab1b13252eb83ef10fb1",
                "5ad5158368f2d026c0df247e454ffdb33a145ace782db3a2de59aa0d7be6386f",
                "271849b48784ff16f8bac09389b14f49efd2e1230e5965b786a069ea493963a3",
                "28ea7351ec0e8c251129007696e4283e01b327c6fe4b33c24cac01dc0da8eaf8",
                "0b18d169d8e750ea795f050257fa57e49249180fd8b7a1dd33cc204b741f4228",
                "20106a168f5093e820c278da7777e8dd5f5a614acf3ba3920fde27c160272db1",
                "cb0800306143344cad5233fab2e86bb4637053cf58bc89a8dbc46ce76a4848fc",
                "cc4970535e3c9bd2feba138fb708787591241aedf57f35712fe563a20ab0fd77",
                "c8f3b0bd478b7a9be7596d657389d51dac77059566c3ec101d63bf1ce7ee4aa8",
                "2662022ecdbb27afacb8796e8e1bffda18a5078b7e0a273a1e843ca29ac2de3a",
                "f86588c68dbbcc85ebd16d43726b836c3ba6661463acc4be68abd4024d54acd6",
                "6048e7081044bbf4ebb799645cdf272739e75d3c9cebe7a9822e36a89d2accba",
                "7c2ab1a6a50ebcbd14daf3bed340e2931c5b00b11966809f7ac9114dc2f33fa8",
                "75fd812d4114c4540a7313fe78b85afa3bc14d7858d82aa5cc8187f8d82cd8e1",
                "97a19bf20ca0d386e9474152384087ef5fe8567e7999c81555179e863268ccc6",
                "659630f53d005bba2cb814ea44aa2ffa1e81b1c493f11c532a76e966d9b7ca4b",
                "971972e91c348dc4221d909e99d0973e17e85a5c6d460b676cc2b2745067a37f",
                "95ff294fd75a163f48f1c6a3d2bd495570121ef5f5a8774c28af478f323003fd"
            ],
            "type": "Fetch",
            "firstPartyCookies": {},
            "firstPartyCookiesSent": {},
            "exampleSites": [
                "www.dict.cc",
                "solicitors.lawsociety.org.uk",
                "www.fmscout.com",
                "www.radiotimes.com",
                "www.boards.ie",
                "www.wordhippo.com",
                "nationalpost.com",
                "www.notebookcheck.net",
                "www.livesoccertv.com",
                "www.rapidtables.com",
                "www.isitdownrightnow.com",
                "mediabiasfactcheck.com",
                "www.radio-uk.co.uk",
                "www.gardenersworld.com",
                "www.connexionfrance.com",
                "www.geoguessr.com",
                "uk.investing.com",
                "percentagecalculator.net",
                "www.thewordfinder.com",
                "www.linguee.com"
            ]
        },
        {
            "rule": "pbxai\\.com\\/e81e688b-e119-4bf8-af5e-9c6af50622c1\\.js",
            "cookies": 0,
            "fingerprinting": 0,
            "subdomains": [
                "cdn"
            ],
            "apis": {},
            "sites": 2,
            "prevalence": 0.000201,
            "cnames": [],
            "responseHashes": [
                "ea65600d8d47992aee326d6c16acb893ec0fb3ae6b475ea476207e07d55b27a2"
            ],
            "type": "Script",
            "firstPartyCookies": {},
            "firstPartyCookiesSent": {},
            "exampleSites": [
                "teslamotorsclub.com",
                "www.radio-uk.co.uk"
            ]
        },
        {
            "rule": "pbxai\\.com\\/aba93a3a-0792-49b0-9740-2018808409c4\\.js",
            "cookies": 0,
            "fingerprinting": 0,
            "subdomains": [
                "cdn"
            ],
            "apis": {},
            "sites": 2,
            "prevalence": 0.000201,
            "cnames": [],
            "responseHashes": [
                "d90e37973f7ad8b50381d5f43cf2e12c4fce25ed08e1ef6f9c783a010b301af5"
            ],
            "type": "Script",
            "firstPartyCookies": {},
            "firstPartyCookiesSent": {},
            "exampleSites": [
                "investing.com",
                "www.investing.com"
            ]
        },
        {
            "rule": "pbxai\\.com\\/663ac230-2e1d-489d-a6bb-d0fcbfbc8759\\.js",
            "cookies": 0,
            "fingerprinting": 1,
            "subdomains": [
                "cdn"
            ],
            "apis": {
                "window.localStorage": 5,
                "window.sessionStorage": 5
            },
            "sites": 5,
            "prevalence": 0.000502,
            "cnames": [],
            "responseHashes": [
                "a0bfabddb7afd90ed2974dc6e6fc9c7e1f7b5b78852a6837ac1421ad52f1f1c8",
                "4022eaa28f546036eb1ee4a3aa1df8baa941f0a3dad05f6a510dfe447bd21cf0"
            ],
            "type": "Script",
            "firstPartyCookies": {},
            "firstPartyCookiesSent": {},
            "exampleSites": [
                "bbcgoodfood.com",
                "www.gardenersworld.com",
                "www.madeformums.com",
                "www.olivemagazine.com",
                "www.radiotimes.com"
            ]
        },
        {
            "rule": "pbxai\\.com\\/315b44bc-10e5-45a8-8f58-064d6e7317c0\\.js",
            "cookies": 0,
            "fingerprinting": 0,
            "subdomains": [
                "cdn"
            ],
            "apis": {},
            "sites": 2,
            "prevalence": 0.000201,
            "cnames": [],
            "responseHashes": [
                "5faf4c0f42059c6c87dc01533265d5a58ed0802d29058948d384cf127f6bbaeb"
            ],
            "type": "Script",
            "firstPartyCookies": {},
            "firstPartyCookiesSent": {},
            "exampleSites": [
                "boards.ie",
                "www.livesoccertv.com"
            ]
        },
        {
            "rule": "pbxai\\.com\\/47f20c1b-5e16-45d3-b65a-7dd90864f1b8\\.js",
            "cookies": 0,
            "fingerprinting": 1,
            "subdomains": [
                "cdn"
            ],
            "apis": {
                "window.localStorage": 1,
                "window.sessionStorage": 1
            },
            "sites": 2,
            "prevalence": 0.000201,
            "cnames": [],
            "responseHashes": [
                "b679f074e626b88962c9ae4da8d3c8c2136ff48b4cf08ddeed1ec0c86ca287fb"
            ],
            "type": "Script",
            "firstPartyCookies": {},