{
    "domain": "sexfortokens.com",
    "owner": {},
    "source": [
        "DuckDuckGo-GB"
    ],
    "prevalence": 0.000804,
    "sites": 8,
    "subdomains": [
        "go"
    ],
    "cnames": [],
    "fingerprinting": 0,
    "resources": [
        {
            "rule": "sexfortokens\\.com\\/api\\/models",
            "cookies": 0.000703,
            "fingerprinting": 0,
            "subdomains": [
                "go"
            ],
            "apis": {},
            "sites": 8,
            "prevalence": 0.000804,
            "cnames": [],
            "responseHashes": [
                "904e64e4220997a3e77d5026f66dd7071e7abc582a38f06c4c59bf9604c0888d",
                "24df30aa7231b760c9b2d989c9750da154360820ec69fa1eec241d3f0f33cc6d",
                "df35ee69652a1d5355607b43b5748c4361ad8db8a8fbbcb00f36f76b51fcf7a0",
                "a3a83da6a9eecf6cc2814b5b23a5c04a6a88efa0b7f1a0bd013192da39252376",
                "6b45e94e7bed67c9f2e3200b701aafd540401606bd35aba7470088046bcf0458"
            ],
            "type": "Fetch",
            "firstPartyCookies": {},
            "firstPartyCookiesSent": {},
            "exampleSites": [
                "blowjobs.pro",
                "eroticmv.com",
                "goldtits.com",
                "hqporn.xxx",
                "shooshtime.com",
                "upornia.com",
                "www.femdomvc.com",
                "www.xfreehd.com"
            ]
        },
        {
            "rule": "sexfortokens\\.com\\/app\\/domain-checker\\/get-check",
            "cookies": 0.000703,
            "fingerprinting": 0,
            "subdomains": [
                "go"
            ],
            "apis": {},
            "sites": 8,
            "prevalence": 0.000804,
            "cnames": [],
            "responseHashes": [
                "b3d7bb0ed5f0265d7975640c8f49166e26d2f9bf653c875fcddce5a5a8be802d",
                "c3de26633923ad4c10d0a194b1df6f1d1bbd872ab427fc6c7c72b05aee78d459",
                "42dec27ce12aae8ec351a5517ccaa9be20760a9a01df7a6469c5d674396de265",
                "257705ab3e3e4cddafa25f6ac6e340c08174fa2771c7461314a12c7d5a6d6986",
                "3d0173be160bf9701392ee3115cd96f29a24491ce5942c198e03eea39a6bbf1d"
            ],
            "type": "Fetch",
            "firstPartyCookies": {},
            "firstPartyCookiesSent": {},
            "exampleSites": [
                "blowjobs.pro",
                "eroticmv.com",
                "goldtits.com",
                "hqporn.xxx",
                "shooshtime.com",
                "upornia.com",
                "www.femdomvc.com",
                "www.xfreehd.com"
            ]
        },
        {
            "rule": "sexfortokens\\.com\\/abc\\.gif",
            "cookies": 0,
            "fingerprinting": 0,
            "subdomains": [
                "go"
            ],
            "apis": {},
            "sites": 5,
            "prevalence": 0.000502,
            "cnames": [],
            "responseHashes": [
                "e3b0c44298fc1c149afbf4c8996fb92427ae41e4649b934ca495991b7852b855"
            ],
            "type": "Image",
            "firstPartyCookies": {},
            "firstPartyCookiesSent": {},
            "exampleSites": [
                "hqporn.xxx",
                "shooshtime.com",
                "upornia.com",
                "www.femdomvc.com",
                "www.xfreehd.com"
            ]
        },
        {
            "rule": "sexfortokens\\.com\\/app\\/domain-checker\\/check-result",
            "cookies": 0.000502,
            "fingerprinting": 0,
            "subdomains": [
                "go"
            ],
            "apis": {},
            "sites": 5,
            "prevalence": 0.000502,
            "cnames": [],
            "responseHashes": [
                "e3b0c44298fc1c149afbf4c8996fb92427ae41e4649b934ca495991b7852b855"
            ],
            "type": "Fetch",
            "firstPartyCookies": {},
            "firstPartyCookiesSent": {},
            "exampleSites": [
                "hqporn.xxx",
                "shooshtime.com",
                "upornia.com",
                "www.femdomvc.com",
                "www.xfreehd.com"
            ]
        }
    ],
    "categories": [],
    "performance": {},
    "cookies": 0.000703,
    "topInitiators": [
        {
            "domain": "bbrdbr.com",
            "prevalence": 0.42424242424242425
        },
        {
            "domain": "rmhfrtnd.com",
            "prevalence": 0.3939393939393939
        },
        {
            "domain": "camschat.net",
            "prevalence": 0.12121212121212122
        },
        {
            "domain": "freecamsfan.com",
            "prevalence": 0.06060606060606061
        }
    ],
    "types": {
        "Fetch": 21,
        "Image": 5
    },
    "nameservers": [
        "ivan.ns.cloudflare.com",
        "kate.ns.cloudflare.com"
    ]
}