{
    "domain": "trackcmp.net",
    "owner": {
        "name": "ActiveCampaign, Inc.",
        "displayName": "ActiveCampaign"
    },
    "source": [
        "DuckDuckGo-GB"
    ],
    "prevalence": 0.00261,
    "sites": 26,
    "subdomains": [],
    "cnames": [],
    "fingerprinting": 0,
    "resources": [
        {
            "rule": "trackcmp\\.net\\/t_prism_sitemessages\\.php",
            "cookies": 0,
            "fingerprinting": 0,
            "subdomains": [],
            "apis": {},
            "sites": 23,
            "prevalence": 0.00231,
            "cnames": [],
            "responseHashes": [
                "e3b0c44298fc1c149afbf4c8996fb92427ae41e4649b934ca495991b7852b855"
            ],
            "type": "Script",
            "firstPartyCookies": {},
            "firstPartyCookiesSent": {
                "prism_649424205": 0.00010046212577858148,
                "prism_612013616": 0.00010046212577858148,
                "_hjTLDTest": 0.00010046212577858148,
                "prism_225477603": 0.00010046212577858148,
                "prism_801113791": 0.00010046212577858148,
                "prism_609966556": 0.00010046212577858148,
                "prism_225600763": 0.00010046212577858148,
                "prism_68385552": 0.00010046212577858148,
                "prism_25300270": 0.0003013863773357444,
                "prism_66978442": 0.00010046212577858148,
                "prism_253856689": 0.00010046212577858148,
                "_li_dcdm_c": 0.00020092425155716296,
                "prism_224817533": 0.00010046212577858148,
                "prism_611487216": 0.00010046212577858148,
                "prism_612995246": 0.00010046212577858148,
                "prism_799266761": 0.00010046212577858148,
                "prism_25900740": 0.00010046212577858148,
                "prism_28266330": 0.00010046212577858148,
                "prism_478502367": 0.00010046212577858148,
                "prism_69078272": 0.00010046212577858148,
                "prism_254052229": 0.00010046212577858148,
                "prism_92399174": 0.00010046212577858148,
                "prism_610523846": 0.00010046212577858148
            },
            "exampleSites": [
                "www.speedtest.net",
                "www.warhistoryonline.com",
                "www.boss.info",
                "www.classic.com",
                "www.flightconnections.com",
                "www.henrykrank.com",
                "www.thesimsresource.com",
                "www.viovet.co.uk",
                "pinchofnom.com",
                "instantpot.co.uk",
                "petrolmap.co.uk",
                "www.rsc.org.uk",
                "www.addictivetips.com",
                "www.boilerguide.co.uk",
                "www.christianpost.com",
                "www.globalcitizensolutions.com",
                "www.ancient-origins.net",
                "www.greenmatch.co.uk",
                "www.jpost.com",
                "blueskyeducation.co.uk"
            ]
        },
        {
            "rule": "trackcmp\\.net\\/visit",
            "cookies": 0.000301,
            "fingerprinting": 0,
            "subdomains": [],
            "apis": {},
            "sites": 3,
            "prevalence": 0.000301,
            "cnames": [],
            "responseHashes": [
                "e3b0c44298fc1c149afbf4c8996fb92427ae41e4649b934ca495991b7852b855"
            ],
            "type": "Script",
            "firstPartyCookies": {},
            "firstPartyCookiesSent": {},
            "exampleSites": [
                "gearspace.com",
                "www.fluentu.com",
                "www.wickedweasel.com"
            ]
        }
    ],
    "categories": [
        "Ad Motivated Tracking",
        "Advertising",
        "Action Pixels"
    ],
    "performance": {},
    "cookies": 0.000301,
    "topInitiators": [
        {
            "domain": "app-us1.com",
            "prevalence": 0.8333333333333334
        },
        {
            "domain": "first party",
            "prevalence": 0.13333333333333333
        },
        {
            "domain": "script.ac",
            "prevalence": 0.03333333333333333
        }
    ],
    "types": {
        "Script": 26
    },
    "nameservers": [
        "kellen.ns.cloudflare.com",
        "love.ns.cloudflare.com"
    ]
}