{
    "domain": "trafget.com",
    "owner": {},
    "source": [
        "DuckDuckGo-GB"
    ],
    "prevalence": 0.00141,
    "sites": 14,
    "subdomains": [
        "ts"
    ],
    "cnames": [],
    "fingerprinting": 0,
    "resources": [
        {
            "rule": "trafget\\.com\\/nw\\.php",
            "cookies": 0.000703,
            "fingerprinting": 0,
            "subdomains": [
                "ts"
            ],
            "apis": {},
            "sites": 7,
            "prevalence": 0.000703,
            "cnames": [],
            "responseHashes": [
                "3d3f78ad060cac0db63347e7425b3147446381defc86d78d422f5ec9582dad45",
                "1eb9fdb99c9560dd8cb2b7648cf23afaacb5c05f57bab8891a3334b8e4fb74e7",
                "5b225562f1d6c13d75f9c2bfdcd7c44c6087d59e61550f3c318000042a0935e4",
                "0d06748f39219e68ef90fab90d38e2d0af2ae3785ff19ce9792c367c6e96bfa7",
                "389c4784b8991de86fe206da527a987c62f72a55101734674a2097565425c5ac",
                "0a7a200103f4f9238c58b542a53c71c43d7c241acba54867b794d94ed80319f7"
            ],
            "type": "Document",
            "firstPartyCookies": {},
            "firstPartyCookiesSent": {},
            "exampleSites": [
                "deepfucks.com",
                "freeadultcomix.com",
                "hdporn92.com",
                "iceporncasting.net",
                "porngo.xxx",
                "pornzog.com",
                "www.imagefap.com"
            ]
        },
        {
            "rule": "trafget\\.com\\/nw100\\.php",
            "cookies": 0.000804,
            "fingerprinting": 0,
            "subdomains": [
                "ts"
            ],
            "apis": {},
            "sites": 8,
            "prevalence": 0.000804,
            "cnames": [],
            "responseHashes": [
                "28aa2d19dedc62f43baf62c875339c7bc6086800f1b41a510dcd773dd6e35a35",
                "772a0ac1970785b969c48ae5f165f3f9ce4500a6e4a844d857f073016c77cd09",
                "d67b4c835d1d2ba38808bed189d24c3c818358c0683cf56ada1495f5af03229d",
                "74e48d7e7a98f00d7b8ed8f8774660987ef17f8caeb25615c5a9283352a8c905"
            ],
            "type": "Document",
            "firstPartyCookies": {},
            "firstPartyCookiesSent": {},
            "exampleSites": [
                "freeadultcomix.com",
                "hdpornpics.com",
                "idealmature.com",
                "nakedwomenpics.com",
                "nastypornpics.com",
                "sexstories69.com",
                "thematurepornpics.com",
                "thisvid.com"
            ]
        }
    ],
    "categories": [],
    "performance": {},
    "cookies": 0.00141,
    "topInitiators": [
        {
            "domain": "first party",
            "prevalence": 0.5833333333333334
        },
        {
            "domain": "tsyndicate.com",
            "prevalence": 0.375
        },
        {
            "domain": "shukriya90.com",
            "prevalence": 0.041666666666666664
        }
    ],
    "types": {
        "Document": 15
    },
    "nameservers": [
        "harleigh.ns.cloudflare.com",
        "buck.ns.cloudflare.com"
    ]
}