{
    "domain": "vntsm.io",
    "owner": {},
    "source": [
        "DuckDuckGo-GB"
    ],
    "prevalence": 0.00221,
    "sites": 22,
    "subdomains": [
        "hb"
    ],
    "cnames": [],
    "fingerprinting": 0,
    "resources": [
        {
            "rule": "vntsm\\.io\\/content\\.html",
            "cookies": 0.00221,
            "fingerprinting": 0,
            "subdomains": [
                "hb"
            ],
            "apis": {},
            "sites": 22,
            "prevalence": 0.00221,
            "cnames": [],
            "responseHashes": [
                "b42f65bc5ea503b18d3d71b0d66d02d1d3019cbbe775706754c040ed7dabef61",
                "eb0d6ea8152a85d1bc08c3bb4e4f4d0bcdd9674a46508dc311cdcfdc4ac93798",
                "1f471ead013f7bb73803b87f8b6ea1dc31d5f161822c4d71592e6371adb92ca4",
                "2af79cb0856094740307f3175baf9b91ba65bed8b4d73300d6be22578d96a228",
                "94e9c38ec5ba642d0a3be03c051111a7b1738efc4dfaa12f21d3ed04d16f7f84",
                "93774ac190fde93d3002b70ab6a549a080177616973d4f5a23295008937f268f",
                "2bf4659667c255a981c3bbff7768b831f098571e06bd16e7d041408638a788f3",
                "980312e9aa9362ed3bf299e842e76e31944e9c1eae2d8def478e52acb0fdd80f",
                "2c5318b4c427266e4d4c7144aa3b1ffdfd0e10777dcd123c8a08fe732918692e",
                "424d5712dc88d7700fed8f65571d1381d8e2ee8d13ca8bb1673fc12ff6bd6c7f",
                "a72cd0e5bda92aba1d494c8673513bc18decefdac6d35aaf9aac122ae044e1b4",
                "8d16b8e12c8f2593bbc0a2240af9cba2b9c5b241ec6e871130ba382c231b3984",
                "3e8376298638be7d783a777d391d36bbbf8d0e8c31ac273830231b5ac2f5414d",
                "5cb31b122b648170ccb2ca556938b88e0a03c0909bae0a14b53c2189c9ae9020",
                "ce8368e5b8e9f2f066acc6284578c00021aea742c4c7c7ec2836c232a5f8b1f8",
                "628caade24077d146d91226b6797665bc5398e0d8d0f6f2e5d17221ea8896239",
                "def8476a9b3bbdf543da432ae966ca6d35d2e55331b7647b26a63ae8fb06fe4c",
                "854a0afb6e1db323976ae03f4f35269b54e5606b014b36e5d6d8d5cb23a8ed22",
                "609a810484d1f17f72d86909ed7f995204804c8a9d5fde382b4f53ca2be8ccbb",
                "7e7594fafe23e6624cc794ca64b8dc676c34626fb57dbf16d509c72a895c862a"
            ],
            "type": "Fetch",
            "firstPartyCookies": {},
            "firstPartyCookiesSent": {},
            "exampleSites": [
                "www.playstationtrophies.org",
                "www.powerpyx.com",
                "forums.spacebattles.com",
                "www.pcgamingwiki.com",
                "fortnite.gg",
                "www.gosunoob.com",
                "www.rpgsite.net",
                "wzstats.gg",
                "www.light.gg",
                "satisfactory-calculator.com",
                "www.ispreview.co.uk",
                "wafflegame.net",
                "www.mtggoldfish.com",
                "www.futbin.com",
                "www.op.gg",
                "www.xboxachievements.com",
                "www.systemrequirementslab.com",
                "www.smogon.com",
                "www.overtake.gg",
                "www.psu.com"
            ]
        }
    ],
    "categories": [],
    "performance": {},
    "cookies": 0.00221,
    "topInitiators": [
        {
            "domain": "vntsm.com",
            "prevalence": 0.92
        },
        {
            "domain": "first party",
            "prevalence": 0.08
        }
    ],
    "types": {
        "Fetch": 22
    },
    "nameservers": [
        "ns-866.awsdns-44.net",
        "ns-1655.awsdns-14.co.uk",
        "ns-1245.awsdns-27.org",
        "ns-99.awsdns-12.com"
    ]
}