{
    "domain": "zoho.eu",
    "owner": {
        "name": "ZOHO Corporation",
        "displayName": "ZOHO"
    },
    "source": [
        "DuckDuckGo-GB"
    ],
    "prevalence": 0.00121,
    "sites": 12,
    "subdomains": [
        "pagesense-collect",
        "salesiq",
        "webfonts",
        "pagesense"
    ],
    "cnames": [],
    "fingerprinting": 1,
    "resources": [
        {
            "rule": "zoho\\.eu\\/pslog\\.gif",
            "cookies": 0.000904,
            "fingerprinting": 0,
            "subdomains": [
                "pagesense-collect"
            ],
            "apis": {},
            "sites": 9,
            "prevalence": 0.000904,
            "cnames": [],
            "responseHashes": [
                "1866961a029c65376fefb7f2ba1e6187e09ff50ea58d97dedfd72c197947d002"
            ],
            "type": "Ping",
            "firstPartyCookies": {},
            "firstPartyCookiesSent": {},
            "exampleSites": [
                "bmj.com",
                "bmjopen.bmj.com",
                "getoutside.ordnancesurvey.co.uk",
                "shop.ordnancesurvey.co.uk",
                "www.amnesty.org",
                "www.aplaceinthesun.com",
                "www.cloudwards.net",
                "www.edshed.com",
                "www.travelgay.com"
            ]
        },
        {
            "rule": "zoho\\.eu\\/psimg\\.gif",
            "cookies": 0.000904,
            "fingerprinting": 0,
            "subdomains": [
                "pagesense-collect"
            ],
            "apis": {},
            "sites": 9,
            "prevalence": 0.000904,
            "cnames": [],
            "responseHashes": [
                "1866961a029c65376fefb7f2ba1e6187e09ff50ea58d97dedfd72c197947d002"
            ],
            "type": "Ping",
            "firstPartyCookies": {},
            "firstPartyCookiesSent": {
                "zabUserId": 0.0008036970062286518,
                "zsccef828a0781b4252b2612f94267ecb47": 0.00010046212577858148,
                "zpsfa_RS5kMBP": 0.00010046212577858148,
                "zsc6c8747c090bf4c80bb73aa48c0ee8781": 0.00010046212577858148,
                "zsc333f3bab7eed4d69ad8f739e0f3b09d6": 0.00010046212577858148,
                "zsca9ce5c8e3e61437682525db5403e1431": 0.00010046212577858148,
                "zsc537e18e2130a4f25ad0409d03a12911e": 0.00010046212577858148,
                "zscedf2119149da46af932a76ff8962b862": 0.00010046212577858148,
                "zsc2a63ff4470604c9692ae66b6f13ae746": 0.00010046212577858148,
                "zscdd8f402f02e8466098155eb672fbcd7f": 0.00010046212577858148
            },
            "exampleSites": [
                "bmj.com",
                "bestpractice.bmj.com",
                "bmjopen.bmj.com",
                "shop.ordnancesurvey.co.uk",
                "www.amnesty.org",
                "www.aplaceinthesun.com",
                "www.cloudwards.net",
                "www.edshed.com",
                "www.travelgay.com"
            ]
        },
        {
            "rule": "zoho\\.eu\\/widget",
            "cookies": 0.000502,
            "fingerprinting": 1,
            "subdomains": [
                "salesiq"
            ],
            "apis": {
                "window.sessionStorage": 5,
                "window.localStorage": 5,
                "Navigator.prototype.userAgent": 5,
                "Date.prototype.getTime": 5,
                "Document.cookie getter": 5,
                "Navigator.prototype.language": 5,
                "Screen.prototype.width": 2,
                "Screen.prototype.height": 2,
                "Document.cookie setter": 2
            },
            "sites": 5,
            "prevalence": 0.000502,
            "cnames": [],
            "responseHashes": [
                "91d09a759a0fc3fe7a81ca87f24123ea5c5934f11b8677768e496694505b2799"
            ],
            "type": "Script",
            "firstPartyCookies": {
                "aplaceinthesun-_zldp": {
                    "ttl": 63072005,
                    "length": 84,
                    "prevalence": 0.00010046212577858148,
                    "uniqueness": 1
                },
                "aplaceinthesun-_zldt": {
                    "ttl": 86405,
                    "length": 38,
                    "prevalence": 0.00010046212577858148,
                    "uniqueness": 1
                },
                "plates4less-_zldp": {
                    "ttl": 63072005,
                    "length": 80,
                    "prevalence": 0.00010046212577858148,
                    "uniqueness": 1
                },
                "plates4less-_zldt": {
                    "ttl": 86405,
                    "length": 38,
                    "prevalence": 0.00010046212577858148,
                    "uniqueness": 1
                }
            },
            "firstPartyCookiesSent": {},
            "exampleSites": [
                "lighting-direct.co.uk",
                "www.aplaceinthesun.com",
                "www.edshed.com",
                "www.lighting-direct.co.uk",
                "www.plates4less.co.uk"
            ]
        },
        {
            "rule": "zoho\\.eu\\/css",
            "cookies": 0.000301,
            "fingerprinting": 0,
            "subdomains": [
                "webfonts"
            ],
            "apis": {},
            "sites": 3,
            "prevalence": 0.000301,
            "cnames": [],
            "responseHashes": [
                "52c7b75a8928733705a1f92e1ac8e560b2b13f35585a2b87c9916be2b27b4445",
                "4a7a8109039360d6e01aeb8b3959671de4ecbcee0c5108f31152435bc83dd1a8"
            ],
            "type": "Stylesheet",
            "firstPartyCookies": {},
            "firstPartyCookiesSent": {},
            "exampleSites": [
                "aplaceinthesun.com",
                "www.aplaceinthesun.com",
                "www.travelgay.com"
            ]
        },
        {
            "rule": "zoho\\.eu\\/pagesense\\/image\\/v1\\/portal\\/aplaceinthesun\\/getpopupimage",
            "cookies": 0.000201,
            "fingerprinting": 0,
            "subdomains": [
                "pagesense"
            ],
            "apis": {},
            "sites": 2,
            "prevalence": 0.000201,
            "cnames": [],
            "responseHashes": [
                "0b6e9a419e83558c3c037570c0e86a747b2053ad4727081b69d2d794f11ab92c"
            ],
            "type": "Image",
            "firstPartyCookies": {},
            "firstPartyCookiesSent": {
                "zpsPopupBucket": 0.00020092425155716296
            },
            "exampleSites": [
                "aplaceinthesun.com",
                "www.aplaceinthesun.com"
            ]
        },
        {
            "rule": "zoho\\.eu\\/pagesense\\/image\\/v1\\/portal\\/outofofficedotcomltd\\/getpopupimage",
            "cookies": 0.000201,
            "fingerprinting": 0,
            "subdomains": [
                "pagesense"
            ],
            "apis": {},
            "sites": 2,
            "prevalence": 0.000201,
            "cnames": [],
            "responseHashes": [
                "0c4c12e66bed742a68ddd56c6295a2c7c688445a66a9b7a8aaad4e16ba4ee8ed"
            ],
            "type": "Image",
            "firstPartyCookies": {},
            "firstPartyCookiesSent": {
                "zpsPopupBucket": 0.00020092425155716296
            },
            "exampleSites": [
                "travelgay.com",
                "www.travelgay.com"
            ]
        }
    ],
    "categories": [
        "Analytics",
        "Federated Login",
        "Third-Party Analytics Marketing",
        "Action Pixels",
        "CDN",
        "Embedded Content"
    ],
    "performance": {},
    "cookies": 0.00121,
    "topInitiators": [
        {
            "domain": "pagesense.io",
            "prevalence": 0.6862745098039216
        },
        {
            "domain": "zohocdn.com",