{
    "domain": "ccm19.de",
    "owner": {},
    "source": [
        "DuckDuckGo-CH"
    ],
    "prevalence": 0.00171,
    "sites": 17,
    "subdomains": [
        "cloud",
        "5f3c395"
    ],
    "cnames": [],
    "fingerprinting": 2,
    "resources": [
        {
            "rule": "ccm19\\.de\\/app\\.js",
            "cookies": 0.0001,
            "fingerprinting": 2,
            "subdomains": [
                "cloud"
            ],
            "apis": {
                "Navigator.prototype.userAgent": 14,
                "window.sessionStorage": 14,
                "window.localStorage": 14,
                "Document.cookie getter": 14,
                "Navigator.prototype.platform": 14,
                "Navigator.prototype.language": 14,
                "window.innerHeight": 12,
                "window.innerWidth": 12,
                "Document.cookie setter": 1,
                "Navigator.prototype.doNotTrack": 1
            },
            "sites": 15,
            "prevalence": 0.00151,
            "cnames": [],
            "responseHashes": [
                "a75a73b6b6d85ccf415f4053258ec5b42c36f198281cbd1180f90a5fcac52b1c",
                "20d10763c3adef5c62d9195bead2acc3c97be8a33b160acdbbf8e23c8b41c1bf",
                "016a989e0bd0d1d3d66493c5877c1ee6debdafbeb1f27c6dfcbb8da0cd00343f",
                "9d9a34cda6f81acd0c66c487b42a61b87485b4b393617850830ca61789adc119",
                "060e05ba7a05f9c928b5f7b766a0b119c6760c515eb2e3cd036812672f55ca2e",
                "f854cde99a2cd274fec0b21a64bbe0a36ca82a29795876c1c777bf0f5f4904a0",
                "286271fd1b4e3e64bb0835a86d3e648f970e4254901a84fe66d2c6c65fe8f6be",
                "e1d199b41135b52ff5ad4e40b5166c0405224283f3b7214a2bde5f8056b80991",
                "9c56739fe3afcfb0ff30857972303fd35ed1dbd2db1abc51b52237f101ce37c0",
                "007a40d18c2d4ca56f88d9c6912d3ebcb9371d36ff60fd9e1cc137a80fc36679",
                "3f6990f79ab6364987f350ca2fdd112012f61121a660cfbd3e2a7d9bcb77c7ac",
                "d1c741403f0da09a384638454f0e92962765a34de701d758286e69cc30370f11",
                "afef33c8c6540c16a48999074066f87cbc2328b476ee8f9a4c8264dbc9bb6c74",
                "bb03f706655688d0f3649f3515af2080a00111e4fd50f6eb45073087ff59cce8"
            ],
            "type": "Script",
            "firstPartyCookies": {},
            "firstPartyCookiesSent": {},
            "exampleSites": [
                "alltagsfuchs.de",
                "circus-monti.ch",
                "www.bauwerk-parkett.com",
                "www.computerwissen.de",
                "www.elektroauto-news.net",
                "www.haushaltstipps.com",
                "www.hochschwarzwald.de",
                "www.konstanz-info.com",
                "www.lesejury.de",
                "www.meyerburger.com",
                "www.mgmotor.ch",
                "www.ofenseite.com",
                "www.paracelsus.de",
                "www.pkz.ch",
                "www.starticket.ch"
            ]
        },
        {
            "rule": "ccm19\\.de\\/app\\.css",
            "cookies": 0,
            "fingerprinting": 0,
            "subdomains": [
                "cloud",
                "5f3c395"
            ],
            "apis": {},
            "sites": 16,
            "prevalence": 0.00161,
            "cnames": [],
            "responseHashes": [
                "3c0d8cc4133281026fe39897820652029f1e2f673d510f7d0a6c9336240c7374",
                "bfa2e65695deecad9a1096c8e7fa2256fc13cba154c9de4aed735cd29619642c",
                "39475ceda298b3906584c3345464e4b61e5bfbe4279d9a2d0b9b486b59314f40",
                "a7f0779c752584ff8352cda8ffc43d810034a1ce0a1b23fef41c1472ce0467bc",
                "5a5f57678eeae5398526c4cd3a1aea8a2645aa7d5e8a73648957fa7215aae27f",
                "83359c476822656e53fffa3d6bdd464bfd13dea2267a827dd633b63dc1244f22",
                "7816153324cd7baf6e0114fab1326324352325aed675d881f6d59da1eb4b8aa1",
                "878ea44bd9b96594c25d793e6522106498447be9be9cdcdb7e66df7c8856fa6a",
                "b13381839071ee410fc444128f7281743a845b22a52a6d3370d810f20e824d03",
                "fdf3440f72f84c8a423ac2d2b2d5c12b94e0a6a8b6dc4aa5106d8345811cae30",
                "1c1d0a468fae023100d1261994f8f492b3724c8f79bc44924aaa5002d4a5c662",
                "1c1b4e33d48ce22629a1f5a0ce10ea99b51ed94a3c5c6acf2ee57d940954b519",
                "006a91148270406950a47c834fdcf3a0e50e7a49c7ef474caa53e5624eb0f205",
                "f4d3a71098f618b43004bd87fe325e6c2e1f1a4d0dcdda674871e5477c64fa47",
                "af3c24d1d11cbcc21bbc062b6e90c48c6497f54f94c1c86482ad752583602f90"
            ],
            "type": "Stylesheet",
            "firstPartyCookies": {},
            "firstPartyCookiesSent": {},
            "exampleSites": [
                "alltagsfuchs.de",
                "www.bauwerk-parkett.com",
                "www.computerwissen.de",
                "www.elektroauto-news.net",
                "www.gesundheitswissen.de",
                "www.haushaltstipps.com",
                "www.hochschwarzwald.de",
                "www.konstanz-info.com",
                "www.lesejury.de",
                "www.meyerburger.com",
                "www.mgmotor.ch",
                "www.ofenseite.com",
                "www.paracelsus.de",
                "www.pkz.ch",
                "www.starticket.ch",
                "www.wirtschaftswissen.de"
            ]
        },
        {
            "rule": "ccm19\\.de\\/js\\/frontend\\/ccm19\\.components\\.min\\.js",
            "cookies": 0,
            "fingerprinting": 0,
            "subdomains": [
                "cloud",
                "5f3c395"
            ],
            "apis": {},
            "sites": 4,
            "prevalence": 0.000402,
            "cnames": [],
            "responseHashes": [
                "c83ca58ae22a80f1fb029ec5271d82d59086caaf41724163589d18d7a6b99da1"
            ],
            "type": "Script",
            "firstPartyCookies": {},
            "firstPartyCookiesSent": {},
            "exampleSites": [
                "alltagsfuchs.de",
                "www.elektroauto-news.net",
                "www.gesundheitswissen.de",
                "www.haushaltstipps.com"
            ]
        },
        {
            "rule": "ccm19\\.de\\/plugins\\/Ccm19ScriptPlaceholder\\/module\\.js",
            "cookies": 0,
            "fingerprinting": 1,
            "subdomains": [
                "cloud"
            ],
            "apis": {
                "Date.prototype.getTimezoneOffset": 1,
                "Date.prototype.getTime": 1
            },
            "sites": 14,
            "prevalence": 0.00141,
            "cnames": [],
            "responseHashes": [
                "ef965ba0f0b6aad98f227552902fd2a07927d07eb85ed31f01a3c52f37c74c48",
                "15bb5b1852434516db7be3bd745e7cfaaddb1c338e5edebe4bb7b01ee5fe770f"
            ],
            "type": "Script",
            "firstPartyCookies": {},
            "firstPartyCookiesSent": {},
            "exampleSites": [
                "alltagsfuchs.de",
                "www.bauwerk-parkett.com",
                "www.computerwissen.de",
                "www.elektroauto-news.net",
                "www.haushaltstipps.com",
                "www.hochschwarzwald.de",
                "www.konstanz-info.com",
                "www.lesejury.de",
                "www.meyerburger.com",
                "www.mgmotor.ch",
                "www.ofenseite.com",
                "www.paracelsus.de",
                "www.pkz.ch",
                "www.starticket.ch"
            ]
        },
        {
            "rule": "ccm19\\.de\\/widget",
            "cookies": 0,
            "fingerprinting": 0,
            "subdomains": [
                "cloud"
            ],
            "apis": {},
            "sites": 9,
            "prevalence": 0.000904,
            "cnames": [],