{
    "domain": "chtintr.com",
    "owner": {},
    "source": [
        "DuckDuckGo-CH"
    ],
    "prevalence": 0.00111,
    "sites": 11,
    "subdomains": [],
    "cnames": [],
    "fingerprinting": 1,
    "resources": [
        {
            "rule": "chtintr\\.com\\/widget",
            "cookies": 0,
            "fingerprinting": 1,
            "subdomains": [],
            "apis": {
                "Document.cookie getter": 5
            },
            "sites": 11,
            "prevalence": 0.00111,
            "cnames": [],
            "responseHashes": [
                "e1712da0d6b7be6f88b950888f91201c9365128c2ca06902ca98760168af82c7",
                "da41a7e23fda2c0885770b20e7709910a0853ee727ce7194a43123fa8e64a6d2",
                "c4970ed6d762bdca0a8348c82f5ef059d09f99c7abd4cfefee8f994da2fd78a0",
                "6071f9ebf425f98d6ed819713b7f09245de44775e233912bdf6663da2db810de",
                "294fca1130987db78edd8df557cc9e4da0e2dd1f8ed073259341d5e023e8ce68",
                "bfb73998dba9b23cd1f7dfe8ae7614a6b25771c95a8865472e4dc0437326e9b3",
                "fec6d5f6ba47a73a6d8212cad5a9f8341e08454c87d0f4f4d8ae1014e698bb8d",
                "259d9f4a2945d0a42da05017129ec2bf90394a060616889fe3c0dc54ee7b43f2",
                "036cb924f06c669186e166a5b32a1dc7dd7277d11d7f2055ad130aad424a8580"
            ],
            "type": "Document",
            "firstPartyCookies": {},
            "firstPartyCookiesSent": {},
            "exampleSites": [
                "deinesexfilme.com",
                "www.halloporno.net",
                "www.hdpornos.xxx",
                "www.hd-sexfilme.com",
                "www.herzporno.net",
                "www.pornohirsch.net",
                "www.pornoente.tv",
                "www.pornotom.com",
                "www.pornohammer.com",
                "www.pornoaffe.net",
                "www.pornoklinge.com"
            ]
        }
    ],
    "categories": [],
    "performance": {},
    "cookies": 0,
    "topInitiators": [
        {
            "domain": "first party",
            "prevalence": 1
        }
    ],
    "types": {
        "Document": 11
    },
    "nameservers": [
        "mona.ns.cloudflare.com",
        "tim.ns.cloudflare.com"
    ]
}