{
    "domain": "cookie-script.com",
    "owner": {},
    "source": [
        "DuckDuckGo-CH"
    ],
    "prevalence": 0.00442,
    "sites": 44,
    "subdomains": [
        "consent",
        "geo",
        "cdn"
    ],
    "cnames": [],
    "fingerprinting": 1,
    "resources": [
        {
            "rule": "cookie-script\\.com\\/analytics",
            "cookies": 0,
            "fingerprinting": 0,
            "subdomains": [
                "consent"
            ],
            "apis": {},
            "sites": 21,
            "prevalence": 0.00211,
            "cnames": [],
            "responseHashes": [
                "b45c3fffb621a3ff001996cc8d2ebc83345ba84d1720f6c16bac8c938f7edde0",
                "1e3ff82ac486cda714d19c7381adebeb589f846e56e8c54bc9db1fef14c1bb0f",
                "7aac45d1ed1fffe7a710ff541183256982c80287b5b80c523c7ac9dbff2b3eca",
                "3379c22fc62c58ea57e3a53d96f4477f8399ad56b84a0b0ca56f61ed4a1d8b94",
                "0fcc82ec744d10e82dad1cf23363094b1e71d6e13e98d54746c702586bd2be6d",
                "5f62576a22064b6b78705028a5a0251082888acbc5951eb55ab70cf74785bd1a",
                "ded536231458dd28fa1b6d20b86c4fc517e4703a4e3658a2219c0fc0742ed4e3",
                "cf70f557b4d5483de4bd1e5d3b5a64e125606de879cbb0506eb1e789ec4a001e",
                "cefef25892cd1704a28e6081ff07c7374d4cabb6da27b645eca61b27b8b958b3",
                "9ef178b1956f49362c691b4387fc10f11998c547d1b6cad3d7683fb628609ded",
                "a741b1a5e8b37a1d41198e7d9f9587020f291000d2425c32eaafabe2aa14ace5",
                "71dfecbfc5fe20209908fe28fc8cfd9f85ffbbb66407cffa7098407ae52002ee",
                "552a65c678edbde0a3de68ba08f0aaf5d8183a7e3aa078fcc12de89078119c86",
                "a2cc022b04a66ef992815c4edfa3a71f1663aed5754e47d03c33f6f2d8d5aab5",
                "1b246a12b9cc8d278332d56881c126c3bf41ab6d07bb5b625d6b2dcd79ef45f4",
                "436c6f277dbd4016f7d288f9176681f46873558721c93e9ecd1cbe28fecf0c11",
                "a9bfe2862dca2c9413cdc8eeb5fa6d88772eaf638baea294e92874f5304e8fb3",
                "8ea928f0819c98ebefa28ea6645373ddde6bdc2fd290827782a552e998f0e840",
                "52cc7d961eb60246b499d09b3847f54b4b307cdc9d6d2391b717b0383e2dd311",
                "b54062f83b65ce186a7f039ed2235b2a52c71d4a1d9da0676ec67265949ea197"
            ],
            "type": "XHR",
            "firstPartyCookies": {},
            "firstPartyCookiesSent": {},
            "exampleSites": [
                "kambly.com",
                "www.zyxel.com",
                "www.deskmodder.de",
                "pocketbook.ch",
                "www.regioactive.de",
                "join.com",
                "www.heks.ch",
                "www.ligne-roset.com",
                "www.freizeit.ch",
                "www.handmadekultur.de",
                "www.jeusol.fr",
                "zyxel.com",
                "www.farmy.ch",
                "www.loisirs.ch",
                "www.kaufmich.com",
                "www.velomania.ch",
                "www.tempslibre.ch",
                "www.rebuy.de",
                "kofmehl.net",
                "watchbase.com"
            ]
        },
        {
            "rule": "cookie-script\\.com\\/s\\/9f2e4f3ae272e6239af3325a81c28bb6\\.js",
            "cookies": 0,
            "fingerprinting": 0,
            "subdomains": [
                "geo"
            ],
            "apis": {},
            "sites": 3,
            "prevalence": 0.000301,
            "cnames": [],
            "responseHashes": [
                "52d073528326b6ce9efaeee3c27fc36761b862d521e2eabe066587bb2294792e"
            ],
            "type": "Script",
            "firstPartyCookies": {},
            "firstPartyCookiesSent": {},
            "exampleSites": [
                "veeam.com",
                "helpcenter.veeam.com",
                "www.veeam.com"
            ]
        },
        {
            "rule": "cookie-script\\.com\\/s\\/9f2e4f3ae272e6239af3325a81c28bb6\\.js",
            "cookies": 0,
            "fingerprinting": 0,
            "subdomains": [
                "geo"
            ],
            "apis": {},
            "sites": 2,
            "prevalence": 0.000201,
            "cnames": [],
            "responseHashes": [
                "e3b0c44298fc1c149afbf4c8996fb92427ae41e4649b934ca495991b7852b855"
            ],
            "type": "Other",
            "firstPartyCookies": {},
            "firstPartyCookiesSent": {},
            "exampleSites": [
                "veeam.com",
                "www.veeam.com"
            ]
        },
        {
            "rule": "cookie-script\\.com\\/iabtcf\\/2\\.2\\/sdk_cmp\\.js",
            "cookies": 0,
            "fingerprinting": 1,
            "subdomains": [
                "cdn"
            ],
            "apis": {
                "Date.prototype.getTime": 8
            },
            "sites": 8,
            "prevalence": 0.000804,
            "cnames": [],
            "responseHashes": [
                "c9bb198e1586feb6180fb7c7a6cbbf7e43e2f6f3104a26bc1302acce7b6a674f"
            ],
            "type": "Script",
            "firstPartyCookies": {},
            "firstPartyCookiesSent": {},
            "exampleSites": [
                "watchbase.com",
                "www.deskmodder.de",
                "www.freizeit.ch",
                "www.handmadekultur.de",
                "www.jeusol.fr",
                "www.loisirs.ch",
                "www.regioactive.de",
                "www.tempslibre.ch"
            ]
        },
        {
            "rule": "cookie-script\\.com\\/iabtcf\\/2\\.2\\/vendor-list\\.json",
            "cookies": 0,
            "fingerprinting": 0,
            "subdomains": [
                "cdn"
            ],
            "apis": {},
            "sites": 8,
            "prevalence": 0.000804,
            "cnames": [],
            "responseHashes": [
                "63f3e07c683cf6e30a124743d0b6c2373cdf3e6aef73a5986013fbbe5395d661"
            ],
            "type": "XHR",
            "firstPartyCookies": {},
            "firstPartyCookiesSent": {},
            "exampleSites": [
                "watchbase.com",
                "www.deskmodder.de",
                "www.freizeit.ch",
                "www.handmadekultur.de",
                "www.jeusol.fr",
                "www.loisirs.ch",
                "www.regioactive.de",
                "www.tempslibre.ch"
            ]
        },
        {
            "rule": "cookie-script\\.com\\/iabtcf\\/2\\.2\\/google-vendors\\.json",
            "cookies": 0,
            "fingerprinting": 0,
            "subdomains": [
                "cdn"
            ],
            "apis": {},
            "sites": 8,
            "prevalence": 0.000804,
            "cnames": [],
            "responseHashes": [
                "8785fffee057643b558c46e0c7972928ba53b11b610db40b38011f1943f55a56"
            ],
            "type": "Fetch",
            "firstPartyCookies": {},
            "firstPartyCookiesSent": {},
            "exampleSites": [
                "watchbase.com",
                "www.deskmodder.de",
                "www.freizeit.ch",
                "www.handmadekultur.de",
                "www.jeusol.fr",
                "www.loisirs.ch",
                "www.regioactive.de",
                "www.tempslibre.ch"
            ]
        },
        {
            "rule": "cookie-script\\.com\\/s\\/fa3e683a4c55959509691879ecf4aa3e\\.js",
            "cookies": 0.000201,
            "fingerprinting": 2,
            "subdomains": [
                "cdn"
            ],
            "apis": {
                "Document.cookie getter": 2,
                "Date.prototype.getTime": 2,
                "Document.cookie setter": 2,
                "Navigator.prototype.userAgent": 2,
                "Navigator.prototype.webdriver": 2,
                "Navigator.prototype.languages": 2
            },
            "sites": 2,
            "prevalence": 0.000201,
            "cnames": [],