{
    "domain": "dotmetrics.net",
    "owner": {
        "name": "Dotmetrics",
        "displayName": "Dotmetrics"
    },
    "source": [
        "DuckDuckGo-CH"
    ],
    "prevalence": 0.00422,
    "sites": 42,
    "subdomains": [
        "uk-script",
        "script",
        "au-script",
        "rm-script",
        "adex"
    ],
    "cnames": [],
    "fingerprinting": 1,
    "resources": [
        {
            "rule": "dotmetrics\\.net\\/door\\.js",
            "cookies": 0.000201,
            "fingerprinting": 1,
            "subdomains": [
                "uk-script",
                "script",
                "au-script"
            ],
            "apis": {
                "Date.prototype.getTime": 42,
                "Date.prototype.getTimezoneOffset": 42,
                "Document.cookie getter": 2,
                "window.localStorage": 2,
                "Document.cookie setter": 2
            },
            "sites": 42,
            "prevalence": 0.00422,
            "cnames": [],
            "responseHashes": [
                "16937d53f26255ad30b99552950ab7febaf9e1b9b6d4d2efd4eca54719b81d21",
                "1921053ca54a3b96bcf76eb0afcc6102132052afa28234786c4095e6b1046050",
                "64b089b8e0a05c5583adcf60fe92a5463cd238a4ad9b9a09b45368bf5e3db1b9",
                "47e7fa826e97c491566d595070c0399571b87996f6aee4a4d7b455925b0bb131",
                "140a39f7b98dc4fcdb27d5aa0bab562c850af6a5a0976fe644755d609a111f4e",
                "71fdda1b6fe60428ba01fdc4190cb85b94c478199c3987fe014a61269d813227",
                "52959be826e0933e9ae1c21d59df3bd218917df3f74371ef40d0d961bcd31173",
                "3ce1e226405ba22a38c670fa4bc0f931a252274831c1ac366e974f260dbde959",
                "84697e5d6b7fbb80d7dea74e4ce515ac3214ee69b71435e374ffa09e03ae478a",
                "65da431092692968f4f8a48d16f44b21d95a53dcf10497f5d8081c7524f6a86e",
                "8bf69dc5c143e08dad7032a9a2c1f974d4989a4bd444ebff4c580991869b779e",
                "721e3de9874b71598d5fa883f24b4a84df4c6edc9f882db6db1c3f7436f31412",
                "64f51cbf218dbaf23c74ee2423bfe56c856f0dec1c0b401f651acd04b75fe5bd",
                "de5a8350671ee99a12f952c64c7c976467a574f7329096997c3fb98c6bd09a96",
                "57c3d430cdd33e214f7f7ee2583bb65159fd537fa4b99633e013c825b121401c",
                "e81ec8e5eaa8dbadb29be94214abdeb3e51083ec752e12dd8a271c42141ee844",
                "e3c1a5295f645101f1b5290d0bff1209ef0c040f496939fe2da39cc366eb87f8",
                "553939a26587a476b11dbd9f7cc4a6947f399309ef0d2b9154d436252b6c2a86",
                "971b1ed9d00c0d9b25d9627bde83061bfc79029588c416dafd72bbacd9c83197",
                "fb3fe40097b3ac5a1361fe5e8449ac0be209f3b4765b916ff89da0ce858b738c",
                "1117d116be5300e294f74e9b5b71e6e2c291d7bc34c89a67ac75854f209e0994",
                "eccc75443e2948f50698fa781dfb2d11ab3db8e2e97f883f007df4435de92367",
                "5f53c2c2e4836fc3c9714336dcf6f588e2da329dadc58668151d296273d7a23e",
                "0f5ed4815dfc4fa1ef6349c6c922c0945a8e95189fa0b2530abe994fa2a949ea",
                "e4fe6ae9e27d713383112f2faf0b54266e2807687f0bcd54b69c1fe1db2941f2",
                "486134f7d4c41ad8d6705a489315157db5db2c9f88bf87971953d0d1d15f41bf",
                "abef993fc9cf9ebee7f3cbb58110022f1087d0cbaff2a2fe58a89e4ce50ea58a",
                "6f5f67281f2d067e39e2355efc83b192581cdb33eb37f82b4a9cc85b9683817f",
                "206e76d8da1460cfa456b9701cc8026e5929949e0816fea79b463ca478ab96ba",
                "b53fe4466d681bc1de0a89644457733df0f3de9d2bbfba3846ee8f9146336cd3",
                "df2b25c7c8a008365b1c742b1714f3e1a0ba0c123311f16fc3212db60ff7c1c4",
                "c86679be8e8632d4c6e7ef1f1452ff936d0b1506b600d1b51856394d946bbfe3",
                "bdd9c2bd10b87d5faf72a8b2d49f3c7dc95c173a6e8b8d7d1436d28e01b6d159",
                "bef19730744ef0a13c1ad01461070287f720f7d6548df54d0f878713843c100c",
                "0c7a774ded31775763068c152a74db2903002882f6ea1c018b621e437a1cceb5",
                "8cf69911f98b94784b59745954d4ccb2533b39af2ca59f893c001a2b3b6eae8c",
                "ad59d07e73518c32a3fb4ca2a70f2c67cec5b20063bc6aa014299c26b0d7d200",
                "79b8651b825a5326da3f0c8d939a2885f8b4875bc761b2f7d7e93bccfbe5193f",
                "615d634b3664b286dd9adc5fe8bc9b1455e717e9bc4988b09053b76eed667349",
                "fbdc4a11f957a116f29899b80ca3c473692fcf40ff5fce1037e12d6ee0163241",
                "2ab2a0bf9276f99bb0135a48fe62090f03f47edbefa23582e80384598d8407b9"
            ],
            "type": "Script",
            "firstPartyCookies": {
                "DotMetrics.DomainCookie": {
                    "ttl": 31536017,
                    "length": 64,
                    "prevalence": 0.00020092425155716296,
                    "uniqueness": 1
                }
            },
            "firstPartyCookiesSent": {},
            "exampleSites": [
                "techradar.com",
                "metro.co.uk",
                "www.bbc.com",
                "www.bbc.co.uk",
                "www.express.co.uk",
                "www.independent.co.uk",
                "www.mirror.co.uk",
                "www.techradar.com",
                "www.thesun.co.uk",
                "www.tomsguide.com",
                "www.musicradar.com",
                "www.abc.net.au",
                "www.cyclingnews.com",
                "www.whathifi.com",
                "www.cyclingweekly.com",
                "www.autoexpress.co.uk",
                "www.radiotimes.com",
                "www.windowscentral.com",
                "news.sky.com",
                "www.cinemablend.com"
            ]
        },
        {
            "rule": "dotmetrics\\.net\\/hit\\.gif",
            "cookies": 0.000804,
            "fingerprinting": 0,
            "subdomains": [
                "uk-script",
                "rm-script",
                "script",
                "au-script"
            ],
            "apis": {},
            "sites": 43,
            "prevalence": 0.00432,
            "cnames": [],
            "responseHashes": [
                "57640b6d8ccf4070239d260940ca7576d90563d6f87b744f1a9928266930de46",
                "07383c96980710a04144e5a39ae59e7f9f74bcfd6462a6932ded48efe6d73bce"
            ],
            "type": "Image",
            "firstPartyCookies": {},
            "firstPartyCookiesSent": {
                "lotame_domain_check": 0.00010046212577858148
            },
            "exampleSites": [
                "techradar.com",
                "metro.co.uk",
                "www.bbc.com",
                "www.bbc.co.uk",
                "www.express.co.uk",
                "www.independent.co.uk",
                "www.mirror.co.uk",
                "www.techradar.com",
                "www.thesun.co.uk",
                "www.tomsguide.com",
                "www.androidcentral.com",
                "www.cyclingweekly.com",
                "news.sky.com",
                "www.whathifi.com",
                "www.cinemablend.com",
                "www.cyclingnews.com",
                "www.space.com",
                "www.mumsnet.com",
                "www.t3.com",
                "www.autoexpress.co.uk"
            ]
        },
        {
            "rule": "dotmetrics\\.net\\/Scripts\\/ncs-script\\.js",
            "cookies": 0,
            "fingerprinting": 0,
            "subdomains": [
                "uk-script"
            ],
            "apis": {},
            "sites": 34,
            "prevalence": 0.00342,
            "cnames": [],
            "responseHashes": [
                "72a0096a17e642d95f47d4b558a46d2ea108514765541df9aec5e7a06365e195"
            ],
            "type": "Script",
            "firstPartyCookies": {},
            "firstPartyCookiesSent": {},