{
    "domain": "driftapi.com",
    "owner": {},
    "source": [
        "DuckDuckGo-CH"
    ],
    "prevalence": 0.00171,
    "sites": 17,
    "subdomains": [
        "bootstrap"
    ],
    "cnames": [],
    "fingerprinting": 0,
    "resources": [
        {
            "rule": "driftapi\\.com\\/widget_bootstrap\\/ping\\/v2",
            "cookies": 0,
            "fingerprinting": 0,
            "subdomains": [
                "bootstrap"
            ],
            "apis": {},
            "sites": 17,
            "prevalence": 0.00171,
            "cnames": [],
            "responseHashes": [
                "57f546a2a6d1dcc89113f66fb8b9671201a47dc7da1bf9214cdaad229e85ac66",
                "41b080cc8ddf278768ccbb379c2dc91f74e8f20eccb7ed03cc360a44a816ce72",
                "5d37e1357f836c5d5a74a8f4c921fbd118d6fa3bd0c1d9127afc1f3b36cd4402",
                "4e429a20df9d58773ba875a1cf69abab25e0c8f09aff9a7c084f6b2b742e4827",
                "62c73557e914f04979630a689aa237a67d54765d96eba54aa44293379614f456",
                "c4400e550af3d13b8b3636c15f5344c34f79cbd33f7ed0551e47a603e0c4d3bd",
                "6365c8152256093e73d530bf6a071b6c5d6971b6684d01c0692b1536b35aa7f4",
                "3ecb45defb9b18b17ad59c49411a35506659886968b1082e9393bdb37c054355",
                "40f720cba9481c18e57f59dc439ae858a054695d5f9087f885b2ed85c77e251c",
                "0306c49ea9a3592d0de02432b6b0d0aacafbc02be7282716ed129a7e5ee953c8",
                "7fe7dac786403bf27111aaef460196da9289de06e26498e937914925c4671c13",
                "87021127f648cbe62d145cc97ac656ce5abf695eb06ac30f36561763a0c5b9a1",
                "38cdce405c6f5c51885903192430da8ab543a4ee06f037819c87348359156677",
                "6ccaa487bd0ea6ac49fffa322a7b58643fb78380771b4bbce99ff22b686f366e",
                "27507d2baf6dfb02eb6a0b5526037b2c7391a403d8b7df60eca2ebb366b9622d"
            ],
            "type": "XHR",
            "firstPartyCookies": {},
            "firstPartyCookiesSent": {},
            "exampleSites": [
                "ballotpedia.org",
                "docs.confluent.io",
                "forums.ni.com",
                "redis.io",
                "webflow.com",
                "www.acronis.com",
                "www.altium.com",
                "www.brevo.com",
                "www.dashlane.com",
                "www.fortinet.com",
                "www.hpe.com",
                "www.lastpass.com",
                "www.ni.com",
                "www.onshape.com",
                "www.pluralsight.com",
                "www.sketchup.com",
                "www.tenable.com"
            ]
        },
        {
            "rule": "driftapi\\.com\\/widget_bootstrap",
            "cookies": 0,
            "fingerprinting": 0,
            "subdomains": [
                "bootstrap"
            ],
            "apis": {},
            "sites": 17,
            "prevalence": 0.00171,
            "cnames": [],
            "responseHashes": [
                "e8ff4d30f6b691792dd2af991f602213835677d7c61a1f1e0d384a56ca612221",
                "fb332a3f04be6f0c9caa994da70a3ccbf3e96a6da0b30055d0907de1736bb990",
                "fd665d59f9015521f633470f3cf3581fd467727fd9891ff52224930436f953ac",
                "d47a52937ad3c85246b6522cbfdcd5058b0eeb9fa62fc217458a200861150cdf",
                "d93bf182a7fd5c4bca1ea7582e3ab47aa5fbd24bf195d4c76dd2d0b2cc4fdcb5",
                "1d725b080b147d091a9cbe88e155d2f091968477cc0191fe8788a8d26005dca0",
                "e100f0f4889428e969fc67f23a1ee249b0d374262590dce5dcdebf8b9c98aafd",
                "8eb398cf4cb4ad2791f32ff05607aa479fa1d309c6418380d5f46018f2530574",
                "bff6b440e858a68bb4dc873d06faa8ead7cef304d700fd978d5ad9803f385bf3",
                "12c06db72814f17d6980bbd6fe508fd97cd29dbd67fa398721db37dc15357e51",
                "022465a481f9cb127efdc39d7f2b2906878cb04c508351bbef26e01c6d4102a4",
                "84208d29c2db72d6dd7e2d7354eeb1b66d505d2b317d980badcde32150310a23",
                "3545f2ee35ce23bcf42272826fd68054b6ccabe35c35bd66b0f825f282c41e6f",
                "a5527f0a8da3e03d579299daee0c2b4e8087cff20c8a280dc415ea2794d328f5",
                "a29143ef19de353858a9ae1b80219f3753e7b9907326c0389c6ce01d837d8045",
                "30ba3f7f3f227ec48eb90e9ea8f71bfa05e7736dae7fbcb0d2f482d36e7fa2cd"
            ],
            "type": "XHR",
            "firstPartyCookies": {},
            "firstPartyCookiesSent": {},
            "exampleSites": [
                "ballotpedia.org",
                "docs.confluent.io",
                "forums.ni.com",
                "redis.io",
                "webflow.com",
                "www.acronis.com",
                "www.altium.com",
                "www.brevo.com",
                "www.dashlane.com",
                "www.fortinet.com",
                "www.hpe.com",
                "www.lastpass.com",
                "www.ni.com",
                "www.onshape.com",
                "www.pluralsight.com",
                "www.sketchup.com",
                "www.tenable.com"
            ]
        }
    ],
    "categories": [],
    "performance": {},
    "cookies": 0,
    "topInitiators": [
        {
            "domain": "driftt.com",
            "prevalence": 1
        }
    ],
    "types": {
        "XHR": 34
    },
    "nameservers": [
        "ns-28.awsdns-03.com",
        "ns-653.awsdns-17.net",
        "ns-1366.awsdns-42.org",
        "ns-1970.awsdns-54.co.uk"
    ]
}