{
    "domain": "linkconnector.com",
    "owner": {
        "name": "LinkConnector Corporation",
        "displayName": "LinkConnector"
    },
    "source": [
        "DuckDuckGo-CH"
    ],
    "prevalence": 0.000603,
    "sites": 6,
    "subdomains": [
        "www"
    ],
    "cnames": [],
    "fingerprinting": 1,
    "resources": [
        {
            "rule": "linkconnector\\.com\\/uts_lp\\.php",
            "cookies": 0.000603,
            "fingerprinting": 1,
            "subdomains": [
                "www"
            ],
            "apis": {
                "Document.cookie getter": 6,
                "window.localStorage": 6,
                "Date.prototype.getTime": 6,
                "Document.cookie setter": 6
            },
            "sites": 6,
            "prevalence": 0.000603,
            "cnames": [],
            "responseHashes": [
                "dacf3d9f8fcc64f001eecb444258b45e924c00828f2220e70a9c07cca1ecd8bb",
                "1aa26f07eca59f24b8378f47d76ec2241185477a856b14e0dbdba02b97658afa",
                "0a131ccf480a94c236502fc10efb1d39ccb24b26b450c4815bba70f2740be61e",
                "44fc9cb6a7cf87d293adc8bbe855b1ee4f9b09dbc915a358897263a14851e164",
                "2c4c7f931e1535e24faccf86fdda6dc94557299525807f460bb3789abe6010f5"
            ],
            "type": "Script",
            "firstPartyCookies": {
                "uts_id": {
                    "ttl": 157680003,
                    "length": 17,
                    "prevalence": 0.0006027727546714888,
                    "uniqueness": 1
                },
                "LCUTS_UID_901602": {
                    "ttl": 3602,
                    "length": 6,
                    "prevalence": 0.0003013863773357444,
                    "uniqueness": 0.3333333333333333
                },
                "LCUTS_UID_902059": {
                    "ttl": 3603,
                    "length": 6,
                    "prevalence": 0.00010046212577858148,
                    "uniqueness": 1
                },
                "LCUTS_UID_900133": {
                    "ttl": 3604,
                    "length": 6,
                    "prevalence": 0.00010046212577858148,
                    "uniqueness": 1
                },
                "LCUTS_UID_902007": {
                    "ttl": 3603,
                    "length": 6,
                    "prevalence": 0.00010046212577858148,
                    "uniqueness": 1
                }
            },
            "firstPartyCookiesSent": {
                "LCUTS_UID_901602": 0.0003013863773357444,
                "LCUTS_UID_902059": 0.00010046212577858148,
                "LCUTS_UID_900133": 0.00010046212577858148,
                "LCUTS_UID_902007": 0.00010046212577858148
            },
            "exampleSites": [
                "minitool.com",
                "learnsql.com",
                "moviemaker.minitool.com",
                "pdf.wondershare.de",
                "updf.com",
                "www.minitool.com"
            ]
        },
        {
            "rule": "linkconnector\\.com\\/uts_clickcounts\\.php",
            "cookies": 0,
            "fingerprinting": 0,
            "subdomains": [
                "www"
            ],
            "apis": {},
            "sites": 4,
            "prevalence": 0.000402,
            "cnames": [],
            "responseHashes": [
                "e3b0c44298fc1c149afbf4c8996fb92427ae41e4649b934ca495991b7852b855"
            ],
            "type": "Script",
            "firstPartyCookies": {},
            "firstPartyCookiesSent": {
                "LCUTS_UID_901602": 0.0003013863773357444,
                "LCUTS_UID_902059": 0.00010046212577858148
            },
            "exampleSites": [
                "minitool.com",
                "learnsql.com",
                "moviemaker.minitool.com",
                "www.minitool.com"
            ]
        },
        {
            "rule": "linkconnector\\.com\\/tu\\.php",
            "cookies": 0.000201,
            "fingerprinting": 0,
            "subdomains": [
                "www"
            ],
            "apis": {},
            "sites": 2,
            "prevalence": 0.000201,
            "cnames": [],
            "responseHashes": [
                "942fa519ebb6234f59c3d8c8c66c6b2671b69364c1c31a6788f722e4baca9a94"
            ],
            "type": "Image",
            "firstPartyCookies": {},
            "firstPartyCookiesSent": {
                "_gcl_au": 0.00010046212577858148,
                "_ga": 0.00010046212577858148,
                "_uetsid": 0.00010046212577858148,
                "_uetvid": 0.00010046212577858148
            },
            "exampleSites": [
                "learnsql.com",
                "pdf.wondershare.de"
            ]
        },
        {
            "rule": "linkconnector\\.com\\/js\\/uts_uid\\.php",
            "cookies": 0.000201,
            "fingerprinting": 0,
            "subdomains": [
                "www"
            ],
            "apis": {},
            "sites": 2,
            "prevalence": 0.000201,
            "cnames": [],
            "responseHashes": [
                "942fa519ebb6234f59c3d8c8c66c6b2671b69364c1c31a6788f722e4baca9a94"
            ],
            "type": "Image",
            "firstPartyCookies": {},
            "firstPartyCookiesSent": {
                "LCUTS_UID_902059": 0.00010046212577858148,
                "LCUTS_UID_900133": 0.00010046212577858148
            },
            "exampleSites": [
                "learnsql.com",
                "pdf.wondershare.de"
            ]
        }
    ],
    "categories": [],
    "performance": {},
    "cookies": 0.000603,
    "topInitiators": [
        {
            "domain": "first party",
            "prevalence": 0.6666666666666666
        },
        {
            "domain": "googletagmanager.com",
            "prevalence": 0.3333333333333333
        }
    ],
    "types": {
        "Script": 10,
        "Image": 4
    },
    "nameservers": [
        "edna.ns.cloudflare.com",
        "sri.ns.cloudflare.com"
    ]
}