{
    "domain": "maredpt.com",
    "owner": {},
    "source": [
        "DuckDuckGo-CH"
    ],
    "prevalence": 0.000904,
    "sites": 9,
    "subdomains": [],
    "cnames": [],
    "fingerprinting": 0,
    "resources": [
        {
            "rule": "maredpt\\.com\\/pu\\/",
            "cookies": 0,
            "fingerprinting": 0,
            "subdomains": [],
            "apis": {},
            "sites": 9,
            "prevalence": 0.000904,
            "cnames": [],
            "responseHashes": [
                "d8abd5e252349441054bce42fb5b2bf5905ac7d1ae748d1d0ca775bd8766a3e5",
                "8654206a3b18a8cd20451358039fb986f81a8c5da8bfc337a833a8e6b13d5486",
                "3cfa860649906ea00762e59b0a84d47a1b55fa5c132fa273bfc6ec1080576e4a",
                "55687b119c4c2e765d72ba99dc6e995bb879fe49073f609fc063263c656442a3",
                "0d722500db5f468011aa9b8f0a15183dd0f79a3347cacbb7264f9ee045d6a9de",
                "a63c3f9c2d775a3bbbec7b3fde8f6e2a7eb775ad9c0076ee3101c6cfb577fbb9",
                "b481d7a4f60da16ac0e0b66ac3008eebf925e2ff46d5bd8f3d3909f11719770e",
                "23f347a9088dfdc7de6037996e73066763ba8ed9d7b46e1b4f19a7a5a33fe109"
            ],
            "type": "Document",
            "firstPartyCookies": {},
            "firstPartyCookiesSent": {},
            "exampleSites": [
                "pornhat.com",
                "m.tnaflix.com",
                "ok.xxx",
                "www.imagefap.com",
                "www.pornhat.com",
                "www.porntrex.tv",
                "www.porntrex.com",
                "www.tnaflix.com",
                "www.tranny.one"
            ]
        }
    ],
    "categories": [],
    "performance": {},
    "cookies": 0,
    "topInitiators": [
        {
            "domain": "twinrdack.com",
            "prevalence": 0.5555555555555556
        },
        {
            "domain": "twinrdsrv.com",
            "prevalence": 0.3333333333333333
        },
        {
            "domain": "impactserving.com",
            "prevalence": 0.1111111111111111
        }
    ],
    "types": {
        "Document": 9
    },
    "nameservers": [
        "ns1.eurodns.com",
        "ns2.eurodns.com",
        "ns3.eurodns.com",
        "ns4.eurodns.com"
    ]
}