{
    "domain": "mountain.com",
    "owner": {
        "name": "Mountain Digital, Inc.",
        "displayName": "Mountain Digital"
    },
    "source": [
        "DuckDuckGo-CH"
    ],
    "prevalence": 0.00121,
    "sites": 12,
    "subdomains": [
        "dx",
        "px",
        "gs"
    ],
    "cnames": [],
    "fingerprinting": 1,
    "resources": [
        {
            "rule": "mountain\\.com\\/spx",
            "cookies": 0,
            "fingerprinting": 1,
            "subdomains": [
                "dx"
            ],
            "apis": {
                "Date.prototype.getTime": 3,
                "Document.cookie getter": 10
            },
            "sites": 11,
            "prevalence": 0.00111,
            "cnames": [],
            "responseHashes": [
                "da978c4a7ea4776d1be26c7d32684c323545bc6b98eec8e04122b25c840e0d0c",
                "9ba2fbf583a9cfeef181f2706e53251a94f62dc2209238c33c2c5709da8db013",
                "ba0865847be950a472c36643db40aa6294bed240fcd71d1b8ec290da6766bd9e",
                "d34ef4aabbbdb3acb378251c10d56890a302557b9b289c3486845eabd77ceb34",
                "8d5a389c252b0ccb1d53e18437c20d93307397badb87cf640583e342c62ffb9c",
                "bcad94a83c379d91817a6cc1fbf9439855a05dd806615f05ac738874a35cd073",
                "f742aa1e2a16674c058f35c3e61fdfcd0b911d5230b05d445738ca16f707359d",
                "ace09f837c27271e2c6843286d9ce529371ab9bf4822e7edc6f3f5feeb7ad3eb",
                "ee771ff8fa82ce2c9f41fa4ecc12b5a6f6d365d5a91890cbde36d170adce4554",
                "a7696cf461a41234524425afa4bd14d76060c6f0c7595359ebce97fc72401bf7"
            ],
            "type": "Script",
            "firstPartyCookies": {},
            "firstPartyCookiesSent": {
                "gpv_pn": 0.00010046212577858148,
                "IR_gbd": 0.0003013863773357444,
                "lotame_domain_check": 0.00010046212577858148,
                "_li_dcdm_c": 0.00010046212577858148
            },
            "exampleSites": [
                "bitwarden.com",
                "community.splunk.com",
                "docs.splunk.com",
                "www.cannondale.com",
                "www.fortinet.com",
                "www.iqair.com",
                "www.masterclass.com",
                "www.musicnotes.com",
                "www.postman.com",
                "www.splunk.com",
                "www.sweetwater.com"
            ]
        },
        {
            "rule": "mountain\\.com\\/st",
            "cookies": 0.001,
            "fingerprinting": 0,
            "subdomains": [
                "px"
            ],
            "apis": {},
            "sites": 10,
            "prevalence": 0.001,
            "cnames": [],
            "responseHashes": [
                "3b278075fa3917b2cb07865415ddfc66ad3f300a9e1c62abbdb83e285bad4493",
                "3ac9c6f607f5254d05d8637abedb8acafbccfa5155a5f543d1be9ea2a8d7d143",
                "e54768913a06c9a0dc9ebfd59abbe1d4e508d04cfc2ace391da3f00490677175",
                "d507523a4369d3492d6bce9664ae57f12a26cc26b1d62bed9fed51becaa31def",
                "c27c1b77aa8dcbc873816cf4a7cebebcafa2db387bd0957f1449135c3c762aa6",
                "a44ab6bccc2a59b36b472fc3d6011d07d22e1bbe2661a2f31dbab4ab3b5eaedc",
                "3d729b6e91435c90a1288ed15e175f042cde1c8bf026953e4f168bf9b4c2227a",
                "697d7a5e5adae326df58e35a7964e434628101b3b0dca546918d52d2b6fb54ab",
                "2eb94c9e33052c2faeb69c4fa876bbd5bbe02045bb64b42c5eaab306d516bb20"
            ],
            "type": "Script",
            "firstPartyCookies": {},
            "firstPartyCookiesSent": {
                "_ga": 0.0015069318866787222,
                "gpv_pn": 0.00010046212577858148,
                "IR_gbd": 0.0003013863773357444,
                "lotame_domain_check": 0.00010046212577858148,
                "_li_dcdm_c": 0.00010046212577858148
            },
            "exampleSites": [
                "bitwarden.com",
                "community.splunk.com",
                "docs.splunk.com",
                "www.fortinet.com",
                "www.iqair.com",
                "www.masterclass.com",
                "www.musicnotes.com",
                "www.postman.com",
                "www.splunk.com",
                "www.sweetwater.com"
            ]
        },
        {
            "rule": "mountain\\.com\\/gs",
            "cookies": 0,
            "fingerprinting": 0,
            "subdomains": [
                "gs"
            ],
            "apis": {},
            "sites": 9,
            "prevalence": 0.000904,
            "cnames": [],
            "responseHashes": [
                "74d7d899bd29441e2345caa09ce6bd94a8708a2636f0afe2449d1ad0bd357258",
                "7c9358fb2dba2fecfdc5f51b0bee059d356ab8ee21cef2533f71c23e9bde7a76",
                "b763cbf1878b25adfa877775bb50c69a99eea5cdef5c3024dcc88b18378ad1b3",
                "1c9b2f06af085503ac1f5f3aa5d53b6704006a70db038fae93fa26617f468a4d",
                "c0f46e9aee650f2b8d673704befefd200a59e2e2f9958d1fe668f7fd9f793b0a",
                "4de78ebeefc912163355bb86f9457d3025ccbf2a7f096e662f62ad0becb545c2",
                "160bf05bc492e2684faa5e37bb6b86d9ebd22e658d4b124af184b8e5086946d1",
                "f68b1221e1c193c6e9f8d021bd4d20f3bfa0a0cc933a8b065b046ad327dc0e7b"
            ],
            "type": "Script",
            "firstPartyCookies": {},
            "firstPartyCookiesSent": {},
            "exampleSites": [
                "splunk.com",
                "docs.splunk.com",
                "www.fortinet.com",
                "www.iqair.com",
                "www.masterclass.com",
                "www.musicnotes.com",
                "www.postman.com",
                "www.splunk.com",
                "www.sweetwater.com"
            ]
        },
        {
            "rule": "mountain\\.com\\/sti",
            "cookies": 0.0001,
            "fingerprinting": 0,
            "subdomains": [
                "px"
            ],
            "apis": {},
            "sites": 2,
            "prevalence": 0.000201,
            "cnames": [],
            "responseHashes": [
                "e3b0c44298fc1c149afbf4c8996fb92427ae41e4649b934ca495991b7852b855"
            ],
            "type": "Image",
            "firstPartyCookies": {},
            "firstPartyCookiesSent": {},
            "exampleSites": [
                "edmunds.com",
                "www.edmunds.com"
            ]
        }
    ],
    "categories": [],
    "performance": {},
    "cookies": 0.00111,
    "topInitiators": [
        {
            "domain": "googletagmanager.com",
            "prevalence": 0.5555555555555556
        },
        {
            "domain": "first party",
            "prevalence": 0.2222222222222222
        },
        {
            "domain": "osano.com",
            "prevalence": 0.16666666666666666
        },
        {
            "domain": "adobedtm.com",
            "prevalence": 0.05555555555555555
        }
    ],
    "types": {
        "Script": 30,
        "Image": 2
    },
    "nameservers": [
        "ns-116.awsdns-14.com",
        "ns-1508.awsdns-60.org",
        "ns-1916.awsdns-47.co.uk",
        "ns-845.awsdns-41.net"
    ]
}