{
    "domain": "mrf.io",
    "owner": {
        "name": "Marfeel Solutions, S.L.",
        "displayName": "Marfeel"
    },
    "source": [
        "DuckDuckGo-CH"
    ],
    "prevalence": 0.00593,
    "sites": 59,
    "subdomains": [
        "sdk",
        "marfeelexperimentsexperienceengine",
        "flowcards"
    ],
    "cnames": [],
    "fingerprinting": 1,
    "resources": [
        {
            "rule": "mrf\\.io\\/statics\\/marfeel-sdk\\.js",
            "cookies": 0.00573,
            "fingerprinting": 1,
            "subdomains": [
                "sdk"
            ],
            "apis": {
                "window.localStorage": 57,
                "Navigator.prototype.userAgent": 58,
                "window.sessionStorage": 58,
                "Date.prototype.getTime": 58,
                "Document.cookie setter": 57,
                "Document.cookie getter": 57,
                "window.innerHeight": 3,
                "window.innerWidth": 3
            },
            "sites": 58,
            "prevalence": 0.00583,
            "cnames": [],
            "responseHashes": [
                "46d1a4eb5a8879f098de966aaaaf4958a42e5d6f8f9f85b5ff389dacee52e3f3",
                "204d2ea8019f3cec3557fe044c28df446b2fb79eab3352e1c6aadbf3a182bb07",
                "12111f39c1ca62a94953f3dc328945992130c06b2de8a038a1107af0cec73e62",
                "8dc231b65510f6790491839c591fbe3174666aadfe0ebdfaebeab994c497a0d5",
                "32633334a7fdc8d4dc7ab50cd6fc2c4162a73f229af2e28443511f5c122ac81d",
                "ed2ac84b3161d761a12bd0d443cf64171d53fb69359924b09d29e7a7403b92d9",
                "b0f1913206d65dc40bc760a5676d4831866f407c1e9c9b837b980bb302ef0644",
                "f37009d7d81fd25952f823ba83c292b14cc1b824ad81e7253c0fcf6ed0303aa2",
                "8db86ba2aadd235ec6e18beedb3610096d9927fae7e67b020ad0715776c53e7c",
                "abbf79d6c84802a93af28dade64767886a87b46be926cfeb73f281650f77d75e",
                "e0dd383dd556699a23d023a7de272228642f553f96264b82100f066f7df51096",
                "ef6ef955b4a0d6d63e0a7f4bf0b527e123b22f0d9bb5cd4d884b55aff0560cc6",
                "2ec0b9f56f7bc9941f02e97fe437d8f54193327921655d8c1fecb960ada08463",
                "db9af8cd8d3108425aa4dcc7c414d6e615967314fa442a5db97794b3a9365936",
                "4f65d3940d45eeb3644bccb6ccbd775861e8405dfa523cc1819e7bc10e6ff6ec",
                "5c0d1f334a0ce533eae487216af029b7e6137a7d3c4d4c96888094b0cc45f536",
                "fdb60020b4a3e45a1d66b2e56bc8b1128df4fba32593dc9d98fd2caab22739c8",
                "60f9e5ddc765d59a35e8d8a37ce26b82f5622111b1c770f8e5010570a47546b1",
                "fbe04d24d7a12de9b1632496fb235feda1ff3f4eeadb69f6f7d4c423ddd6ee4b",
                "446c9b6f372f9ab935d56fa5a36d73e9f27da797722d567dc05e92a7cd3b241e",
                "fe5d0964b87abcbc8016459f558a2079109deaeafd8756f97c61add64df26179",
                "b386f0d0f1a148905bafb3f899fbd7c46ae77362d403bec7e93e25cd38f6a495",
                "c95deaece0d13088fe40231d1fa6ddf5b5a426760f9377fde4fac24975ea334a",
                "fa4c38a00a177e9c9d3ca50c17d51d52fba8cf7305af2aa9d5c272121b45b70c",
                "431b0a06f4c45a9586dfdf3a8e9e387a615266bbc20ea07db75b167111100011",
                "e9e04ff4deaf3c49961f043f6bbd41c113b7a147ea62de279edfce95485a9590",
                "6b19530ed42447d435cc40aad99ab7fa9304f396d2b8927fcce6c1dad9e30e9e",
                "e32e4f588d2746c4bc4181cf07a78495ab83372289eb0a188d51db4d03fa3001",
                "e866d2155c26b8c706d7a25d5fd199a99f02ab0f4350076c5e96f9283185a288"
            ],
            "type": "Script",
            "firstPartyCookies": {
                "___nrbic": {
                    "ttl": 15634803,
                    "length": 359,
                    "prevalence": 0.0020092425155716293,
                    "uniqueness": 1
                },
                "___nrbi": {
                    "ttl": 15634803,
                    "length": 200,
                    "prevalence": 0.0020092425155716293,
                    "uniqueness": 1
                },
                "compass_uid": {
                    "ttl": 15634803,
                    "length": 36,
                    "prevalence": 0.0020092425155716293,
                    "uniqueness": 1
                }
            },
            "firstPartyCookiesSent": {},
            "exampleSites": [
                "elpais.com",
                "heavy.com",
                "knowyourmeme.com",
                "www.businessinsider.com",
                "www.thegatewaypundit.com",
                "www.xataka.com",
                "www.nickiswift.com",
                "www.jeuxvideo.com",
                "www.presse-citron.net",
                "www.timesofisrael.com",
                "www.zueritoday.ch",
                "gedankenwelt.de",
                "www.slashgear.com",
                "www.diariosur.es",
                "madame.lefigaro.fr",
                "www.zdnet.fr",
                "www.baerntoday.ch",
                "www.marmiton.org",
                "www.looper.com",
                "monjardinmamaison.maison-travaux.fr"
            ]
        },
        {
            "rule": "mrf\\.io\\/experimentsexperience\\/render",
            "cookies": 0,
            "fingerprinting": 1,
            "subdomains": [
                "marfeelexperimentsexperienceengine"
            ],
            "apis": {
                "window.localStorage": 4
            },
            "sites": 18,
            "prevalence": 0.00181,
            "cnames": [],
            "responseHashes": [
                "0f8d6ca57f8a3a474d985e259006a7fa5c73e7b1f91d42d87c6634154948d226",
                "e3b0c44298fc1c149afbf4c8996fb92427ae41e4649b934ca495991b7852b855",
                "663c24e3da18d545c56b9dae11bd966d0fb8b2b77f26b2964bc68437479842a6",
                "c9a25f2973852e172d764151f4fe8bda4169abf2f5f8423ed5db770987ec2500",
                "c0a517f3a652b88879763d3aefd4c5b78138dec4189370b69a49af4705a68e54",
                "425dc70f70888ed237592eb1935ecbd4cbd0480d147f8aa398902a684e6c2b8b",
                "74b079a13fe4d6c82e6c259b66faac349fe83b22c6fa23c13e4e15d1f60dd75a"
            ],
            "type": "Script",
            "firstPartyCookies": {},
            "firstPartyCookiesSent": {},
            "exampleSites": [
                "as.com",
                "cadenaser.com",
                "elpais.com",
                "english.elpais.com",
                "www.abendzeitung-muenchen.de",
                "www.cfr.org",
                "www.diariosur.es",
                "www.elmundo.es",
                "www.haustec.de",
                "www.hellomagazine.com",
                "www.infobae.com",
                "www.lanacion.com.ar",
                "www.laliberte.ch",
                "www.lavanguardia.com",
                "www.lefigaro.fr",
                "www.marca.com",
                "www.watson.ch",
                "www.xataka.com"
            ]
        },
        {
            "rule": "mrf\\.io\\/statics\\/0090828df445b49eb544\\.js",
            "cookies": 0,
            "fingerprinting": 0,
            "subdomains": [
                "sdk"
            ],
            "apis": {},
            "sites": 4,
            "prevalence": 0.000402,
            "cnames": [],
            "responseHashes": [
                "d3b490b5e114648717e83a33d02d026a90aa1cca49a886f9deb46cedf10a642d"
            ],
            "type": "Script",
            "firstPartyCookies": {},
            "firstPartyCookiesSent": {},
            "exampleSites": [
                "as.com",
                "cadenaser.com",
                "elpais.com",
                "english.elpais.com"
            ]
        },
        {
            "rule": "mrf\\.io\\/statics\\/compass-multimedia-sdk\\.js",
            "cookies": 0,
            "fingerprinting": 0,
            "subdomains": [
                "sdk"
            ],
            "apis": {},
            "sites": 18,
            "prevalence": 0.00181,
            "cnames": [],