{
    "domain": "pbxai.com",
    "owner": {},
    "source": [
        "DuckDuckGo-CH"
    ],
    "prevalence": 0.00311,
    "sites": 31,
    "subdomains": [
        "floor",
        "cdn"
    ],
    "cnames": [],
    "fingerprinting": 1,
    "resources": [
        {
            "rule": "pbxai\\.com\\/",
            "cookies": 0,
            "fingerprinting": 0,
            "subdomains": [
                "floor"
            ],
            "apis": {},
            "sites": 28,
            "prevalence": 0.00281,
            "cnames": [],
            "responseHashes": [
                "f25332420d471781ee68e4e540179ea5965b021d71349a6e1efc6949a59b22db",
                "d61eeb222d80b518ea75f6cf88dcd456ab1304f43c275e5006b6a61c22e2ca89",
                "504456f4cfafe7c50671d98d866c9023015fb8445d97fe04242b37faeea1d013",
                "b84db88ef90c2965b71e443ff4261a96f8eaa146405abf8b322d6c647e6db3da",
                "fd34ae93556f2e136295042078ca2aec27bc1dd31c5057701a724dd19606f92b",
                "637458e6020966205ec1e2fe76c0d7e54ec9caeb939606f31b63aba6cd1e4c80",
                "6dc6a9a68cf545234717b3556b837e66c1f4762953c49650e208a25dde565b4e",
                "8f8970ab00b543d8753df4755aaf3cccf96e301833a0aa33df6a5db65458a463",
                "960656af7749377c801192843fb15549f87ba1fe98dac03385142df3d604bf7d",
                "5d40b8b2c537b921368044c84dce88b0c2a1d4fc59960bff0f676eb70fe4e37c",
                "16849e45b667752dd9510bab801f529c620896b49492395715221a26bfaf061e",
                "88d793e381e97bab30880e479717ae636c0c4334697e1bba1f7d5e8666b6ab58",
                "d308fb7eac6d6fb0be4f09b76aca3453a6c2f110af84173a3bd91d24b002703d",
                "159ef0a54751382072e28c106d41d257f67096a349a66c2f68e5a81b4dd1b824",
                "72653044effbcf12b385f1499a7fbde14d9b1261d15f384ed681da3d5d6bb2be",
                "a84def352a77fc2d2116cb3a4ccc9852bd3a323a8843bffcd3b768407325a710",
                "a1b0f0158e671e733a059b306e91222fb5dad67eaca276057ad7c278b255a9fb",
                "470585d6645e17cbebef3b9b5f63456287baa68c60870a7f81dfcbfb7a2a9c57",
                "3368fc3a450fb459b567c9815a2879658c8f5b74e0445a4bb80b3318a2dd16e4",
                "48cf7e95ef4e140289099bff39d3e1349b2f3a626e4ab7616127a95931a5ea7d",
                "7e3538e46f7b2b6e7f7053fd17f09f58092978cd5ce58528ea7f749b78b6b619",
                "cedc4e25bc165e1b9959c20f012d6a74f957a1ce8d4dbdfe8cb8a6b3e3f73c67",
                "35818e0e725624fdd57f04e47aae84502a855a9a1a4db8e00d5bf3609285b590",
                "1fdc242ac3d8491fea06300cc40074c66b92ddc97325c2811ee3d7fcb2a9dc5e",
                "0660877f335e18edc42510dcb37fcfc9c3dd9c175c21c05d8b6a067caf06b89a"
            ],
            "type": "Fetch",
            "firstPartyCookies": {},
            "firstPartyCookiesSent": {
                "lotame_domain_check": 0.00020092425155716296,
                "_li_dcdm_c": 0.0003013863773357444
            },
            "exampleSites": [
                "www.digitaltrends.com",
                "www.dict.cc",
                "www.windfinder.com",
                "www.sciencealert.com",
                "www.isitdownrightnow.com",
                "www.rapidtables.com",
                "mytuner-radio.com",
                "de.islcollective.com",
                "www.radiotimes.com",
                "www.linguee.fr",
                "www.geoguessr.com",
                "www.techspot.com",
                "www.kreuzwortraetsellexikon.de",
                "www.investing.com",
                "calculator-online.net",
                "administrator.de",
                "helpdeskgeek.com",
                "fr.investing.com",
                "www.wordhippo.com",
                "www.numbeo.com"
            ]
        },
        {
            "rule": "pbxai\\.com\\/aba93a3a-0792-49b0-9740-2018808409c4\\.js",
            "cookies": 0,
            "fingerprinting": 0,
            "subdomains": [
                "cdn"
            ],
            "apis": {},
            "sites": 3,
            "prevalence": 0.000301,
            "cnames": [],
            "responseHashes": [
                "d90e37973f7ad8b50381d5f43cf2e12c4fce25ed08e1ef6f9c783a010b301af5"
            ],
            "type": "Script",
            "firstPartyCookies": {},
            "firstPartyCookiesSent": {},
            "exampleSites": [
                "investing.com",
                "fr.investing.com",
                "www.investing.com"
            ]
        },
        {
            "rule": "pbxai\\.com\\/47f20c1b-5e16-45d3-b65a-7dd90864f1b8\\.js",
            "cookies": 0,
            "fingerprinting": 1,
            "subdomains": [
                "cdn"
            ],
            "apis": {
                "window.localStorage": 1,
                "window.sessionStorage": 1
            },
            "sites": 2,
            "prevalence": 0.000201,
            "cnames": [],
            "responseHashes": [
                "b679f074e626b88962c9ae4da8d3c8c2136ff48b4cf08ddeed1ec0c86ca287fb"
            ],
            "type": "Script",
            "firstPartyCookies": {},
            "firstPartyCookiesSent": {},
            "exampleSites": [
                "digitaltrends.com",
                "www.vice.com"
            ]
        },
        {
            "rule": "pbxai\\.com\\/776eda21-6ffa-450f-bac1-7ccbb2bff5c8\\.js",
            "cookies": 0,
            "fingerprinting": 0,
            "subdomains": [
                "cdn"
            ],
            "apis": {},
            "sites": 2,
            "prevalence": 0.000201,
            "cnames": [],
            "responseHashes": [
                "673893376746399a7615e2a426f41f82dc45105b0bb0292742490e35af81f57f"
            ],
            "type": "Script",
            "firstPartyCookies": {},
            "firstPartyCookiesSent": {},
            "exampleSites": [
                "sciencealert.com",
                "www.techspot.com"
            ]
        }
    ],
    "categories": [],
    "performance": {},
    "cookies": 0,
    "topInitiators": [
        {
            "domain": "snigelweb.com",
            "prevalence": 0.3958333333333333
        },
        {
            "domain": "first party",
            "prevalence": 0.16666666666666666
        },
        {
            "domain": "futurecdn.net",
            "prevalence": 0.125
        },
        {
            "domain": "htlbid.com",
            "prevalence": 0.08333333333333333
        },
        {
            "domain": "adpushup.com",
            "prevalence": 0.0625
        },
        {
            "domain": "invmed.co",
            "prevalence": 0.0625
        },
        {
            "domain": "fuseplatform.net",
            "prevalence": 0.0625
        },
        {
            "domain": "rubiconproject.com",
            "prevalence": 0.041666666666666664
        }
    ],
    "types": {
        "Fetch": 28,
        "Script": 7
    },
    "nameservers": [
        "ns-234.awsdns-29.com",
        "ns-847.awsdns-41.net",
        "ns-1067.awsdns-05.org",
        "ns-1593.awsdns-07.co.uk"
    ]
}