{
    "domain": "tarteaucitron.io",
    "owner": {},
    "source": [
        "DuckDuckGo-CH"
    ],
    "prevalence": 0.000804,
    "sites": 8,
    "subdomains": [
        "cdn"
    ],
    "cnames": [],
    "fingerprinting": 1,
    "resources": [
        {
            "rule": "tarteaucitron\\.io\\/load\\.js",
            "cookies": 0.000603,
            "fingerprinting": 1,
            "subdomains": [],
            "apis": {
                "Document.cookie getter": 7,
                "Navigator.prototype.doNotTrack": 6,
                "Date.prototype.getTime": 6,
                "Document.cookie setter": 6,
                "window.innerHeight": 2
            },
            "sites": 8,
            "prevalence": 0.000804,
            "cnames": [],
            "responseHashes": [
                "7a3afbdbb5616206569b548d75b7e8289ae6fdf8f709e50d3a394bcdacc5ecd1",
                "8f59ad63eb64877b1131397d9ef9a8ae2ccfec083c7512de07f195dbef004a66",
                "595d74d68299e6165b016b1f6b3d9724a4c941bd3629681a77c9f376ca648ca3",
                "3446255294594b90a73b3b891deed640231ed9d6459112d422ca0d5fe48c1020",
                "06071da484398cfdc32a8aa3a3f3fddd0fe7e9f85e4d2a1b6fe0cb3a450da8ca",
                "23f431358c7640e4512c180d72e072c82045a0590f96e5893b816ab90f8a2f68",
                "798b08f5b44ccfd92869d18843f22f160f3269359e6916c5589f67e8068b9042"
            ],
            "type": "Script",
            "firstPartyCookies": {
                "tarteaucitron": {
                    "ttl": 31536004,
                    "length": 8,
                    "prevalence": 0.0004018485031143259,
                    "uniqueness": 0.75
                },
                "tarteaucitrongallica": {
                    "ttl": 86408,
                    "length": 5,
                    "prevalence": 0.00010046212577858148,
                    "uniqueness": 1
                },
                "tarteaucitron001": {
                    "ttl": 31536004,
                    "length": 19,
                    "prevalence": 0.00010046212577858148,
                    "uniqueness": 1
                }
            },
            "firstPartyCookiesSent": {},
            "exampleSites": [
                "burgenstockresort.com",
                "essentiels.bnf.fr",
                "gallica.bnf.fr",
                "lausannehc.ch",
                "www.aha.ch",
                "www.francesoir.fr",
                "www.myvalleedejoux.ch",
                "www.orpha.net"
            ]
        },
        {
            "rule": "tarteaucitron\\.io\\/log\\/",
            "cookies": 0,
            "fingerprinting": 0,
            "subdomains": [],
            "apis": {},
            "sites": 7,
            "prevalence": 0.000703,
            "cnames": [],
            "responseHashes": [
                "ac554a4ea8b34bbb80db013e14be195ebc986f82f24e5b18b0ea9032ef561f57"
            ],
            "type": "Image",
            "firstPartyCookies": {},
            "firstPartyCookiesSent": {
                "tarteaucitron": 0.00020092425155716296,
                "tarteaucitron001": 0.00010046212577858148
            },
            "exampleSites": [
                "burgenstockresort.com",
                "essentiels.bnf.fr",
                "gallica.bnf.fr",
                "www.aha.ch",
                "www.francesoir.fr",
                "www.myvalleedejoux.ch",
                "www.orpha.net"
            ]
        },
        {
            "rule": "tarteaucitron\\.io\\/css\\/tarteaucitron\\.min\\.css",
            "cookies": 0,
            "fingerprinting": 0,
            "subdomains": [
                "cdn"
            ],
            "apis": {},
            "sites": 7,
            "prevalence": 0.000703,
            "cnames": [],
            "responseHashes": [
                "25740f334939faff4f703e50afd8e679e009a2dea92b2887927076fc897a9669"
            ],
            "type": "Stylesheet",
            "firstPartyCookies": {},
            "firstPartyCookiesSent": {},
            "exampleSites": [
                "bnf.fr",
                "gallica.bnf.fr",
                "lausannehc.ch",
                "www.aha.ch",
                "www.francesoir.fr",
                "www.myvalleedejoux.ch",
                "www.orpha.net"
            ]
        },
        {
            "rule": "tarteaucitron\\.io\\/lang\\/tarteaucitron\\.fr\\.min\\.js",
            "cookies": 0,
            "fingerprinting": 0,
            "subdomains": [
                "cdn"
            ],
            "apis": {},
            "sites": 5,
            "prevalence": 0.000502,
            "cnames": [],
            "responseHashes": [
                "2474abbd613ee15e9a272e6b9ef7080f2353676155c006bd8c4d73871e7f8de2"
            ],
            "type": "Script",
            "firstPartyCookies": {},
            "firstPartyCookiesSent": {},
            "exampleSites": [
                "bnf.fr",
                "gallica.bnf.fr",
                "lausannehc.ch",
                "www.francesoir.fr",
                "www.myvalleedejoux.ch"
            ]
        },
        {
            "rule": "tarteaucitron\\.io\\/tarteaucitron\\.services\\.min\\.js",
            "cookies": 0,
            "fingerprinting": 0,
            "subdomains": [
                "cdn"
            ],
            "apis": {},
            "sites": 7,
            "prevalence": 0.000703,
            "cnames": [],
            "responseHashes": [
                "51e30f3fa93beadaf9e27e5c41da3459a01fa27c017fe4c2506b8387ae07d5eb"
            ],
            "type": "Script",
            "firstPartyCookies": {},
            "firstPartyCookiesSent": {},
            "exampleSites": [
                "bnf.fr",
                "gallica.bnf.fr",
                "lausannehc.ch",
                "www.aha.ch",
                "www.francesoir.fr",
                "www.myvalleedejoux.ch",
                "www.orpha.net"
            ]
        }
    ],
    "categories": [],
    "performance": {},
    "cookies": 0.000603,
    "topInitiators": [
        {
            "domain": "first party",
            "prevalence": 0.9166666666666666
        },
        {
            "domain": "googletagmanager.com",
            "prevalence": 0.08333333333333333
        }
    ],
    "types": {
        "Script": 20,
        "Image": 7,
        "Stylesheet": 7
    },
    "nameservers": [
        "ns200.anycast.me",
        "dns200.anycast.me"
    ]
}