{
    "domain": "trackcmp.net",
    "owner": {
        "name": "ActiveCampaign, Inc.",
        "displayName": "ActiveCampaign"
    },
    "source": [
        "DuckDuckGo-CH"
    ],
    "prevalence": 0.00231,
    "sites": 23,
    "subdomains": [],
    "cnames": [],
    "fingerprinting": 0,
    "resources": [
        {
            "rule": "trackcmp\\.net\\/t_prism_sitemessages\\.php",
            "cookies": 0,
            "fingerprinting": 0,
            "subdomains": [],
            "apis": {},
            "sites": 19,
            "prevalence": 0.00191,
            "cnames": [],
            "responseHashes": [
                "e3b0c44298fc1c149afbf4c8996fb92427ae41e4649b934ca495991b7852b855"
            ],
            "type": "Script",
            "firstPartyCookies": {},
            "firstPartyCookiesSent": {
                "prism_226349813": 0.00010046212577858148,
                "prism_478065867": 0.00010046212577858148,
                "gtm_lp_url": 0.00010046212577858148,
                "prism_90822704": 0.00010046212577858148,
                "prism_225600763": 0.00010046212577858148,
                "prism_800365861": 0.00010046212577858148,
                "prism_476821887": 0.00010046212577858148,
                "prism_66978442": 0.00010046212577858148,
                "prism_66569912": 0.00010046212577858148,
                "prism_224817533": 0.00010046212577858148,
                "prism_475402747": 0.00010046212577858148,
                "prism_611487216": 0.00010046212577858148,
                "prism_223992243": 0.00010046212577858148,
                "prism_25900740": 0.00010046212577858148,
                "prism_223745703": 0.00010046212577858148,
                "prism_475889207": 0.00010046212577858148,
                "_li_dcdm_c": 0.00010046212577858148,
                "prism_478502367": 0.00010046212577858148,
                "prism_92716464": 0.00010046212577858148,
                "prism_799467011": 0.00010046212577858148,
                "prism_27479060": 0.00010046212577858148
            },
            "exampleSites": [
                "deutsch-mit-anna.de",
                "hoch2.tv",
                "november.de",
                "www.addictivetips.com",
                "www.berghilfe.ch",
                "www.bookfactory.ch",
                "www.boss.info",
                "www.caritas.ch",
                "www.classic.com",
                "www.fairment.de",
                "www.flightconnections.com",
                "www.heks.ch",
                "www.jpost.com",
                "www.prospiel.ch",
                "www.sonepar.ch",
                "www.speedtest.net",
                "www.swisspearl.com",
                "www.verbraucherschutz.com",
                "zueriost.ch"
            ]
        },
        {
            "rule": "trackcmp\\.net\\/visit",
            "cookies": 0.000402,
            "fingerprinting": 0,
            "subdomains": [],
            "apis": {},
            "sites": 4,
            "prevalence": 0.000402,
            "cnames": [],
            "responseHashes": [
                "e3b0c44298fc1c149afbf4c8996fb92427ae41e4649b934ca495991b7852b855"
            ],
            "type": "Script",
            "firstPartyCookies": {},
            "firstPartyCookiesSent": {},
            "exampleSites": [
                "excelhero.de",
                "gearspace.com",
                "www.fluentu.com",
                "www.wickedweasel.com"
            ]
        }
    ],
    "categories": [
        "Ad Motivated Tracking",
        "Advertising",
        "Action Pixels"
    ],
    "performance": {},
    "cookies": 0.000402,
    "topInitiators": [
        {
            "domain": "app-us1.com",
            "prevalence": 0.76
        },
        {
            "domain": "first party",
            "prevalence": 0.2
        },
        {
            "domain": "baqend.com",
            "prevalence": 0.04
        }
    ],
    "types": {
        "Script": 23
    },
    "nameservers": [
        "kellen.ns.cloudflare.com",
        "love.ns.cloudflare.com"
    ]
}