{
    "domain": "vntsm.io",
    "owner": {},
    "source": [
        "DuckDuckGo-CH"
    ],
    "prevalence": 0.00121,
    "sites": 12,
    "subdomains": [
        "hb"
    ],
    "cnames": [],
    "fingerprinting": 0,
    "resources": [
        {
            "rule": "vntsm\\.io\\/content\\.html",
            "cookies": 0.00121,
            "fingerprinting": 0,
            "subdomains": [
                "hb"
            ],
            "apis": {},
            "sites": 12,
            "prevalence": 0.00121,
            "cnames": [],
            "responseHashes": [
                "0b2e13f8423e4ee035c672090adee4f5281a885a886adb3f30833fcd0bb806b2",
                "b4323c9159b2f3763c9079ff7a707defbd8eca43512a4839b1c93fc17401b655",
                "ce8368e5b8e9f2f066acc6284578c00021aea742c4c7c7ec2836c232a5f8b1f8",
                "e3a807c636ea1ea487d035ac197361463225f73774ec491fa528e35bdb852128",
                "1a1a7be018f6c3705990c46f8e29ceb6c59252c22b1cbf7a2bc00cafab3dc847",
                "a16940b23e19f8d87ac98a95c1aa706c851ebdeccd75bcc7386fb67059ae4d2f",
                "0b22b2036ea9b687a021978fa369e87098303abff37ad6dbe1617286c5b0eb73",
                "ac1c41875bb46b93340d05d699ee524bdb94d960c87dae254d4c31855382f466"
            ],
            "type": "Fetch",
            "firstPartyCookies": {},
            "firstPartyCookiesSent": {},
            "exampleSites": [
                "fortnite.gg",
                "garticphone.com",
                "openguessr.com",
                "pokemonshowdown.com",
                "satisfactory-calculator.com",
                "skribbl.io",
                "www.futbin.com",
                "www.op.gg",
                "www.overtake.gg",
                "www.pcgamingwiki.com",
                "www.powerpyx.com",
                "wzstats.gg"
            ]
        }
    ],
    "categories": [],
    "performance": {},
    "cookies": 0.00121,
    "topInitiators": [
        {
            "domain": "vntsm.com",
            "prevalence": 0.6923076923076923
        },
        {
            "domain": "adinplay.com",
            "prevalence": 0.15384615384615385
        },
        {
            "domain": "first party",
            "prevalence": 0.15384615384615385
        }
    ],
    "types": {
        "Fetch": 12
    },
    "nameservers": [
        "ns-99.awsdns-12.com",
        "ns-866.awsdns-44.net",
        "ns-1245.awsdns-27.org",
        "ns-1655.awsdns-14.co.uk"
    ]
}