{
    "domain": "wisepops.net",
    "owner": {},
    "source": [
        "DuckDuckGo-CH"
    ],
    "prevalence": 0.00111,
    "sites": 11,
    "subdomains": [],
    "cnames": [],
    "fingerprinting": 2,
    "resources": [
        {
            "rule": "wisepops\\.net\\/loader\\.js",
            "cookies": 0.000502,
            "fingerprinting": 2,
            "subdomains": [],
            "apis": {
                "window.sessionStorage": 5,
                "window.localStorage": 5,
                "Document.cookie getter": 5,
                "Document.cookie setter": 5,
                "Date.prototype.getTime": 5,
                "window.innerHeight": 5,
                "window.innerWidth": 5,
                "Navigator.prototype.cookieEnabled": 5,
                "Intl.DateTimeFormat.prototype.resolvedOptions": 5
            },
            "sites": 11,
            "prevalence": 0.00111,
            "cnames": [],
            "responseHashes": [
                "62a2f2f9d9bac2e93285253db0993270b79b7587d83881e80f7c88cde5809c7b",
                "ad01419f29f4c5ad08f5b654b3f1d9797bfe67fb74fa24158c953e5fd96990b4",
                "7b3919dfa8648381b91ef8fb43982b8952012b1597aa621dd2d2f47aaba5b5ac",
                "d58727e53a42a23cebb878bcf9972517a0a072861dd9a282611709ee88d11c11",
                "f8d3550ff775b9f50e40991b82c36918caeaee1547cecd2d29dd231ce7847ba1",
                "64526df91f085c1531d56486bf4be704f4184edc27345f8a9f565c55c2e26665",
                "d529ccf4b315bc0cbf3dbaaa343f35020a207ba8414b4f7bd1e4ec665325f4d6",
                "df8b83a6b51a274b0902b6f0186b804b63ad1f78244bc209492dbcdc62d39c77",
                "57a32f1dfdf0dbbecb5616a87a6e3dff5f87777b475f9a60b196a7a4fa3da7d2",
                "772635fdb8f21655b7e3ffcfe4a7edb82450feea62a78f650e425e4b04165943"
            ],
            "type": "Script",
            "firstPartyCookies": {
                "__tld__": {
                    "ttl": 4,
                    "length": 1,
                    "prevalence": 0.0005023106288929073,
                    "uniqueness": 0.2
                },
                "wisepops": {
                    "ttl": 63072000,
                    "length": 145,
                    "prevalence": 0.0005023106288929073,
                    "uniqueness": 1
                },
                "wisepops_session": {
                    "ttl": null,
                    "length": 274,
                    "prevalence": 0.0005023106288929073,
                    "uniqueness": 1
                },
                "wisepops_visitor": {
                    "ttl": 63072000,
                    "length": 67,
                    "prevalence": 0.0005023106288929073,
                    "uniqueness": 1
                },
                "wisepops_visits": {
                    "ttl": 63072000,
                    "length": 40,
                    "prevalence": 0.0005023106288929073,
                    "uniqueness": 1
                },
                "wisepops_props": {
                    "ttl": 63072000,
                    "length": 80,
                    "prevalence": 0.00010046212577858148,
                    "uniqueness": 1
                }
            },
            "firstPartyCookiesSent": {},
            "exampleSites": [
                "bico.ch",
                "bluecinema.ch",
                "de.millesima.ch",
                "kuhnrikon.com",
                "www.bern.com",
                "www.doktorabc.com",
                "www.lanutrition.fr",
                "www.mittelthurgau.ch",
                "www.skiinfo.de",
                "www.twerenbold.ch",
                "www.zamnesia.com"
            ]
        },
        {
            "rule": "wisepops\\.net\\/id",
            "cookies": 0,
            "fingerprinting": 0,
            "subdomains": [],
            "apis": {},
            "sites": 11,
            "prevalence": 0.00111,
            "cnames": [],
            "responseHashes": [
                "4d68cf851ec2b090785a1acf571c95422da47d24085a31849c0c0d9204f363a1",
                "455368eaee9ff2a6874c9ef99e7b00bc36c9745e86f6776017931a16f3b84a58",
                "90ee7bad95c45dd465a7f2e9ba8b24e32e7b12aeafd8c05bb6fd6b47ba6e6c83",
                "ff6a0275b7281068043015f284634b84040bb94ba8a64c8c0025ab98051d3d56",
                "652ad75308d5dc16c7956cd65c385b62dfdee80aebab9c3efdbacd6f8325ecbc",
                "e1b069abfc4c928775d3032ff8f5077072f21f580e62fee94e7e9f51c2afb17f",
                "64a6f64a1d61be6f643fcd970c2bdf1230face4cb6114ff37ccc7f8894d30850",
                "f139ef32d30dbecc7b47ebf6f6665e9992b02c21ad830939f80c8ebd4371f471",
                "3da8eba423d4d3fba6fef1e92c73f4744d0eccb45dc4510ed8652a3912099d53",
                "cc879feeabfb105ec907a922beddf216e61c03a2af2c9af43732ac57dfc5f699"
            ],
            "type": "Fetch",
            "firstPartyCookies": {},
            "firstPartyCookiesSent": {},
            "exampleSites": [
                "bico.ch",
                "bluecinema.ch",
                "de.millesima.ch",
                "kuhnrikon.com",
                "www.bern.com",
                "www.doktorabc.com",
                "www.lanutrition.fr",
                "www.mittelthurgau.ch",
                "www.skiinfo.de",
                "www.twerenbold.ch",
                "www.zamnesia.com"
            ]
        },
        {
            "rule": "wisepops\\.net\\/my-wisepop",
            "cookies": 0,
            "fingerprinting": 0,
            "subdomains": [],
            "apis": {},
            "sites": 11,
            "prevalence": 0.00111,
            "cnames": [],
            "responseHashes": [
                "a235fa235fefc4b35bb41d959a87252beaf5f53ae078fd46f9da83a3f17cd023",
                "d22243b2bb80b643b715d1496ad325229b7c473f48af58045f86e0230d184cfb",
                "e2519830a6166f2cb13a8ab8886610b12c8fd29a0265c7fede24205d092ed927",
                "69221fed9c7acc305ce69fc1c30d03bca8231b7b060b1adf08d602217df1e4a8",
                "12b4b633374c2eeceb1df9da04bc61e9c203fd6d8dad4b17ab964f0264b9d15c",
                "357ddb4a32289d8ee72286db531899344faf65965282600c2dee935ed1d879b2",
                "83dee726bfc4bb5cb838c59cb09dc7ab7e8f12678225855022ccff6a4ebbb993",
                "cc6c1d1da8ea5a1de5aeeaaaa422497aaa7bb552b5e08e2439e96e920f1eeb72",
                "556be46d466e72c638108c092303b3889ab6f5692208798e81ebec29eb10001c"
            ],
            "type": "XHR",
            "firstPartyCookies": {},
            "firstPartyCookiesSent": {},
            "exampleSites": [
                "bico.ch",
                "bluecinema.ch",
                "de.millesima.ch",
                "kuhnrikon.com",
                "www.bern.com",
                "www.doktorabc.com",
                "www.lanutrition.fr",
                "www.mittelthurgau.ch",
                "www.skiinfo.de",
                "www.twerenbold.ch",
                "www.zamnesia.com"
            ]
        }
    ],
    "categories": [],
    "performance": {},
    "cookies": 0.000502,
    "topInitiators": [
        {
            "domain": "first party",
            "prevalence": 0.4375
        },
        {
            "domain": "wisepops.com",
            "prevalence": 0.34375
        },
        {
            "domain": "googletagmanager.com",
            "prevalence": 0.21875
        }
    ],
    "types": {
        "Script": 11,
        "Fetch": 11,
        "XHR": 11
    },
    "nameservers": [
        "wally.ns.cloudflare.com",
        "marek.ns.cloudflare.com"
    ]
}