{
    "domain": "2020mustang.com",
    "owner": {
        "name": "ICF Technology, Inc",
        "displayName": "ICF"
    },
    "source": [
        "DuckDuckGo-DE"
    ],
    "prevalence": 0.000904,
    "sites": 9,
    "subdomains": [
        "as",
        "m"
    ],
    "cnames": [],
    "fingerprinting": 2,
    "resources": [
        {
            "rule": "2020mustang\\.com\\/as\\/if",
            "cookies": 0.000904,
            "fingerprinting": 1,
            "subdomains": [
                "as"
            ],
            "apis": {
                "Date.prototype.getTime": 6
            },
            "sites": 9,
            "prevalence": 0.000904,
            "cnames": [],
            "responseHashes": [
                "03ab8214506d9d02e3d4915d682d6c93b6caddbd18e49c67552f9ba9823bd98a",
                "ab886ffb95b7bb8d85ac4139ed6d50aa7785a4de0a14f7da8af16a8923f31c9f",
                "478f989f4bc3ab9665d0245636ea6765d750b318054b5a32599f40ba9c6b2c04",
                "04c0f0af18c3a69e1ae6dbeb093a004fc312a92ae22235fd049b0652e6195c91",
                "8ac1c137453baffb12c08f4c0b720b249631de1a670af22f69850454cc1c4336",
                "59628a84792497530c227855cc17b9de352f406b834422f581089eddaab26b75",
                "c13e84657a8b1b7e34014226567e42bd931025af878c830a1ad38d9c27532c07",
                "f733b7b18d0477c9cda571db6e39820e822b7fc9cf908b2d340f36c06635446b"
            ],
            "type": "Document",
            "firstPartyCookies": {},
            "firstPartyCookiesSent": {},
            "exampleSites": [
                "blowjobs.pro",
                "goldtits.com",
                "hardgif.com",
                "jp.spankbang.com",
                "vxxx.com",
                "www.boy18tube.com",
                "www.milffox.com",
                "www.xfreehd.com",
                "xxxdan.com"
            ]
        },
        {
            "rule": "2020mustang\\.com\\/jquery-plugins\\/modernizr-2\\.6\\.2-respond-1\\.1\\.0\\.min\\.js",
            "cookies": 0,
            "fingerprinting": 2,
            "subdomains": [
                "m"
            ],
            "apis": {
                "window.indexedDB": 6,
                "HTMLMediaElement.prototype.canPlayType": 6,
                "window.localStorage": 6,
                "window.sessionStorage": 6
            },
            "sites": 8,
            "prevalence": 0.000804,
            "cnames": [],
            "responseHashes": [
                "ce0f70d9e807bb959717d8350c21a107f5b6b7221a774b6d1ed057219468a260"
            ],
            "type": "Script",
            "firstPartyCookies": {},
            "firstPartyCookiesSent": {},
            "exampleSites": [
                "blowjobs.pro",
                "goldtits.com",
                "hardgif.com",
                "jp.spankbang.com",
                "vxxx.com",
                "www.milffox.com",
                "www.xfreehd.com",
                "xxxdan.com"
            ]
        },
        {
            "rule": "2020mustang\\.com\\/common\\/fontawesome-430\\/font-awesome\\.min\\.css",
            "cookies": 0,
            "fingerprinting": 0,
            "subdomains": [
                "m"
            ],
            "apis": {},
            "sites": 9,
            "prevalence": 0.000904,
            "cnames": [],
            "responseHashes": [
                "c86f7b62a894d5799f1aa0a535efb34ed6f914447f901f1da50c837dee13fa72"
            ],
            "type": "Stylesheet",
            "firstPartyCookies": {},
            "firstPartyCookiesSent": {},
            "exampleSites": [
                "blowjobs.pro",
                "goldtits.com",
                "hardgif.com",
                "jp.spankbang.com",
                "vxxx.com",
                "www.boy18tube.com",
                "www.milffox.com",
                "www.xfreehd.com",
                "xxxdan.com"
            ]
        },
        {
            "rule": "2020mustang\\.com\\/common\\/videojs\\/videojs\\.min-original-v2\\.css",
            "cookies": 0,
            "fingerprinting": 0,
            "subdomains": [
                "m"
            ],
            "apis": {},
            "sites": 8,
            "prevalence": 0.000804,
            "cnames": [],
            "responseHashes": [
                "063b4a568733054fea7f238a10b384170ce29c136d3194feed44d8c8b451f55d"
            ],
            "type": "Stylesheet",
            "firstPartyCookies": {},
            "firstPartyCookiesSent": {},
            "exampleSites": [
                "blowjobs.pro",
                "goldtits.com",
                "hardgif.com",
                "jp.spankbang.com",
                "vxxx.com",
                "www.milffox.com",
                "www.xfreehd.com",
                "xxxdan.com"
            ]
        },
        {
            "rule": "2020mustang\\.com\\/px\\.gif",
            "cookies": 0.000603,
            "fingerprinting": 0,
            "subdomains": [
                "as"
            ],
            "apis": {},
            "sites": 9,
            "prevalence": 0.000904,
            "cnames": [],
            "responseHashes": [
                "dcdf6c37f5caf6a54f0c7f2238d669e015901b674c7fc55099acc7fe629db356"
            ],
            "type": "Image",
            "firstPartyCookies": {},
            "firstPartyCookiesSent": {},
            "exampleSites": [
                "blowjobs.pro",
                "goldtits.com",
                "hardgif.com",
                "jp.spankbang.com",
                "vxxx.com",
                "www.boy18tube.com",
                "www.milffox.com",
                "www.xfreehd.com",
                "xxxdan.com"
            ]
        },
        {
            "rule": "2020mustang\\.com\\/common\\/videojs\\/videojs\\.min-original-v2\\.js",
            "cookies": 0,
            "fingerprinting": 1,
            "subdomains": [
                "m"
            ],
            "apis": {
                "Date.prototype.getTime": 6,
                "Navigator.prototype.userAgent": 6,
                "Event.prototype.timeStamp": 5
            },
            "sites": 8,
            "prevalence": 0.000804,
            "cnames": [],
            "responseHashes": [
                "bc8c462352c89252dec907dd63edec38661c55b35b02ff31ba11028cdb6f33d2"
            ],
            "type": "Script",
            "firstPartyCookies": {},
            "firstPartyCookiesSent": {},
            "exampleSites": [
                "blowjobs.pro",
                "goldtits.com",
                "hardgif.com",
                "jp.spankbang.com",
                "vxxx.com",
                "www.milffox.com",
                "www.xfreehd.com",
                "xxxdan.com"
            ]
        },
        {
            "rule": "2020mustang\\.com\\/common\\/fontawesome-430\\/fontawesome-webfont\\.woff2",
            "cookies": 0,
            "fingerprinting": 0,
            "subdomains": [
                "m"
            ],
            "apis": {},
            "sites": 6,
            "prevalence": 0.000603,
            "cnames": [],
            "responseHashes": [
                "473842579288c04e865ecfa63ae67a45d6e9a0871c9cf2aea4db32637cf7bbb8"
            ],
            "type": "Font",
            "firstPartyCookies": {},
            "firstPartyCookiesSent": {},
            "exampleSites": [
                "hardgif.com",
                "jp.spankbang.com",
                "vxxx.com",
                "www.milffox.com",
                "www.xfreehd.com",
                "xxxdan.com"
            ]
        }
    ],
    "categories": [],
    "performance": {},
    "cookies": 0.000904,
    "topInitiators": [
        {
            "domain": "camschat.net",
            "prevalence": 1
        }
    ],
    "types": {
        "Document": 9,
        "Script": 16,
        "Stylesheet": 17,
        "Image": 9,
        "Font": 6
    },
    "nameservers": [
        "ns1.flyingcroc.net",
        "ns2.flyingcroc.net"
    ]
}