{
    "domain": "amspbs.com",
    "owner": {},
    "source": [
        "DuckDuckGo-DE"
    ],
    "prevalence": 0.000904,
    "sites": 9,
    "subdomains": [],
    "cnames": [],
    "fingerprinting": 0,
    "resources": [
        {
            "rule": "amspbs\\.com\\/cookie_sync",
            "cookies": 0,
            "fingerprinting": 0,
            "subdomains": [],
            "apis": {},
            "sites": 9,
            "prevalence": 0.000904,
            "cnames": [],
            "responseHashes": [
                "fe0d9b0c47e56700062e1e6cfcaa084f5bfd85a7901721f9c8ce651b60c59a6a",
                "a4f5a25e1caea0f32fa55b45271dc4a41beb665310eb0df984ab46332766c98b"
            ],
            "type": "Fetch",
            "firstPartyCookies": {},
            "firstPartyCookiesSent": {},
            "exampleSites": [
                "dotesports.com",
                "primagames.com",
                "progameguides.com",
                "twinfinite.net",
                "www.destructoid.com",
                "www.gamepur.com",
                "www.gameskinny.com",
                "www.pcinvasion.com",
                "www.whatismyip.com"
            ]
        },
        {
            "rule": "amspbs\\.com\\/openrtb2\\/auction",
            "cookies": 0,
            "fingerprinting": 0,
            "subdomains": [],
            "apis": {},
            "sites": 9,
            "prevalence": 0.000904,
            "cnames": [],
            "responseHashes": [
                "00d5183221067ef69b0d8d31213eabd23ead60f99f2dc26826eaa1429f26b6af",
                "483a672c1b9a9e28017a0a99af826db82652e50fac886f44903cb09e56d3875f",
                "070842add0c34e102a53066f901f9149ea6866aa77a85bfa5898c10a72a7860f",
                "0f3926cf217d40a076f8818324067d94e392a11a54ca9fbcdda7960cd80461a7",
                "f04968fdd76c0af8f851c2c2826c2f47d32ba153b668c1b30c164bf3d0dcd1ac",
                "1fc3e635aeff555622349451b268e0fff77c6f52c3a4741f237216f1519f1d77",
                "5f6842d68bbbf8d172a726cb0ae34efe0fee73d54155f058afc7f9538f2e1451",
                "383516991090c41842baadd4fd1634464a63c3cde79a9556a660c74e82b92962"
            ],
            "type": "Fetch",
            "firstPartyCookies": {},
            "firstPartyCookiesSent": {},
            "exampleSites": [
                "dotesports.com",
                "primagames.com",
                "progameguides.com",
                "twinfinite.net",
                "www.destructoid.com",
                "www.gamepur.com",
                "www.gameskinny.com",
                "www.pcinvasion.com",
                "www.whatismyip.com"
            ]
        }
    ],
    "categories": [],
    "performance": {},
    "cookies": 0.0001,
    "topInitiators": [
        {
            "domain": "htlbid.com",
            "prevalence": 0.8947368421052632
        },
        {
            "domain": "sellwild.com",
            "prevalence": 0.10526315789473684
        }
    ],
    "types": {
        "Fetch": 18
    },
    "nameservers": [
        "ns-219.awsdns-27.com",
        "ns-587.awsdns-09.net",
        "ns-1592.awsdns-07.co.uk",
        "ns-1341.awsdns-39.org"
    ]
}