{
    "domain": "bunny.net",
    "owner": {},
    "source": [
        "DuckDuckGo-DE"
    ],
    "prevalence": 0.00151,
    "sites": 15,
    "subdomains": [
        "fonts"
    ],
    "cnames": [],
    "fingerprinting": 0,
    "resources": [
        {
            "rule": "bunny\\.net\\/css",
            "cookies": 0,
            "fingerprinting": 0,
            "subdomains": [
                "fonts"
            ],
            "apis": {},
            "sites": 13,
            "prevalence": 0.00131,
            "cnames": [],
            "responseHashes": [
                "381dc182e82acce31f4cdc9a5fdb3831f61aee332014bef0cccbe77b1d6c03aa",
                "2ee82912be9e931f0b8e377aabf940c6956708b9fc2aed0356a7f1321c2f648e",
                "6481508c065fa04299994b77ad18b189cb1a9d1259e867d4e27d97af8934927d",
                "04d153b40b1b27283aef2aa5eda05d5143e7de66898cc0de24860a0438665302",
                "7244259fcc20d56bb98c86a6304e241ce66b0feb19d5ea311e3d3d4bf9b946a8",
                "b7d191b39062ed01a8f2ac3c4c0a4adfd81d6925d86b6e37304999d980c89157",
                "91b2e35aa1a83cb5e1f8a81bbfd7282eae3f275bf21c0d5463b0b8dd4b88e035",
                "220f6c247006f789e00d6a5a0c500383293508d1190d8781a9818023c9c0b60f",
                "8cad3c709cbe2075f069c114f8d180a506d08213c016c1e780555376f629bf90",
                "bb034f293926cdbcd93607498d3b0895b93111920e5baba6a254c91d4eb0c9c4"
            ],
            "type": "Stylesheet",
            "firstPartyCookies": {},
            "firstPartyCookiesSent": {},
            "exampleSites": [
                "dransay.com",
                "fapello.cam",
                "fapello.to",
                "fapello.su",
                "only-scat.com",
                "osthessen-news.de",
                "shop.scheppach.com",
                "the3dprinterbee.com",
                "www.dieoff.org",
                "www.drohnen.de",
                "www.familienreisefieber.de",
                "www.goleasy.de",
                "www.marcelpaa.com"
            ]
        },
        {
            "rule": "bunny\\.net\\/roboto\\/files\\/roboto-latin-400-normal\\.woff2",
            "cookies": 0,
            "fingerprinting": 0,
            "subdomains": [
                "fonts"
            ],
            "apis": {},
            "sites": 5,
            "prevalence": 0.000502,
            "cnames": [],
            "responseHashes": [
                "763a081ce5f7095fecf02428c1be35ae77edb1300effd1cd2d7bf45a9e0ec3bf"
            ],
            "type": "Font",
            "firstPartyCookies": {},
            "firstPartyCookiesSent": {},
            "exampleSites": [
                "dransay.com",
                "osthessen-news.de",
                "www.dieoff.org",
                "www.drohnen.de",
                "www.marcelpaa.com"
            ]
        },
        {
            "rule": "bunny\\.net\\/inter\\/files\\/inter-latin-500-normal\\.woff2",
            "cookies": 0,
            "fingerprinting": 0,
            "subdomains": [
                "fonts"
            ],
            "apis": {},
            "sites": 2,
            "prevalence": 0.000201,
            "cnames": [],
            "responseHashes": [
                "1589a5a3840930ac4cb1f00e391da5146f938bf9987e254745dfe062950132ee"
            ],
            "type": "Font",
            "firstPartyCookies": {},
            "firstPartyCookiesSent": {},
            "exampleSites": [
                "fapello.cam",
                "fapello.to"
            ]
        },
        {
            "rule": "bunny\\.net\\/inter\\/files\\/inter-latin-400-normal\\.woff2",
            "cookies": 0,
            "fingerprinting": 0,
            "subdomains": [
                "fonts"
            ],
            "apis": {},
            "sites": 2,
            "prevalence": 0.000201,
            "cnames": [],
            "responseHashes": [
                "f8547a8d7d0bb4d26d950b2579c6f25d054932f0c8cc9bbdbe7b2608d1bc4351"
            ],
            "type": "Font",
            "firstPartyCookies": {},
            "firstPartyCookiesSent": {},
            "exampleSites": [
                "fapello.cam",
                "fapello.to"
            ]
        },
        {
            "rule": "bunny\\.net\\/inter\\/files\\/inter-latin-600-normal\\.woff2",
            "cookies": 0,
            "fingerprinting": 0,
            "subdomains": [
                "fonts"
            ],
            "apis": {},
            "sites": 2,
            "prevalence": 0.000201,
            "cnames": [],
            "responseHashes": [
                "bac13173a35467a4b97f8ab83e5f6ecbea56b400b3825f6f5a5b227e08394b73"
            ],
            "type": "Font",
            "firstPartyCookies": {},
            "firstPartyCookiesSent": {},
            "exampleSites": [
                "fapello.cam",
                "fapello.to"
            ]
        },
        {
            "rule": "bunny\\.net\\/open-sans\\/files\\/open-sans-symbols-400-normal\\.woff2",
            "cookies": 0,
            "fingerprinting": 0,
            "subdomains": [
                "fonts"
            ],
            "apis": {},
            "sites": 2,
            "prevalence": 0.000201,
            "cnames": [],
            "responseHashes": [
                "24044dbdeca1bafffb92575eb96e0e19a8fa80c166f1109a5e2123cc77afc804"
            ],
            "type": "Font",
            "firstPartyCookies": {},
            "firstPartyCookiesSent": {},
            "exampleSites": [
                "learnattack.de",
                "www.spiele123.com"
            ]
        },
        {
            "rule": "bunny\\.net\\/open-sans\\/files\\/open-sans-latin-700-normal\\.woff2",
            "cookies": 0,
            "fingerprinting": 0,
            "subdomains": [
                "fonts"
            ],
            "apis": {},
            "sites": 2,
            "prevalence": 0.000201,
            "cnames": [],
            "responseHashes": [
                "1efd0fae0ac3a847b936ad359376a5e9f0c590ac220867ba7a7ba99ed54616ed"
            ],
            "type": "Font",
            "firstPartyCookies": {},
            "firstPartyCookiesSent": {},
            "exampleSites": [
                "learnattack.de",
                "www.spiele123.com"
            ]
        },
        {
            "rule": "bunny\\.net\\/open-sans\\/files\\/open-sans-latin-600-normal\\.woff2",
            "cookies": 0,
            "fingerprinting": 0,
            "subdomains": [
                "fonts"
            ],
            "apis": {},
            "sites": 2,
            "prevalence": 0.000201,
            "cnames": [],
            "responseHashes": [
                "7637eea7d4ce53a41749c99d4ad90ee2bde48a6f2de0dbbbf1c5d68ef7429b1e"
            ],
            "type": "Font",
            "firstPartyCookies": {},
            "firstPartyCookiesSent": {},
            "exampleSites": [
                "learnattack.de",
                "www.spiele123.com"
            ]
        },
        {
            "rule": "bunny\\.net\\/open-sans\\/files\\/open-sans-symbols-600-normal\\.woff2",
            "cookies": 0,
            "fingerprinting": 0,
            "subdomains": [
                "fonts"
            ],
            "apis": {},
            "sites": 2,
            "prevalence": 0.000201,
            "cnames": [],
            "responseHashes": [
                "f47e97fd67f7e17db68ea214c813ac18889c66baf690f9c95326d8ef40f94070"
            ],
            "type": "Font",
            "firstPartyCookies": {},
            "firstPartyCookiesSent": {},
            "exampleSites": [
                "learnattack.de",
                "www.spiele123.com"
            ]
        },
        {
            "rule": "bunny\\.net\\/open-sans\\/files\\/open-sans-latin-400-normal\\.woff2",
            "cookies": 0,
            "fingerprinting": 0,
            "subdomains": [
                "fonts"
            ],
            "apis": {},
            "sites": 2,
            "prevalence": 0.000201,