{
    "domain": "chtintr.com",
    "owner": {},
    "source": [
        "DuckDuckGo-DE"
    ],
    "prevalence": 0.00241,
    "sites": 24,
    "subdomains": [],
    "cnames": [],
    "fingerprinting": 1,
    "resources": [
        {
            "rule": "chtintr\\.com\\/widget",
            "cookies": 0,
            "fingerprinting": 1,
            "subdomains": [],
            "apis": {
                "Document.cookie getter": 20
            },
            "sites": 24,
            "prevalence": 0.00241,
            "cnames": [],
            "responseHashes": [
                "733acaa4f8546de9a3f96fc6bbfbdb6bc85c95231909110a40df7b7f96e1dced",
                "53dd5070b3b9cf82c83662b9219303ce620c07c2be72bc50fa287f17eb86715f",
                "7ff9fbc042e50f3cc1a1dd27815d8373ab0782e54757d07a6b34d1fe720bfafe",
                "dc4deda6d39b13d694df692ac376703e0d3105eae07856e8366373debc055040",
                "dd4b7474a47ab2945be882f591aab80dfc8358a882c7ba4c3cacf5671ee87c0a",
                "e101652eabc901b5375ef3396c21acecfbfc0d436b1ba4db4c2528df3df04a14",
                "9d5b76a2a68af65b1b7deee1d09acb7b938d0bfed6bb2966889df2d2e7bd4f67",
                "108b46d7d5df2fde01b4b7890fed9165ccb21c7046099e85968e9c34fa156c0e",
                "6e675f8748593594bd38b4f04e8c8a579129bc4ad0e4e2ae9a4dd381c6fd0bb8",
                "708757343bc8174d17ff220ae704ceb4f27f964ed5654aec1b528ea6afcd4c7a",
                "51b98adb93bc02769c72977f59afbd9c17322b8408ea7d4200dba5b0bc50de19",
                "181f086ccd9dbbcfff223e01f9540db0f7943e7856e9194d1b921ed505e794d2",
                "0838d25a70c8776e8f3e5329398e50815af4cd99db9dc2e385af764fa6255abf",
                "49a673bad29ea9d557efd99cd2362e06b90f610e7c5ec594a79f533df645e615",
                "30ef0b37f50b2767a5397bb110dbea7ff60dc80d4a3811a34be97f84b14502be"
            ],
            "type": "Document",
            "firstPartyCookies": {},
            "firstPartyCookiesSent": {},
            "exampleSites": [
                "www.pornotom.com",
                "www.gutesexfilme.com",
                "www.hd-sexfilme.com",
                "www.nursexfilme.com",
                "www.sexvideos-hd.com",
                "www.pornohans.net",
                "www.pornojenny.net",
                "www.pornhub-sexfilme.net",
                "www.pornoente.tv",
                "www.xnxx-pornos.xxx",
                "www.pornofelix.com",
                "www.milffabrik.com",
                "www.lesbenhd.com",
                "www.deinesexfilme.com",
                "www.halloporno.net",
                "beeg-pornos.com",
                "www.pornohammer.com",
                "www.einfachtitten.com",
                "www.pornoklinge.com",
                "www.pornoaffe.net"
            ]
        }
    ],
    "categories": [],
    "performance": {},
    "cookies": 0,
    "topInitiators": [
        {
            "domain": "first party",
            "prevalence": 1
        }
    ],
    "types": {
        "Document": 24
    },
    "nameservers": [
        "tim.ns.cloudflare.com",
        "mona.ns.cloudflare.com"
    ]
}