{
    "domain": "delmovip.com",
    "owner": {},
    "source": [
        "DuckDuckGo-DE"
    ],
    "prevalence": 0.00281,
    "sites": 28,
    "subdomains": [
        "go",
        "static"
    ],
    "cnames": [],
    "fingerprinting": 2,
    "resources": [
        {
            "rule": "delmovip\\.com\\/eactrl\\.go",
            "cookies": 0,
            "fingerprinting": 0,
            "subdomains": [
                "go"
            ],
            "apis": {},
            "sites": 28,
            "prevalence": 0.00281,
            "cnames": [],
            "responseHashes": [
                "b35aa069eade34850a8d6f647c6736ad52f81b1138908375209fbce3b32b3815",
                "0d96e124115a1b02c2201fa781aa4abfb154d5e58012f7640d2df5e045ee49f1",
                "1153beff12bcfc92069378311b7ab0b3342a2a0bef6d20c2d9cde3a1fb7dbc34",
                "051830e9110d3e5828016b9c9915f54664349bdb31a4a5fdfa283ace0a8f80fa",
                "ef85bea0a73498c47dfc93f68476601600dc6b5d4d8620e783b4a7c239bfb861",
                "a57387c62218283184b152bfc33d25ace265136aca2469e9af81e6a23a8d1f69",
                "2b95ecde0bdc29c6d15f757a777481685a4c0c2acd0bbcd0e2af58b5289ce1c1",
                "b938514952d50f0a680420d9966d7dee4a0fd8ea6126b0c96bb7b966b2b9b6e4",
                "b28d1ac5536346ecf25adb2060f02e2da5b0f305f79ff5c5badde1af89b75ae4",
                "dcd7f7c27f279df5566cf995862373539a33b5931fc7f456014d68af3fcca2e8",
                "3dba3078c2ac83e7e6a229ca4bc066a06748475a2e1e936ddd3a2e25ddff6f31",
                "793d0b9656de94e3849bdf7fc5066c4b9b8ac739501e9aee3e8b12af624b115d",
                "9a67826d017fa5596acb8b25ac01767cf49b42831582dda3f8ad46c82fd34f89",
                "b9d9679815b0015b4e6c72a37c517df7f8af679f177ac6fd621d4f0f53b1bca1",
                "bb93d1ee953de9b546defde5f0bb419cb3aa25ac0d2ac106c12cf6785fd92859",
                "409e792f3336606c66e097be5d681aa5f6bcea32213ef60825fe065bfbaff4f7",
                "27c81bb2c66818a60bacfed396b85659c89e39dc61681d16a02c377197616874",
                "ad214cf5a488e67d97607b20711456b958560bf0fdd41eb62ae24824b6c761fc",
                "16768ee09978fe0af441964822530c03c24c63594ac7c04b4bcd01b267fae64c",
                "af24781c01569e447e8dcbffa6cbbf5cd17abd64ba81a35c1bbd974baf5a107b",
                "23eb5f75e0366d48c49d128e9a906ba4430d40db9ee0475aa98ce38ca746d94c",
                "e796dadd4cdf505dc0090c10f8d2f03f39df1b47e497b3514217bb8ca4e31eed",
                "8077d403dd3d50a9ce9dff1d16185174c39b45319b2ca28cd3079c530b23b58d",
                "340ecdf1f0fced607bf10c6ec6503d1f60dde795b014b4a399c980ecf9b55692",
                "2b64905606ccfee52920155065571015dc3aa8885953634194118e17c996d50a",
                "23e7606a9542fdd1fc1f0dd5b9d6754e0b419866964f9144c1c4444c5b0adf0e",
                "c5f2ac1aad4229e6ebcbd81d4e0360d6278f9b34010f667c9a5cecb73fab9403"
            ],
            "type": "XHR",
            "firstPartyCookies": {},
            "firstPartyCookiesSent": {},
            "exampleSites": [
                "www.gigapornos.com",
                "youporndeutsch.xyz",
                "www.fickfilme.net",
                "redtubedeutsch.com",
                "www.sexgeschichten.tv",
                "gaypornovideos.biz",
                "www.lesbenpornos.net",
                "sexfilmetube.net",
                "deutschepornos-tube.org",
                "www.german-porno-deutsch.org",
                "xnxxdeutsch.net",
                "pornodeutsch.biz",
                "reifefrauenpornos.com",
                "www.megasexfilme.com",
                "www.xnxx-pornos.xxx",
                "www.omasexpornos.com",
                "www.erotik-sexvideos.com",
                "www.lesben-pornos.co",
                "www.deutscherporno.biz",
                "www.deutschepornos.co"
            ]
        },
        {
            "rule": "delmovip\\.com\\/data\\/creatives\\/546\\/46169\\.mp4",
            "cookies": 0,
            "fingerprinting": 0,
            "subdomains": [
                "static"
            ],
            "apis": {},
            "sites": 7,
            "prevalence": 0.000703,
            "cnames": [],
            "responseHashes": [
                "58ec99675e98a517d427403a7aa4186021adb8d987eb8a02fe9dc8f739f7476d"
            ],
            "type": "Media",
            "firstPartyCookies": {},
            "firstPartyCookiesSent": {},
            "exampleSites": [
                "deutschepornos-tube.org",
                "gaypornovideos.biz",
                "grannypornos.net",
                "sex-mit-oma.net",
                "www.bravopornos.com",
                "www.deinemuschis.com",
                "xnxxdeutsch.net"
            ]
        },
        {
            "rule": "delmovip\\.com\\/data\\/creatives\\/546\\/46169\\.gif",
            "cookies": 0,
            "fingerprinting": 0,
            "subdomains": [
                "static"
            ],
            "apis": {},
            "sites": 7,
            "prevalence": 0.000703,
            "cnames": [],
            "responseHashes": [
                "9e647cfe59f3061ca03174ab87442e150a7f38f110c6ba5da1d3e2af24a63eb2"
            ],
            "type": "Image",
            "firstPartyCookies": {},
            "firstPartyCookiesSent": {},
            "exampleSites": [
                "deutschepornos-tube.org",
                "gaypornovideos.biz",
                "grannypornos.net",
                "sex-mit-oma.net",
                "www.bravopornos.com",
                "www.deinemuschis.com",
                "xnxxdeutsch.net"
            ]
        },
        {
            "rule": "delmovip\\.com\\/data\\/creatives\\/546\\/46160\\.mp4",
            "cookies": 0,
            "fingerprinting": 0,
            "subdomains": [
                "static"
            ],
            "apis": {},
            "sites": 9,
            "prevalence": 0.000904,
            "cnames": [],
            "responseHashes": [
                "540878ea4266c5fa184a069e25cdf665fa78225c9d33c210820e35c0b5e8897d"
            ],
            "type": "Media",
            "firstPartyCookies": {},
            "firstPartyCookiesSent": {},
            "exampleSites": [
                "pornodeutsch.biz",
                "www.deutscherporno.biz",
                "www.dickefrauen.info",
                "www.erotik-sexvideos.com",
                "www.erotikfilme24.net",
                "www.fickfilme.net",
                "www.lesben-pornos.co",
                "www.lesbenpornos.net",
                "youporndeutsch.biz"
            ]
        },
        {
            "rule": "delmovip\\.com\\/data\\/creatives\\/546\\/46160\\.gif",
            "cookies": 0,
            "fingerprinting": 0,
            "subdomains": [
                "static"
            ],
            "apis": {},
            "sites": 9,
            "prevalence": 0.000904,
            "cnames": [],
            "responseHashes": [
                "00c9762f182a047dea76c2f422a805ebb3fed8b4bf0e092522c0fcd1de560ec0"
            ],
            "type": "Image",
            "firstPartyCookies": {},
            "firstPartyCookiesSent": {},
            "exampleSites": [
                "pornodeutsch.biz",
                "www.deutscherporno.biz",
                "www.dickefrauen.info",
                "www.erotik-sexvideos.com",
                "www.erotikfilme24.net",
                "www.fickfilme.net",
                "www.lesben-pornos.co",
                "www.lesbenpornos.net",
                "youporndeutsch.biz"
            ]
        },
        {
            "rule": "delmovip\\.com\\/data\\/creatives\\/546\\/46166\\.mp4",
            "cookies": 0,
            "fingerprinting": 0,
            "subdomains": [
                "static"
            ],
            "apis": {},
            "sites": 4,
            "prevalence": 0.000402,
            "cnames": [],
            "responseHashes": [
                "0c2035c8c61ad21d08326e3ffef0baea1001c46b3301e8d382a5393614599472"
            ],