{
    "domain": "dotmetrics.net",
    "owner": {
        "name": "Dotmetrics",
        "displayName": "Dotmetrics"
    },
    "source": [
        "DuckDuckGo-DE"
    ],
    "prevalence": 0.00251,
    "sites": 25,
    "subdomains": [
        "uk-script",
        "au-script",
        "rm-script"
    ],
    "cnames": [],
    "fingerprinting": 1,
    "resources": [
        {
            "rule": "dotmetrics\\.net\\/door\\.js",
            "cookies": 0,
            "fingerprinting": 1,
            "subdomains": [
                "uk-script",
                "au-script"
            ],
            "apis": {
                "Date.prototype.getTime": 25,
                "Date.prototype.getTimezoneOffset": 25
            },
            "sites": 25,
            "prevalence": 0.00251,
            "cnames": [],
            "responseHashes": [
                "c6374e3db242cf87c9bf070eeffd6e960b4ab292d826d042f7d628a4b13b3e33",
                "ab8f5480744cec18dca80f1fc9674b4ad33111abc48b21bbb30577271b3da57c",
                "d67513d3e549b343c115cc5c801f001ab2e6571e1d80e5fa10c4aade282b111a",
                "61b6c470be1bbe947da4a5a494c9226bac964f3c9d75b731ed2c421e9b7ec6a4",
                "db521ad38bab135358992a5b6e61b227a88651ba177233a501326e3fa18e074f",
                "5a27d64622343e201dd90ebb85d9c488c4c62d169dd167a95a5259bea96fd159",
                "ad75f691ac5768fe03c5d1779982957811f70291a0a00e08b0ea72b1a681230b",
                "d45072b589091eee51c82168d43745aa8f5848f32546036653fe818f20e1e455",
                "04acaa4e849d97a5f59a1aedc8fb783240926d061b2b881b209b8c67e7bd4720",
                "22b4e9bf9223d55bff16b5b8ad54b76a041abce413027624d9e9c871c68e8f88",
                "ee78ac59b733d489a75958e252f0fcf966289a3d38dbe1ccd3037cf1c63a0ded",
                "13868ea17f196c98abe8952529ff65018340a2f3d294a0cb430f7515e98b25a4",
                "e08d6be51a487d1c414fadb0cbf815ce174d279a16d62be8a7bd28e49f1fa8bf",
                "ff2d4c1612bb7efee23fc186f10da3a117eee21e3a547948d165b3093528b9dc",
                "366ce4a7d00eecf30d65b609b6d72ccff0fa59503b2540c6170944aad52bbb6d",
                "a149b3b2b84d490ba824a8662391eddf63a6f3853add3f36644ac7a024a6914f",
                "2a21ca1f0017eaaed41019c9a767e5d86ae20cfc5378e8ddd264dc14c768049e",
                "a04d6d20b17ae0257e38dbd6efde95e269a860bc6fb14719c2a4044099c88791",
                "eea5a21b7dffe477954b51ca775a38055fdc760d64892dc170f785d98416ba70",
                "0d8f98efb779fff75c2a3329174f47ab8ef2349d70f55c07c6e5f953496d7311",
                "1d47be87d5d29e8db64c0eae183f2394f79af962e28e32830f7e536165fb6b09",
                "c4c31e2c888c81466655e77223bb64b0d9d9418a7650ca9eef1c8ad409904452",
                "6bec30850bd74181070d183a020fe340796ebf69b98d6a65a86603ce6cf105a9",
                "3fdc850d20182f84ff61cd6de6239a75b432fc8bf1485c462aa6e3e3cacd598d"
            ],
            "type": "Script",
            "firstPartyCookies": {},
            "firstPartyCookiesSent": {},
            "exampleSites": [
                "techradar.com",
                "metro.co.uk",
                "www.bbc.com",
                "www.bbc.co.uk",
                "www.express.co.uk",
                "www.independent.co.uk",
                "www.mirror.co.uk",
                "www.techradar.com",
                "www.thesun.co.uk",
                "www.tomsguide.com",
                "www.laptopmag.com",
                "www.digitalcameraworld.com",
                "www.radiotimes.com",
                "www.imore.com",
                "www.musicradar.com",
                "www.whathifi.com",
                "www.tomshardware.com",
                "www.space.com",
                "www.gamesradar.com",
                "www.androidcentral.com"
            ]
        },
        {
            "rule": "dotmetrics\\.net\\/hit\\.gif",
            "cookies": 0.000301,
            "fingerprinting": 0,
            "subdomains": [
                "uk-script",
                "rm-script",
                "au-script"
            ],
            "apis": {},
            "sites": 26,
            "prevalence": 0.00261,
            "cnames": [],
            "responseHashes": [
                "57640b6d8ccf4070239d260940ca7576d90563d6f87b744f1a9928266930de46",
                "07383c96980710a04144e5a39ae59e7f9f74bcfd6462a6932ded48efe6d73bce"
            ],
            "type": "Image",
            "firstPartyCookies": {},
            "firstPartyCookiesSent": {},
            "exampleSites": [
                "techradar.com",
                "metro.co.uk",
                "www.bbc.com",
                "www.bbc.co.uk",
                "www.express.co.uk",
                "www.independent.co.uk",
                "www.mirror.co.uk",
                "www.techradar.com",
                "www.thesun.co.uk",
                "www.tomsguide.com",
                "www.windowscentral.com",
                "www.tomshardware.com",
                "www.space.com",
                "www.digitalcameraworld.com",
                "www.whathifi.com",
                "www.androidcentral.com",
                "news.sky.com",
                "www.radiotimes.com",
                "www.laptopmag.com",
                "www.imore.com"
            ]
        },
        {
            "rule": "dotmetrics\\.net\\/Scripts\\/ncs-script\\.js",
            "cookies": 0,
            "fingerprinting": 0,
            "subdomains": [
                "uk-script"
            ],
            "apis": {},
            "sites": 22,
            "prevalence": 0.00221,
            "cnames": [],
            "responseHashes": [
                "72a0096a17e642d95f47d4b558a46d2ea108514765541df9aec5e7a06365e195"
            ],
            "type": "Script",
            "firstPartyCookies": {},
            "firstPartyCookiesSent": {},
            "exampleSites": [
                "techradar.com",
                "www.bbc.co.uk",
                "www.express.co.uk",
                "www.independent.co.uk",
                "www.mirror.co.uk",
                "www.techradar.com",
                "www.thesun.co.uk",
                "www.tomsguide.com",
                "www.tomshardware.com",
                "www.musicradar.com",
                "www.pcgamer.com",
                "www.whathifi.com",
                "www.windowscentral.com",
                "www.androidcentral.com",
                "www.gamesradar.com",
                "www.space.com",
                "www.digitalcameraworld.com",
                "www.radiotimes.com",
                "news.sky.com",
                "www.imore.com"
            ]
        },
        {
            "rule": "dotmetrics\\.net\\/Scripts\\/script\\.js",
            "cookies": 0.000301,
            "fingerprinting": 1,
            "subdomains": [
                "uk-script",
                "au-script"
            ],
            "apis": {
                "window.localStorage": 3,
                "Document.cookie getter": 3,
                "Date.prototype.getTimezoneOffset": 3,
                "Date.prototype.getTime": 3,
                "Document.cookie setter": 3
            },
            "sites": 3,
            "prevalence": 0.000301,
            "cnames": [],
            "responseHashes": [
                "9f50a3e91e06ecf3492d67403fe912f11e7001776fac946a669a657f4bc06243"
            ],
            "type": "Script",
            "firstPartyCookies": {
                "DM_SitId915": {
                    "ttl": null,
                    "length": 1,
                    "prevalence": 0.00010049241282283188,
                    "uniqueness": 1
                },
                "DM_SitId915SecId5144": {
                    "ttl": null,
                    "length": 1,
                    "prevalence": 0.00010049241282283188,
                    "uniqueness": 1
                },
                "DotMetricsTimeOnPage": {
                    "ttl": 4,
                    "length": 4,
                    "prevalence": 0.00030147723846849563,