{
    "domain": "driftapi.com",
    "owner": {},
    "source": [
        "DuckDuckGo-DE"
    ],
    "prevalence": 0.00141,
    "sites": 14,
    "subdomains": [
        "bootstrap"
    ],
    "cnames": [],
    "fingerprinting": 0,
    "resources": [
        {
            "rule": "driftapi\\.com\\/widget_bootstrap\\/ping\\/v2",
            "cookies": 0,
            "fingerprinting": 0,
            "subdomains": [
                "bootstrap"
            ],
            "apis": {},
            "sites": 14,
            "prevalence": 0.00141,
            "cnames": [],
            "responseHashes": [
                "5d37e1357f836c5d5a74a8f4c921fbd118d6fa3bd0c1d9127afc1f3b36cd4402",
                "908a87c00a4d628e8463e89d57d3cb5e1abf4a9b2edc5780dce311765c33c50f",
                "4e429a20df9d58773ba875a1cf69abab25e0c8f09aff9a7c084f6b2b742e4827",
                "62c73557e914f04979630a689aa237a67d54765d96eba54aa44293379614f456",
                "c4400e550af3d13b8b3636c15f5344c34f79cbd33f7ed0551e47a603e0c4d3bd",
                "6365c8152256093e73d530bf6a071b6c5d6971b6684d01c0692b1536b35aa7f4",
                "0306c49ea9a3592d0de02432b6b0d0aacafbc02be7282716ed129a7e5ee953c8",
                "de7cdb63ae1b491c12c20d115105b9557fcba972d4fd2e55401aab8583719498",
                "7fe7dac786403bf27111aaef460196da9289de06e26498e937914925c4671c13",
                "1ae776c0e2455ce804e68413b2fe86afbbf7cceb4c00df00d9c79e75f87ebced",
                "87021127f648cbe62d145cc97ac656ce5abf695eb06ac30f36561763a0c5b9a1",
                "6ccaa487bd0ea6ac49fffa322a7b58643fb78380771b4bbce99ff22b686f366e",
                "5b95f54f1c1e5f13c76b0b3ec95790923161556c3d649c79b03a466863a4a1c4"
            ],
            "type": "XHR",
            "firstPartyCookies": {},
            "firstPartyCookiesSent": {},
            "exampleSites": [
                "ni.com",
                "redis.io",
                "resources.altium.com",
                "webflow.com",
                "www.acronis.com",
                "www.altium.com",
                "www.brevo.com",
                "www.hpe.com",
                "www.influxdata.com",
                "www.lastpass.com",
                "www.ni.com",
                "www.onshape.com",
                "www.sketchup.com",
                "www.sophos.com"
            ]
        },
        {
            "rule": "driftapi\\.com\\/widget_bootstrap",
            "cookies": 0,
            "fingerprinting": 0,
            "subdomains": [
                "bootstrap"
            ],
            "apis": {},
            "sites": 14,
            "prevalence": 0.00141,
            "cnames": [],
            "responseHashes": [
                "db34c6006f80f6631de79f0e134af8192537c2e2e77ffb17a61e9324b22764ca",
                "edda76919c9f42bc41836896383d93cfd065f624907ea4d6bf150463d0946855",
                "6a584857ad679315b05906e27d3d27540b158905410a1792082c3836bf213493",
                "e99abdf920829a50a27eeb227fc2fc902ec9ebb0495426950c6a4e90412e9347",
                "e7bf0c3987059ee70bfec3ad7d6bfa21e9dca6a8e3bf5bbc7efe1519a19e3eaa",
                "459db08ba1345114f5dec57c550f4b63f24824d069792b0a2d51a304df080a7c",
                "5d8fc1e54728988007fc5d839875096314f0b010d1e98575b59543e4620db191",
                "b808cf37f3cc3a6d6eadf61c6d2186c69d91d74c7912a30b59455d047b1ac56e",
                "3633cabcd1c01ae2281e655e4a3a9a1e5d665b5ead9fc723f5bd44378a1e7307",
                "4536b4661724ec3fb7bd107bc771c7e324997f77fb56194751d7f8ee587dd83a",
                "7276e22f8c324ea1c1455907f96f939514c0066ca47a27dafcd4b3425df8820b",
                "d4d000e033395c9b1fac6e657bfaab81ee47d8da4c7930aed3feaecf794a7fcc",
                "616b3ac3a6de9dace4e17348712a6dc6d33b6e531dbbeb222e466b9508a12dff"
            ],
            "type": "XHR",
            "firstPartyCookies": {},
            "firstPartyCookiesSent": {},
            "exampleSites": [
                "ni.com",
                "redis.io",
                "resources.altium.com",
                "webflow.com",
                "www.acronis.com",
                "www.altium.com",
                "www.brevo.com",
                "www.hpe.com",
                "www.influxdata.com",
                "www.lastpass.com",
                "www.ni.com",
                "www.onshape.com",
                "www.sketchup.com",
                "www.sophos.com"
            ]
        }
    ],
    "categories": [],
    "performance": {},
    "cookies": 0,
    "topInitiators": [
        {
            "domain": "driftt.com",
            "prevalence": 1
        }
    ],
    "types": {
        "XHR": 28
    },
    "nameservers": [
        "ns-1366.awsdns-42.org",
        "ns-1970.awsdns-54.co.uk",
        "ns-28.awsdns-03.com",
        "ns-653.awsdns-17.net"
    ]
}