{
    "domain": "eu-1-id5-sync.com",
    "owner": {},
    "source": [
        "DuckDuckGo-DE"
    ],
    "prevalence": 0.00613,
    "sites": 61,
    "subdomains": [
        "lb"
    ],
    "cnames": [],
    "fingerprinting": 0,
    "resources": [
        {
            "rule": "eu-1-id5-sync\\.com\\/lb\\/v1",
            "cookies": 0,
            "fingerprinting": 0,
            "subdomains": [
                "lb"
            ],
            "apis": {},
            "sites": 61,
            "prevalence": 0.00613,
            "cnames": [],
            "responseHashes": [
                "c5ea1f1948988cb6e5f91cb5d80eae94e031ffe0fe71f8b1e25a886a9923e838",
                "fe2d0fc14d71ac7876322bdb1cce12602a556a5d925e2a0ffe7c12330917a32f",
                "1ca983eba9cf21b040a08b1166652e914c6d5a0f9bc9e5dbdbb8f1e9d0e2489a",
                "e93c8cad21064a6c92ac1543743e3e6e39f7cbf0108243d6e1d78daf5bf5967a",
                "a5107246f82e3611d7873a1230732982d6c4c138440b86736d50381584498e0e",
                "b657016a3f4642f7b5900f1f2fcf23720a1b56c54f73e3cca125cf87223c0a2d",
                "4ccf9803ed908213fff346c8491ef3773be1cefdf152b7056440c6664dfbbe73",
                "477d175084aa2d54db69145323d288a59ede781e7f9f07e1a131d90f9467f6b6",
                "696e712eb19f09b0d35cb6604702731bfd482b998d89a294ece1dc1559283b78",
                "c6e43a353f5cf24286173dbe11158c62b993f34b995f8cc2455d3e776eb6942d",
                "896bd9d9633c465f96d325e7922dfa4e26bf97b30e9f05e88670861135f13dbb",
                "5d21ad9753f4a121d41dbcb9813498c6d263fb0b9c09c3a7f1f2bc73f6509b64",
                "35a25715d9aa4a3ee811bca9fa79ce7a6626ae72e5ccb6d9fc0916e6eca04be0",
                "aea6ebfa00651f944700a230c54407b41dc99b50592b9b74034f3152ab910866",
                "811f786c1c11f8cd1eae20ac643dbb2023d2d963ae5149a695f4fb0e15deb103",
                "4429d10e8c8d65b6cafcfe8409d04e2b97fa8a86ee5e0afae7dc1e7ff8807f32",
                "f3840b53f0e660457565f4a2f339f6fc6de8ba72d3a868601e00acedc0dcedc5",
                "5effa14b434d402811d93fe5c037c4ee96023c0dc3d10089566fb8e2ae89a393",
                "646a0f91371c943b008838dc55666a411f739c0e46e7d5e98f1aa4b5012572c7",
                "a8dd7af45e22f26bff8c8f3f5641d7d14c716f152cac4e99c43712040b2354e9",
                "6a31805bae759ca37aef2452faeefd89e2fde58d613d2198058d243b0ca7c1ac",
                "8d812e272262d389f2170d1d270cd9504942e7f3219828f6dc0acc80d716f212",
                "bcea67ab58382d17d281f9c9240f268994b6eb5666da11ea2b1b424f24bfd1ef",
                "73de90abee3e9137f002d7fa1a77f676cecbade61e5d116ddc02a9b1895ce38d",
                "bf5a3887fc8e3e549b754b64ac6de884e8e9caa30cbd82b09eb7460713131aec",
                "85b8c2ea2dbd9aa21a67fd2905172ebb9cbd37bf4cfeb78e7bb887dd7487c99c",
                "b34c8f0145ee5d185a90fcade3a523cea0aed8c71fe1877bc5e06d80b2dd67e8",
                "9e25eadeeb2b4a1cc9f3f891bfc0a15a44741fba31434e0d9c3422ceda0c4de1",
                "691b45df5c703cd2c6e8aae892a3c8709f72917b2323a829cec0cef47be7b2d4",
                "c5c063bdb6bab5eeefdd728a18b6aa2edfa935fe2a6683d8f16d7f7f443c962f",
                "425e42e6eece5d574803fa1a6b6a5645b5276ea2e7d28aa22be7232479a450d7",
                "aa5e248673f6577904ca163285cd10fbee0f9ae4d7602fb514e34015d9073404",
                "c1a387f46624e45d873aa8bd09fbbf1a569adbb01c1743c903f3dffa209a3989",
                "11537d6da83503735300eb6b1e3d753243c8f632d62af5d697744e5e35feb3f0",
                "7ee49268a42200a05d1b6936d556d50b3b38860478f7ceaaa808c63ca4618356",
                "96c941835bd2c4720b6d8a50dbed24620a3912499ebc40ebd02025f16ccd294e",
                "86bcfbdd0e70d1a1731e2051fc4b6516e53793347d702fbfe7585cfae06999b7",
                "39971d742a902d5934ed16859984d52a57af990b5cc6ef13be6318d0710b473d",
                "919ed65f9fec7c61896f434ffaf5627e2391a2ef79b2d8639c29fe1c0d048ddc",
                "94ef0728801d414f9ab23f1877c6ba7433520e7c847f6e0211f28fc3b8967476",
                "b974eada5e0e4837514a21bb9cd44a490f3a608b3cf8bb8a1113c81132dfc0a5",
                "d81377e1c1db7ed2169e9a301a22ac674c871418042809d41b77fcc89ad26d6f",
                "e1b7a89961b271a0530ab4da5de6c13e6901946f768824f6853846fef655d048",
                "20c39430b57d036d83f7bc7e873e0da2b3eca960d4bc504afed89a65615caf17",
                "0eaa2915730e9ac78d7b90b4467006fd731105616e8db5937598741cf3f96030",
                "955be911571ba5865a4032fe174c329873f372be533d1c348d9802d5e9e55c0b",
                "e37a2ff1f783322d88ecffc09a116e83a1c1633e420b5d338c71bf584eccd107",
                "cbddb0009f84393af3513a7d050c56d2b6c6a66062ecc266a5ce6367364b008d",
                "8dc406fa2431cfa8eac732987d543e138d7c14f9c7ef4b694af48ed53719a8ea"
            ],
            "type": "Fetch",
            "firstPartyCookies": {},
            "firstPartyCookiesSent": {},
            "exampleSites": [
                "9gag.com",
                "community.spiceworks.com",
                "cplusplus.com",
                "flickr.com",
                "mashable.com",
                "time.com",
                "www.digitaltrends.com",
                "www.flickr.com",
                "www.oracletutorial.com",
                "www.frankysweb.de",
                "www.glasfaserforum.de",
                "www.metasrc.com",
                "www.wordplays.com",
                "fortnite.gg",
                "www.filehorse.com",
                "appleinsider.com",
                "www.distractify.com",
                "reitschuster.de",
                "www.kodinerds.net",
                "www.theonion.com"
            ]
        }
    ],
    "categories": [],
    "performance": {},
    "cookies": 0,
    "topInitiators": [
        {
            "domain": "id5-sync.com",
            "prevalence": 0.3466666666666667
        },
        {
            "domain": "vntsm.com",
            "prevalence": 0.12
        },
        {
            "domain": "pubmatic.com",
            "prevalence": 0.06666666666666667
        },
        {
            "domain": "first party",
            "prevalence": 0.06666666666666667
        },
        {
            "domain": "ziffstatic.com",
            "prevalence": 0.05333333333333334
        },
        {
            "domain": "revampcdn.com",
            "prevalence": 0.02666666666666667
        },
        {
            "domain": "staticflickr.com",
            "prevalence": 0.02666666666666667
        },
        {
            "domain": "lngtdv.com",
            "prevalence": 0.02666666666666667
        },
        {
            "domain": "themoneytizer.fr",
            "prevalence": 0.02666666666666667
        },
        {
            "domain": "taboola.com",
            "prevalence": 0.02666666666666667
        }
    ],
    "types": {
        "Fetch": 61
    },
    "nameservers": [
        "jack.ns.cloudflare.com",
        "jessica.ns.cloudflare.com"
    ]
}