{
    "domain": "eu-3-id5-sync.com",
    "owner": {},
    "source": [
        "DuckDuckGo-DE"
    ],
    "prevalence": 0.00271,
    "sites": 27,
    "subdomains": [
        "d0"
    ],
    "cnames": [],
    "fingerprinting": 0,
    "resources": [
        {
            "rule": "eu-3-id5-sync\\.com\\/",
            "cookies": 0,
            "fingerprinting": 0,
            "subdomains": [
                "d0"
            ],
            "apis": {},
            "sites": 27,
            "prevalence": 0.00271,
            "cnames": [],
            "responseHashes": [
                "ef2d127de37b942baad06145e54b0c619a1f22327b2ebbcfbec78f5564afe39d",
                "e7f6c011776e8db7cd330b54174fd76f7d0216b612387a5ffcfb81e6f0919683",
                "f67ab10ad4e4c53121b6a5fe4da9c10ddee905b978d3788d2723d7bfacbe28a9",
                "5feceb66ffc86f38d952786c6d696c79c2dbc239dd4e91b46729d73a27fb57e9",
                "3f39d5c348e5b79d06e842c114e6cc571583bbf44e4b0ebfda1a01ec05745d43",
                "7902699be42c8a8e46fbbb4501726517e86b22c56a189f7625a6da49081b2451",
                "6b86b273ff34fce19d6b804eff5a3f5747ada4eaa22f1d49c01e52ddb7875b4b",
                "4e07408562bedb8b60ce05c1decfe3ad16b72230967de01f640b7e4729b49fce",
                "4b227777d4dd1fc61c6f884f48641d02b4d121d3fd328cb08b5531fcacdabf8a",
                "559aead08264d5795d3909718cdd05abd49572e84fe55590eef31a88a08fdffd",
                "a9f51566bd6705f7ea6ad54bb9deb449f795582d6529a0e22207b8981233ec58",
                "19581e27de7ced00ff1ce50b2047e7a567c76b1cbaebabe5ef03f7c3017bb5b7"
            ],
            "type": "Fetch",
            "firstPartyCookies": {},
            "firstPartyCookiesSent": {},
            "exampleSites": [
                "cplusplus.com",
                "www.glasfaserforum.de",
                "www.smogon.com",
                "www.news.com.au",
                "www.xe.com",
                "fortnite.gg",
                "www.kodinerds.net",
                "reitschuster.de",
                "www.behindthename.com",
                "www.architonic.com",
                "www.scegliauto.com",
                "www.pcgamingwiki.com",
                "www.theonion.com",
                "robots.net",
                "www.foodtempel.de",
                "www.wordplays.com",
                "satisfactory-calculator.com",
                "www.mtggoldfish.com",
                "www.systemrequirementslab.com",
                "www.whatfontis.com"
            ]
        }
    ],
    "categories": [],
    "performance": {},
    "cookies": 0,
    "topInitiators": [
        {
            "domain": "id5-sync.com",
            "prevalence": 0.9259259259259259
        },
        {
            "domain": "vidoomy.com",
            "prevalence": 0.037037037037037035
        },
        {
            "domain": "sentry-cdn.com",
            "prevalence": 0.037037037037037035
        }
    ],
    "types": {
        "Fetch": 27
    },
    "nameservers": [
        "jack.ns.cloudflare.com",
        "jessica.ns.cloudflare.com"
    ]
}