{
    "domain": "msgclick.top",
    "owner": {},
    "source": [
        "DuckDuckGo-DE"
    ],
    "prevalence": 0.00111,
    "sites": 11,
    "subdomains": [],
    "cnames": [],
    "fingerprinting": 0,
    "resources": [
        {
            "rule": "msgclick\\.top\\/gh\\.js",
            "cookies": 0,
            "fingerprinting": 0,
            "subdomains": [],
            "apis": {},
            "sites": 9,
            "prevalence": 0.000904,
            "cnames": [],
            "responseHashes": [
                "44136fa355b3678a1146ad16f7e8649e94fb4fc21fe77e8310c060f61caaff8a"
            ],
            "type": "XHR",
            "firstPartyCookies": {},
            "firstPartyCookiesSent": {},
            "exampleSites": [
                "animalsbestialityporn.com",
                "animalzoosex.best",
                "dogporntube.site",
                "stallionanimalsex.com",
                "www.allbestiality.com",
                "www.zoofilialovers.com",
                "www.zooskoolvideos.com",
                "zooanimalsex.top",
                "zooanimalsexporn.com"
            ]
        },
        {
            "rule": "msgclick\\.top\\/feed\\/",
            "cookies": 0.00111,
            "fingerprinting": 0,
            "subdomains": [],
            "apis": {},
            "sites": 11,
            "prevalence": 0.00111,
            "cnames": [],
            "responseHashes": [
                "cd13dacea1fb5c76a968c5f6034f78921ad4acb148c83e346abaf6241968b1b9",
                "cb62385d10ce6340dbfc8518fb69651536b4df3ed6decf9604608caa66ec4b0b",
                "e35a8a51776b04ca7cc98f861439932e09f40c44b7ca01dbf667c9e2773d9b8b",
                "ce5036228d3c98c145d8068c4d413655256917d7c72fd71aabeec7eba05d0add",
                "7252797e306f24a2280a5702d05030e3ba549e12182654dce0affa6013b72f08",
                "082246fc5ac0765661634c75794853dde8d0cb553965e2731b7faf912087e0b4",
                "f97ff9c4ca591a37c59d609dca2004b9d76027c4d28c05d1cff253fa7652f8ff",
                "5853b4548be08822a396f1cc523bdfddb4fe2fbaed35b18d742cf20da3b7663d",
                "4b50a15767463b119e7f3d60bcd569e7eb95b1e8eb85ec1638e7407a27cea133",
                "61cb0ae3f500605c103743422e89323a8d72505b53e0130bfa87286143a9c1ee"
            ],
            "type": "XHR",
            "firstPartyCookies": {},
            "firstPartyCookiesSent": {},
            "exampleSites": [
                "animalsbestialityporn.com",
                "animalzoosex.best",
                "bestiality.party",
                "dogporntube.site",
                "sexanimalvideos.com",
                "stallionanimalsex.com",
                "www.allbestiality.com",
                "www.zoofilialovers.com",
                "www.zooskoolvideos.com",
                "zooanimalsex.top",
                "zooanimalsexporn.com"
            ]
        },
        {
            "rule": "msgclick\\.top\\/s2\\/pgo\\/3-7417\\/aqglaodhlxcdkaceiuaaaaaas75iuag5qn2dgaxzdqaaaal6fmaaaaaaaaaa",
            "cookies": 0.000201,
            "fingerprinting": 0,
            "subdomains": [],
            "apis": {},
            "sites": 2,
            "prevalence": 0.000201,
            "cnames": [],
            "responseHashes": [
                "82a0e83f34c574eba3eb0e35e9e20882f5c890df77bfd54b1bfb0eb2853a553f"
            ],
            "type": "Document",
            "firstPartyCookies": {},
            "firstPartyCookiesSent": {},
            "exampleSites": [
                "zoofilialovers.com",
                "www.zoofilialovers.com"
            ]
        },
        {
            "rule": "msgclick\\.top\\/s2\\/pgo\\/3-7417\\/aqglaodhlxcdkaceiuaaaaaas75iuag5qn2dgaxzdqaaaal6fmaaaaaaaaaa",
            "cookies": 0,
            "fingerprinting": 0,
            "subdomains": [],
            "apis": {},
            "sites": 2,
            "prevalence": 0.000201,
            "cnames": [],
            "responseHashes": [],
            "type": "Image",
            "firstPartyCookies": {},
            "firstPartyCookiesSent": {},
            "exampleSites": [
                "zoofilialovers.com",
                "www.zoofilialovers.com"
            ]
        },
        {
            "rule": "msgclick\\.top\\/s2\\/pgo\\/3-7417\\/aq226odhlxcdkaceiuaaaaaa2coecbo5qn2dgaxzdqaaaal6fmaaaaaaaaaa",
            "cookies": 0.000201,
            "fingerprinting": 0,
            "subdomains": [],
            "apis": {},
            "sites": 2,
            "prevalence": 0.000201,
            "cnames": [],
            "responseHashes": [
                "9f1aa9a8a931306f0c68a3195878b3af4cf19164857034b93c6861bef3148528"
            ],
            "type": "Document",
            "firstPartyCookies": {},
            "firstPartyCookiesSent": {},
            "exampleSites": [
                "zooskoolvideos.com",
                "www.zooskoolvideos.com"
            ]
        },
        {
            "rule": "msgclick\\.top\\/s2\\/pgo\\/3-7417\\/aq226odhlxcdkaceiuaaaaaa2coecbo5qn2dgaxzdqaaaal6fmaaaaaaaaaa",
            "cookies": 0,
            "fingerprinting": 0,
            "subdomains": [],
            "apis": {},
            "sites": 2,
            "prevalence": 0.000201,
            "cnames": [],
            "responseHashes": [
                "71f4fbd6cec49518d4191a86caa88937aea240e037879a8d4f2c9eb37a24d314"
            ],
            "type": "Image",
            "firstPartyCookies": {},
            "firstPartyCookiesSent": {},
            "exampleSites": [
                "zooskoolvideos.com",
                "www.zooskoolvideos.com"
            ]
        }
    ],
    "categories": [],
    "performance": {},
    "cookies": 0.00111,
    "topInitiators": [
        {
            "domain": "safoso.uno",
            "prevalence": 0.5853658536585366
        },
        {
            "domain": "kiyala.uno",
            "prevalence": 0.1951219512195122
        },
        {
            "domain": "pnonolet.com",
            "prevalence": 0.14634146341463414
        },
        {
            "domain": "bawixi.xyz",
            "prevalence": 0.07317073170731707
        }
    ],
    "types": {
        "XHR": 20,
        "Document": 4,
        "Image": 4
    },
    "nameservers": [
        "dell.ns.cloudflare.com",
        "ray.ns.cloudflare.com"
    ]
}