{
    "domain": "p7cloud.net",
    "owner": {},
    "source": [
        "DuckDuckGo-DE"
    ],
    "prevalence": 0.00111,
    "sites": 11,
    "subdomains": [
        "silo48",
        "silo52",
        "silo43",
        "silo50",
        "ua",
        "location",
        "lal"
    ],
    "cnames": [],
    "fingerprinting": 2,
    "resources": [
        {
            "rule": "p7cloud\\.net\\/as1\\.js",
            "cookies": 0.001,
            "fingerprinting": 2,
            "subdomains": [
                "silo48",
                "silo52",
                "silo43",
                "silo50"
            ],
            "apis": {
                "window.localStorage": 10,
                "Date.prototype.getTime": 10,
                "Navigator.prototype.languages": 9,
                "Document.cookie getter": 10,
                "Document.cookie setter": 10,
                "Navigator.prototype.userAgent": 1,
                "window.devicePixelRatio": 1,
                "Screen.prototype.width": 1,
                "Screen.prototype.height": 1,
                "Navigator.prototype.platform": 1
            },
            "sites": 11,
            "prevalence": 0.00111,
            "cnames": [],
            "responseHashes": [
                "7d99bff3f4ab21d499714c8df4fc719263c5727dfbb932ad54bfd4a86cefb7ca",
                "adde89c42e8e493b67c18aa8156874eb5abd16b147613aa16ae08c270941262a",
                "30988a2cb2849acb5fd74c52c6b70370589748edc456016923c87d6bcca2b250",
                "20cbf745e40d4c560b154092f2fd7af5f91691a83a12c486aeeb1ef389c30f63",
                "96d4aacbfc414e984dacf5620a8da75ebe9352d8504979cc060c69e94075b785",
                "126adb5218d3cc97ad44400637375dcf35d2af3d8ec5dccb4b8238a0b308430d",
                "c4b7e992cb3100fa0f774d3cf0797be7725fe9536059b38433128f02c136078d",
                "b6d8a4b52c321be865bad7d1669e2e4881e34ee49af362cf0d1b1e7d85877afc"
            ],
            "type": "Script",
            "firstPartyCookies": {
                "aspan_s": {
                    "ttl": 1826,
                    "length": 21,
                    "prevalence": 0.0010049241282283187,
                    "uniqueness": 1
                }
            },
            "firstPartyCookiesSent": {
                "_li_dcdm_c": 0.00010049241282283188
            },
            "exampleSites": [
                "dotesports.com",
                "primagames.com",
                "progameguides.com",
                "twinfinite.net",
                "www.destructoid.com",
                "www.dexerto.com",
                "www.gamepur.com",
                "www.gameskinny.com",
                "www.newsweek.com",
                "www.pcinvasion.com",
                "www.vice.com"
            ]
        },
        {
            "rule": "p7cloud\\.net\\/if\\.html",
            "cookies": 0.001,
            "fingerprinting": 1,
            "subdomains": [
                "silo48",
                "silo52",
                "silo43"
            ],
            "apis": {
                "Date.prototype.getTime": 10,
                "Document.cookie setter": 10,
                "Document.cookie getter": 9,
                "window.localStorage": 9
            },
            "sites": 10,
            "prevalence": 0.001,
            "cnames": [],
            "responseHashes": [
                "d42edb141cda8b27117800847a1d1934059ded1125122778a2bdc05fac4a4fd4"
            ],
            "type": "Document",
            "firstPartyCookies": {
                "arcid": {
                    "ttl": 7776026,
                    "length": 16,
                    "prevalence": 0.0010049241282283187,
                    "uniqueness": 0.5
                },
                "tapad": {
                    "ttl": 1209606,
                    "length": 13,
                    "prevalence": 0.000803939302582655,
                    "uniqueness": 1
                },
                "cohorts": {
                    "ttl": 7776026,
                    "length": 45,
                    "prevalence": 0.0009044317154054868,
                    "uniqueness": 1
                },
                "_t": {
                    "ttl": 244,
                    "length": 3,
                    "prevalence": 0.0005024620641141594,
                    "uniqueness": 0.2
                }
            },
            "firstPartyCookiesSent": {},
            "exampleSites": [
                "dotesports.com",
                "primagames.com",
                "progameguides.com",
                "twinfinite.net",
                "www.destructoid.com",
                "www.dexerto.com",
                "www.gamepur.com",
                "www.gameskinny.com",
                "www.newsweek.com",
                "www.pcinvasion.com"
            ]
        },
        {
            "rule": "p7cloud\\.net\\/cpm\\.js",
            "cookies": 0,
            "fingerprinting": 0,
            "subdomains": [
                "silo48",
                "silo43"
            ],
            "apis": {},
            "sites": 9,
            "prevalence": 0.000904,
            "cnames": [],
            "responseHashes": [
                "6558b4c93e7c2366a12f5213091cf6c0b5484653ca553f86a8a087f24e1c9fbb",
                "99c6f9c5fe8088bcfeb0e994baea2947fcd437cd7512134e272a2402cf363352"
            ],
            "type": "Script",
            "firstPartyCookies": {},
            "firstPartyCookiesSent": {},
            "exampleSites": [
                "dotesports.com",
                "primagames.com",
                "progameguides.com",
                "twinfinite.net",
                "www.destructoid.com",
                "www.gamepur.com",
                "www.gameskinny.com",
                "www.newsweek.com",
                "www.pcinvasion.com"
            ]
        },
        {
            "rule": "p7cloud\\.net\\/asp",
            "cookies": 0,
            "fingerprinting": 0,
            "subdomains": [
                "ua"
            ],
            "apis": {},
            "sites": 10,
            "prevalence": 0.001,
            "cnames": [],
            "responseHashes": [
                "3d96813c98eb73f991199397012b2413559c44a04e657128511ef6af56d31095"
            ],
            "type": "Script",
            "firstPartyCookies": {},
            "firstPartyCookiesSent": {},
            "exampleSites": [
                "dotesports.com",
                "primagames.com",
                "progameguides.com",
                "twinfinite.net",
                "www.destructoid.com",
                "www.dexerto.com",
                "www.gamepur.com",
                "www.gameskinny.com",
                "www.newsweek.com",
                "www.pcinvasion.com"
            ]
        },
        {
            "rule": "p7cloud\\.net\\/locdot",
            "cookies": 0,
            "fingerprinting": 0,
            "subdomains": [
                "location"
            ],
            "apis": {},
            "sites": 10,
            "prevalence": 0.001,
            "cnames": [],
            "responseHashes": [
                "8be8c50a99f4b0ac58b40f6305cfaa477e82e37ff8ab6cf05842e1add3932478"
            ],
            "type": "Script",
            "firstPartyCookies": {},
            "firstPartyCookiesSent": {},
            "exampleSites": [
                "dotesports.com",
                "primagames.com",
                "progameguides.com",
                "twinfinite.net",
                "www.destructoid.com",
                "www.dexerto.com",
                "www.gamepur.com",
                "www.gameskinny.com",
                "www.newsweek.com",
                "www.pcinvasion.com"
            ]
        },
        {
            "rule": "p7cloud\\.net\\/silo48\\/",
            "cookies": 0,
            "fingerprinting": 0,
            "subdomains": [
                "lal"
            ],
            "apis": {},
            "sites": 8,
            "prevalence": 0.000804,