{
    "domain": "pornhub.org",
    "owner": {},
    "source": [
        "DuckDuckGo-DE"
    ],
    "prevalence": 0.000804,
    "sites": 8,
    "subdomains": [
        "de",
        "fr",
        "it",
        "nl",
        "pl",
        "pt",
        "rt",
        "www"
    ],
    "cnames": [],
    "fingerprinting": 0,
    "resources": [
        {
            "rule": "pornhub\\.org\\/_xa\\/ads_batch",
            "cookies": 0.000804,
            "fingerprinting": 0,
            "subdomains": [
                "de",
                "fr",
                "it",
                "nl",
                "pl",
                "pt",
                "rt",
                "www"
            ],
            "apis": {},
            "sites": 8,
            "prevalence": 0.000804,
            "cnames": [],
            "responseHashes": [
                "e3b0c44298fc1c149afbf4c8996fb92427ae41e4649b934ca495991b7852b855"
            ],
            "type": "Script",
            "firstPartyCookies": {},
            "firstPartyCookiesSent": {},
            "exampleSites": [
                "pornhub.com",
                "fr.pornhub.com",
                "it.pornhub.com",
                "nl.pornhub.com",
                "pl.pornhub.com",
                "pt.pornhub.com",
                "rt.pornhub.com",
                "www.pornhub.com"
            ]
        },
        {
            "rule": "pornhub\\.org\\/_xa\\/ads_batch",
            "cookies": 0.000904,
            "fingerprinting": 0,
            "subdomains": [
                "de",
                "fr",
                "it",
                "nl",
                "pl",
                "pt",
                "rt",
                "www"
            ],
            "apis": {},
            "sites": 9,
            "prevalence": 0.000904,
            "cnames": [],
            "responseHashes": [
                "fe95aa467af4eb0e09b5e07b94641f1dfa59ab032f09a8e113fdd7abe9a08e75",
                "ee10a560920f86a4249761647f52fe3b80b8112f2af9d9e858146d67a263cf88",
                "e1977d7f48739266b169bb2df266e5622894456095902775175edd88567f9afa",
                "c789af7ce52ec87607a742f154a393a0b331bc85da49938d9794c233504eb7d3",
                "b047a3907b039393919554b4a2757a8acf042d973df6b331b130727b4c1fab5f",
                "62940717b851a0ffe2134f60d61b78c36dd59d39e3307e0db97d75b12a79f07b",
                "8f6a196b42e80ad863c5fb1b77546b4c43a7fd636a16b5f265d4a6bcf87d0057",
                "ddce0f207a8e4c1919e359e5a0202861e87408d45db2629263983531384586b0"
            ],
            "type": "XHR",
            "firstPartyCookies": {},
            "firstPartyCookiesSent": {},
            "exampleSites": [
                "pornhub.com",
                "de.pornhub.com",
                "fr.pornhub.com",
                "it.pornhub.com",
                "nl.pornhub.com",
                "pl.pornhub.com",
                "pt.pornhub.com",
                "rt.pornhub.com",
                "www.pornhub.com"
            ]
        },
        {
            "rule": "pornhub\\.org\\/_xa\\/deep_pixel",
            "cookies": 0,
            "fingerprinting": 0,
            "subdomains": [
                "de",
                "fr",
                "it",
                "nl",
                "pl",
                "pt",
                "rt",
                "www"
            ],
            "apis": {},
            "sites": 9,
            "prevalence": 0.000904,
            "cnames": [],
            "responseHashes": [
                "f4eef8263281c0b26486637831251059757bc3fdc4c3a48045a8ef8646b36e8f"
            ],
            "type": "Image",
            "firstPartyCookies": {},
            "firstPartyCookiesSent": {},
            "exampleSites": [
                "pornhub.com",
                "de.pornhub.com",
                "fr.pornhub.com",
                "it.pornhub.com",
                "nl.pornhub.com",
                "pl.pornhub.com",
                "pt.pornhub.com",
                "rt.pornhub.com",
                "www.pornhub.com"
            ]
        },
        {
            "rule": "pornhub\\.org\\/_xa\\/fla\\/log",
            "cookies": 0,
            "fingerprinting": 0,
            "subdomains": [
                "de",
                "fr",
                "it",
                "nl",
                "pl",
                "pt",
                "rt",
                "www"
            ],
            "apis": {},
            "sites": 8,
            "prevalence": 0.000804,
            "cnames": [],
            "responseHashes": [
                "e3b0c44298fc1c149afbf4c8996fb92427ae41e4649b934ca495991b7852b855"
            ],
            "type": "Document",
            "firstPartyCookies": {},
            "firstPartyCookiesSent": {},
            "exampleSites": [
                "pornhub.com",
                "fr.pornhub.com",
                "it.pornhub.com",
                "nl.pornhub.com",
                "pl.pornhub.com",
                "pt.pornhub.com",
                "rt.pornhub.com",
                "www.pornhub.com"
            ]
        }
    ],
    "categories": [],
    "performance": {},
    "cookies": 0.000804,
    "topInitiators": [
        {
            "domain": "first party",
            "prevalence": 0.75
        },
        {
            "domain": "trafficjunky.com",
            "prevalence": 0.25
        }
    ],
    "types": {
        "Script": 8,
        "XHR": 9,
        "Image": 9,
        "Document": 8
    },
    "nameservers": [
        "sdns3.ultradns.net",
        "sdns3.ultradns.com",
        "sdns3.ultradns.org",
        "sdns3.ultradns.biz",
        "ns11.digicertdns.com",
        "ns12.digicertdns.com",
        "ns13.digicertdns.net",
        "ns14.digicertdns.net"
    ]
}