{
    "domain": "sensic.net",
    "owner": {},
    "source": [
        "DuckDuckGo-DE"
    ],
    "prevalence": 0.00151,
    "sites": 15,
    "subdomains": [
        "es-config",
        "es-config-preproduction",
        "de-config",
        "de-config-preproduction",
        "17317692180290de4070fe1df7671ade2a9e182976b2e2856d286265.trk",
        "17317683181342e32246f1af3ef356f4ffca5cd868b3665859fdb0c5.trk",
        "1731770310025fe3890d2994b5b81865b3c06677b8af4c6b29b19cec.trk",
        "17317691343708cfa50ecd16ef5f7bdc1529bfc64ffe734222d6c3b0.trk",
        "1731767754794bf581df0e0964278f363d202068984b6dcc09e85d48.trk",
        "17317677529046258970fee080e9a6bc5bcde7cd199c7dbe2d9a08e4.trk",
        "17317707612904984f99c6b17b73abceaea5c5eddf46a4045922a81e.trk",
        "1731771315535a7731023e3288f99c9aa5f3923942cc73b255062e73.trk",
        "17317717284021f9d0559784fc90079889b28ad0268299cf98781e90.trk",
        "1731771480843b9e9689860a6a82c9f8fd021640e3a7c76bd747ca6d.trk",
        "17317682363537cf2e5950c66c025e8679687240d748dbd146492aee.trk",
        "1731768669274c7f27148a1b84b264f58807b02ec86ac41b7474a25d.trk",
        "es1-s2s",
        "es1preprod-s2s",
        "de1-s2s",
        "de1preprod-s2s",
        "pixel.de-config",
        "1731767812691748ceadeec324841852400ee2d5e0411ffc719c8c3a.trk",
        "1731768274235839431d1a165fee2bf1f904e92431976fb596fc439c.trk"
    ],
    "cnames": [],
    "fingerprinting": 1,
    "resources": [
        {
            "rule": "sensic\\.net\\/s2s-web\\.js",
            "cookies": 0,
            "fingerprinting": 1,
            "subdomains": [
                "es-config",
                "es-config-preproduction"
            ],
            "apis": {
                "window.localStorage": 6,
                "Date.prototype.getTime": 6,
                "Navigator.prototype.userAgent": 6,
                "Navigator.prototype.platform": 6,
                "Navigator.prototype.language": 6
            },
            "sites": 6,
            "prevalence": 0.000603,
            "cnames": [],
            "responseHashes": [
                "8e639f62e682d81fac00f857f8b5970030c0487fc97af3b3ca0a59177bf91025",
                "2afa4844bf4e5538a599dee3c27d86c22c81a12945da3c0198c3d68ed8edbc00"
            ],
            "type": "Script",
            "firstPartyCookies": {},
            "firstPartyCookiesSent": {},
            "exampleSites": [
                "elpais.com",
                "gedankenwelt.de",
                "www.daswetter.com",
                "www.elmundo.es",
                "www.mallorcamagazin.com",
                "www.mallorcazeitung.es"
            ]
        },
        {
            "rule": "sensic\\.net\\/3pc\\.html",
            "cookies": 0,
            "fingerprinting": 1,
            "subdomains": [
                "es-config",
                "es-config-preproduction",
                "de-config",
                "de-config-preproduction"
            ],
            "apis": {
                "Document.cookie getter": 9,
                "window.localStorage": 3
            },
            "sites": 9,
            "prevalence": 0.000904,
            "cnames": [],
            "responseHashes": [
                "568ac6a9a523149d3865ab62f1020e2ec42de1005db3d69afaae6a82eff12f27",
                "6c2b6d0208ffafae5afbf007859e6c4174aa9b08f5516259cb298e1042fa0e2b"
            ],
            "type": "Document",
            "firstPartyCookies": {},
            "firstPartyCookiesSent": {},
            "exampleSites": [
                "elpais.com",
                "gedankenwelt.de",
                "tv.sport1.de",
                "www.arte.tv",
                "www.daswetter.com",
                "www.elmundo.es",
                "www.mallorcamagazin.com",
                "www.mallorcazeitung.es",
                "www.sr.de"
            ]
        },
        {
            "rule": "sensic\\.net\\/tp\\.gif",
            "cookies": 0,
            "fingerprinting": 0,
            "subdomains": [
                "17317692180290de4070fe1df7671ade2a9e182976b2e2856d286265.trk",
                "17317683181342e32246f1af3ef356f4ffca5cd868b3665859fdb0c5.trk",
                "1731770310025fe3890d2994b5b81865b3c06677b8af4c6b29b19cec.trk",
                "17317691343708cfa50ecd16ef5f7bdc1529bfc64ffe734222d6c3b0.trk",
                "1731767754794bf581df0e0964278f363d202068984b6dcc09e85d48.trk",
                "17317677529046258970fee080e9a6bc5bcde7cd199c7dbe2d9a08e4.trk",
                "17317707612904984f99c6b17b73abceaea5c5eddf46a4045922a81e.trk",
                "1731771315535a7731023e3288f99c9aa5f3923942cc73b255062e73.trk",
                "17317717284021f9d0559784fc90079889b28ad0268299cf98781e90.trk",
                "1731771480843b9e9689860a6a82c9f8fd021640e3a7c76bd747ca6d.trk",
                "17317682363537cf2e5950c66c025e8679687240d748dbd146492aee.trk",
                "1731768669274c7f27148a1b84b264f58807b02ec86ac41b7474a25d.trk"
            ],
            "apis": {},
            "sites": 12,
            "prevalence": 0.00121,
            "cnames": [],
            "responseHashes": [
                "e3b0c44298fc1c149afbf4c8996fb92427ae41e4649b934ca495991b7852b855"
            ],
            "type": "XHR",
            "firstPartyCookies": {},
            "firstPartyCookiesSent": {},
            "exampleSites": [
                "elpais.com",
                "gedankenwelt.de",
                "tuarepo.daserste.de",
                "tv.sport1.de",
                "www.arte.tv",
                "www.daserste.de",
                "www.daswetter.com",
                "www.elmundo.es",
                "www.mallorcamagazin.com",
                "www.mallorcazeitung.es",
                "www.phoenix.de",
                "www.sr.de"
            ]
        },
        {
            "rule": "sensic\\.net\\/",
            "cookies": 0,
            "fingerprinting": 0,
            "subdomains": [
                "es1-s2s",
                "es1preprod-s2s"
            ],
            "apis": {},
            "sites": 6,
            "prevalence": 0.000603,
            "cnames": [],
            "responseHashes": [
                "e3b0c44298fc1c149afbf4c8996fb92427ae41e4649b934ca495991b7852b855"
            ],
            "type": "XHR",
            "firstPartyCookies": {},
            "firstPartyCookiesSent": {},
            "exampleSites": [
                "elpais.com",
                "gedankenwelt.de",
                "www.daswetter.com",
                "www.elmundo.es",
                "www.mallorcamagazin.com",
                "www.mallorcazeitung.es"
            ]
        },
        {
            "rule": "sensic\\.net\\/id",
            "cookies": 0,
            "fingerprinting": 0,
            "subdomains": [
                "es1preprod-s2s",
                "de1-s2s",
                "es1-s2s",
                "de1preprod-s2s"
            ],
            "apis": {},
            "sites": 9,
            "prevalence": 0.000904,
            "cnames": [],
            "responseHashes": [
                "e3b0c44298fc1c149afbf4c8996fb92427ae41e4649b934ca495991b7852b855"
            ],
            "type": "XHR",
            "firstPartyCookies": {},
            "firstPartyCookiesSent": {},
            "exampleSites": [
                "gedankenwelt.de",
                "tuarepo.daserste.de",
                "tv.sport1.de",
                "www.arte.tv",
                "www.daserste.de",
                "www.daswetter.com",
                "www.elmundo.es",
                "www.phoenix.de",
                "www.sr.de"
            ]
        },
        {
            "rule": "sensic\\.net\\/sui-connector\\.js",
            "cookies": 0,
            "fingerprinting": 1,
            "subdomains": [
                "de-config",
                "de-config-preproduction"
            ],
            "apis": {
                "window.localStorage": 6
            },
            "sites": 7,
            "prevalence": 0.000703,