{
    "domain": "vntsm.io",
    "owner": {},
    "source": [
        "DuckDuckGo-DE"
    ],
    "prevalence": 0.00151,
    "sites": 15,
    "subdomains": [
        "hb"
    ],
    "cnames": [],
    "fingerprinting": 0,
    "resources": [
        {
            "rule": "vntsm\\.io\\/content\\.html",
            "cookies": 0.00151,
            "fingerprinting": 0,
            "subdomains": [
                "hb"
            ],
            "apis": {},
            "sites": 15,
            "prevalence": 0.00151,
            "cnames": [],
            "responseHashes": [
                "b5ad24692d7dc9cfc3c85d824bd18b7d3d0ba6294d5494f2a67878378cdd9882",
                "b66d7dd2669aa92b71479a9b2ac9bac9f091b678d5b3730f68ab88d9b23eeb0f",
                "0fdbf1b68656a7a6ea8ae336b404077ce712655d3c4a9914922221e3ad0b7363",
                "57af7d167cd5bb432e8c76785d3af58ae7b9c9155870af5c36673964a31dad88",
                "1001ee694e663aa030f0d98241de10a4ebf4bade138845a164207447a42650fd",
                "67673fec165420d50665525a8f5fc8f599ce788a885ccff9f88fcb5868bf6fd8",
                "82a14e8578108213768d364f7d57c0b01cbaa4204340bd41d0ef429c3cafbe3d",
                "9edf3cb4b50ee490c4b1a8bcab5273f6a1926e932f62fda511c8c57c4f3ea4f0",
                "a00b24cad31f79070902ac202fc1b1c92cd7ad3658ba81a14dba971619d1af86",
                "4231e51f0ad565970ce169b9d6db526fe6ef04191b9685ed24de7dbb72e4449a",
                "e34e4ed4fbff8b4d102a0f00030f283f6b06be5390994ae6d689a510f6389072",
                "4cefc7463e4d3ebb6de0d9b4c513614c238e2d0ac2d49666a85f374298bda5dd",
                "ce8368e5b8e9f2f066acc6284578c00021aea742c4c7c7ec2836c232a5f8b1f8",
                "ad1fc1af9a246c028ff924d11d2390ad2bf7a1d2e8b105fe146180b811931371"
            ],
            "type": "Fetch",
            "firstPartyCookies": {},
            "firstPartyCookiesSent": {},
            "exampleSites": [
                "fortnite.gg",
                "garticphone.com",
                "openguessr.com",
                "satisfactory-calculator.com",
                "skribbl.io",
                "wh40k.lexicanum.com",
                "www.futbin.com",
                "www.metasrc.com",
                "www.mtggoldfish.com",
                "www.op.gg",
                "www.overtake.gg",
                "www.pcgamingwiki.com",
                "www.powerpyx.com",
                "www.smogon.com",
                "www.systemrequirementslab.com"
            ]
        }
    ],
    "categories": [],
    "performance": {},
    "cookies": 0.00151,
    "topInitiators": [
        {
            "domain": "vntsm.com",
            "prevalence": 0.8125
        },
        {
            "domain": "adinplay.com",
            "prevalence": 0.125
        },
        {
            "domain": "first party",
            "prevalence": 0.0625
        }
    ],
    "types": {
        "Fetch": 15
    },
    "nameservers": [
        "ns-99.awsdns-12.com",
        "ns-866.awsdns-44.net",
        "ns-1245.awsdns-27.org",
        "ns-1655.awsdns-14.co.uk"
    ]
}