{
    "domain": "wmccd.com",
    "owner": {},
    "source": [
        "DuckDuckGo-DE"
    ],
    "prevalence": 0.00111,
    "sites": 11,
    "subdomains": [],
    "cnames": [],
    "fingerprinting": 2,
    "resources": [
        {
            "rule": "wmccd\\.com\\/cifra\\/script",
            "cookies": 0,
            "fingerprinting": 0,
            "subdomains": [],
            "apis": {},
            "sites": 8,
            "prevalence": 0.000804,
            "cnames": [],
            "responseHashes": [
                "44c1e2a7f8c2ba1a3e689bfb184c37783ed8a8fcf221f2f4b1cf9bcf7ba0d21b",
                "61eba190c2156d7889039a7b326219aa70c941b30a83717cb831406c7c60b416"
            ],
            "type": "Script",
            "firstPartyCookies": {},
            "firstPartyCookiesSent": {},
            "exampleSites": [
                "perfektdamen.co",
                "de.perfektdamen.co",
                "de.ok.xxx",
                "de.pornhat.com",
                "hello.porn",
                "ok.xxx",
                "ok.porn",
                "www.pornhat.com"
            ]
        },
        {
            "rule": "wmccd\\.com\\/cifra",
            "cookies": 0,
            "fingerprinting": 1,
            "subdomains": [],
            "apis": {
                "Date.prototype.getTime": 8,
                "window.innerHeight": 8,
                "window.innerWidth": 8,
                "Navigator.prototype.maxTouchPoints": 1
            },
            "sites": 8,
            "prevalence": 0.000804,
            "cnames": [],
            "responseHashes": [
                "8db5e876cc8080c2cc1110d19c41f23603ebc4d7bd7aea6813eb343428cde19a",
                "1956e8543704e2f092dea3749b3e0d8b0157d84940734b00e738e4445fb659f5",
                "3348370abfa741e85ac30d5aadf5d06b027a690df550ee2d813b6934d1423d8c",
                "97291788fcd83d40a79cdb96519c3c1168efe038cd653069dcf77dae4b318e98",
                "b9b7af5dd85883c253cb881750c1dff7497835256bbba3fd52f31f93a4e79a1b",
                "3a20e082aa7cef41c7fb3462e5ff02ef1db4d6602454268902ad689f33de98af",
                "1043609e37b85875cf98278450dac07f4da2df3a6d962b818de5cfefda614090"
            ],
            "type": "Document",
            "firstPartyCookies": {},
            "firstPartyCookiesSent": {},
            "exampleSites": [
                "perfektdamen.co",
                "de.perfektdamen.co",
                "de.ok.xxx",
                "de.pornhat.com",
                "hello.porn",
                "ok.xxx",
                "ok.porn",
                "www.pornhat.com"
            ]
        },
        {
            "rule": "wmccd\\.com\\/live-stream\\/",
            "cookies": 0,
            "fingerprinting": 1,
            "subdomains": [],
            "apis": {
                "Date.prototype.getTime": 2,
                "window.innerHeight": 2,
                "window.innerWidth": 2
            },
            "sites": 2,
            "prevalence": 0.000201,
            "cnames": [],
            "responseHashes": [
                "df088433c17edaaa20e67ce837612ac64574ec6126939308f0a14606e8e03bf8"
            ],
            "type": "Document",
            "firstPartyCookies": {},
            "firstPartyCookiesSent": {},
            "exampleSites": [
                "tabootube.xxx",
                "www.tabootube.xxx"
            ]
        }
    ],
    "categories": [],
    "performance": {},
    "cookies": 0,
    "topInitiators": [
        {
            "domain": "first party",
            "prevalence": 0.8333333333333334
        },
        {
            "domain": "ttwmed.com",
            "prevalence": 0.1111111111111111
        },
        {
            "domain": "wmcdpt.com",
            "prevalence": 0.027777777777777776
        },
        {
            "domain": "edwmpt.com",
            "prevalence": 0.027777777777777776
        }
    ],
    "types": {
        "Script": 8,
        "Document": 10
    },
    "nameservers": [
        "ns1.eurodns.com",
        "ns2.eurodns.com",
        "ns4.eurodns.com",
        "ns3.eurodns.com"
    ]
}