{
    "domain": "cq0.co",
    "owner": {},
    "source": [
        "DuckDuckGo-NO"
    ],
    "prevalence": 0.00151,
    "sites": 15,
    "subdomains": [
        "doh"
    ],
    "cnames": [],
    "fingerprinting": 0,
    "resources": [
        {
            "rule": "cq0\\.co\\/resolve",
            "cookies": 0,
            "fingerprinting": 0,
            "subdomains": [
                "doh"
            ],
            "apis": {},
            "sites": 15,
            "prevalence": 0.00151,
            "cnames": [],
            "responseHashes": [
                "b288b760f1018c5071e7de7e1b599abfbc5583f707fb277b3b02173f69db7dc0",
                "6a2dc2010eff421a1e9b8e98bd74553dc603de98d365417bf65335a4dd133dd7",
                "141f98a723aa5dc4c586c3a57f5a5ffbdaf46c756718e24469188b764982057c",
                "e494bff1bc348911410264543f920fcdc488fd2633ae29fcba637a0fcf2fca59",
                "52fbf4319799d6c7731cc9568ad287b684e2c05865c3692c30379e830b668c3a",
                "fa093d977de9bffe1b2b5571e47272cc3ff88decac35ebac15be73bd84f4b3f5",
                "a84ff38ed13a9c796621f4712d5253abfef347036794aebb7e8ef1ba70f5a2ef",
                "6c031b59c40e880b48a5b4a464848dc3f06c10782c87d8cb4cb553fb9a232a60",
                "e8816a3d8e67475396647bd7ebc90f075432ce10328f64b707da266253141d90",
                "ef283731160cbfe1fd9ee5f58f20943d100bdff456bf107dca585a1bbeba78f1",
                "cca9d093436b2c54ea95833634554650935ad3893294532d11b85d19c2bc70bf",
                "039e25ced8fb9cefe3ce98eea13a67f75f6afd738072653e32ecff64184192a4",
                "773d12c7b868a16ea78557268b2395c0d3b65b150faa3e470c58ed314e2314dc",
                "f19043a69a0570f5363d0afdd7b553bd3d3729aa3ef3a60f95d50907b1384bf9"
            ],
            "type": "Fetch",
            "firstPartyCookies": {},
            "firstPartyCookiesSent": {
                "IR_gbd": 0.00010043185698503566,
                "AUDI_ENSIGHTEN_PRIVACY_TLD-www.audi.no": 0.00010043185698503566,
                "MAYO_CLINIC_ENSIGHTEN_PRIVACY_TLD-www.mayoclinic.org": 0.00010043185698503566
            },
            "exampleSites": [
                "abc.com",
                "abcnews.go.com",
                "moviesanywhere.com",
                "projects.fivethirtyeight.com",
                "us.norton.com",
                "www.audi.no",
                "www.britishairways.com",
                "www.espncricinfo.com",
                "www.espn.com",
                "www.johnlewis.com",
                "www.latimes.com",
                "www.marvel.com",
                "www.mayoclinic.org",
                "www.nationalgeographic.com",
                "www.starwars.com"
            ]
        }
    ],
    "categories": [],
    "performance": {},
    "cookies": 0,
    "topInitiators": [
        {
            "domain": "first party",
            "prevalence": 0.4444444444444444
        },
        {
            "domain": "espn.com",
            "prevalence": 0.3888888888888889
        },
        {
            "domain": "audi.com",
            "prevalence": 0.05555555555555555
        },
        {
            "domain": "californiatimes.com",
            "prevalence": 0.05555555555555555
        },
        {
            "domain": "ensighten.com",
            "prevalence": 0.05555555555555555
        }
    ],
    "types": {
        "Fetch": 15
    },
    "nameservers": [
        "ns-488.awsdns-61.com",
        "ns-1857.awsdns-40.co.uk",
        "ns-1240.awsdns-27.org",
        "ns-682.awsdns-21.net"
    ]
}