{
    "domain": "driftapi.com",
    "owner": {},
    "source": [
        "DuckDuckGo-NO"
    ],
    "prevalence": 0.00191,
    "sites": 19,
    "subdomains": [
        "bootstrap"
    ],
    "cnames": [],
    "fingerprinting": 0,
    "resources": [
        {
            "rule": "driftapi\\.com\\/widget_bootstrap\\/ping\\/v2",
            "cookies": 0,
            "fingerprinting": 0,
            "subdomains": [
                "bootstrap"
            ],
            "apis": {},
            "sites": 19,
            "prevalence": 0.00191,
            "cnames": [],
            "responseHashes": [
                "0306c49ea9a3592d0de02432b6b0d0aacafbc02be7282716ed129a7e5ee953c8",
                "341295bdffb1006c681e341922680ac85404d22d94126bb1f7509035105c5886",
                "27507d2baf6dfb02eb6a0b5526037b2c7391a403d8b7df60eca2ebb366b9622d",
                "41b080cc8ddf278768ccbb379c2dc91f74e8f20eccb7ed03cc360a44a816ce72",
                "4e429a20df9d58773ba875a1cf69abab25e0c8f09aff9a7c084f6b2b742e4827",
                "c2654901d296dddbdb60079e16737ccd24975c86e6c5a36c82a8b8630ec46fe6",
                "12b3cb8a8e2e40090fb92259b36a29915fd08da02a2fcac0b393a2bd8619153f",
                "8ce9848af4fcf9b9e90b7cee03801f24e470039afdf27d515937aa0a9dfefed7",
                "7fe7dac786403bf27111aaef460196da9289de06e26498e937914925c4671c13",
                "d4d01f1dc9a4905ffa1e8a05a99b2ffe9104f961c4caa99eec4d618b8d87f40a",
                "87021127f648cbe62d145cc97ac656ce5abf695eb06ac30f36561763a0c5b9a1",
                "6ccaa487bd0ea6ac49fffa322a7b58643fb78380771b4bbce99ff22b686f366e",
                "c238c9badaeeeba04077bcce2f7eeb9f7f12c7cc2d2840c996d6275560f036bd"
            ],
            "type": "XHR",
            "firstPartyCookies": {},
            "firstPartyCookiesSent": {},
            "exampleSites": [
                "ballotpedia.org",
                "buy.hpe.com",
                "clickhouse.com",
                "community.tenable.com",
                "forums.ni.com",
                "help.webflow.com",
                "literature.rockwellautomation.com",
                "webflow.com",
                "www.emerson.com",
                "www.hpe.com",
                "www.infosecinstitute.com",
                "www.lastpass.com",
                "www.nav.com",
                "www.ni.com",
                "www.onshape.com",
                "www.rockwellautomation.com",
                "www.sketchup.com",
                "www.smartsheet.com",
                "www.tenable.com"
            ]
        },
        {
            "rule": "driftapi\\.com\\/widget_bootstrap",
            "cookies": 0,
            "fingerprinting": 0,
            "subdomains": [
                "bootstrap"
            ],
            "apis": {},
            "sites": 19,
            "prevalence": 0.00191,
            "cnames": [],
            "responseHashes": [
                "014d00851873c0ef6365d55dcaa004dd912e00e381ccd8a47cbe7832eaa78734",
                "673e623e9dda73c636168a927f256527b19f280005e025002650a6b63ba2981f",
                "c9316819b1b2529990ca6a46695ab86e1dd411fcf528564adf27257402bf066f",
                "df05d06c05898a467dc1a9390ca992a5783b1e932151a32c7588eea4649a9073",
                "f3986b10a15393f98497f36d7552ef245efc1e7e1b6ea4a80a435ba2da25202c",
                "278fbe978465b575dac973c8987a8c6fc0ba05fbb85d2929866981b817b089a6",
                "1afddfbc32d83c7aeab0de784acafac22282f3f10dd33c963e2e4c25a279d99e",
                "9a250e23bde9463917423fdc61707bb57aa255ad895d7828fc1b10829fdcd1d8",
                "47662edc19ab8904a123533000bc8fc55cbd7027e0c6b9c303437083b5d32ae3",
                "e21c017689ded307b3cba6d45f763b66b2b5522b37d9c3766306d1425f6830f6",
                "51da440aa5b39d0add7669174c34d9dbab79cf8ef1563da2294bd06379bb994a",
                "70334930e2c1d04fb4a9635b3956b077c9e3447a194ce71c4f4b3a508ecf60b3",
                "1dbf5c4dec880f67ec7daba4664e71e09987358bf7312190562e1fa42ad22eda",
                "75d041dbd982eb1e80477bfde31754ac2bf304fd44e9e7d864798364fb560e40",
                "ecccbd75ab7addd36f75a465165c4fbbf6c4e60ffb831950ab83ef76785963e5",
                "a0ca84750c32892a385a4bb98ad385b7394a1bbd878f7eeb8cf395f5a312676b",
                "b36063ce184ea5420c5b003c41188cc89bd1918cd1803edb54db878d30a9308b",
                "b946dc704e201616e1e12eff57ba60f237c4ec17e37b08805b75ee876a3497e4"
            ],
            "type": "XHR",
            "firstPartyCookies": {},
            "firstPartyCookiesSent": {},
            "exampleSites": [
                "ballotpedia.org",
                "buy.hpe.com",
                "clickhouse.com",
                "community.tenable.com",
                "forums.ni.com",
                "help.webflow.com",
                "literature.rockwellautomation.com",
                "webflow.com",
                "www.emerson.com",
                "www.hpe.com",
                "www.infosecinstitute.com",
                "www.lastpass.com",
                "www.nav.com",
                "www.ni.com",
                "www.onshape.com",
                "www.rockwellautomation.com",
                "www.sketchup.com",
                "www.smartsheet.com",
                "www.tenable.com"
            ]
        }
    ],
    "categories": [],
    "performance": {},
    "cookies": 0,
    "topInitiators": [
        {
            "domain": "driftt.com",
            "prevalence": 1
        }
    ],
    "types": {
        "XHR": 38
    },
    "nameservers": [
        "ns-1366.awsdns-42.org",
        "ns-1970.awsdns-54.co.uk",
        "ns-28.awsdns-03.com",
        "ns-653.awsdns-17.net"
    ]
}