{
    "domain": "featureassets.org",
    "owner": {},
    "source": [
        "DuckDuckGo-NO"
    ],
    "prevalence": 0.000703,
    "sites": 7,
    "subdomains": [],
    "cnames": [],
    "fingerprinting": 0,
    "resources": [
        {
            "rule": "featureassets\\.org\\/v1\\/initialize",
            "cookies": 0,
            "fingerprinting": 0,
            "subdomains": [],
            "apis": {},
            "sites": 7,
            "prevalence": 0.000703,
            "cnames": [],
            "responseHashes": [
                "7381577c968cced338cdd60204a3f9add7bb1c14bb53fab6805b2ea84e2b4320",
                "117b5d42039e52e4d92a866cfe39766598a3d6587bd6de6015bfa50150ccee31",
                "f4c0627c44e47c8fb0e7c5a2da03674f0aa1a1e22af67473fa7c44c9a86d61ae",
                "a94335cfbcc61935ea539088c1214a30c79933892e9a4f1593dcc1c8c9d64c13",
                "d72c2a8a6f8bcac4674a6463928f46b5c29eb18c7b3eafdc0fb341c3dac03f33",
                "66522d97bc82ebbeca3d52c536dd5ac54c63788488d60336f95d052efa88d7fc"
            ],
            "type": "Fetch",
            "firstPartyCookies": {},
            "firstPartyCookiesSent": {},
            "exampleSites": [
                "squarespace.com",
                "help.ea.com",
                "kajabi.com",
                "linktr.ee",
                "www.cdkeys.com",
                "www.cervera.no",
                "www.what-song.com"
            ]
        }
    ],
    "categories": [],
    "performance": {},
    "cookies": 0,
    "topInitiators": [
        {
            "domain": "first party",
            "prevalence": 0.6363636363636364
        },
        {
            "domain": "jsdelivr.net",
            "prevalence": 0.36363636363636365
        }
    ],
    "types": {
        "Fetch": 7
    },
    "nameservers": [
        "ns-387.awsdns-48.com",
        "ns-1178.awsdns-19.org",
        "ns-1952.awsdns-52.co.uk",
        "ns-940.awsdns-53.net"
    ]
}