{
    "domain": "futurehybrid.tech",
    "owner": {},
    "source": [
        "DuckDuckGo-NO"
    ],
    "prevalence": 0.00352,
    "sites": 35,
    "subdomains": [
        "sommelier"
    ],
    "cnames": [],
    "fingerprinting": 0,
    "resources": [
        {
            "rule": "futurehybrid\\.tech\\/config\\/",
            "cookies": 0,
            "fingerprinting": 0,
            "subdomains": [
                "sommelier"
            ],
            "apis": {},
            "sites": 35,
            "prevalence": 0.00352,
            "cnames": [],
            "responseHashes": [
                "e6f4ccb9608f603c3bdc83302fce47fcae4c17c39eb8f4138af09ee66fe5bb19",
                "c8209d0571fffc663549dfd716a4c90b0486bac940d467aebea5f7c85e4a210a",
                "d288de8c59f697461b196519c044f2600b5b1b0595f743aa101aa1473e384608",
                "aae31395beb0847489064e69875fa0aa00d88395f6e89f54e4f438feebfc3809",
                "97d5007406ba6576d2bfc7d26af59eea61c2ef35f19e0a318bb091fe8e889164",
                "a873165c6235887d898d7442c67491f85834d84e9c726402eec24d1d0417401a",
                "557291681140e5cc2b0013b39608113b03a456f62cf0d791faf384291b558aed",
                "2118b605eab7863f5f37dffe14fead4c533ebff0222bd4fb98e029707e8af160",
                "6be79e01a01e451152f22f99b00447f5c963417389d2126a85c184a47cb29a8e",
                "800c1ea6fed50fba74964a869aa500ae815a488f674e5d72b5a83b88dc085044",
                "94da6ee97364ec9f0434cb9b10e6b8e14145a737564f3a0ce9441d0cf956aea5",
                "b3598a64e8a0f0d3f2147a0cbccb048ec85521410844fb564487756b0721ac55",
                "e7d9cec58076d88f0116de2321dc0882ff8f4e235cf5a3ff37522dd1b74589fa",
                "bb2f339809e1b87144218f41830a6e8e1a0a5e245b4552343bdcb3c72fc0273b",
                "e0df1165904a4d3c69ff334171cce49533bf6c81fec2b66e58d43327151f4af7",
                "9346cfd1d91a2fd3b911e8c051c354cbe3c1cea579d494aeff699306cd137ec5",
                "09d5cab7a930bb7c6f11c7253a6ae78944ec657dee797253bc2799a073b41d03",
                "0e53de512bdd7df73eae3a19eb14269c91e3a4322120064299e3d336b20aed82",
                "855fd1e1cde925392d1d171b0db4351631fda26e8ffa64d6367429412e2b5495",
                "f3ce59733e1e707dc30de99bfa4e5029aaeaf3c2a7735704bee05835e898ca41",
                "6194bbd0053110446224a157ca0022123baeae3d940002998052dac08e0ad26d",
                "dac2ffcda733db44b2d54f43541eb1c04e732efd39cd3ca4f3e33e9e730f2ad8",
                "9763c2bd40dbc5aa88728802873fc97b77083c06c0332aec8d5e91634d788fe1",
                "f0277d1f41a65438315c83f72ab07c64eb67c4d77ad9df613bd6cc983436d72f",
                "1a71c1343347fd893f75b1682d989d5c67a14b554fbfe6cb9c40f97d96f15f74",
                "0d4929c3f21088f59d33784e7afd86c28ce357236702683b115e4b4752f80b49",
                "b547fde765299a5e2558997ede631272ba4c024367c501c5d0d55ee4b967d92b",
                "f8b246eb450fad50540bff5afa0f17deebdffb61d5f417704c4b7d9ed8dc765f",
                "0b11b64627a62528af855fa5839df1a3b0f8b7b78a8f9841430a2a9e12730295",
                "662bd0ce03d06c94d36faa86e5f7cb8d72d651d777ced58c5dc8fd24f06595a5",
                "33318a83820fa6664cb90a5068253995f77bfcef75b41d0426e699106e1a9dca",
                "4aaee0f1b6d2d8034b53f32e4b69df2af0d85ebec7988a66a1ff13dd71a7421e",
                "9bddb887163500fdb9d1ba69deaf3c3a617e79ec9ed9f3a12a7a012666039bdb"
            ],
            "type": "Fetch",
            "firstPartyCookies": {},
            "firstPartyCookiesSent": {
                "__pid": 0.00010043185698503566
            },
            "exampleSites": [
                "tomshardware.com",
                "www.techradar.com",
                "www.tomsguide.com",
                "www.tomshardware.com",
                "www.guitarworld.com",
                "www.advnture.com",
                "www.whattowatch.com",
                "theweek.com",
                "www.androidcentral.com",
                "www.decanter.com",
                "global.techradar.com",
                "www.digitalcameraworld.com",
                "www.livescience.com",
                "www.marieclaire.com",
                "www.sciencealert.com",
                "www.pcgamer.com",
                "www.space.com",
                "www.whathifi.com",
                "www.creativebloq.com",
                "www.cyclingweekly.com"
            ]
        }
    ],
    "categories": [],
    "performance": {},
    "cookies": 0,
    "topInitiators": [
        {
            "domain": "futurecdn.net",
            "prevalence": 1
        }
    ],
    "types": {
        "Fetch": 35
    },
    "nameservers": [
        "ns-55.awsdns-06.com",
        "ns-786.awsdns-34.net",
        "ns-1419.awsdns-49.org",
        "ns-1705.awsdns-21.co.uk"
    ]
}