{
    "domain": "metamanager.io",
    "owner": {},
    "source": [
        "DuckDuckGo-NO"
    ],
    "prevalence": 0.00141,
    "sites": 14,
    "subdomains": [
        "pixel"
    ],
    "cnames": [],
    "fingerprinting": 0,
    "resources": [
        {
            "rule": "metamanager\\.io\\/mm\\.js",
            "cookies": 0.000904,
            "fingerprinting": 0,
            "subdomains": [
                "pixel"
            ],
            "apis": {},
            "sites": 9,
            "prevalence": 0.000904,
            "cnames": [],
            "responseHashes": [
                "a3d278cb4351ef18d57b7b837f2f5317a243c0817e7eb58730c30bcd5b61bb2b",
                "72135701d5d25523aa9d2bfc883d004b0a466b876722cf5e6eb959f9b46eec80",
                "bbf7274c2e1b653779c8e0873401663c8e4f4b4017871e85959edd0a0d664d06",
                "b5f090f35ad71c6441b43d6f1e806f2473154fc3da1150a32af14ef812446b15",
                "9e4c23f864b7881d4362e6cc4f5226585291357717cb33e9ac2ca21a02e87172",
                "7ae3242275d9f1caa70383c7578b92604ccebdb081337470c870c277903cdbba",
                "5694501cf6e2ecfd547f9216a2d150c2254fcee29cab74c4d6a423499a77f762",
                "6b2a96a7e11b0e49a0b8f7ff4a604113dce9ba677df0aa840f53291ee305c4f5"
            ],
            "type": "Script",
            "firstPartyCookies": {},
            "firstPartyCookiesSent": {},
            "exampleSites": [
                "tv2.no",
                "soundgarden.no",
                "thewell.no",
                "www.antonsport.no",
                "www.blomqvist.no",
                "www.ice.no",
                "www.kondomeriet.no",
                "www.lampehuset.no",
                "www.nytelse.no"
            ]
        },
        {
            "rule": "metamanager\\.io\\/id\\/MMP-0G5RUP3\\/data\\/https%253A%252F%252Fwww\\.antonsport\\.no%252F",
            "cookies": 0.0001,
            "fingerprinting": 0,
            "subdomains": [
                "pixel"
            ],
            "apis": {},
            "sites": 2,
            "prevalence": 0.000201,
            "cnames": [],
            "responseHashes": [
                "902be8582dca281dbe501196525993eaee801f4e87a1f4ddc66acdbc41c4c561"
            ],
            "type": "Fetch",
            "firstPartyCookies": {},
            "firstPartyCookiesSent": {},
            "exampleSites": [
                "antonsport.no",
                "www.antonsport.no"
            ]
        }
    ],
    "categories": [],
    "performance": {},
    "cookies": 0.00141,
    "topInitiators": [
        {
            "domain": "googletagmanager.com",
            "prevalence": 0.631578947368421
        },
        {
            "domain": "first party",
            "prevalence": 0.3157894736842105
        },
        {
            "domain": "azure.com",
            "prevalence": 0.05263157894736842
        }
    ],
    "types": {
        "Script": 9,
        "Fetch": 2
    },
    "nameservers": [
        "sergi.ns.cloudflare.com",
        "heidi.ns.cloudflare.com"
    ]
}