{
    "domain": "minutemedia-prebid.com",
    "owner": {},
    "source": [
        "DuckDuckGo-NO"
    ],
    "prevalence": 0.00733,
    "sites": 73,
    "subdomains": [
        "hb",
        "cs-tam",
        "cs-rtb"
    ],
    "cnames": [],
    "fingerprinting": 0,
    "resources": [
        {
            "rule": "minutemedia-prebid\\.com\\/hb-mm-multi",
            "cookies": 0,
            "fingerprinting": 0,
            "subdomains": [
                "hb"
            ],
            "apis": {},
            "sites": 32,
            "prevalence": 0.00321,
            "cnames": [],
            "responseHashes": [
                "3177760bba4838a6b6e2fd3a301c688672d70e495213497446f7eb33f65f5fd4",
                "a6c698221c5f622cf796833bd8a49df4b547ea594325b7fc5c5e6ac8e4043de6",
                "84a2a060bdf5a26328dcc4ab63979d7950c0becafbffa5a64b98483ad7005149",
                "b4d3713b3ba0d9f1683f9724f08841966f7cdf02919054420fe95025884c8af2",
                "4ccbc43ffac38a96c995c8d0438de8569844e4e0b335dee6247e2e9e3978b5bf",
                "34fd40441977e50fe3202f43cf7b9988094942273fc2f25bed5d22a936916f6e",
                "b70a127466a0b1158764513e65a023f8ddabe9d4619d35dbd520e46fa4b17a19",
                "a8437f58393877362a62f9d9d7ecdbffc2a365105b5c43ffd9f327964eb9a166",
                "3b4b50bc35a96a2cd683948a18c3cac5e74de4ff4131503c8122db1511d5eb88",
                "2fcc0a7b72743ace8ded81cf54b1b86a0cbba11a174eed5074d508d25d4ec77b",
                "3abbf40f72e49bdbbf7df2bd93747a633e808d7df50209fc4124949b346ce99b",
                "1b86d7b9cca988cd5da14da2444ce0f28e39bd07f1fe927151525267714f9a54",
                "c62b1cc8152b58a9bf8f36ae9fc79d556990200898bb02e5142aaa85b7d4aae8",
                "5d2ce7f7753a9afef6d4aac2b2c06e3ec89770702d9e7d73387cb1604c3e8fbc",
                "6333eaf4a317388ee55609df1cae3a524fdb544fdd1fcfc30b569d6be7dd1a23",
                "d27fad4ec76c54eb6a1b11b22b63387f4d5cab1f1105e8ae41c0788001ebb542",
                "17afc4e8e1291e685cc88d77683f892cae2d7409059ffdfe10c9a34b5336d41a",
                "3a35f532cd4ed23c3856cad672231247e2a243f7b64ce488b2fad72f5b49d488",
                "19b4dfdccad7378973697d66cd2ef876c3d080393f557a6b30478c10c6986242",
                "d5f96a4541b2b3d08677cf5e2eda420764e4a7dff5be30bdfeb47bfd3f2f40fa",
                "509e210cb5763b0f1f810d9294906f9edf468ae0a837956957523f135355bc13",
                "86b4a70d7ef8b5310a11f4f21dd69f45611e33b35b4c92b6a2fcd721cf63731b",
                "566a37ce8f5580d36f84d3a0556d9d2850dd145f3db14bf70e7a91e65ad9f6db",
                "d5c62ad3959298bcbc131f81e9430137a623379d67c79e492844f6f885388508",
                "fe5e406c586e435f19ede07bf10dedbd7c1d68d19e050a2de39ddc437ad80256",
                "b0443bf3e770f0addc077d9b0a0035ccde9dacdf6e07646042a4dd9b4aea7e0d",
                "1fe134a7e5af44806dbddaea21e880f9246a6b79d5d458d779f821e23d02e1bd",
                "0e5424f0631635b01a78c427de427ef8bd8171e47113b6363d94311c65be3706",
                "73d0fff75b1dfab743197a1cd5438c4a21f5cba09265333833b43bb237280954"
            ],
            "type": "Fetch",
            "firstPartyCookies": {},
            "firstPartyCookiesSent": {},
            "exampleSites": [
                "community.spiceworks.com",
                "lifehacker.com",
                "www.britannica.com",
                "www.howtogeek.com",
                "www.thegatewaypundit.com",
                "www.zerohedge.com",
                "www.gbmb.org",
                "robots.net",
                "www.mindbodygreen.com",
                "www.thewrap.com",
                "arcadespot.com",
                "www.xda-developers.com",
                "www.sqlservertutorial.net",
                "www.kitco.com",
                "www.nintendolife.com",
                "www.eurogamer.net",
                "www.atlasobscura.com",
                "www.nationalreview.com",
                "www.rhymezone.com",
                "www.visualcapitalist.com"
            ]
        },
        {
            "rule": "minutemedia-prebid\\.com\\/sync-iframe",
            "cookies": 0,
            "fingerprinting": 0,
            "subdomains": [
                "cs-tam",
                "cs-rtb"
            ],
            "apis": {},
            "sites": 60,
            "prevalence": 0.00603,
            "cnames": [],
            "responseHashes": [
                "e3b0c44298fc1c149afbf4c8996fb92427ae41e4649b934ca495991b7852b855"
            ],
            "type": "Document",
            "firstPartyCookies": {},
            "firstPartyCookiesSent": {
                "hb_insticator_uid": 0.0016069097117605705
            },
            "exampleSites": [
                "community.spiceworks.com",
                "lifehacker.com",
                "mashable.com",
                "tabs.ultimate-guitar.com",
                "www.britannica.com",
                "www.dailydot.com",
                "www.howtogeek.com",
                "www.independent.co.uk",
                "www.makeuseof.com",
                "www.medicinenet.com",
                "www.motorcycle.com",
                "forums.civfanatics.com",
                "missing11.com",
                "www.androidpolice.com",
                "www.avforums.com",
                "www.topspeed.com",
                "www.advrider.com",
                "nationalpost.com",
                "www.dexerto.com",
                "forums.spacebattles.com"
            ]
        }
    ],
    "categories": [],
    "performance": {},
    "cookies": 0,
    "topInitiators": [
        {
            "domain": "amazon-adsystem.com",
            "prevalence": 0.3879310344827586
        },
        {
            "domain": "script.ac",
            "prevalence": 0.16379310344827586
        },
        {
            "domain": "first party",
            "prevalence": 0.08620689655172414
        },
        {
            "domain": "adsninja.ca",
            "prevalence": 0.07758620689655173
        },
        {
            "domain": "aditude.io",
            "prevalence": 0.04310344827586207
        },
        {
            "domain": "aniview.com",
            "prevalence": 0.04310344827586207
        },
        {
            "domain": "ziffstatic.com",
            "prevalence": 0.034482758620689655
        },
        {
            "domain": "ay.delivery",
            "prevalence": 0.034482758620689655
        },
        {
            "domain": "htlbid.com",
            "prevalence": 0.02586206896551724
        },
        {
            "domain": "adapex.io",
            "prevalence": 0.02586206896551724
        }
    ],
    "types": {
        "Fetch": 32,
        "Document": 60
    },
    "nameservers": [
        "ns-1044.awsdns-02.org",
        "ns-555.awsdns-05.net",
        "ns-1681.awsdns-18.co.uk",
        "ns-129.awsdns-16.com"
    ]
}