{
    "domain": "mountain.com",
    "owner": {
        "name": "Mountain Digital, Inc.",
        "displayName": "Mountain Digital"
    },
    "source": [
        "DuckDuckGo-NO"
    ],
    "prevalence": 0.00141,
    "sites": 14,
    "subdomains": [
        "dx",
        "px",
        "gs"
    ],
    "cnames": [],
    "fingerprinting": 1,
    "resources": [
        {
            "rule": "mountain\\.com\\/spx",
            "cookies": 0,
            "fingerprinting": 1,
            "subdomains": [
                "dx"
            ],
            "apis": {
                "Document.cookie getter": 12,
                "Date.prototype.getTime": 5
            },
            "sites": 13,
            "prevalence": 0.00131,
            "cnames": [],
            "responseHashes": [
                "d1d61acfdc26e7566df0a00c9be8cd4bb68e47a497791621bbf41a948f747a98",
                "a352347ee2e13c4e962d4dc533cdb2d2e43c76e7ea707ee3ecfbdab55ebff9a3",
                "596d789deec1d562a4a0464c1cb6827619d029f0c62d17b4364e02db1c99bab5",
                "45ba41f1bd2e8b06d2ed622510d9a53ef9d1279eb168c8668278931f040ef3dc",
                "b191c9430d9203e69584aa793c416706b676af69d0ad292041682ffbbf309f7d",
                "a9d7bb2b0a798c06835efd76455f80b806aa05a758ace03eadfda2ab61ef30d8",
                "7cab83f96fd914e12032ec54f47670318f68e1dacb38e3f8afa5e882005e34bb",
                "959a5230dc5b665d0934f27d5cc74faf0f4250736362fe55a7a23b1ce4452d9e",
                "eff7ac8352a19d5468b26089d83c47e1821ec5c64f56a6300d774ec3bc17214f",
                "5a0afa8102fc0900b8a1cf9f6e274ea5601117a6a65ae3c41111b3c14743bc5e",
                "b2b67c768c15153b6e9936c49be9bc8a4857a858479b1ecb7352e1f17dda8f53",
                "f6609d5c92b848a7a3682bc5419e4900bc4e5fb0753961f735daff8853d9ddd2"
            ],
            "type": "Script",
            "firstPartyCookies": {},
            "firstPartyCookiesSent": {
                "IR_gbd": 0.00020086371397007131
            },
            "exampleSites": [
                "amplitude.com",
                "bitwarden.com",
                "community.splunk.com",
                "docs.splunk.com",
                "infinitediscs.com",
                "learning.postman.com",
                "www.airthings.com",
                "www.musicnotes.com",
                "www.nav.com",
                "www.plannedparenthood.org",
                "www.postman.com",
                "www.splunk.com",
                "www.techsmith.com"
            ]
        },
        {
            "rule": "mountain\\.com\\/st",
            "cookies": 0.00131,
            "fingerprinting": 0,
            "subdomains": [
                "px"
            ],
            "apis": {},
            "sites": 13,
            "prevalence": 0.00131,
            "cnames": [],
            "responseHashes": [
                "6d390aa9de04fc0fc194797f7b490884e723e05f0cb2bba2ffa49cdfeddde925",
                "9fb701e0852a40b2ad9af9e5f8d97abeae45817ca005a088febe33d80b70d95c",
                "66dea0c21c8c514cb682cc5c078fbd987797fac7f57d30f452fae6c203a48949",
                "d020322a1e3444c750fe29d48697d933c9ad7767852367f41df00797e1c94a4d",
                "33e6f4b9dfa6fb911f518a7ced2edb032e65072f8d23a7787cc6cf741f9c2293",
                "bd08c6767da252714695f5db351e4b033e653072cfb3858f003d74544f609f54",
                "8e56a460092d2226157c5c02ef09fdba4f2f1932c091717b74fc85f02b04ef52",
                "851ff7f91d1f00682802351fc9d3f8b8435b18e5c3d2a3b14149aa5d7458e794",
                "25b4705798f5e68e953980dcb79347ac4074fd5e31e3a2126e6e1984f08d88c2",
                "028378050f72004634f23b18b3facf44be925c9b7af4003ba7fdcf9fa6e23018",
                "437e84a04b8ba74339f0b7714122086f7f95e17a2d43bc008fcacd6d8306bf31",
                "dd7662c1df4195408701feb6eb5f3d65146402990732f32d81e1970230b173bb"
            ],
            "type": "Script",
            "firstPartyCookies": {},
            "firstPartyCookiesSent": {
                "_ga": 0.0014060459977904992,
                "IR_gbd": 0.00020086371397007131,
                "_blka_engage": 0.00010043185698503566
            },
            "exampleSites": [
                "amplitude.com",
                "bitwarden.com",
                "community.splunk.com",
                "docs.splunk.com",
                "infinitediscs.com",
                "learning.postman.com",
                "www.airthings.com",
                "www.musicnotes.com",
                "www.nav.com",
                "www.plannedparenthood.org",
                "www.postman.com",
                "www.splunk.com",
                "www.techsmith.com"
            ]
        },
        {
            "rule": "mountain\\.com\\/gs",
            "cookies": 0,
            "fingerprinting": 0,
            "subdomains": [
                "gs"
            ],
            "apis": {},
            "sites": 12,
            "prevalence": 0.00121,
            "cnames": [],
            "responseHashes": [
                "4f872c4e825928ab331a9db69d0758bab4a97c577e9a936a9a84eb3a90707929",
                "a168f2150a4459c4563a9bb391ea9d67c3029e23ca8d159d26fa3d7fa32a7ce1",
                "ee6a30785abe0326522f16c0b4e3fe7024265d33e0f764bfa31db02a56b79756",
                "c7736a7d6d2b8898e98115b729623400874e8662940e3fb9b44fd462762cf1bf",
                "b99b4a659706e65dba4b6ff0e8c7ce26851b90ad4f075c69148bfce80319e9b1",
                "f0be2fccffbbebe431d5bf9ea29b39a8de0ea218c013282e525cb76d99ffa222",
                "e952e043ae61691e4d01f4986d127f4b39597b557da03a8a47251d2f0c742476",
                "50830cc6e5b84e08d49d32ab39f6c2abf6e38515a6ba65128dc037aa302b5165",
                "02432e3310245e5730f3cd45448525b53b3e26c2b9ad3ea705add01ff9aad241",
                "251859de7eac5487a8e9efe32a120d5c052461ee0879548547fafad678598285",
                "8ac8d4324196030a878f99989cec8ee3531dac485639290858fc94d9cd3c0c1f"
            ],
            "type": "Script",
            "firstPartyCookies": {},
            "firstPartyCookiesSent": {},
            "exampleSites": [
                "amplitude.com",
                "community.splunk.com",
                "docs.splunk.com",
                "infinitediscs.com",
                "learning.postman.com",
                "www.airthings.com",
                "www.musicnotes.com",
                "www.nav.com",
                "www.plannedparenthood.org",
                "www.postman.com",
                "www.splunk.com",
                "www.techsmith.com"
            ]
        },
        {
            "rule": "mountain\\.com\\/sti",
            "cookies": 0.0001,
            "fingerprinting": 0,
            "subdomains": [
                "px"
            ],
            "apis": {},
            "sites": 2,
            "prevalence": 0.000201,
            "cnames": [],
            "responseHashes": [
                "e3b0c44298fc1c149afbf4c8996fb92427ae41e4649b934ca495991b7852b855"
            ],
            "type": "Image",
            "firstPartyCookies": {},
            "firstPartyCookiesSent": {},
            "exampleSites": [
                "edmunds.com",
                "www.edmunds.com"
            ]
        }
    ],
    "categories": [],
    "performance": {},
    "cookies": 0.00141,
    "topInitiators": [
        {
            "domain": "first party",
            "prevalence": 0.5357142857142857
        },
        {
            "domain": "googletagmanager.com",
            "prevalence": 0.32142857142857145
        },
        {
            "domain": "osano.com",
            "prevalence": 0.10714285714285714
        },
        {
            "domain": "tiqcdn.com",
            "prevalence": 0.03571428571428571
        }
    ],
    "types": {
        "Script": 38,
        "Image": 2
    },
    "nameservers": [
        "ns-1508.awsdns-60.org",
        "ns-116.awsdns-14.com",
        "ns-845.awsdns-41.net",
        "ns-1916.awsdns-47.co.uk"
    ]
}