{
    "domain": "mrf.io",
    "owner": {
        "name": "Marfeel Solutions, S.L.",
        "displayName": "Marfeel"
    },
    "source": [
        "DuckDuckGo-NO"
    ],
    "prevalence": 0.00382,
    "sites": 38,
    "subdomains": [
        "sdk",
        "marfeelexperimentsexperienceengine",
        "flowcards"
    ],
    "cnames": [],
    "fingerprinting": 1,
    "resources": [
        {
            "rule": "mrf\\.io\\/statics\\/marfeel-sdk\\.js",
            "cookies": 0.00362,
            "fingerprinting": 1,
            "subdomains": [
                "sdk"
            ],
            "apis": {
                "window.localStorage": 36,
                "Navigator.prototype.userAgent": 36,
                "window.sessionStorage": 36,
                "Date.prototype.getTime": 36,
                "Document.cookie setter": 36,
                "Document.cookie getter": 36,
                "window.innerHeight": 1,
                "window.innerWidth": 1
            },
            "sites": 38,
            "prevalence": 0.00382,
            "cnames": [],
            "responseHashes": [
                "204d2ea8019f3cec3557fe044c28df446b2fb79eab3352e1c6aadbf3a182bb07",
                "8dc231b65510f6790491839c591fbe3174666aadfe0ebdfaebeab994c497a0d5",
                "6cc6d455055ee9f863607db7a049ff0180c25729c4b08e1183e075aee0b95f1c",
                "6b19530ed42447d435cc40aad99ab7fa9304f396d2b8927fcce6c1dad9e30e9e",
                "8db86ba2aadd235ec6e18beedb3610096d9927fae7e67b020ad0715776c53e7c",
                "6c211a2c23fa023c97c8eb88c30d576ee2addcdefaef4961fcd724627e1754c2",
                "9d3ca3914880afd5e3bac3c63e31b2ded2a2ff5fe7f88d06fb8ee546330b9960",
                "8cfb6c2f079b5894064ec372f549fe7b6a746e4dae0bdf173ade12db3cbef98c",
                "6a418d31d3ece77c76d2e1193c2a11b4a3f04f5514064e93857ac501675ec07d",
                "fdb60020b4a3e45a1d66b2e56bc8b1128df4fba32593dc9d98fd2caab22739c8",
                "a182bf90ba74eb4fd5ec6bb7f7d9b080353232663de86ee517a8fd2cec9081d2",
                "fbe04d24d7a12de9b1632496fb235feda1ff3f4eeadb69f6f7d4c423ddd6ee4b",
                "f2fa5f0eeaa9b07db5dfa03f2e72430a89d5be8f2b7294c61789c564828063e3",
                "137aa12e6d52a6b83c314e9cc1ebd38f108a1510de2f5b03fd0d3422f40589ad",
                "e9e04ff4deaf3c49961f043f6bbd41c113b7a147ea62de279edfce95485a9590",
                "b0f1913206d65dc40bc760a5676d4831866f407c1e9c9b837b980bb302ef0644",
                "431b0a06f4c45a9586dfdf3a8e9e387a615266bbc20ea07db75b167111100011",
                "1a227dac2057e8310e7138ba880f3f2cbfa7a76f6163e8a2acba3d3d78a02451",
                "c6ea83f68f180a5a4b2485c406cb98a5ed0ed99e352be0ef74f1d9ce2935b532",
                "78fd5ab8b0fb0c816198bc38e5b39a811b657309b2dd4ca5da1ad438876dc7fb"
            ],
            "type": "Script",
            "firstPartyCookies": {
                "___nrbic": {
                    "ttl": 15634803,
                    "length": 359,
                    "prevalence": 0.0018077734257306419,
                    "uniqueness": 1
                },
                "___nrbi": {
                    "ttl": 15634803,
                    "length": 206,
                    "prevalence": 0.0018077734257306419,
                    "uniqueness": 1
                },
                "compass_uid": {
                    "ttl": 15634803,
                    "length": 36,
                    "prevalence": 0.0018077734257306419,
                    "uniqueness": 1
                }
            },
            "firstPartyCookiesSent": {},
            "exampleSites": [
                "elpais.com",
                "gizmodo.com",
                "heavy.com",
                "knowyourmeme.com",
                "sciencing.com",
                "www.businessinsider.com",
                "www.dailydot.com",
                "www.thegatewaypundit.com",
                "www.novosti.rs",
                "www.ghacks.net",
                "www.thelist.com",
                "utforsksinnet.no",
                "www.mashed.com",
                "www.advocate.com",
                "www.foodrepublic.com",
                "www.grunge.com",
                "www.lavanguardia.com",
                "nationalpost.com",
                "www.looper.com",
                "www.marca.com"
            ]
        },
        {
            "rule": "mrf\\.io\\/experimentsexperience\\/render",
            "cookies": 0,
            "fingerprinting": 1,
            "subdomains": [
                "marfeelexperimentsexperienceengine"
            ],
            "apis": {
                "window.localStorage": 1
            },
            "sites": 9,
            "prevalence": 0.000904,
            "cnames": [],
            "responseHashes": [
                "e3b0c44298fc1c149afbf4c8996fb92427ae41e4649b934ca495991b7852b855",
                "0f8d6ca57f8a3a474d985e259006a7fa5c73e7b1f91d42d87c6634154948d226",
                "c0a517f3a652b88879763d3aefd4c5b78138dec4189370b69a49af4705a68e54"
            ],
            "type": "Script",
            "firstPartyCookies": {},
            "firstPartyCookiesSent": {},
            "exampleSites": [
                "elpais.com",
                "english.elpais.com",
                "www.businessinsider.com",
                "www.cfr.org",
                "www.diariosur.es",
                "www.hellomagazine.com",
                "www.lavanguardia.com",
                "www.marca.com",
                "www.tek.no"
            ]
        },
        {
            "rule": "mrf\\.io\\/statics\\/0090828df445b49eb544\\.js",
            "cookies": 0,
            "fingerprinting": 0,
            "subdomains": [
                "sdk"
            ],
            "apis": {},
            "sites": 2,
            "prevalence": 0.000201,
            "cnames": [],
            "responseHashes": [
                "d3b490b5e114648717e83a33d02d026a90aa1cca49a886f9deb46cedf10a642d"
            ],
            "type": "Script",
            "firstPartyCookies": {},
            "firstPartyCookiesSent": {},
            "exampleSites": [
                "elpais.com",
                "english.elpais.com"
            ]
        },
        {
            "rule": "mrf\\.io\\/json\\/experiences",
            "cookies": 0,
            "fingerprinting": 0,
            "subdomains": [
                "flowcards"
            ],
            "apis": {},
            "sites": 4,
            "prevalence": 0.000402,
            "cnames": [],
            "responseHashes": [
                "4771b6e6d80480ff9d9ca116255b55e6a618fe445961840333b32a1315255e50",
                "c3aceb275a0eb6be17f1fa5a926c8bd4d544d87371a4ea066b733b61e0308d01",
                "b12eabacebe4e533934151b272325f06cef5b154953a212d7d18da1962b81a75"
            ],
            "type": "Fetch",
            "firstPartyCookies": {},
            "firstPartyCookiesSent": {
                "compass_uid": 0.00020086371397007131,
                "vocuser_nfryl_volver_al_origen": 0.00010043185698503566
            },
            "exampleSites": [
                "advocate.com",
                "www.hockeyfights.com",
                "www.out.com",
                "www.surinenglish.com"
            ]
        },
        {
            "rule": "mrf\\.io\\/json\\/experiences",
            "cookies": 0,
            "fingerprinting": 0,
            "subdomains": [
                "flowcards"
            ],
            "apis": {},
            "sites": 4,
            "prevalence": 0.000402,
            "cnames": [],
            "responseHashes": [],
            "type": "Preflight",
            "firstPartyCookies": {},
            "firstPartyCookiesSent": {
                "compass_uid": 0.00020086371397007131,
                "vocuser_nfryl_volver_al_origen": 0.00010043185698503566
            },