{
    "domain": "opti-digital.com",
    "owner": {
        "name": "Opti Digital",
        "displayName": "Opti Digital"
    },
    "source": [
        "DuckDuckGo-NO"
    ],
    "prevalence": 0.00181,
    "sites": 18,
    "subdomains": [
        "optiyield",
        "optiyield-data",
        "scripts"
    ],
    "cnames": [],
    "fingerprinting": 2,
    "resources": [
        {
            "rule": "opti-digital\\.com\\/pfc\\/",
            "cookies": 0,
            "fingerprinting": 1,
            "subdomains": [
                "optiyield"
            ],
            "apis": {
                "Navigator.prototype.userAgent": 8
            },
            "sites": 11,
            "prevalence": 0.0011,
            "cnames": [],
            "responseHashes": [
                "b0a4cfe0aab66159d393956fea8681df854763ad55813991aaf94f8c92210b28",
                "6a128f24d5969f3ce92e7f3c01d061d6a72596ba4d5201e802a64ae1f4fdb4ac",
                "361c64cbd2259b7e49198b142cf81bb59447ee22efad839d73cf323d9e89aa48",
                "07a7792af58d8858e97c320c3a724b34660fa932f5e36a4972f368f392395245"
            ],
            "type": "Script",
            "firstPartyCookies": {},
            "firstPartyCookiesSent": {},
            "exampleSites": [
                "dotesports.com",
                "wegotthiscovered.com",
                "www.advrider.com",
                "www.avsforum.com",
                "www.destructoid.com",
                "www.escapistmagazine.com",
                "www.motorcycle.com",
                "www.programme-tv.net",
                "www.rcgroups.com",
                "www.siliconera.com",
                "www.sporcle.com"
            ]
        },
        {
            "rule": "opti-digital\\.com\\/pfc\\/web\\/config",
            "cookies": 0,
            "fingerprinting": 0,
            "subdomains": [
                "optiyield",
                "optiyield-data"
            ],
            "apis": {},
            "sites": 12,
            "prevalence": 0.00121,
            "cnames": [],
            "responseHashes": [
                "33567c07299b1c886671e737f4b706be3f913c90b218db212dad1a1c8e29c6ab",
                "6cb328ae5e4ebcde3ae2292dc5526fb12977d0ff1610c5b3c1ae6ed936ba60a5",
                "538a2fd78321b128b2664c0178b00db329ffcf3c1461b78820482d30ca4c6ad7",
                "0f35d7713cbd9e715aa4be3fbb220c425fd523e727c813a245390ea090f345d3",
                "6f191833c4e4fd7aa46aad263e0940612d0c3568349d0104a3865d55e56e887a"
            ],
            "type": "XHR",
            "firstPartyCookies": {},
            "firstPartyCookiesSent": {},
            "exampleSites": [
                "dotesports.com",
                "gizmodo.com",
                "wegotthiscovered.com",
                "www.advrider.com",
                "www.avsforum.com",
                "www.destructoid.com",
                "www.escapistmagazine.com",
                "www.motorcycle.com",
                "www.programme-tv.net",
                "www.rcgroups.com",
                "www.siliconera.com",
                "www.sporcle.com"
            ]
        },
        {
            "rule": "opti-digital\\.com\\/pfc\\/web\\/sdk",
            "cookies": 0,
            "fingerprinting": 1,
            "subdomains": [
                "optiyield"
            ],
            "apis": {
                "Navigator.prototype.userAgent": 11,
                "window.sessionStorage": 4
            },
            "sites": 11,
            "prevalence": 0.0011,
            "cnames": [],
            "responseHashes": [
                "bb3ccc29c55d624cb21e65e744be97b8974a3551ecfce882430d02142dd18b32",
                "e20ade80fb57f0af99d9dc220105a8293708a0534b5d69e9a7fb07309273b690"
            ],
            "type": "Script",
            "firstPartyCookies": {},
            "firstPartyCookiesSent": {},
            "exampleSites": [
                "dotesports.com",
                "wegotthiscovered.com",
                "www.advrider.com",
                "www.avsforum.com",
                "www.destructoid.com",
                "www.escapistmagazine.com",
                "www.motorcycle.com",
                "www.programme-tv.net",
                "www.rcgroups.com",
                "www.siliconera.com",
                "www.sporcle.com"
            ]
        },
        {
            "rule": "opti-digital\\.com\\/js\\/presync\\.html",
            "cookies": 0,
            "fingerprinting": 1,
            "subdomains": [
                "scripts"
            ],
            "apis": {
                "Navigator.prototype.userAgent": 3
            },
            "sites": 10,
            "prevalence": 0.001,
            "cnames": [],
            "responseHashes": [
                "b326dfa71892c2b744d9675e5665c6c8f9304ad3bc7ffdd3f74c49077bf5e674"
            ],
            "type": "Document",
            "firstPartyCookies": {},
            "firstPartyCookiesSent": {},
            "exampleSites": [
                "gizmodo.com",
                "www.advrider.com",
                "www.givemesport.com",
                "www.hotcars.com",
                "www.howtogeek.com",
                "www.makeuseof.com",
                "www.motorcycle.com",
                "www.rcgroups.com",
                "www.thegamer.com",
                "www.uuidgenerator.net"
            ]
        }
    ],
    "categories": [],
    "performance": {},
    "cookies": 0.0001,
    "topInitiators": [
        {
            "domain": "first party",
            "prevalence": 0.3333333333333333
        },
        {
            "domain": "htplayground.com",
            "prevalence": 0.25925925925925924
        },
        {
            "domain": "adsninja.ca",
            "prevalence": 0.18518518518518517
        },
        {
            "domain": "storage.googleapis.com",
            "prevalence": 0.07407407407407407
        },
        {
            "domain": "htlbid.com",
            "prevalence": 0.07407407407407407
        },
        {
            "domain": "mediatradecraft.com",
            "prevalence": 0.037037037037037035
        },
        {
            "domain": "adapex.io",
            "prevalence": 0.037037037037037035
        }
    ],
    "types": {
        "Script": 22,
        "XHR": 12,
        "Document": 10
    },
    "nameservers": [
        "sean.ns.cloudflare.com",
        "aida.ns.cloudflare.com"
    ]
}