{
    "domain": "p7cloud.net",
    "owner": {},
    "source": [
        "DuckDuckGo-NO"
    ],
    "prevalence": 0.00201,
    "sites": 20,
    "subdomains": [
        "silo48",
        "silo52",
        "silo29",
        "silo43",
        "silo27",
        "silo50",
        "ua",
        "location",
        "lal"
    ],
    "cnames": [],
    "fingerprinting": 2,
    "resources": [
        {
            "rule": "p7cloud\\.net\\/as1\\.js",
            "cookies": 0.00181,
            "fingerprinting": 1,
            "subdomains": [
                "silo48",
                "silo52",
                "silo29",
                "silo43",
                "silo27",
                "silo50"
            ],
            "apis": {
                "window.localStorage": 18,
                "Date.prototype.getTime": 18,
                "Navigator.prototype.languages": 15,
                "Document.cookie getter": 18,
                "Document.cookie setter": 18,
                "Navigator.prototype.userAgent": 2,
                "window.devicePixelRatio": 1,
                "Screen.prototype.width": 1,
                "Screen.prototype.height": 1,
                "Navigator.prototype.platform": 1
            },
            "sites": 20,
            "prevalence": 0.00201,
            "cnames": [],
            "responseHashes": [
                "df4f3696891365077221651bb8c9a520d48c5f32d3919ea3642ec30c6c4c2fbf",
                "7f70055f77b7f3dc9d5548862d8025f7ecc8a860b61f1e3683a1a48b1f66f995",
                "b16955c3f65c3340114cfcae3c3776787a544cb4ac17307be95cfffe2f484297",
                "c031d6aab00c5df17124ce7f63b9af38ffde1b7e035ff64861f80a194470dc47",
                "86befc61573fff16a3c4c883f42e5ed42f9f2af81c954b66a0d943a1af961e31",
                "36f02a17fb644922ba431ae1a972f59530c086ed2a2662297cf487b663e247db",
                "04324a6b0a3cbe01c1b10bf008a926c10c0f9c3720afd01617b5153382a34dd7",
                "811715848a67506b54d71d6f13ef7b7e21e1f06fbb01824fc24d395bfc3c144e",
                "fc02d4b3a609b38a65da161154856a308b031384da3b9e928953c74aa7b0cfd8",
                "cf95604ec7a0660d9dcf2749f2cbb58c4e0d78edcc8ea35b83ec60adb2de1a80",
                "e3b0c44298fc1c149afbf4c8996fb92427ae41e4649b934ca495991b7852b855",
                "90554249edbaad0307b0686ae343fd3dc37c262f48b701b077372b6eaa0ca655",
                "51c9843bd09ca7b6cf25c63e15a60ffb9156a7de00ade2470c2ffcbe04976e71",
                "97bd0b332e2286985fded584f38f5251a47a10b4072cf5ebca51a3fc6eb46873"
            ],
            "type": "Script",
            "firstPartyCookies": {
                "aspan_s": {
                    "ttl": 1824,
                    "length": 21,
                    "prevalence": 0.0018077734257306419,
                    "uniqueness": 1
                }
            },
            "firstPartyCookiesSent": {
                "_li_dcdm_c": 0.00020086371397007131
            },
            "exampleSites": [
                "attackofthefanboy.com",
                "dotesports.com",
                "gamerjournalist.com",
                "primagames.com",
                "progameguides.com",
                "twinfinite.net",
                "upcomer.com",
                "wegotthiscovered.com",
                "www.charlieintel.com",
                "www.destructoid.com",
                "www.dexerto.com",
                "www.escapistmagazine.com",
                "www.gamepur.com",
                "www.gameskinny.com",
                "www.mindbodygreen.com",
                "www.newsweek.com",
                "www.pcinvasion.com",
                "www.siliconera.com",
                "www.usmagazine.com",
                "www.vice.com"
            ]
        },
        {
            "rule": "p7cloud\\.net\\/if\\.html",
            "cookies": 0.00171,
            "fingerprinting": 1,
            "subdomains": [
                "silo48",
                "silo52",
                "silo43",
                "silo27"
            ],
            "apis": {
                "Date.prototype.getTime": 18,
                "Document.cookie setter": 17,
                "Document.cookie getter": 10,
                "window.localStorage": 17
            },
            "sites": 18,
            "prevalence": 0.00181,
            "cnames": [],
            "responseHashes": [
                "d42edb141cda8b27117800847a1d1934059ded1125122778a2bdc05fac4a4fd4"
            ],
            "type": "Document",
            "firstPartyCookies": {
                "_t": {
                    "ttl": 244,
                    "length": 3,
                    "prevalence": 0.0005021592849251782,
                    "uniqueness": 0.2
                },
                "arcid": {
                    "ttl": 7776025,
                    "length": 8,
                    "prevalence": 0.0017073415687456062,
                    "uniqueness": 0.23529411764705882
                },
                "cohorts": {
                    "ttl": 7776025,
                    "length": 55,
                    "prevalence": 0.0017073415687456062,
                    "uniqueness": 1
                },
                "tapad": {
                    "ttl": 1209608,
                    "length": 13,
                    "prevalence": 0.0008034548558802853,
                    "uniqueness": 1
                }
            },
            "firstPartyCookiesSent": {},
            "exampleSites": [
                "attackofthefanboy.com",
                "dotesports.com",
                "gamerjournalist.com",
                "primagames.com",
                "progameguides.com",
                "twinfinite.net",
                "upcomer.com",
                "wegotthiscovered.com",
                "www.charlieintel.com",
                "www.destructoid.com",
                "www.dexerto.com",
                "www.escapistmagazine.com",
                "www.gamepur.com",
                "www.gameskinny.com",
                "www.newsweek.com",
                "www.pcinvasion.com",
                "www.siliconera.com",
                "www.usmagazine.com"
            ]
        },
        {
            "rule": "p7cloud\\.net\\/cpm\\.js",
            "cookies": 0,
            "fingerprinting": 0,
            "subdomains": [
                "silo48",
                "silo43"
            ],
            "apis": {},
            "sites": 15,
            "prevalence": 0.00151,
            "cnames": [],
            "responseHashes": [
                "6558b4c93e7c2366a12f5213091cf6c0b5484653ca553f86a8a087f24e1c9fbb",
                "99c6f9c5fe8088bcfeb0e994baea2947fcd437cd7512134e272a2402cf363352"
            ],
            "type": "Script",
            "firstPartyCookies": {},
            "firstPartyCookiesSent": {},
            "exampleSites": [
                "attackofthefanboy.com",
                "dotesports.com",
                "gamerjournalist.com",
                "primagames.com",
                "progameguides.com",
                "twinfinite.net",
                "upcomer.com",
                "wegotthiscovered.com",
                "www.destructoid.com",
                "www.escapistmagazine.com",
                "www.gamepur.com",
                "www.gameskinny.com",
                "www.newsweek.com",
                "www.pcinvasion.com",
                "www.siliconera.com"
            ]
        },
        {
            "rule": "p7cloud\\.net\\/p\\.png",
            "cookies": 0,
            "fingerprinting": 0,
            "subdomains": [
                "silo48",
                "silo52",
                "silo43",
                "silo27"
            ],
            "apis": {},
            "sites": 18,
            "prevalence": 0.00181,
            "cnames": [],
            "responseHashes": [
                "8d2a86129fbb237c7e1d13bd864237c920b537499a377b21d6889752a33710d3"
            ],
            "type": "Image",
            "firstPartyCookies": {},