{
    "domain": "posthog.com",
    "owner": {},
    "source": [
        "DuckDuckGo-NO"
    ],
    "prevalence": 0.00221,
    "sites": 22,
    "subdomains": [
        "us.i",
        "eu.i",
        "eu",
        "us-assets.i",
        "eu-assets.i",
        "app"
    ],
    "cnames": [],
    "fingerprinting": 2,
    "resources": [
        {
            "rule": "posthog\\.com\\/decide\\/",
            "cookies": 0,
            "fingerprinting": 0,
            "subdomains": [
                "us.i",
                "eu.i",
                "eu"
            ],
            "apis": {},
            "sites": 22,
            "prevalence": 0.00221,
            "cnames": [],
            "responseHashes": [
                "6ed3577b996b90c9e61dcbbf91f89958649792d4bc10e3aea7fef3eb7646d436",
                "4aeb81b7e0d1782eafe5022205be924d33d020d4524380e3a19b37d0d637979e",
                "d34e72e0cf5d6730244bdcc7ac13b6659c4d9b1469eddf7efe1d074285598486",
                "2b6e87a422b07d39bb3d0121db0ea0d60003e1a5dcc43f7b3023cf7ea8f8cc2f",
                "33428e4d3e6280dd6307b2508f412672b734e241a2f0c1b2b513bdbe94d7cb8b",
                "cfb1bd3fbe4996fa2e9dc6e86a7ff2a69a91f83a3104366c7576f1011a07a737",
                "77230f872b18ce4c149cb82efdc58423a8e26a25ff7a1e346a29ef679adc9650",
                "1386ecb5df3cf2987607d3770c916790c6c0f6826b64ba5f94d0884012ea4b4f",
                "079a5bd4a4702d46a6813befea50085cf997dc174a9086f7b76c29bf7527d15f",
                "1e4d065e937ccf07c8f5b2fa0c5d9b86b920fd67168d449cb8d1c9eb46118e55",
                "296ceeacf64fdaca3b74cec28fc7729edac6cf4bf7f23f5a244a6a4bdc5547b5",
                "0fce3f961bb5d0118d0c02bf1f6514c5406f90c4174bcffe6adec540ce3f219d",
                "9471a3e8cb2168cd6c0d87a709a0e6a26cfea76e7bac0455c42d14a3addefd1b",
                "e74736f5fcbc61bd532e38433e2c948c06f57b2b5d25f6141928a1e3b62d83a5",
                "35a7e04330c5f5f4405afe810e16d58ee3cfbcb4109dc71f43ce4170c26069fe",
                "a000208766d17a921a877e043d7bd375a7e11f04d271f1f4638b2d6ba2faeb26",
                "9f9c8ce9c54b9aae53221d291bd27a34ead2c4f36142720b7cf7732c1faf1736"
            ],
            "type": "XHR",
            "firstPartyCookies": {},
            "firstPartyCookiesSent": {},
            "exampleSites": [
                "docs.anthropic.com",
                "www.spleis.no",
                "www.sitepoint.com",
                "www.nationaltheatret.no",
                "avinor.no",
                "www.krogsveen.no",
                "www.squeeze.no",
                "authorityastrology.com",
                "www.elgato.com",
                "entur.no",
                "www.grontfokus.no",
                "julius.ai",
                "www.tokenmetrics.com",
                "www.soundverse.ai",
                "vinify.app",
                "www.forbrukertest.no",
                "modena.no",
                "bookis.com",
                "www.upscale.media",
                "play.typeracer.com"
            ]
        },
        {
            "rule": "posthog\\.com\\/e\\/",
            "cookies": 0,
            "fingerprinting": 0,
            "subdomains": [
                "us.i",
                "eu.i",
                "eu"
            ],
            "apis": {},
            "sites": 19,
            "prevalence": 0.00191,
            "cnames": [],
            "responseHashes": [
                "7d4afed20a912db310862a5294bcf8fb6269c76a292908ddc1fbd496456eff56"
            ],
            "type": "XHR",
            "firstPartyCookies": {},
            "firstPartyCookiesSent": {},
            "exampleSites": [
                "authorityastrology.com",
                "avinor.no",
                "docs.anthropic.com",
                "entur.no",
                "julius.ai",
                "modena.no",
                "usafacts.org",
                "vinify.app",
                "www.avinor.no",
                "www.elgato.com",
                "www.forbrukertest.no",
                "www.grontfokus.no",
                "www.krogsveen.no",
                "www.nationaltheatret.no",
                "www.sitepoint.com",
                "www.soundverse.ai",
                "www.spleis.no",
                "www.squeeze.no",
                "www.tokenmetrics.com"
            ]
        },
        {
            "rule": "posthog\\.com\\/static\\/array\\.js",
            "cookies": 0.001,
            "fingerprinting": 2,
            "subdomains": [
                "eu",
                "us-assets.i",
                "eu-assets.i",
                "app"
            ],
            "apis": {
                "Navigator.prototype.userAgent": 10,
                "Date.prototype.getTime": 10,
                "window.sessionStorage": 10,
                "window.localStorage": 10,
                "Document.cookie getter": 10,
                "Document.cookie setter": 10,
                "Navigator.prototype.onLine": 10,
                "NavigatorUAData.prototype.brands": 10,
                "Navigator.prototype.webdriver": 10,
                "Navigator.prototype.vendor": 9,
                "Intl.DateTimeFormat.prototype.resolvedOptions": 9,
                "Navigator.prototype.language": 9,
                "Screen.prototype.height": 9,
                "Screen.prototype.width": 9,
                "window.innerHeight": 9,
                "window.innerWidth": 9
            },
            "sites": 10,
            "prevalence": 0.001,
            "cnames": [],
            "responseHashes": [
                "432b7e667063ce9fa3b07c878c13bd75b558a2ce3c5a7da601b7789b0d3978aa"
            ],
            "type": "Script",
            "firstPartyCookies": {
                "ph_phc_VsRgyp2GP08YDtWkIIVemuAVO3DLxJBJp8D5tj453gc_posthog": {
                    "ttl": 31536012,
                    "length": 190,
                    "prevalence": 0.00020086371397007131,
                    "uniqueness": 1
                },
                "dmn_chk_019336ba-04c3-7245-99d4-f198c898fcea": {
                    "ttl": -1731789978,
                    "length": 1,
                    "prevalence": 0.00010043185698503566,
                    "uniqueness": 1
                },
                "ph_phc_wWvTJTWTbC3Oxk1ebTnyAir93FwPPqxqd91dvrJWE3z_posthog": {
                    "ttl": 31536003,
                    "length": 168,
                    "prevalence": 0.00010043185698503566,
                    "uniqueness": 1
                },
                "dmn_chk_019336f3-29a2-707e-ae6d-c762f844003a": {
                    "ttl": -1731793723,
                    "length": 1,
                    "prevalence": 0.00010043185698503566,
                    "uniqueness": 1
                },
                "ph_phc_To51WQPtTiVLhJgOK1Yj2ZSIzmJuInKR4KfqjDKVuiP_posthog": {
                    "ttl": 31536004,
                    "length": 168,
                    "prevalence": 0.00010043185698503566,
                    "uniqueness": 1
                },
                "dmn_chk_019336e4-8748-7096-a8ad-e7aa11999f8e": {
                    "ttl": -1731792763,
                    "length": 1,
                    "prevalence": 0.00010043185698503566,
                    "uniqueness": 1
                },
                "dmn_chk_019336e8-61fe-7470-adb3-ce311ead3f7a": {
                    "ttl": -1731793017,
                    "length": 1,
                    "prevalence": 0.00010043185698503566,
                    "uniqueness": 1
                },
                "ph_phc_KZY39ZPwAQ6Qs4WV5tWlYJVDbJbaPuLpCzH7S1yoDFY_posthog": {
                    "ttl": 31536004,
                    "length": 168,
                    "prevalence": 0.00010043185698503566,
                    "uniqueness": 1
                },
                "dmn_chk_019336bf-e9b3-7df5-94a1-6e9582f949e7": {
                    "ttl": -1731790364,
                    "length": 1,
                    "prevalence": 0.00010043185698503566,
                    "uniqueness": 1
                },