{
    "domain": "redfastlabs.com",
    "owner": {},
    "source": [
        "DuckDuckGo-NO"
    ],
    "prevalence": 0.000402,
    "sites": 4,
    "subdomains": [
        "1fd4972a-a5e7-4b86-92a7-2c6375ba14ea",
        "01e7a205-a967-499a-bb8b-7f8e6c870759",
        "c5ae3b90-d8c4-4a2f-8774-4856a74d56b8"
    ],
    "cnames": [],
    "fingerprinting": 1,
    "resources": [
        {
            "rule": "redfastlabs\\.com\\/assets\\/redfast\\.js",
            "cookies": 0,
            "fingerprinting": 1,
            "subdomains": [
                "1fd4972a-a5e7-4b86-92a7-2c6375ba14ea",
                "01e7a205-a967-499a-bb8b-7f8e6c870759"
            ],
            "apis": {
                "Navigator.prototype.userAgent": 3,
                "Event.prototype.timeStamp": 3,
                "window.sessionStorage": 3,
                "Date.prototype.getTime": 3,
                "Navigator.prototype.platform": 3,
                "window.localStorage": 3,
                "Document.cookie getter": 3
            },
            "sites": 3,
            "prevalence": 0.000301,
            "cnames": [],
            "responseHashes": [
                "861161d589b12705b2fbaf5a57315527f769c3e4c131bf3ad165240cb702717d",
                "ca65829e993c90062d0dc017af00ecf07cd14d3bdd7c7ef0556c276fef19c431"
            ],
            "type": "Script",
            "firstPartyCookies": {},
            "firstPartyCookiesSent": {},
            "exampleSites": [
                "plex.tv",
                "www.plex.tv",
                "www.thesimsresource.com"
            ]
        },
        {
            "rule": "redfastlabs\\.com\\/assets\\/brig\\.umd\\.min\\.App\\.js",
            "cookies": 0,
            "fingerprinting": 1,
            "subdomains": [
                "1fd4972a-a5e7-4b86-92a7-2c6375ba14ea",
                "c5ae3b90-d8c4-4a2f-8774-4856a74d56b8",
                "01e7a205-a967-499a-bb8b-7f8e6c870759"
            ],
            "apis": {
                "Navigator.prototype.userAgent": 4,
                "window.localStorage": 4
            },
            "sites": 4,
            "prevalence": 0.000402,
            "cnames": [],
            "responseHashes": [
                "a60a3bc73e167983453482d2b352b4805ca9d33728c26d94ce9f1ab0b7417509",
                "5c95ddfb18188f7a8e61e148b0b8b905220cffdfad1024822ce14b0de80ee548",
                "d158b22463b9fb814ebc9c801f42eb6e78090bbee8e45dc3f3a9b1be6298d1f9"
            ],
            "type": "Script",
            "firstPartyCookies": {},
            "firstPartyCookiesSent": {},
            "exampleSites": [
                "plex.tv",
                "www.britbox.com",
                "www.plex.tv",
                "www.thesimsresource.com"
            ]
        }
    ],
    "categories": [],
    "performance": {},
    "cookies": 0,
    "topInitiators": [
        {
            "domain": "googletagmanager.com",
            "prevalence": 0.75
        },
        {
            "domain": "first party",
            "prevalence": 0.25
        }
    ],
    "types": {
        "Script": 7
    },
    "nameservers": [
        "ns-372.awsdns-46.com",
        "ns-923.awsdns-51.net",
        "ns-1567.awsdns-03.co.uk",
        "ns-1335.awsdns-38.org"
    ]
}