{
    "domain": "segmetrics.io",
    "owner": {},
    "source": [
        "DuckDuckGo-NO"
    ],
    "prevalence": 0.000301,
    "sites": 3,
    "subdomains": [
        "track"
    ],
    "cnames": [],
    "fingerprinting": 2,
    "resources": [
        {
            "rule": "segmetrics\\.io\\/collect",
            "cookies": 0,
            "fingerprinting": 0,
            "subdomains": [
                "track"
            ],
            "apis": {},
            "sites": 3,
            "prevalence": 0.000301,
            "cnames": [],
            "responseHashes": [
                "e3b0c44298fc1c149afbf4c8996fb92427ae41e4649b934ca495991b7852b855"
            ],
            "type": "Ping",
            "firstPartyCookies": {},
            "firstPartyCookiesSent": {
                "_ga": 0.00020086371397007131,
                "_seg_uid_17254": 0.00010043185698503566,
                "_seg_uid": 0.00030129557095510696,
                "km_lv": 0.00010043185698503566,
                "_fbp": 0.00010043185698503566,
                "_seg_uid_16127": 0.00010043185698503566,
                "_seg_uid_15816": 0.00010043185698503566
            },
            "exampleSites": [
                "grammarist.com",
                "hackertyper.com",
                "storylearning.com"
            ]
        }
    ],
    "categories": [],
    "performance": {},
    "cookies": 0.0001,
    "topInitiators": [
        {
            "domain": "convertkit.com",
            "prevalence": 0.6666666666666666
        },
        {
            "domain": "first party",
            "prevalence": 0.3333333333333333
        }
    ],
    "types": {
        "Ping": 3
    },
    "nameservers": [
        "piers.ns.cloudflare.com",
        "angelina.ns.cloudflare.com"
    ]
}