{
    "domain": "trafget.com",
    "owner": {},
    "source": [
        "DuckDuckGo-NO"
    ],
    "prevalence": 0.001,
    "sites": 10,
    "subdomains": [
        "ts"
    ],
    "cnames": [],
    "fingerprinting": 0,
    "resources": [
        {
            "rule": "trafget\\.com\\/nw100\\.php",
            "cookies": 0.000703,
            "fingerprinting": 0,
            "subdomains": [
                "ts"
            ],
            "apis": {},
            "sites": 7,
            "prevalence": 0.000703,
            "cnames": [],
            "responseHashes": [
                "7e910ef048741c29422d5819d74b8b82622f1de01cad80c02d0ee50ebdc4b25f",
                "28aa2d19dedc62f43baf62c875339c7bc6086800f1b41a510dcd773dd6e35a35",
                "be9cca40d01dab7231e62270fa479f4afd4026e0b4f6fab5f70d2791ea8d4214",
                "772a0ac1970785b969c48ae5f165f3f9ce4500a6e4a844d857f073016c77cd09",
                "56a4b18e6e4ea575a13b54b5c903fccda151914eaeac7b15842f85c1e8770aa6",
                "243e9e1a65657438831676bb6782231ccc101e568d41bc7200d9f34a6617da2d"
            ],
            "type": "Document",
            "firstPartyCookies": {},
            "firstPartyCookiesSent": {},
            "exampleSites": [
                "bustypics.com",
                "hdporn92.com",
                "hdpornpics.com",
                "iceporncasting.net",
                "sexstories69.com",
                "swingerpornfun.com",
                "www.youngpussy.pics"
            ]
        },
        {
            "rule": "trafget\\.com\\/nw\\.php",
            "cookies": 0.000502,
            "fingerprinting": 0,
            "subdomains": [
                "ts"
            ],
            "apis": {},
            "sites": 5,
            "prevalence": 0.000502,
            "cnames": [],
            "responseHashes": [
                "5b225562f1d6c13d75f9c2bfdcd7c44c6087d59e61550f3c318000042a0935e4",
                "0d06748f39219e68ef90fab90d38e2d0af2ae3785ff19ce9792c367c6e96bfa7",
                "c1fc4f12fb7fe92337b87a650a532045808237bcc0a2015fc00e9af23d6b1dfa",
                "0a7a200103f4f9238c58b542a53c71c43d7c241acba54867b794d94ed80319f7"
            ],
            "type": "Document",
            "firstPartyCookies": {},
            "firstPartyCookiesSent": {},
            "exampleSites": [
                "hdporn92.com",
                "iceporncasting.net",
                "porngo.xxx",
                "sexynudes.tv",
                "www.imagefap.com"
            ]
        }
    ],
    "categories": [],
    "performance": {},
    "cookies": 0.001,
    "topInitiators": [
        {
            "domain": "tsyndicate.com",
            "prevalence": 0.34782608695652173
        },
        {
            "domain": "first party",
            "prevalence": 0.30434782608695654
        },
        {
            "domain": "perfecttitspics.com",
            "prevalence": 0.30434782608695654
        },
        {
            "domain": "shukriya90.com",
            "prevalence": 0.043478260869565216
        }
    ],
    "types": {
        "Document": 12
    },
    "nameservers": [
        "buck.ns.cloudflare.com",
        "harleigh.ns.cloudflare.com"
    ]
}