{
    "domain": "vntsm.io",
    "owner": {},
    "source": [
        "DuckDuckGo-NO"
    ],
    "prevalence": 0.00372,
    "sites": 37,
    "subdomains": [
        "hb"
    ],
    "cnames": [],
    "fingerprinting": 0,
    "resources": [
        {
            "rule": "vntsm\\.io\\/content\\.html",
            "cookies": 0.00372,
            "fingerprinting": 0,
            "subdomains": [
                "hb"
            ],
            "apis": {},
            "sites": 37,
            "prevalence": 0.00372,
            "cnames": [],
            "responseHashes": [
                "840b8a06f6ff8fab6ce3aa0618ff8323cf79a7e0f182d48b124e6236e7958097",
                "ce8368e5b8e9f2f066acc6284578c00021aea742c4c7c7ec2836c232a5f8b1f8",
                "69437d93ad51b39f4b4ce4d503fab9faba0bbcffb649046b070b4acd48a81f83",
                "af04fc37b03ac129a5f040cd228c7705650fb7493483eac12e0321bc75a1c569",
                "6562a53feb613d87036e3caad9d088bd108195b91533283f14d10d6570a7f4a9",
                "e5467daf09273e91172b9290f246888611d844a03c88f4f76a29017561b8812e",
                "e615e0e6b3c7db2387aedb39ae91402d0a09af1166490bdfe9a92248eb52dafe",
                "78b62646ccce489ca47451196ae4df28fb4c3e0c3e7a762f72718ca354d564a8",
                "b3e0a7b30b7e62c92e585243cfd66f6f88da746abe8ecaecb84c7bc662487c94",
                "e3b0c44298fc1c149afbf4c8996fb92427ae41e4649b934ca495991b7852b855",
                "2948e78a27aa3484fb32210cd3d94876c1fe21dbf812c66cf9d2ee1a6d7e5572",
                "2c3bab89879d06986bb5894ae9e5db8f4b0ecfbed71bf05fb26e707b64e23476",
                "e0cc65312e5a0815e5d574ccb8dab45906138ccf84d474d6b5a51c03b199e742",
                "40ae479d8e27f913d3561d4fdcdc1ad1ec444d4df4c84667db941b54f2ffe163",
                "2334b0d5da2668315d694d525a2b5f11c3038e12a1c66c8c97ec619d58e73ba4",
                "00fd71bdbe91fb0df6df93a3a38a394b67276b013755ab414806c9399a37916f",
                "fb51aa070ddd72eea4ddfa4f25cc73d229da8ac05232dd85ad9426e05406d1ac",
                "cf8fe0dddfaa73e92622e18137035ea2df03c32dbf3c8bb6eaab89a2748d4540",
                "4308d698043ebc1ab779849a360acf17a100e43d7a08ce84c7fce91e42696ec3",
                "da20da86ba4e885197536ba1e0756983a21103779a3d6e12fb4608928876c80e",
                "4dabaecfa885b710d17c453e1d1b728b62fb204d6b1f17a9a419d29dd0cd22c4",
                "c5afe49c78c5a8dfb7b671c2c6872b0e2b791632da93419558667094983739bb",
                "47306a8a8700aed1cebbaa220399689ecae8ed2b5e12c0ad5281ffe9b68ba538",
                "437ff412e102b148a928d495d17c35c08b5624d8de3b07255bc196bee98b600a",
                "2c9503c994eb6e6a401260f167717ab1a4b909fae78f345279d30db1e38b14f5",
                "4a578585790b78e000531e3150bb57253d13c1281e5888bdb5b45dabf396586c",
                "d6bb205534c1b3418574b9140c33f465edd7baaeba53655c0513ca0bc941ac5b",
                "f728dd1942715ace7577f21ed2e4adcab330b0585d928f5dcd5a1eb9f00064f2",
                "176a0def02b75e96c49fc453af96c44636d52312e34c6e651ace46a2c3e3c75a",
                "01f74ff2fae8a1213f16fe61c00e1eba5adffca0367a0134d9e98954af420705",
                "ad5d36261c9e79694a17a1ff1febeb9c08dd2d89e06d158a0fd263f901e3f8f5",
                "df2b5d38305991ea12b58699007f4a79fe232c40b9cb3a62c2629abb32f054fc",
                "fc3d55c6e60d05c2001fb45e6dbaace925853b61165d91c5abf806456706edaa",
                "bf9acd1ba5d3198301b7e95c0a0d4ccf8c36aeadb94006e367b036402c2e8b1b"
            ],
            "type": "Fetch",
            "firstPartyCookies": {},
            "firstPartyCookiesSent": {},
            "exampleSites": [
                "www.smogon.com",
                "www.pokemoncoders.com",
                "www.gamewatcher.com",
                "openguessr.com",
                "pokemonshowdown.com",
                "www.op.gg",
                "www.rpgsite.net",
                "skribbl.io",
                "www.overtake.gg",
                "cdn.playfootball.games",
                "www.futbin.com",
                "satisfactory-calculator.com",
                "anilist.co",
                "www.systemrequirementslab.com",
                "www.sammobile.com",
                "wzstats.gg",
                "murlok.io",
                "farmingsimulator22mods.com",
                "www.powerpyx.com",
                "www.playstationtrophies.org"
            ]
        }
    ],
    "categories": [],
    "performance": {},
    "cookies": 0.00372,
    "topInitiators": [
        {
            "domain": "vntsm.com",
            "prevalence": 0.8
        },
        {
            "domain": "first party",
            "prevalence": 0.15
        },
        {
            "domain": "adinplay.com",
            "prevalence": 0.05
        }
    ],
    "types": {
        "Fetch": 37
    },
    "nameservers": [
        "ns-866.awsdns-44.net",
        "ns-1655.awsdns-14.co.uk",
        "ns-1245.awsdns-27.org",
        "ns-99.awsdns-12.com"
    ]
}