{
    "domain": "wisepops.net",
    "owner": {},
    "source": [
        "DuckDuckGo-NO"
    ],
    "prevalence": 0.000904,
    "sites": 9,
    "subdomains": [],
    "cnames": [],
    "fingerprinting": 2,
    "resources": [
        {
            "rule": "wisepops\\.net\\/loader\\.js",
            "cookies": 0.000201,
            "fingerprinting": 2,
            "subdomains": [],
            "apis": {
                "window.sessionStorage": 3,
                "window.localStorage": 3,
                "Document.cookie getter": 2,
                "Document.cookie setter": 2,
                "Date.prototype.getTime": 3,
                "window.innerHeight": 3,
                "window.innerWidth": 3,
                "Navigator.prototype.cookieEnabled": 3,
                "Intl.DateTimeFormat.prototype.resolvedOptions": 3
            },
            "sites": 9,
            "prevalence": 0.000904,
            "cnames": [],
            "responseHashes": [
                "014e6ac59a116190acca4e4a7f2322a680445b36f423a2817c172e2ebfcc9402",
                "bcb37db1a559b548aad8daf11a23b63d5a3f1e6b6e0731a6be844976524c798a",
                "e3b0c44298fc1c149afbf4c8996fb92427ae41e4649b934ca495991b7852b855",
                "70d9187958cb7ecf23bbe3f3497c3155714e903a840fc91f5f5382fe1a151fb9",
                "9c3b7fa080dddd89f37ada05aba3382c9e28e3e87dc66a9b8df42415cb5581fe",
                "751172f8a3682c1d2c7f8b0ffb1b4acecfce664f882663db7535160703c8b218"
            ],
            "type": "Script",
            "firstPartyCookies": {
                "__tld__": {
                    "ttl": 14,
                    "length": 1,
                    "prevalence": 0.00020086371397007131,
                    "uniqueness": 0.5
                },
                "wisepops": {
                    "ttl": 63072000,
                    "length": 175,
                    "prevalence": 0.00020086371397007131,
                    "uniqueness": 1
                },
                "wisepops_session": {
                    "ttl": null,
                    "length": 282,
                    "prevalence": 0.00020086371397007131,
                    "uniqueness": 1
                },
                "wisepops_visitor": {
                    "ttl": 63072000,
                    "length": 67,
                    "prevalence": 0.00020086371397007131,
                    "uniqueness": 1
                },
                "wisepops_visits": {
                    "ttl": 63072000,
                    "length": 40,
                    "prevalence": 0.00020086371397007131,
                    "uniqueness": 1
                },
                "wisepops_props": {
                    "ttl": 63072000,
                    "length": 38,
                    "prevalence": 0.00010043185698503566,
                    "uniqueness": 1
                }
            },
            "firstPartyCookiesSent": {},
            "exampleSites": [
                "dbjourney.com",
                "haynes.com",
                "satechi.net",
                "www.byggmax.se",
                "www.cg.no",
                "www.dailywire.com",
                "www.machinelearningplus.com",
                "www.platekompaniet.no",
                "www.vl.no"
            ]
        },
        {
            "rule": "wisepops\\.net\\/id",
            "cookies": 0,
            "fingerprinting": 0,
            "subdomains": [],
            "apis": {},
            "sites": 6,
            "prevalence": 0.000603,
            "cnames": [],
            "responseHashes": [
                "25a56a7d8df2afcaed061a18dad82ac08120a0cf0bccc781a9a3368c1cfae987",
                "f5cbf960d443a8bfcf686f30079709e7194a3478eb61efef2de0f9d21fef47f5",
                "575c75bb2b0519aae8829b827d8eec9d81faebfeb217c3403673d7bb247b0069",
                "df5fafbe43dc7cce56864dd9551f3e1fe3276b42ce1849bef12e547a37c59d88",
                "a13c62fc7231c987102647c4f21b160dd45172d5f3c361677823d46716d71778"
            ],
            "type": "Fetch",
            "firstPartyCookies": {},
            "firstPartyCookiesSent": {},
            "exampleSites": [
                "dbjourney.com",
                "haynes.com",
                "satechi.net",
                "www.dailywire.com",
                "www.platekompaniet.no",
                "www.vl.no"
            ]
        },
        {
            "rule": "wisepops\\.net\\/my-wisepop",
            "cookies": 0,
            "fingerprinting": 0,
            "subdomains": [],
            "apis": {},
            "sites": 6,
            "prevalence": 0.000603,
            "cnames": [],
            "responseHashes": [
                "90d8a5d300e0cd8cc4658027cd285a0e0b086646f5dd5842c355df6fe3e40046",
                "dc01e10198d66ec66eec163c586c82a2c4b87fbaffc43f07193177eb396b04a5",
                "9f8c1d4d166d0184e4adec1e221df22e0a5a0f357bea61f4546762a6cf4ff502",
                "46580d05f5e89b9fd5c5e07e151d6442748cc21275aa21f8003b511d0ddf8732",
                "09426158474046dcb98a498047fdc189c661546189ef15d0fc0bc6114dcdbd42"
            ],
            "type": "XHR",
            "firstPartyCookies": {},
            "firstPartyCookiesSent": {},
            "exampleSites": [
                "dbjourney.com",
                "haynes.com",
                "satechi.net",
                "www.dailywire.com",
                "www.platekompaniet.no",
                "www.vl.no"
            ]
        }
    ],
    "categories": [],
    "performance": {},
    "cookies": 0.000201,
    "topInitiators": [
        {
            "domain": "first party",
            "prevalence": 0.5263157894736842
        },
        {
            "domain": "googletagmanager.com",
            "prevalence": 0.15789473684210525
        },
        {
            "domain": "wisepops.com",
            "prevalence": 0.10526315789473684
        },
        {
            "domain": "sentry-cdn.com",
            "prevalence": 0.10526315789473684
        },
        {
            "domain": "osano.com",
            "prevalence": 0.05263157894736842
        },
        {
            "domain": "segment.com",
            "prevalence": 0.05263157894736842
        }
    ],
    "types": {
        "Script": 9,
        "Fetch": 6,
        "XHR": 6
    },
    "nameservers": [
        "wally.ns.cloudflare.com",
        "marek.ns.cloudflare.com"
    ]
}