{
    "domain": "162.252.214.4",
    "owner": {},
    "source": [
        "DuckDuckGo-US"
    ],
    "prevalence": 0.0000683,
    "sites": 10,
    "subdomains": [],
    "cnames": [],
    "fingerprinting": 0,
    "resources": [
        {
            "rule": "162\\.252\\.214\\.4\\/p",
            "cookies": 0,
            "fingerprinting": 0,
            "subdomains": [],
            "apis": {},
            "sites": 10,
            "prevalence": 0.0000683,
            "cnames": [],
            "responseHashes": [
                "43c660a84ad6cd75cc9dbca95d4ae896a12b988e7422cc4023e1eda7b878334d",
                "6aec190d8e9d6a9ec086bb2e8cbe3300a4cd46328b7387edffd92ddd9283d45d",
                "664bf57540edd511bab3d4d352ddf7023661f8d66b7a10e4d10eb00d427881aa",
                "159b889e6b39d2bbcb78286b877509cfda0a084cba0536c9cde59e73d22bc775",
                "68bb0655c15a3082920009772b1eb60f6947afb66d1c806df1034f73b5e4bdca",
                "dab93a435c65d4f88b727a778d9b5684a4794ea9f8a6d9987e8a4ce567e0862f",
                "f494797f5ca36a339b14a3ea6fb590af750d24e1c612abc7c390ef61ebdef6a2",
                "acd33b79b5e3ba10ed6cd1b388890ada7d9a3ae08c3ec0af0390d828bea5b33f",
                "9d669bf707db7b08e0c750f2299005898074881b2863025dde1a0369e43fa7d7"
            ],
            "type": "XHR",
            "firstPartyCookies": {},
            "firstPartyCookiesSent": {},
            "exampleSites": [
                "960thepatriot.com",
                "dennisprager.com",
                "drbokep.art",
                "ramostkd.com",
                "slaynews.com",
                "ussanews.com",
                "whkradio.com",
                "www.bizpacreview.com",
                "www.wikifeet.com",
                "www.yoursun.com"
            ]
        }
    ],
    "categories": [],
    "performance": {},
    "cookies": 0,
    "types": {
        "XHR": 10
    },
    "nameservers": []
}