{
    "domain": "44.212.189.233",
    "owner": {},
    "source": [
        "DuckDuckGo-US"
    ],
    "prevalence": 0.00177,
    "sites": 259,
    "subdomains": [],
    "cnames": [],
    "fingerprinting": 0,
    "resources": [
        {
            "rule": "44\\.212\\.189\\.233\\/is",
            "cookies": 0,
            "fingerprinting": 0,
            "subdomains": [],
            "apis": {},
            "sites": 238,
            "prevalence": 0.00163,
            "cnames": [],
            "responseHashes": [
                "ba5e6aec6bf2cc5ae78d38fd44b5860318587fb0539905fd525babaf411a943a",
                "8a25e96760556ed8440ef3a5aaefa664c792bf36b540661b08ed97c5526531c4",
                "b4140af84fa591ee7cbbfc6b464616378ddd1673f81e58a500e0a540a40cdbb4",
                "02b603138548fbce43aefa37c4e8638f782cc0a35e43f684295082c03c077e9e",
                "509b7181fcf93631db9b4e118115709a22ced1b168a0b42f9fd83f9e81ecadf6",
                "7b434721d58712d7a55a1ccbe0e2a3b49cc61535ea7157b1a218c2c9dd72b4fe",
                "c0882918061252c79af83eed5d463fc0def92fc840494bdc38d9ccf60119dd75",
                "be4acbe0111df264c9cefb71029e218306b9a0a1314fab620b43d31738e293e0",
                "5ad4b5388a701c254029ce533b5a5c4f575a86a3cbc2938fbd75fb7b7303083e",
                "301a43087f72a36b8120c33ac26d6e96ba1d184dcc8b3485d579ad4dd076b0a3",
                "ce0a069a8bd13cb02d460723cdfbb812d54202fe463f5d89e2ed6d420d6da7d9",
                "94554b32f43f364697e3d5702ff51291ad56e5c616ac19466fb02dfc605fbf84",
                "5ce93ce08351087685e5cd1767912c78f3c6fd3d44bc1af2bbc554d38e324304",
                "4db897849d651389d81e261ae1062d1e83896e5f2fbf27e7f01cf50fa6f53d39",
                "ee3917a67e411b61be832a447723dc43ccd74d2c6a62d6929b77f1c1b0c11f5e",
                "823e00249ebf724f19ea4ae36c980eaa3f247602a44d08416035ba25230786aa",
                "c4a7edf23fbed62f595391c0e87cb983fc1574203e7835b321f33b81b34e1d9b",
                "216e32049a282eae42c387a215a36e45c3530d6c4516d697bd25362136427ccd",
                "1ac0012334cdef1a7fa914cdf6777cfb792423a4f9c52b7b9399d72c2ad8b555",
                "7957cc43c09b55b3880b808ad2e1188b1546507a97d6d8389e2b72d86f9fcae3",
                "8705e0fb5100cd8c73a441b42a22778e8317e85744b64ccc5453a815416121b9",
                "17672da5e5f797b4672611647bffc0abcfdf67c2309700f2d79ab43750a4da50",
                "8a5b3623f3faebdf2e555dbe79076991148b347105bc7ac7ee442ca5cfc5d841",
                "bd838722d5b69e062a347faebfa6111adb524cab1c8716da7be58fa55a6f42b0",
                "b6b4ba7fb1be021d8bc38089b017c53d11b864e2a344a193092f83285335b51e",
                "748ff279543456cc7bc55d8872742a53f179f216c29efedf4a957e9126551b70",
                "7cd90a08be99485ea31981aae9c8dd350fc1da185c58e7f3cd7eeb36f34a7a8a",
                "e0a06ad4366b5680b2423708bd8e24c46af2def9b7d0eab0335e7aa1e7932c38",
                "2ad084ed1cc02160bfa578e93d4ddf2fb216f6558ef29c0c143f403f51ab00e8",
                "16e150df71860fc0836fb7df67b6b0b5758ec76d0cc0acdc356f2817d91f7d8c",
                "293e69f6a0550a3b74261e2ec141e25adc79c0f5add07df0efdd0059eac775ad",
                "c789a9c3e6a4978fa18ce339ed36aeb39de7fe574d5d15df7aa1eee00c49a1a6",
                "4723ef750e24a9aac5344cdebee6d74996d8300088a843f50206eacb8e0446fe",
                "8721a1ea5f193ecd84ca9a830ec85f5203a4c4709c0f6eaadb4e247c2af53df1",
                "2ff216739ab1ef1bf047c871cf0cc82bf72507bfc871d0f9ad1d0d9b811f3311",
                "d9d79765cbb0f08237c73c12f4ddb09f64ce78a92c52833668f815ee3c7eb671",
                "31de05712b355704decc9b5510e61220d232c1361d93a5775787fd6bf2228a75",
                "ab2511b7b5a5b1ad379241c0e72932bceb420507f69713b8c1a6e16e4e697227",
                "768ee9a9981b878ad0bd6002197c3dc1e487a006fdbd69b8632cf73054d07a97",
                "a8c6fabe84efa205c0a13cf9b1af482571ff496d8952710bac9980a4447a3570",
                "b9534ecc28b378a71052aad05e65fbffe1fed7007418a0ae70ea01eda2adf90a",
                "acdd46e154a40538574d8342a3ae3f170b28f3cc73bb9fe6f0adaa14bd613aa7",
                "4274bacec18ca7ee4056cebdf13b5bda20c52267f672ae794631a183614bbcf8",
                "9459abad0bdad83157943191c4c7aac662256294b282515f9498e7ae4d02bde2",
                "99e0b02d48410c9e7f78c69598e85b7cda4c0183ac7b71c39266ff6b1f2a18e4",
                "20b7790baac45f434abbc734c14ab657c4a5802cdd523fda21688e0cb3397f2c",
                "e812a29c65ee9a3025b0bd7b0cb671d1fdcb78d2dff7e90d8b6c86de95972679",
                "8e669fb4cacfc4f63ad48ad710e456461e7f95312ae39d55d9e5a44d8abb7788",
                "8f6e51ae551f28eb450be7967ed301602648ef00e8ff137a9b4bd183fc4eeed4",
                "94ff6339b16676b8c94fd897bc2b60427b4db83d6b40c0d23fb66908d55109b9",
                "b487c2fe911253033bdcab6b24146b673d94d0ba5729bb165b83ff3efd5460a8",
                "be80a6a4f78ef2fdd6d6ccb0e9f1dcf9e404a51ffbb7f933267381c5401fadb7",
                "797d6b5a8fcf233bafd1db98df5e78144f5e1124db8e081bf8f65596770a3d9b",
                "29ddfe44342a7699c1c5c9b90978fe3348c7d238f2f270ec6d1f905297a032fb",
                "baf28af7def311efa0e9d37dead0056dd9213b9d36744ad3374b7353fae60cd7",
                "b9a0c13f4a82a93f01261568f2ba847122a1827e772def08a91ee070467e0c99",
                "2a5e5ab7c8168ac98e5844c07c7df825591a1b09ee9a1849bc301e08200eef5c",
                "c729d9b57e7e91a276623d1ed4a0f41abf02302c70ef0eea8fa0da910a18c973",
                "5f08116dbe3db0dfd6e0264cf81df1a7eb60dcb956de39e26a1d409f035daa41",
                "a128e958b6ca9180706d502b4734698eaa896a5024477793098772ae20a42287",
                "c0b3792f16612566c4fa036879c9912ebb21d5780e13d2bd8af1192e02eb13ba",
                "dc515bfed2779dab8c746959068db22f1c62cc21bb97a34ce3ea39d4bf6ff701",
                "d8c80715ccaa4a06edb52a31165d9c62f0a2ecef3830116b3a54c6d9e95b6f3e",
                "c86e1de9403e74afc6bdbdb5bce4fcc911ecabc290bf3c81f20634bb65fd730f",
                "d82929c8edf0d6dbebf61044f46e32c19bddcac6298d1e5809b366c87dd505ca",
                "2379ff27975b5f245866c2d9d469f9cc3177c776a845e3b82daa519c9d765b3d",
                "f7bd51d32ad3f2f7bbd720dfafb824374854859f8dff916c759fe95fd4e47931",
                "b593411655c08df8785bde98f17649f0e0d279bcbb283142d22630369869958f",
                "997357eef124d02632d1cebff6d6ee6abde5b6809e86cee29438790e5d9c8348",
                "1a411ba665ce9b12b38606970f2cc2f9aa136d125856db72600fd1170255a6e8",
                "081f3420a500791cc795d90499adfa90687f47b3245d9148607b18c4dbbe8f18",
                "1b8033c342ce661200581895703dc7a464ae7f26a20da088c5ef32af8d633a6e",
                "ce6e9c0e6a0d94f454d5288d74094a6a16ca244fd8c6f5f038fa75c26c691e6a",
                "2aad4f791b95a96b49688bfb880ce0ba1d74b4258fd24ddb06d436a7e57d4ade",
                "7b0e8aa07440f32fccb5ac648e00f3741b367f9f883fdf61a83e1d83414c2d1b",
                "2c16da032b2e6633f52573f6219243af2e3bc89801597b908f2ef26158eaf334",
                "0605230b81985cacd283d62c9c0c71d2a9e3df4ccee0d5701a229eae808d7596",
                "cf12e4a4c3192df72e3f453475ac30867019dcbfb166becc4ded34cb93143c72",
                "66020657c9de7709989871230651865ebed8f8cf4d617d331bc58d659b8eafc1",
                "c5fb9b74fcb9b4ad90c889532dd993173c035649d2cea565b41c3f0b9a2ea09e",
                "a7d1e3704bd5e070364b087a9ed5a69362709a283c44b242d515a055db8317e5",
                "ef6824059e9bdd9528d5bdbdcb81264c8955b5b3ff92ed58d4e549254e54db01",
                "47423ad4c69a90aad8eacda78859e89fb96ac30465c91e5e6099898cd45d170c",
                "4195178e42c1fb8396519cc446341373c7a332c1fc7628b41e03dee0f1bd061e",
                "2d3d6149a317816cd9f573345363b2cd1c4665c62aee499910e123df9408a931",
                "c64a7e3cb1334b485b4f6bf487cee5fdbc5419104c49e0d7cb0cb5012a6117fe",
                "5c9ea77d62982002aedf385d9a80628875c7a00000d77f14dbe7e571ac7e5b9f",
                "496890e196ecb589d785223a9cf03df0eaf7d767098389b94095dcf47a090c7e",
                "8614cbdd3fe7d8eec4b90d154240fc2d7f730e7e93973d961a2f8bbdf7672fc9",
