{
    "domain": "a3cloud.net",
    "owner": {},
    "source": [
        "DuckDuckGo-US"
    ],
    "prevalence": 0.00026,
    "sites": 38,
    "subdomains": [
        "segment",
        "t"
    ],
    "cnames": [],
    "fingerprinting": 1,
    "resources": [
        {
            "rule": "a3cloud\\.net\\/px\\.png",
            "cookies": 0,
            "fingerprinting": 0,
            "subdomains": [
                "segment"
            ],
            "apis": {},
            "sites": 21,
            "prevalence": 0.000143,
            "cnames": [],
            "responseHashes": [
                "e558424ac245701349259101ac073e9259faa3331e7f1b8a1f1242703096cdfa"
            ],
            "type": "Image",
            "firstPartyCookies": {},
            "firstPartyCookiesSent": {
                "ats-cid-AM-141524-sid": 0.000006832001093120175,
                "ats-cid-AM-141096-sid": 0.00001366400218624035,
                "ats-cid-AM-141564-sid": 0.000006832001093120175,
                "ats-cid-AM-141086-sid": 0.0000273280043724807,
                "ats-cid-AM-141101-sid": 0.000020496003279360526,
                "ats-cid-AM-141090-sid": 0.00001366400218624035,
                "ats-cid-AM-141591-sid": 0.000006832001093120175,
                "ats-cid-AM-141036-sid": 0.000006832001093120175,
                "ats-cid-AM-141628-sid": 0.000006832001093120175,
                "ats-cid-AM-141554-sid": 0.000006832001093120175,
                "ats-cid-AM-141627-sid": 0.000006832001093120175,
                "ats-cid-AM-141124-sid": 0.000006832001093120175,
                "ats-cid-AM-141451-sid": 0.000006832001093120175,
                "ats-cid-AM-141528-sid": 0.000006832001093120175
            },
            "exampleSites": [
                "www.citizensbank.com",
                "nation.foxnews.com",
                "www.michaelkors.com",
                "www.massageenvy.com",
                "www.lauramercier.com",
                "www.aarons.com",
                "www.sfmoma.org",
                "www.atkins.com",
                "www.equifax.com",
                "animoto.com",
                "massageenvy.com",
                "shop.hersheys.com",
                "de.community.sonos.com",
                "help.fox.com",
                "en.community.sonos.com",
                "michaelkors.com",
                "www.fox.com",
                "try.nation.foxnews.com",
                "www.journeys.com",
                "locations.massageenvy.com"
            ]
        },
        {
            "rule": "a3cloud\\.net\\/AM-141096\\/tag\\.js",
            "cookies": 0.0000137,
            "fingerprinting": 1,
            "subdomains": [
                "t"
            ],
            "apis": {
                "Document.cookie getter": 2,
                "Date.prototype.getTime": 2,
                "Document.cookie setter": 2
            },
            "sites": 2,
            "prevalence": 0.0000137,
            "cnames": [],
            "responseHashes": [
                "e1720400748670f08b0252d4bde926feb8733169c20b9a8761c161fc995e70c0"
            ],
            "type": "Script",
            "firstPartyCookies": {
                "ats-cid-AM-141096-sid": {
                    "ttl": null,
                    "length": 8,
                    "prevalence": 0.00001366400218624035,
                    "uniqueness": 1
                }
            },
            "firstPartyCookiesSent": {},
            "exampleSites": [
                "sonos.com",
                "en.community.sonos.com"
            ]
        },
        {
            "rule": "a3cloud\\.net\\/AM-141086\\/tag\\.js",
            "cookies": 0.0000342,
            "fingerprinting": 1,
            "subdomains": [
                "t"
            ],
            "apis": {
                "Document.cookie getter": 5,
                "Date.prototype.getTime": 5,
                "Document.cookie setter": 5
            },
            "sites": 5,
            "prevalence": 0.0000342,
            "cnames": [],
            "responseHashes": [
                "53f7cfc0adee020743823a46a44255fca4a61457c685d62eeafaa5fa33fd9bf0"
            ],
            "type": "Script",
            "firstPartyCookies": {
                "ats-cid-AM-141086-sid": {
                    "ttl": null,
                    "length": 8,
                    "prevalence": 0.00003416000546560088,
                    "uniqueness": 1
                }
            },
            "firstPartyCookiesSent": {},
            "exampleSites": [
                "fox.com",
                "help.fox.com",
                "nation.foxnews.com",
                "try.nation.foxnews.com",
                "www.fox.com"
            ]
        },
        {
            "rule": "a3cloud\\.net\\/AM-141101\\/tag\\.js",
            "cookies": 0.0000205,
            "fingerprinting": 1,
            "subdomains": [
                "t"
            ],
            "apis": {
                "Document.cookie getter": 3,
                "Date.prototype.getTime": 3,
                "Document.cookie setter": 3
            },
            "sites": 3,
            "prevalence": 0.0000205,
            "cnames": [],
            "responseHashes": [
                "0bc62905fe2d89aefbfb2c56ff9aa988980e744a9b4a7e02ccc1d3d23ae45290"
            ],
            "type": "Script",
            "firstPartyCookies": {
                "ats-cid-AM-141101-sid": {
                    "ttl": null,
                    "length": 8,
                    "prevalence": 0.000020496003279360526,
                    "uniqueness": 1
                }
            },
            "firstPartyCookiesSent": {},
            "exampleSites": [
                "massageenvy.com",
                "locations.massageenvy.com",
                "www.massageenvy.com"
            ]
        },
        {
            "rule": "a3cloud\\.net\\/AM-141090\\/tag\\.js",
            "cookies": 0.0000137,
            "fingerprinting": 1,
            "subdomains": [
                "t"
            ],
            "apis": {
                "Document.cookie getter": 2,
                "Date.prototype.getTime": 2,
                "Document.cookie setter": 2
            },
            "sites": 2,
            "prevalence": 0.0000137,
            "cnames": [],
            "responseHashes": [
                "ffd514fe919eb794657b6e36e5f261bb294441a9252b80ba517bb699116a728b"
            ],
            "type": "Script",
            "firstPartyCookies": {
                "ats-cid-AM-141090-sid": {
                    "ttl": null,
                    "length": 8,
                    "prevalence": 0.00001366400218624035,
                    "uniqueness": 1
                }
            },
            "firstPartyCookiesSent": {},
            "exampleSites": [
                "michaelkors.com",
                "www.michaelkors.com"
            ]
        },
        {
            "rule": "a3cloud\\.net\\/AM-141591\\/tag\\.js",
            "cookies": 0.0000137,
            "fingerprinting": 1,
            "subdomains": [
                "t"
            ],
            "apis": {
                "Document.cookie getter": 2,
                "Date.prototype.getTime": 2,
                "Document.cookie setter": 2
            },
            "sites": 2,
            "prevalence": 0.0000137,
            "cnames": [],
            "responseHashes": [
                "ac7f32178aeab340f2e101ce14c1f9125b6fcd2ca9b5d00cc90c0599235ee7d5"
            ],
            "type": "Script",
            "firstPartyCookies": {
                "ats-cid-AM-141591-sid": {
                    "ttl": null,
                    "length": 8,
                    "prevalence": 0.00001366400218624035,
                    "uniqueness": 1
                }
            },
            "firstPartyCookiesSent": {},