{
    "domain": "a47b.com",
    "owner": {},
    "source": [
        "DuckDuckGo-US"
    ],
    "prevalence": 0.000683,
    "sites": 100,
    "subdomains": [
        "aam",
        "a"
    ],
    "cnames": [],
    "fingerprinting": 2,
    "resources": [
        {
            "rule": "a47b\\.com\\/aam",
            "cookies": 0,
            "fingerprinting": 2,
            "subdomains": [
                "aam"
            ],
            "apis": {
                "Date.prototype.getTimezoneOffset": 26,
                "window.innerWidth": 26,
                "window.innerHeight": 26,
                "Navigator.prototype.userAgent": 26,
                "Screen.prototype.availHeight": 25,
                "Screen.prototype.availWidth": 25
            },
            "sites": 97,
            "prevalence": 0.000663,
            "cnames": [],
            "responseHashes": [
                "8703270a08e1e7b13e1556a7f18f08eddaf077d50fe49b9b5bfead59f35a3db2",
                "70de996cae8bcd81462de67824114f6d39270ecba5b863bdc16b424abcd6b026",
                "69fedafbaf9c7311de58e558b4cee6de266b79702159663505fa9ef064f35fcb",
                "574fa27afe1f7f271bb753fbbb3438e6dd7de1e836b4a98b6e3127f095a69188",
                "583dc71428a8353b3a757caa756da6d679d085788dcad723427782b4488beb04",
                "9c45f0c859930cff73484aeea4f66aa075bfaaed522feb0f28697d449fa46e7d",
                "1ecbb58f89c7371ecda3ff77d6d512671a718d3f51905e665a57efdebb6cb651",
                "9b78e88238a421ac2878de7f16dc80dc282e6ab78dd52b26989d77ead7ef2772",
                "e3b0c44298fc1c149afbf4c8996fb92427ae41e4649b934ca495991b7852b855",
                "7bb4254914889ff653a9cbddeb622ac7aa85f3572c60928f2ab991dc1f86f3d5",
                "60a6c1d73bc875303977a7dd61a7b9484df57440e7360f9cc190521309464624",
                "f8d94fd1f0c2138f63932b7bf090a442daad427d8e47cc67a95a13f840c70b13",
                "10de6cd0f2d2d06b956965c8727ea6b3b257ee8dc1bba5275a3674ee696e5202",
                "ccd3b1da49697f38c012871147641982cf9d41cbb0cc12168e2002b8695a231d",
                "bd4b5c5e344fe290a66389a85fd205a8e06d12aaa70be0b20b77ac2d264bf6c6",
                "4e51f9b87e96231af73bafb01768ad19d33f5ff7ca8a415bf88ee83d41cd9121",
                "f8416e23f3672f26a458d239d9158791b5ab94d099daec2e14686cf61e8a2b49",
                "d49b381ef183db51afd25aae3f684fe71f901da82c23a2f741e417110f24e0a6",
                "cee6023cf88bfb1e94b8babd40e7ea3e3cc2901841385ebd16bf7df5c0fd355c",
                "5c5394b56625a5780aeb586368cb73f72bf8984bb9dda3cfde2d8b526428e8ff",
                "8d68c56154fa292469304f06b5873cc96c9da52eb09f9d703ae6f2352b996332",
                "e66a0f14bce07bcf78620bf704044c887cbad095cff92daa5a906329cf3c7ba7",
                "1623f5aa47829e26d9329247314547569dc9590b2149c6633e116e0fd503ec04",
                "7f0114b7ea815d656c6e6de70467feedb37648580ae5670ac91123e08cdd53f4",
                "7cf2ed54a6909e3c56bb75b7237e6df48949adee677d60c999c36f47439798dc",
                "48e78106e2860d9c08830aa5f291552c48e8e4dc3017a6f3afcf8c84de58911a",
                "0233144397819f54de6bdd2641ae147d8da3fd2c66480a2b5f9e01c12a886630",
                "e6cb74af06d42418489bb07b85bfd941fbfc7af2456b07be83278004cbd8b1c4",
                "bfc17dbb5a6189fd33a6af7080ba883ea1aff507e6fae7bb19dbfedd58bb5498",
                "08fc5557d41df13d6df3b5dc2a3184503d6f9b373d3adf1e8f985bbbbe7ceaa6",
                "5385c39d5c9b23deb1d27a21d0bae9b52497bd4350f59031b5bf474f7b54484e"
            ],
            "type": "Script",
            "firstPartyCookies": {},
            "firstPartyCookiesSent": {
                "lotame_domain_check": 0.0005124000819840131,
                "_cats": 0.000006832001093120175,
                "_li_dcdm_c": 0.000006832001093120175
            },
            "exampleSites": [
                "marketwatch.com",
                "www.tomshardware.com",
                "dungeonsdragons.fandom.com",
                "www.toptenreviews.com",
                "www.pcgamer.com",
                "www.mbr.co.uk",
                "valorant.fandom.com",
                "www.livingetc.com",
                "id5.fandom.com",
                "www.laptopmag.com",
                "www.womanandhome.com",
                "m.rediff.com",
                "www.countrylife.co.uk",
                "infinitefusion.fandom.com",
                "www.livescience.com",
                "forums.horseandhound.co.uk",
                "www.realhomes.com",
                "subnautica.fandom.com",
                "www.bloomberg.co.jp",
                "historica.fandom.com"
            ]
        },
        {
            "rule": "a47b\\.com\\/track\\/mntrjsAssessed",
            "cookies": 0,
            "fingerprinting": 0,
            "subdomains": [
                "a"
            ],
            "apis": {},
            "sites": 27,
            "prevalence": 0.000184,
            "cnames": [],
            "responseHashes": [
                "e3b0c44298fc1c149afbf4c8996fb92427ae41e4649b934ca495991b7852b855"
            ],
            "type": "Image",
            "firstPartyCookies": {},
            "firstPartyCookiesSent": {},
            "exampleSites": [
                "historica.fandom.com",
                "dungeonsdragons.fandom.com",
                "www.waste360.com",
                "www.gosunoob.com",
                "tdx.fandom.com",
                "deltarune.fandom.com",
                "www.theticket.com",
                "freddy-fazbears-pizza.fandom.com",
                "yopmail.com",
                "m.rediff.com",
                "thehuntercotw.fandom.com",
                "outlast.fandom.com",
                "doors-game.fandom.com",
                "raft.fandom.com",
                "sloanreview.mit.edu",
                "www.equipmentworld.com",
                "www.ogj.com",
                "infinitefusion.fandom.com",
                "wutheringwaves.fandom.com",
                "www.kevinmd.com"
            ]
        },
        {
            "rule": "a47b\\.com\\/track\\/aamHrtBt",
            "cookies": 0,
            "fingerprinting": 0,
            "subdomains": [
                "a"
            ],
            "apis": {},
            "sites": 19,
            "prevalence": 0.00013,
            "cnames": [],
            "responseHashes": [
                "e3b0c44298fc1c149afbf4c8996fb92427ae41e4649b934ca495991b7852b855"
            ],
            "type": "Image",
            "firstPartyCookies": {},
            "firstPartyCookiesSent": {},
            "exampleSites": [
                "fandom.com",
                "cult-of-the-lamb.fandom.com",
                "dti-dress-to-impress.fandom.com",
                "dungeonsdragons.fandom.com",
                "freddy-fazbears-pizza.fandom.com",
                "ftl.fandom.com",
                "historica.fandom.com",
                "infinitefusion.fandom.com",
                "m.rediff.com",
                "outlast.fandom.com",
                "raft.fandom.com",
                "sloanreview.mit.edu",
                "wutheringwaves.fandom.com",
                "www.bloomberg.co.jp",
                "www.equipmentworld.com",
                "www.kevinmd.com",
                "www.ogj.com",
                "www.theticket.com",
                "www.waste360.com"
            ]
        }
    ],
    "categories": [],
    "performance": {},
    "cookies": 0,
    "topInitiators": [
        {
            "domain": "webcontentassessor.com",
            "prevalence": 0.7264150943396226
        },
        {
            "domain": "doubleclick.net",
            "prevalence": 0.18396226415094338
        },
        {
            "domain": "2mdn.net",
            "prevalence": 0.05188679245283019
        },
        {
            "domain": "adlightning.com",
            "prevalence": 0.014150943396226415
        },
        {
            "domain": "script.ac",