{
    "domain": "aaxads.com",
    "owner": {
        "name": "Acceptable Ads Exchange",
        "displayName": "Acceptable Ads Exchange"
    },
    "source": [
        "DuckDuckGo-US"
    ],
    "prevalence": 0.000915,
    "sites": 134,
    "subdomains": [
        "c"
    ],
    "cnames": [],
    "fingerprinting": 2,
    "resources": [
        {
            "rule": "aaxads\\.com\\/aax\\.js",
            "cookies": 0,
            "fingerprinting": 2,
            "subdomains": [
                "c"
            ],
            "apis": {
                "window.sessionStorage": 51,
                "window.localStorage": 51,
                "window.innerWidth": 20,
                "window.innerHeight": 20,
                "Navigator.prototype.userAgent": 20,
                "Navigator.prototype.webkitTemporaryStorage": 20,
                "Performance.prototype.memory": 19,
                "Date.prototype.getTime": 13
            },
            "sites": 97,
            "prevalence": 0.000663,
            "cnames": [],
            "responseHashes": [
                "e3b0c44298fc1c149afbf4c8996fb92427ae41e4649b934ca495991b7852b855",
                "0f430470c35be31c932bd9cf27ad4c42459fc804cf7ef8f707e737bcfd79b597",
                "861c122398b62310ae89a0ab723f0b6e8220f40642b94f619a6ccc6e814f69c6",
                "9f0adf381a1c2b14b1a53e2316072a6cdeeb25a4df35e0a20a0936de858dddc5",
                "54e05831fd9772a0f1efa30f6148c84b874b50b4de57cde7744c547b47495988",
                "2946a88b624bdadbd1664a37eb49585a9af97a44234c8ebd0341d56432e0d087",
                "6b23c12d655eb91927c1a0827de9d48513daa2f1c58798f7e28a1ae4a1cdf7dc",
                "0c168fe1e209635d2d4dd98a572e4b3a16040e38dabada732c0a428e86893c01"
            ],
            "type": "Script",
            "firstPartyCookies": {},
            "firstPartyCookiesSent": {
                "lotame_domain_check": 0.00015713602514176402,
                "_li_dcdm_c": 0.00001366400218624035
            },
            "exampleSites": [
                "metro.co.uk",
                "www.pcworld.com",
                "wpde.com",
                "www.fox2detroit.com",
                "www.allfreejewelrymaking.com",
                "www.wearethemighty.com",
                "www.archdaily.com",
                "www.fox10phoenix.com",
                "www.pcwelt.de",
                "wgme.com",
                "katv.com",
                "kutv.com",
                "www.fox4news.com",
                "taskandpurpose.com",
                "www.calciomercato.com",
                "www.huffpost.com",
                "www.m3.se",
                "abc7amarillo.com",
                "wtov9.com",
                "kmph.com"
            ]
        },
        {
            "rule": "aaxads\\.com\\/aacxc\\.php",
            "cookies": 0,
            "fingerprinting": 0,
            "subdomains": [
                "c"
            ],
            "apis": {},
            "sites": 3,
            "prevalence": 0.0000205,
            "cnames": [],
            "responseHashes": [
                "e3b0c44298fc1c149afbf4c8996fb92427ae41e4649b934ca495991b7852b855"
            ],
            "type": "Image",
            "firstPartyCookies": {},
            "firstPartyCookiesSent": {},
            "exampleSites": [
                "2paragraphs.com",
                "www.browardpalmbeach.com",
                "www.phoenix.org"
            ]
        }
    ],
    "categories": [],
    "performance": {},
    "cookies": 0,
    "topInitiators": [
        {
            "domain": "amazon-adsystem.com",
            "prevalence": 0.42
        },
        {
            "domain": "webcontentassessor.com",
            "prevalence": 0.23333333333333334
        },
        {
            "domain": "first party",
            "prevalence": 0.12666666666666668
        },
        {
            "domain": "media.net",
            "prevalence": 0.08666666666666667
        },
        {
            "domain": "lovelydrum.com",
            "prevalence": 0.03333333333333333
        },
        {
            "domain": "shinypond.com",
            "prevalence": 0.02666666666666667
        },
        {
            "domain": "filehippo.net",
            "prevalence": 0.013333333333333334
        },
        {
            "domain": "voqally.com",
            "prevalence": 0.013333333333333334
        },
        {
            "domain": "adgrid.io",
            "prevalence": 0.013333333333333334
        },
        {
            "domain": "fanbyte.com",
            "prevalence": 0.013333333333333334
        }
    ],
    "types": {
        "Script": 97,
        "Image": 3
    },
    "nameservers": [
        "anna.ns.cloudflare.com",
        "anuj.ns.cloudflare.com"
    ]
}