{
    "domain": "ad-nex.com",
    "owner": {},
    "source": [
        "DuckDuckGo-US"
    ],
    "prevalence": 0.000198,
    "sites": 29,
    "subdomains": [
        "img"
    ],
    "cnames": [],
    "fingerprinting": 1,
    "resources": [
        {
            "rule": "ad-nex\\.com\\/data\\.php",
            "cookies": 0,
            "fingerprinting": 0,
            "subdomains": [],
            "apis": {},
            "sites": 21,
            "prevalence": 0.000143,
            "cnames": [],
            "responseHashes": [
                "e3b0c44298fc1c149afbf4c8996fb92427ae41e4649b934ca495991b7852b855",
                "49f4cbfc60cc2aa04279a8b875e73ae0f05d750cbeec3214f33b7ff7caab34a0",
                "7e44e155e96c87a0bb2b7ede5a7e89eb279dbbc8529ee485e681d63b56616194",
                "1a50496d3b2c4725bc3db97ecc970cfb46558731c72e0723b22a2ead22af4060",
                "78e6d545d8530b72ef463f55043a0f31f9576f7a7a20594b705b2b6b61f230b4",
                "c05c2faa5df7273b964e1d626d81df95e25951ffb2df9378eedd6f8d5d39fddd",
                "db3f4f87bf3bc4aa8f2cafea3a508d4ada0b1ec6a6c7cef6ef55d9e84e76a720",
                "3458c72124dd24772bd8cbcc659c5836d0a348efd9934ffcadf8174a8ed36f43",
                "e13d54e7f14a7369d7e49612dbd201dde3d1035d5577fbe9f55914806c9c2f75",
                "b7d71dfbacd2a38c22935971ef4c54bc4c26445b643127e6bca35db2a250b0e4"
            ],
            "type": "Script",
            "firstPartyCookies": {},
            "firstPartyCookiesSent": {},
            "exampleSites": [
                "en.javmix.tv",
                "hvideos.net",
                "drdinl.com",
                "erogazou-choice.com",
                "1000giribest.com",
                "gifruo.com",
                "ita-do.com",
                "geinou-nude.com",
                "eropasture.com",
                "erogazou-pinkline.com",
                "jav.direct",
                "puni-puni.com",
                "javmix.tv",
                "xvideo-jp.com",
                "fc1adult.com",
                "panchirach.com",
                "geinoujin-gazou.mixh.jp",
                "javfan.one",
                "adultgle.com",
                "lolistyle.work"
            ]
        },
        {
            "rule": "ad-nex\\.com\\/file\\/universal_tag\\/mfsxlavz91gs\\/ugga5gbrggct\\.js",
            "cookies": 0,
            "fingerprinting": 0,
            "subdomains": [
                "img"
            ],
            "apis": {},
            "sites": 2,
            "prevalence": 0.0000137,
            "cnames": [],
            "responseHashes": [
                "c8a3be6f2e76b56c832f1fcec5973a53db74a3ed3afd7ac557ec30f99068ff45"
            ],
            "type": "Script",
            "firstPartyCookies": {},
            "firstPartyCookiesSent": {},
            "exampleSites": [
                "javmix.tv",
                "en.javmix.tv"
            ]
        },
        {
            "rule": "ad-nex\\.com\\/file\\/universal_tag\\/mfsxlavz91gs\\/ugga5gbrggct\\/sc_ugga5m395ujz\\.js",
            "cookies": 0,
            "fingerprinting": 0,
            "subdomains": [
                "img"
            ],
            "apis": {},
            "sites": 2,
            "prevalence": 0.0000137,
            "cnames": [],
            "responseHashes": [
                "9e5bfb81e2aa6036f3b2b37e35ad5d09aea6565c9825438748ef741169b26d66"
            ],
            "type": "Script",
            "firstPartyCookies": {},
            "firstPartyCookiesSent": {},
            "exampleSites": [
                "javmix.tv",
                "en.javmix.tv"
            ]
        }
    ],
    "categories": [],
    "performance": {},
    "cookies": 0,
    "topInitiators": [
        {
            "domain": "ajax.googleapis.com",
            "prevalence": 0.50625
        },
        {
            "domain": "first party",
            "prevalence": 0.4875
        },
        {
            "domain": "ad-cheers.com",
            "prevalence": 0.00625
        }
    ],
    "types": {
        "Script": 25
    },
    "nameservers": [
        "ns1.dns.ne.jp",
        "ns2.dns.ne.jp"
    ]
}