{
    "domain": "ad-tech.ru",
    "owner": {},
    "source": [
        "DuckDuckGo-US"
    ],
    "prevalence": 0.000123,
    "sites": 18,
    "subdomains": [
        "cls",
        "profile",
        "img02"
    ],
    "cnames": [],
    "fingerprinting": 0,
    "resources": [
        {
            "rule": "ad-tech\\.ru\\/api\\/v1\\/events",
            "cookies": 0,
            "fingerprinting": 0,
            "subdomains": [
                "cls"
            ],
            "apis": {},
            "sites": 16,
            "prevalence": 0.000109,
            "cnames": [],
            "responseHashes": [
                "1a2060c7ae2d840117e313fa41f2ce20512f9c8a8ad60794ec711d731898f964",
                "b858a42a236d97b8e92b7f23b6aac2bf7bcfa6b931c284b0d0d846db915b521e",
                "1ca8d4546a7defac63c9e4b8873fb4c7104ef228f4926bc5a04df1a6803de54f",
                "3a4e056dc17b384abe1dafa974e3fb71410b8bb71dfa7d50040a3774bb61ab1e",
                "54a2b8ada908367839d1aea303b4b94086243c7fbd7c383a4d6c8ec54230e4ea",
                "148a66cee7f68e155b03ac4df8cf793f7291b6d85f185ec7acf37bd68de82f82",
                "76aeae5ea87dfe905c98cc4f6d0eb3d66ce6e7f888e46e63789b9eea33df84c0",
                "8f28e9a60f505074dde80afbf993785674e06544b9df664028e8bba31ce913cd",
                "b5865eedff4ef437c2fe4d375d7476057357060352f77d6f0389403ca9aaa2a9",
                "7876d7c589bd4d3c3c7b5ab8669b628721519e0ed334aba580482620d05739c8",
                "d4dbeded9683b77d72b83d4d8924b7d5c411e2f9705148219c72ccb5a8936723",
                "2b2340006d4c60f1d8440fa5b2efcf90ca25de173cb8e175f84d2314a9493a9c",
                "c19e1f6ce723dff89140a0428a1611bc317a84f653bc45f190aae88aa099573d",
                "10705b6188941b5448bb8930c5c29b91ff71704861d1594ed47caaa67a0c5ccf",
                "fd0361c6219f571d2ce1061359e93a86c717bb14f32d0c9e41c4bd776e4ced51"
            ],
            "type": "Fetch",
            "firstPartyCookies": {},
            "firstPartyCookiesSent": {},
            "exampleSites": [
                "afisha.ru",
                "daily.afisha.ru",
                "eda.ru",
                "finance.rambler.ru",
                "horoscopes.rambler.ru",
                "lenta.ru",
                "m.gazeta.ru",
                "m.lenta.ru",
                "mail.rambler.ru",
                "news.rambler.ru",
                "ohnotheydidnt.livejournal.com",
                "woman.rambler.ru",
                "www.afisha.ru",
                "www.championat.com",
                "www.gazeta.ru",
                "www.rambler.ru"
            ]
        },
        {
            "rule": "ad-tech\\.ru\\/api\\/v1\\/events",
            "cookies": 0,
            "fingerprinting": 0,
            "subdomains": [
                "cls"
            ],
            "apis": {},
            "sites": 16,
            "prevalence": 0.000109,
            "cnames": [],
            "responseHashes": [],
            "type": "Preflight",
            "firstPartyCookies": {},
            "firstPartyCookiesSent": {},
            "exampleSites": [
                "afisha.ru",
                "daily.afisha.ru",
                "eda.ru",
                "finance.rambler.ru",
                "horoscopes.rambler.ru",
                "lenta.ru",
                "m.gazeta.ru",
                "m.lenta.ru",
                "mail.rambler.ru",
                "news.rambler.ru",
                "ohnotheydidnt.livejournal.com",
                "woman.rambler.ru",
                "www.afisha.ru",
                "www.championat.com",
                "www.gazeta.ru",
                "www.rambler.ru"
            ]
        },
        {
            "rule": "ad-tech\\.ru\\/sandbox",
            "cookies": 0.000102,
            "fingerprinting": 0,
            "subdomains": [
                "profile"
            ],
            "apis": {},
            "sites": 16,
            "prevalence": 0.000109,
            "cnames": [],
            "responseHashes": [
                "2acd33ad74c4bf968c43200f3085901505a1d635c8a5ad53b450e0e24d00b758",
                "0c5f93bce95a61b4219ebeaef1c7d384a05f5983df5e1032c76505cdda0ba3b5",
                "333ebf9018d1a026fa03e619c30ccf21104ca671ae7b478a7fe41feddb877722",
                "7e83d90fe52a533afcdb50d9e1a934808764c491864dbfda954b666d79536c24",
                "64b26e5e6d3148929b13713688935eff78e394972d4b86edec72a87b49785591",
                "ad00d2aa2a12a5bcf8a14d9e36ef46d454444f8964b6278fff935e0a3071e708",
                "35ddbf0700b2736be675ff8ab0098856041c0a33cc6608d25308659234a8b5a0",
                "d2f38cd2c7021238cc1b23d0ef2cf6ac7c18461cb8606ac377c8c78bd40cb4b1",
                "1b3f7d268be87fc0958e939ff0f2ff9876c0ad1c5bfeedf691d1576dd5e44a33",
                "38b4918da53c59c6f76cd17abcbbecf8f01214fece58f87476b9a7b756f145f3",
                "4ea33d6167da3563391f2939a624dd3bec63929fdef8ed62204182831d9d853b",
                "584ed1c5a719298ca3315e7d6511988e41860b5e75b6583a98d100f86dafdd6a",
                "1ed61ad3b89964b10e71cd4d2d3b58d3c3cf091093f0baa348a81661ed2d4c26",
                "0c6e49b13f2d52438fb4228116bc530f0d2670a496f390cdc854561104841219",
                "a8a2263f101bc25caec25d958833c5f0601bc0b67b3f26a04525a3e9fc436fb2"
            ],
            "type": "Document",
            "firstPartyCookies": {},
            "firstPartyCookiesSent": {},
            "exampleSites": [
                "afisha.ru",
                "daily.afisha.ru",
                "eda.ru",
                "finance.rambler.ru",
                "horoscopes.rambler.ru",
                "lenta.ru",
                "m.gazeta.ru",
                "m.lenta.ru",
                "mail.rambler.ru",
                "news.rambler.ru",
                "ohnotheydidnt.livejournal.com",
                "woman.rambler.ru",
                "www.afisha.ru",
                "www.championat.com",
                "www.gazeta.ru",
                "www.rambler.ru"
            ]
        },
        {
            "rule": "ad-tech\\.ru\\/file\\.jsp",
            "cookies": 0,
            "fingerprinting": 0,
            "subdomains": [
                "img02"
            ],
            "apis": {},
            "sites": 9,
            "prevalence": 0.0000615,
            "cnames": [],
            "responseHashes": [
                "845a0999cc6595d90f5eeeca2c847697a9090e084aedae85f1daa0cd40bd4f31",
                "cb8e95b68ef66f57b2e88b3f0242fb661df54efcd71fc2280685edc3e51bc378",
                "38bbd44e4f721160754bc9cfc30abea8a73880c6729e103a933454adb97337b8",
                "90b61ac0551dfefa27453fb3cf57e8c91e4f8798d953200cdc062d85c03ba6ff",
                "7647a62a6221f6672ccc77de878fb3a0b83c1ee7f588f88d288fed86b50cdb34",
                "85aa59285c51954b989e828aacf3912a73de796a78bacd1c86985aa661b75584",
                "d06a9f724feee58044729f6a42e93c2b82ece6e870223ec75f70578bea478c60",
                "82cde86d8effd61a47b7fb18e163b045dfa96624fac7441b441c51f731368ad9"
            ],
            "type": "XHR",
            "firstPartyCookies": {},
            "firstPartyCookiesSent": {},
            "exampleSites": [
                "eda.ru",
                "horoscopes.rambler.ru",
                "lenta.ru",
                "m.gazeta.ru",
                "m.lenta.ru",
                "ohnotheydidnt.livejournal.com",
                "www.championat.com",
                "www.gazeta.ru",
                "www.rambler.ru"
            ]
        },
        {
            "rule": "ad-tech\\.ru\\/file\\.jsp",
            "cookies": 0,
            "fingerprinting": 0,
            "subdomains": [
                "img02"
            ],
            "apis": {},
            "sites": 6,
            "prevalence": 0.000041,
            "cnames": [],
            "responseHashes": [],
            "type": "Document",
            "firstPartyCookies": {},
            "firstPartyCookiesSent": {},