{
    "domain": "addoor.net",
    "owner": {},
    "source": [
        "DuckDuckGo-US"
    ],
    "prevalence": 0.0000683,
    "sites": 10,
    "subdomains": [
        "pubtags",
        "s",
        "metrics"
    ],
    "cnames": [],
    "fingerprinting": 2,
    "resources": [
        {
            "rule": "addoor\\.net\\/lib\\/contags\\/contags\\.js",
            "cookies": 0,
            "fingerprinting": 1,
            "subdomains": [
                "pubtags"
            ],
            "apis": {
                "Date.prototype.getTime": 7
            },
            "sites": 7,
            "prevalence": 0.0000478,
            "cnames": [],
            "responseHashes": [
                "4c43d7781328d231c75d379a9456815bf65052729b79a70102a489d24959eb82"
            ],
            "type": "Script",
            "firstPartyCookies": {},
            "firstPartyCookiesSent": {},
            "exampleSites": [
                "65ymas.com",
                "www.autopista.es",
                "www.diaridetarragona.com",
                "www.estrategiasdeinversion.com",
                "www.gasteizhoy.com",
                "www.lavozdealmeria.com",
                "www.vilaweb.cat"
            ]
        },
        {
            "rule": "addoor\\.net\\/syn\\/",
            "cookies": 0.0000547,
            "fingerprinting": 0,
            "subdomains": [
                "s"
            ],
            "apis": {},
            "sites": 8,
            "prevalence": 0.0000547,
            "cnames": [],
            "responseHashes": [
                "6a1e7cfa3f2caddef036ad546f8e966c7a777318d280895c52bf0c57c2dcbe7f",
                "3c108272d1d92ce9e75e1efe04972fb8157707495c7de0aed7e6fc57298246fd",
                "3400f9e1fa453e10d58c119bbb0f9368815f154eaab97dcff895e9279e619e3d",
                "48799621d9d6dadae25c026998e01be6ba46eb93d9e125aefcdacfe45fd11cdf",
                "1a9b3d9aef4ebb8ea42495dcf4b6f7ad2a9e36f142aadd702b6ca3e4d4bf3987",
                "b7c344cf1ca8768724e160271c705cabe113f99ea1f840c0bf47fefdd494132b",
                "3a3543dab526fe22a84219e54aa5c864a954f6460702b0074116c0205be3e001"
            ],
            "type": "Script",
            "firstPartyCookies": {},
            "firstPartyCookiesSent": {
                "lotame_domain_check": 0.00001366400218624035,
                "__pid": 0.000006832001093120175
            },
            "exampleSites": [
                "65ymas.com",
                "www.65ymas.com",
                "www.autopista.es",
                "www.diaridetarragona.com",
                "www.eldiario.es",
                "www.gasteizhoy.com",
                "www.lavozdealmeria.com",
                "www.vilaweb.cat"
            ]
        },
        {
            "rule": "addoor\\.net\\/static\\/admin\\/js\\/metrics\\.js",
            "cookies": 0,
            "fingerprinting": 1,
            "subdomains": [
                "metrics"
            ],
            "apis": {
                "window.localStorage": 3,
                "window.innerHeight": 1
            },
            "sites": 3,
            "prevalence": 0.0000205,
            "cnames": [],
            "responseHashes": [
                "6ac27848b9e358f7821aaeea9d84b461487aff6d7b12763280f5031c605210fd"
            ],
            "type": "Script",
            "firstPartyCookies": {},
            "firstPartyCookiesSent": {
                "lotame_domain_check": 0.000006832001093120175
            },
            "exampleSites": [
                "diaridetarragona.com",
                "www.elplural.com",
                "www.lavozdealmeria.com"
            ]
        }
    ],
    "categories": [],
    "performance": {},
    "cookies": 0.0000478,
    "topInitiators": [
        {
            "domain": "first party",
            "prevalence": 0.7333333333333333
        },
        {
            "domain": "googletagmanager.com",
            "prevalence": 0.26666666666666666
        }
    ],
    "types": {
        "Script": 18
    },
    "nameservers": [
        "docks05.rzone.de",
        "shades20.rzone.de"
    ]
}