{
    "domain": "adperfect.com",
    "owner": {},
    "source": [
        "DuckDuckGo-US"
    ],
    "prevalence": 0.000225,
    "sites": 33,
    "subdomains": [
        "casmp"
    ],
    "cnames": [],
    "fingerprinting": 0,
    "resources": [
        {
            "rule": "adperfect\\.com\\/widget\\/retailadvertiser",
            "cookies": 0.000178,
            "fingerprinting": 0,
            "subdomains": [
                "casmp"
            ],
            "apis": {},
            "sites": 26,
            "prevalence": 0.000178,
            "cnames": [],
            "responseHashes": [
                "f7037eb0a3a9471719f552e0f487623291e66b632f4e299c62c0c7b437dc064b",
                "372930fbc5385923d5d3dd9691955d359951ca439089190cee42c491e8d331a6",
                "c495ed16f6b05a93dfd44e61c268d798f71a53802210f1cbb7928cc5ece29612",
                "86fbac0cef2f074259fcc271f49a91a7516f965d87fa0656be7a22f8d6eea154",
                "df22e92df23dfe20e0e382c409f823ad7651a6edbdfbefbef753613e162549f4",
                "b6edf68020ea9abfd0f8855a2b143d6530d750a7d6f8d4223c925c19e1a51937",
                "13a5630b8ec63417f131054c2abdbe7ef6e0447beda9b8a44c1a66cbef50aeb7",
                "11ee0b5d9c49c5429c7a47ac7d15ecbd6368dce05aa0203fdc2743961ea0ea07",
                "7dfb07f14c6ffd1735c06a4d410a97bd1748df5ec23202ee4291e0ce1465f4ff",
                "a4e0b39c50a8b4ad11b737c1a73e0d9da7459547ed52bfae1347864987acb903",
                "544da6351b844433731e127b4f89646facbc57eaa3402e3bd6add78b71bb2b3f",
                "3715da81676df3173d4265e835aaddbc6b3ddfd1a90483407fb3632449291b5b",
                "65420e3331a1cb4f82e78c129695705e8157d71b57c6667172c4888fc8b79b1c",
                "f613318f20fc08d9f03c0b1d9eeb1c2e983846af770a4acddac2840e7162d6ea",
                "8aab1cb2c729d8877ecc0f579f6520e007556e637b16e79b133bab95523ac7e2",
                "2f9aa27b1163817a21ee6f97693df83ae5ff7db028789c1de52e7dc39b8d7ef7",
                "b70eb778288b4893045c8fd3de1c09f85a02c30e71efc7094371ab430aa385e5",
                "8c1934d74af47a4a6d0ee22ad8bcaa1fd846e06f758e600ef4ffcf103b7eb705"
            ],
            "type": "Script",
            "firstPartyCookies": {},
            "firstPartyCookiesSent": {
                "_li_dcdm_c": 0.00010248001639680262,
                "lotame_domain_check": 0.00003416000546560088
            },
            "exampleSites": [
                "www.gloucestertimes.com",
                "www.sharonherald.com",
                "www.lockportjournal.com",
                "www.starbeacon.com",
                "www.kokomotribune.com",
                "www.dailyitem.com",
                "www.register-herald.com",
                "www.thedailystar.com",
                "www.tribdem.com",
                "www.niagara-gazette.com",
                "www.dailyindependent.com",
                "www.crossville-chronicle.com",
                "www.newburyportnews.com",
                "www.dailycitizen.news",
                "www.times-news.com",
                "www.goshennews.com",
                "www.tribstar.com",
                "www.eagletribune.com",
                "www.mankatofreepress.com",
                "www.heraldbulletin.com"
            ]
        },
        {
            "rule": "adperfect\\.com\\/adwidget\\/emoo\\/classifieds",
            "cookies": 0.0000137,
            "fingerprinting": 0,
            "subdomains": [
                "casmp"
            ],
            "apis": {},
            "sites": 2,
            "prevalence": 0.0000137,
            "cnames": [],
            "responseHashes": [
                "e585ebf634cb7af82efa018e7b6abb09eb5369d32e0897b6c0fcdb65302757f0"
            ],
            "type": "Document",
            "firstPartyCookies": {},
            "firstPartyCookiesSent": {},
            "exampleSites": [
                "royalgazette.com",
                "www.royalgazette.com"
            ]
        }
    ],
    "categories": [],
    "performance": {},
    "cookies": 0.000219,
    "topInitiators": [
        {
            "domain": "first party",
            "prevalence": 1
        }
    ],
    "types": {
        "Script": 26,
        "Document": 2
    },
    "nameservers": [
        "ns-240.awsdns-30.com",
        "ns-1304.awsdns-35.org",
        "ns-934.awsdns-52.net",
        "ns-1893.awsdns-44.co.uk"
    ]
}