{
    "domain": "adsquirrel.ai",
    "owner": {},
    "source": [
        "DuckDuckGo-US"
    ],
    "prevalence": 0.0000683,
    "sites": 10,
    "subdomains": [
        "api"
    ],
    "cnames": [],
    "fingerprinting": 1,
    "resources": [
        {
            "rule": "adsquirrel\\.ai\\/ask",
            "cookies": 0,
            "fingerprinting": 0,
            "subdomains": [
                "api"
            ],
            "apis": {},
            "sites": 8,
            "prevalence": 0.0000547,
            "cnames": [],
            "responseHashes": [
                "a7cc77794d1d4aa53e68f10d9c2b79f539972b941e3b755bec82e6a161bb984f",
                "f9d1428d57782b26f8b579441ff8b82e32ca098635aacf6577c9f11cc29e6453",
                "0a5f21af8a8dbe127312a359aac5fe91d8ad0ee258085d1d375ebf5cc41ab3e2",
                "242a50915e87bf28eb74dbe7f41b4d6cd7d378ce97dc485898e313a2c2667f55",
                "3a662434cf9437d7e185726bddaf878ead7c70b0b03fdb5851e6721f252d4d2e",
                "e843d12b31511c34fa6ec5aa953aa5413a9a7d0e458fc20bad45243ee8a6246f",
                "ec6d794c5572c5b3a716c5430258bd336c42f0a92efdd0ae3a82d8308e1ab51b"
            ],
            "type": "Fetch",
            "firstPartyCookies": {},
            "firstPartyCookiesSent": {
                "lotame_domain_check": 0.000020496003279360526
            },
            "exampleSites": [
                "siol.net",
                "svet24.si",
                "www.alfavita.gr",
                "www.documentonews.gr",
                "www.enikos.gr",
                "www.ieidiseis.gr",
                "www.lifo.gr",
                "www.vimaorthodoxias.gr"
            ]
        },
        {
            "rule": "adsquirrel\\.ai\\/ask",
            "cookies": 0,
            "fingerprinting": 0,
            "subdomains": [
                "api"
            ],
            "apis": {},
            "sites": 2,
            "prevalence": 0.0000137,
            "cnames": [],
            "responseHashes": [
                "321ed3895c7268d206803420227eb60595889b67a493df5ef06ce0c2c27f7f99"
            ],
            "type": "XHR",
            "firstPartyCookies": {},
            "firstPartyCookiesSent": {},
            "exampleSites": [
                "klix.ba",
                "www.protothema.gr"
            ]
        }
    ],
    "categories": [],
    "performance": {},
    "cookies": 0,
    "topInitiators": [
        {
            "domain": "orangeclickmedia.com",
            "prevalence": 0.7272727272727273
        },
        {
            "domain": "first party",
            "prevalence": 0.2727272727272727
        }
    ],
    "types": {
        "Fetch": 8,
        "XHR": 2
    },
    "nameservers": [
        "marek.ns.cloudflare.com",
        "ashley.ns.cloudflare.com"
    ]
}