{
    "domain": "advertnative.com",
    "owner": {},
    "source": [
        "DuckDuckGo-US"
    ],
    "prevalence": 0.00026,
    "sites": 38,
    "subdomains": [
        "click"
    ],
    "cnames": [],
    "fingerprinting": 1,
    "resources": [
        {
            "rule": "advertnative\\.com\\/loading\\/",
            "cookies": 0,
            "fingerprinting": 1,
            "subdomains": [
                "click"
            ],
            "apis": {
                "Navigator.prototype.userAgent": 5,
                "window.innerHeight": 1
            },
            "sites": 37,
            "prevalence": 0.000253,
            "cnames": [],
            "responseHashes": [
                "fd5e0838392e336bae68d90461b60404776e7eba7fc0f825bfd6bda9dfa1ae21",
                "3cf0038034239488159640881f0a3dda36d9b2b32fa88c47b66b8f0ef78faa29",
                "b480509349c8b38bd4143d381d0059f2f3778b75193222bb5fb0a7665285fed0",
                "facfe075e0d94db9a4533dd1343a9ba5b8e3e179290bdb15fb70ed678fa01d19",
                "a372525a0da0251c9ea0f267205524c7c672c851cfa9b08a740ff8b7710f697b",
                "5e810147a4aae537ae91fa055d9d0105b5954ffc718eb953a98cc465a14cc98d",
                "5bd62a0fdd5c5be5b9af687af1b7428ced9c6c2dbf9a9808342e3c1228a53743",
                "c63e774e122fe7afd2a24b9d64968624bdedeed711f665ed8e55561050cec150",
                "36a9e7f1c95b82ffb99743e0c5c4ce95d83c9a430aac59f84ef3cbfab6145068",
                "c30dd3dcb119a0b4ddd5e08d410d9c8abdd8a732241e55b0eab1dbce20d3274f",
                "982f8dec9b28d767d3fb50cdefc13263389693bb7c8178649161047de5841489",
                "f678a3d7efae5a77ca2df6d439f54d4a652b256a287678c304d5af3bf86b8688",
                "3a5af9efdc76a48e7261e2c3cf3a78f58499f98a24bb123cf887ebc9c9f2b355",
                "9ea2099fea64d6ce6c45ec182469df3d0071ee10230f4d3c90fb7223d1acd1c2",
                "48e63ffb16b8a88e97c4917d84dc751fb07b05e94514c12ad45fe253f2e60ae1",
                "234b3e9cd14f17647fba6c15841cf158f51b584611ec273d2b080f1076e32670",
                "e1ad89aacc12e1b7f5a4ec152f53e8f9c08a34af0f7cab8acc213431c3c348b7",
                "16b14cb79dc271a60f90e1d4a0a6e69162a7fff6953e256681c2ec067b3bd454",
                "9a0e3e314345e66670f412bdef2d9b6427f190c86ac6f459fbd9cab7ed1499cc",
                "085c4685f4557fb2ef1656729f96e542f671dfd7d7ef0c1832c72956d5d41f19",
                "f0e9b3101f12c63737e693456eb4214fb6843a4a55c576192cfbeafb98f7ac53",
                "90aed910ecf93ba3ab89a9c35d1680c7fc32f61335b087198d250ca7cfcbc4e6",
                "f89a603e32b83b6332e77032c8766eb64258739e1e5a11be0bdccecc3cd8f2ea",
                "8f9efc4fb79c77f3ae007455a7e74c4eb5f86253693aff53602ea1b56c5a65c0",
                "baa6eacea75098d5cdb13415abfb87cdbe8d5ce24be234fabd226f550e6417f2",
                "da0b885f7c65b7b8675bd73fa5b77378fe4a43d0083c2c73d898427e2534d175",
                "04402d57275dac7c593c97c861844b996c7632513f8ae40e944430ecdf6ab628"
            ],
            "type": "Script",
            "firstPartyCookies": {},
            "firstPartyCookiesSent": {},
            "exampleSites": [
                "www.viv.co.id",
                "www.tagar.id",
                "celebrity.okezone.com",
                "fajar.co.id",
                "mojok.co",
                "www.suaramerdeka.com",
                "www.hitekno.com",
                "www.jatimnetwork.com",
                "www.pantau.com",
                "viva.co.id",
                "www.kompas.tv",
                "www.viva.co.id",
                "www.ayosemarang.com",
                "tangselife.com",
                "www.kalimantanupdate.com",
                "www.kilat.com",
                "movie.indozone.id",
                "diorama.suaramerdeka.com",
                "disway.id",
                "www.tvonenews.com"
            ]
        },
        {
            "rule": "advertnative\\.com\\/storage\\/logo\\/all_an_white_4\\.png",
            "cookies": 0,
            "fingerprinting": 0,
            "subdomains": [],
            "apis": {},
            "sites": 27,
            "prevalence": 0.000184,
            "cnames": [],
            "responseHashes": [
                "eb0d12d2937d2ddc431cae68c1b3133bf500a838940bf287acb620267e9c7d31"
            ],
            "type": "Image",
            "firstPartyCookies": {},
            "firstPartyCookiesSent": {},
            "exampleSites": [
                "www.viv.co.id",
                "movie.indozone.id",
                "jogja.suaramerdeka.com",
                "disway.id",
                "bogordaily.net",
                "tangselife.com",
                "rakyatcirebon.disway.id",
                "lifestyle.okezone.com",
                "www.vlix.id",
                "www.intipseleb.com",
                "www.prokal.co",
                "www.publicapos.co.id",
                "www.iotomotif.com",
                "www.ayosemarang.com",
                "www.kilat.com",
                "www.ringtimes.id",
                "diorama.suaramerdeka.com",
                "poskota.co.id",
                "www.jatimnetwork.com",
                "mojok.co"
            ]
        }
    ],
    "categories": [],
    "performance": {},
    "cookies": 0,
    "topInitiators": [
        {
            "domain": "first party",
            "prevalence": 0.9036144578313253
        },
        {
            "domain": "rubiconproject.com",
            "prevalence": 0.04819277108433735
        },
        {
            "domain": "doubleclick.net",
            "prevalence": 0.024096385542168676
        },
        {
            "domain": "ajax.googleapis.com",
            "prevalence": 0.012048192771084338
        },
        {
            "domain": "geoedge.be",
            "prevalence": 0.012048192771084338
        }
    ],
    "types": {
        "Script": 37,
        "Image": 27
    },
    "nameservers": [
        "ns29.domaincontrol.com",
        "ns30.domaincontrol.com"
    ]
}