{
    "domain": "adventive.com",
    "owner": {
        "name": "Adventive, Inc.",
        "displayName": "Adventive"
    },
    "source": [
        "DuckDuckGo-US"
    ],
    "prevalence": 0.000355,
    "sites": 52,
    "subdomains": [
        "ads"
    ],
    "cnames": [],
    "fingerprinting": 2,
    "resources": [
        {
            "rule": "adventive\\.com\\/ad",
            "cookies": 0.000266,
            "fingerprinting": 1,
            "subdomains": [
                "ads"
            ],
            "apis": {
                "window.name": 28,
                "Screen.prototype.width": 28,
                "Screen.prototype.height": 28,
                "Date.prototype.getTime": 32,
                "window.innerHeight": 1,
                "Navigator.prototype.appName": 1
            },
            "sites": 40,
            "prevalence": 0.000273,
            "cnames": [],
            "responseHashes": [
                "0e19aadba0a9c876b3a8118e32cd777795a6ff852835ba4adb7a26889fb6878d",
                "a934c6638ad5a06c72deabf3765ec83dc61e08b0512f70526e58cdff65424d8f",
                "96ebbd7dff4eb6a0c56e058bcc3462420fd87e25a5c92d63ff4e1df2296087e5",
                "b0cc0702d60e0136d10e3476ac055d67cb835971b9bda3d589cfbbf900cdad40",
                "2eebbcfc1e54affb3c3afcbcfd5a82fcec2c6cc94db274f4c699c2032ed34dfa",
                "4308c668c0eccdcd919fa4a53f0678cd4d191089f70c7ee2dc214d699b53bf3b",
                "6c78f227486e6b7ea5de0ef4a0f4c2268d7c575b919978f5789c48e73f38c7b2",
                "977f4b803f2f6fba0e703c904beb6d2f5b69d1e0a7b1a51b1e449d707b6a9f88",
                "609a1e3211a69af8b6e9c3004db09dc978fe6302d72b22740ced9ba5a367c9e2",
                "4afeead9afda2783aee6108d8cf7dc023c3e00e8807f3363b9cfffcaa0e387ca",
                "27093cda7c23f9bc3dfe626159bd96b2880097adc0d817f40fea7945d316bc93",
                "a0ba4a5c27d3b0373b170fb8bc68fe1245211300df999b9f634eb5d74f01ba75",
                "908bc69edae2cdee17b891d8acc105281a0738346845457b5009119d4b5e09e9",
                "c4e4288bca792ce4187a4bf2aa5048b679cb0bf4874b7ab6b1f74aa48339ca42",
                "f81b7f0a8a9669784d6b210bb43b52ffe4fd03af1158332e9d9cdb4f2db14f01",
                "95e9b7ba8f2e4269271260513aabe8d4c7dc5ff5a526c2335b083b73c3d1ce6a",
                "bd32d1a073296ac3e609f84312bda41eb6490bb4415269079b5984ad8d9d85a5",
                "b35ce7852451e68921c47cce22c2547fa2e013d9c1842709613b79fe7af8d348",
                "fe0e27947b97d72dd350211e427ee58c61d08d56037bbbbdf6ce258d98620ced",
                "a1544075c46bcbf48264f309aa517b2a63036bc4463cf18b588d08ab78468ff0",
                "3335f5346661e58f2ad6bca95eed6ca4b3b06549408a4a8eb8cce5c98c867748",
                "945f5362f77dc2a98ef08fbe7d4dc50bf469f22684c851b5d1e90361ec5aaee0",
                "1d6168a6e84e4baa720303c7b0cde7d691695b1fe3fae9672ea77ccd69306abf",
                "d8827988d5693a79dbc54dbd5de634ed4a15216e6769ae560ddedb423c311ff5",
                "11b83218fc1768c4da3059a1ce2096e6b6da3a84406b43efc2d406e40c86531f",
                "ff783bf19592318a7a07ffe8d4acd1d095970b6d9e84000952281d35753b56bf",
                "352b21994a2aff4a83a6aaaea050afb43dfded76d258ddfb093dea7fcbf10bec",
                "a9e567a6c0c2c1bd468d75d110abb6b2a476bc00c6f20bcf8859daa854eb671a",
                "864eaa9546ce092f6d80138d81f70631d680d6bca19c64c52bc57532cb4ba25f",
                "fd5941165ae8023208e0025a4c38b4b95cd4685d20164c88c420cd3ec5564621",
                "012f6bed1ebd2d16b74a6e6d9f6523e1bbb20d55f4ab839640d322ad4f0c11e5",
                "edd38f942b3d243754cd6bdff601ab8172bdf989d0d4f86012e858fe7bef7985",
                "2af55e89612a6459e7b4c0418c407a595c35c3ca72725d8fca5ee3d2871819e0",
                "468b30cdecb359a118cb5cdf6e336995a6d319c27290430ee70ec28b7e8a2645",
                "706f859d5a0fb2170a796296f54ed042f1bb59675ff440b850b1768c4f6b0d26",
                "07cc22fb6755fc9abeff5faa7db1b16049a24989c49611abcc7c70e28aee8665",
                "9f1d726c0c82a2b6bbadf5c2f780fd91b38dbd71b3c65e25aa7ab0ae05553313",
                "28e229602bd03469ef304696dba60f82590d933a00fe5fd69a4ac7bae76ffaa2",
                "9734e26f33c219ab3ae3df45d767a2b69ddfdcfe262ea1069b977d55aa409cf3"
            ],
            "type": "Script",
            "firstPartyCookies": {},
            "firstPartyCookiesSent": {
                "lotame_domain_check": 0.0000273280043724807
            },
            "exampleSites": [
                "www.ducks.org",
                "www.thegardenisland.com",
                "virginiabusiness.com",
                "www.toledoblade.com",
                "www.agweb.com",
                "www.sarasotamagazine.com",
                "umassathletics.com",
                "racer.com",
                "hypebeast.com",
                "www.afar.com",
                "www.amateurgolf.com",
                "www.travelpulse.com",
                "www.hercampus.com",
                "www.houstonpublicmedia.org",
                "www.pdxmonthly.com",
                "njbiz.com",
                "www.bdoutdoors.com",
                "hypebae.com",
                "www.essence.com",
                "www.highsnobiety.com"
            ]
        },
        {
            "rule": "adventive\\.com\\/api\\/stats",
            "cookies": 0.000246,
            "fingerprinting": 0,
            "subdomains": [
                "ads"
            ],
            "apis": {},
            "sites": 37,
            "prevalence": 0.000253,
            "cnames": [],
            "responseHashes": [
                "f4eef8263281c0b26486637831251059757bc3fdc4c3a48045a8ef8646b36e8f"
            ],
            "type": "Image",
            "firstPartyCookies": {},
            "firstPartyCookiesSent": {
                "lotame_domain_check": 0.0000273280043724807,
                "_li_dcdm_c": 0.000006832001093120175,
                "plsVisitorIp": 0.000006832001093120175
            },
            "exampleSites": [
                "www.tpr.org",
                "www.meetings-conventions.com",
                "www.houstoniamag.com",
                "www.kut.org",
                "www.thefader.com",
                "iamcountryside.com",
                "www.horseillustrated.com",
                "www.kera.org",
                "www.houstonpublicmedia.org",
                "www.pdxmonthly.com",
                "www.afar.com",
                "racer.com",
                "www.sarasotamagazine.com",
                "www.agweb.com",
                "www.amateurgolf.com",
                "www.hercampus.com",
                "hypebeast.com",
                "www.ducks.org",
                "www.seattlemet.com",
                "www.scubadiving.com"
            ]
        },
        {
            "rule": "adventive\\.com\\/ui\\/img\\/tracker\\.php",
            "cookies": 0,
            "fingerprinting": 0,
            "subdomains": [
                "ads"
            ],
            "apis": {},
            "sites": 5,
            "prevalence": 0.0000342,
            "cnames": [],
            "responseHashes": [
                "2577fd1470fa192497cc292750833b14ebbc8cb92283449b928b9edc36de5df8",
                "e3b0c44298fc1c149afbf4c8996fb92427ae41e4649b934ca495991b7852b855"
            ],
            "type": "Image",
            "firstPartyCookies": {},
            "firstPartyCookiesSent": {},
            "exampleSites": [
                "hypebae.com",
                "hypebeast.com",
                "njbiz.com",
                "spoonuniversity.com",
                "www.meetings-conventions.com"
            ]
        }
    ],
    "categories": [],
    "performance": {},
    "cookies": 0.000355,
    "topInitiators": [
        {
            "domain": "doubleclick.net",
            "prevalence": 0.7142857142857143
        },
        {
            "domain": "adventivecdn.com",
            "prevalence": 0.07792207792207792
        },
        {
            "domain": "googlesyndication.com",