{
    "domain": "adx.com.ru",
    "owner": {},
    "source": [
        "DuckDuckGo-US"
    ],
    "prevalence": 0.000417,
    "sites": 61,
    "subdomains": [
        "bid",
        "67389c0bd41e06000103121c.id",
        "673720ec7011cb0001ac15fa.id",
        "67372262d41e060001328690.id",
        "673815f97011cb0001975f4f.id",
        "6737f69a7011cb0001ceb52c.id",
        "6737e430f0e01500014d681a.id",
        "673754e1991c7a00011cfa19.id",
        "67386a17991c7a00019bfa07.id",
        "673785cad41e060001db5123.id",
        "6737cd757011cb0001cb86c8.id",
        "6738a5fc991c7a0001506da8.id",
        "6737739b7011cb0001bbf88e.id",
        "6737852e7011cb000185a1eb.id",
        "6737984a991c7a00012a81e9.id",
        "6737cab1a897d80001f9e47e.id",
        "673720387011cb000171e833.id",
        "6737547d7011cb0001b5f53a.id",
        "67377faaa897d80001ed1637.id",
        "67371365f0e015000191147b.id"
    ],
    "cnames": [],
    "fingerprinting": 0,
    "resources": [
        {
            "rule": "adx\\.com\\.ru\\/moevideo-vast-midprice-bid",
            "cookies": 0,
            "fingerprinting": 0,
            "subdomains": [
                "bid"
            ],
            "apis": {},
            "sites": 6,
            "prevalence": 0.000041,
            "cnames": [],
            "responseHashes": [
                "e3b0c44298fc1c149afbf4c8996fb92427ae41e4649b934ca495991b7852b855"
            ],
            "type": "Fetch",
            "firstPartyCookies": {},
            "firstPartyCookiesSent": {},
            "exampleSites": [
                "garant.ru",
                "base.garant.ru",
                "studme.org",
                "svpressa.ru",
                "www.avtodispetcher.ru",
                "www.povarenok.ru"
            ]
        },
        {
            "rule": "adx\\.com\\.ru\\/moevideo-lowprice-bid",
            "cookies": 0,
            "fingerprinting": 0,
            "subdomains": [
                "bid"
            ],
            "apis": {},
            "sites": 6,
            "prevalence": 0.000041,
            "cnames": [],
            "responseHashes": [
                "7d09bb222b67e1a06a418fbfdca6eac1170f990e50ac0582398dc9b1901f793f",
                "e3b0c44298fc1c149afbf4c8996fb92427ae41e4649b934ca495991b7852b855"
            ],
            "type": "Fetch",
            "firstPartyCookies": {},
            "firstPartyCookiesSent": {},
            "exampleSites": [
                "garant.ru",
                "base.garant.ru",
                "studme.org",
                "svpressa.ru",
                "www.avtodispetcher.ru",
                "www.povarenok.ru"
            ]
        },
        {
            "rule": "adx\\.com\\.ru\\/sync\\/init\\/sapePlazkart",
            "cookies": 0.000123,
            "fingerprinting": 0,
            "subdomains": [],
            "apis": {},
            "sites": 19,
            "prevalence": 0.00013,
            "cnames": [],
            "responseHashes": [
                "e3b0c44298fc1c149afbf4c8996fb92427ae41e4649b934ca495991b7852b855"
            ],
            "type": "Image",
            "firstPartyCookies": {},
            "firstPartyCookiesSent": {},
            "exampleSites": [
                "bicyclepotential.org",
                "canariasacross.com",
                "carstrucksroads.com",
                "fb2.top",
                "infectioncycle.com",
                "knigorai.com",
                "m5.yaoipoisk.net",
                "na2rism.com",
                "pluginhighway.ca",
                "pornotales.ru",
                "pregnancyarchive.com",
                "scienceofbiogenetics.com",
                "tass.ru",
                "www.marieclaire.ru",
                "www.maximonline.ru",
                "www.psychologies.ru",
                "www.sport-express.ru",
                "www.starhit.ru",
                "www.woman.ru"
            ]
        },
        {
            "rule": "adx\\.com\\.ru\\/sync\\/confirm\\/sapePlazkart",
            "cookies": 0,
            "fingerprinting": 0,
            "subdomains": [],
            "apis": {},
            "sites": 13,
            "prevalence": 0.0000888,
            "cnames": [],
            "responseHashes": [],
            "type": "Image",
            "firstPartyCookies": {},
            "firstPartyCookiesSent": {},
            "exampleSites": [
                "bicyclepotential.org",
                "canariasacross.com",
                "carstrucksroads.com",
                "fb2.top",
                "infectioncycle.com",
                "m5.yaoipoisk.net",
                "na2rism.com",
                "pluginhighway.ca",
                "pornotales.ru",
                "pregnancyarchive.com",
                "scienceofbiogenetics.com",
                "tass.ru",
                "www.sport-express.ru"
            ]
        },
        {
            "rule": "adx\\.com\\.ru\\/sync\\/init\\/testssp",
            "cookies": 0.000178,
            "fingerprinting": 0,
            "subdomains": [],
            "apis": {},
            "sites": 28,
            "prevalence": 0.000191,
            "cnames": [],
            "responseHashes": [],
            "type": "Image",
            "firstPartyCookies": {},
            "firstPartyCookiesSent": {},
            "exampleSites": [
                "www.maximonline.ru",
                "masterhorologer.com",
                "www.factorywarrantylist.com",
                "www.kp.ru",
                "theknittingspace.com",
                "www.woman.ru",
                "www.psychologies.ru",
                "www.marieclaire.ru",
                "urlebird.com",
                "www.gold-eagle.com",
                "www.starhit.ru",
                "www.communitycollegereview.com",
                "forum.audiogon.com",
                "www.canalchat.org",
                "unitchefs.com",
                "www.boardingschoolreview.com",
                "www.audiogon.com",
                "www.sluurpy.it",
                "www.modhub.us",
                "www.privateschoolreview.com"
            ]
        },
        {
            "rule": "adx\\.com\\.ru\\/sync\\/confirm\\/testssp",
            "cookies": 0,
            "fingerprinting": 0,
            "subdomains": [],
            "apis": {},
            "sites": 23,
            "prevalence": 0.000157,
            "cnames": [],
            "responseHashes": [],
            "type": "Image",
            "firstPartyCookies": {},
            "firstPartyCookiesSent": {},
            "exampleSites": [
                "www.edimdoma.ru",
                "www.sluurpy.it",
                "www.feedough.com",
                "www.kp.ru",
                "www.boardingschoolreview.com",
                "unitchefs.com",
                "www.marieclaire.ru",
                "forum.audiogon.com",
                "www.woman.ru",
                "www.psychologies.ru",
                "www.starhit.ru",
                "www.factorywarrantylist.com",
                "www.canalchat.org",
                "www.modhub.us",
                "www.privateschoolreview.com",
                "ficbook.net",
                "www.communitycollegereview.com",
                "statisticsbyjim.com",
                "www.audiogon.com",
                "theknittingspace.com"
            ]
        },
        {
            "rule": "adx\\.com\\.ru\\/",
            "cookies": 0,
            "fingerprinting": 0,