{
    "domain": "allyable.com",
    "owner": {},
    "source": [
        "DuckDuckGo-US"
    ],
    "prevalence": 0.000116,
    "sites": 17,
    "subdomains": [
        "portal",
        "static"
    ],
    "cnames": [],
    "fingerprinting": 1,
    "resources": [
        {
            "rule": "allyable\\.com\\/aweb",
            "cookies": 0.0000888,
            "fingerprinting": 1,
            "subdomains": [
                "portal"
            ],
            "apis": {
                "Navigator.prototype.userAgent": 9,
                "window.innerWidth": 4,
                "window.innerHeight": 4,
                "Document.cookie getter": 1
            },
            "sites": 13,
            "prevalence": 0.0000888,
            "cnames": [],
            "responseHashes": [
                "7b9abcc7da5e73670b02ab348c7fba83aa2285c516f8855f49e273fa53e34150",
                "2737d9206d783c456d749b4e7f8f7c64b4ee46dd97bf64ab64d19e6d0f391ed4",
                "3bdcdc070e10df0c93fc85684965d9ffeda360dd56a702e7097d77e55f7a52f5",
                "dc20f585dd929b432e95b935419a297f76c2c8807e28eb88b31a0da463a2d062",
                "ce6560e832ae5fdf764e4dc0e8b758b59304d8ced98862e04003b754f0b59f40",
                "5b4827d881cce0bda20cab286fc27604830389c4f3fe756409dd3c032b9f6039",
                "35aa45d216d7c0728ebd62fc55b20dadcf7e925ddd92f12c8878ea6ca89076a1",
                "9fecd93a01a73a77cfa669de58934c61aabe90bf67e1be4943b23a00cca7104c",
                "dd89ff1059399ded0dd3b182500799f801b1aa2f4a1863e139c69c547e8acddd",
                "87d272058834b18ff9325e02988f1e55fc01ecc0b3173f39d8faf655460caf89"
            ],
            "type": "Script",
            "firstPartyCookies": {},
            "firstPartyCookiesSent": {},
            "exampleSites": [
                "drop.com",
                "help.corsair.com",
                "marketplace.elgato.com",
                "scufgaming.com",
                "www.audiocodes.com",
                "www.corsair.com",
                "www.elgato.com",
                "www.inter.it",
                "www.leesburgflorida.gov",
                "www.originpc.com",
                "www.phly.com",
                "www.tevapharm.com",
                "www.tevausa.com"
            ]
        },
        {
            "rule": "allyable\\.com\\/aweb\\/assets\\/a-web\\.rules\\.js",
            "cookies": 0.0000615,
            "fingerprinting": 1,
            "subdomains": [
                "portal"
            ],
            "apis": {
                "window.devicePixelRatio": 2
            },
            "sites": 9,
            "prevalence": 0.0000615,
            "cnames": [],
            "responseHashes": [
                "d127458e4a7a736b71bd9e521236e6686fe5777efd7cf0b253378a2873f3d7ec"
            ],
            "type": "Script",
            "firstPartyCookies": {},
            "firstPartyCookiesSent": {},
            "exampleSites": [
                "drop.com",
                "scufgaming.com",
                "www.audiocodes.com",
                "www.corsair.com",
                "www.elgato.com",
                "www.inter.it",
                "www.leesburgflorida.gov",
                "www.originpc.com",
                "www.phly.com"
            ]
        },
        {
            "rule": "allyable\\.com\\/aweb\\/storage",
            "cookies": 0.0000615,
            "fingerprinting": 1,
            "subdomains": [
                "portal"
            ],
            "apis": {
                "Navigator.prototype.userAgent": 2,
                "window.localStorage": 1
            },
            "sites": 9,
            "prevalence": 0.0000615,
            "cnames": [],
            "responseHashes": [
                "d861dc2932917ecc5796e87351e96f48792f50bfd80591f2548b88dcbfeb4fe6"
            ],
            "type": "Document",
            "firstPartyCookies": {},
            "firstPartyCookiesSent": {},
            "exampleSites": [
                "drop.com",
                "scufgaming.com",
                "www.audiocodes.com",
                "www.corsair.com",
                "www.elgato.com",
                "www.inter.it",
                "www.leesburgflorida.gov",
                "www.originpc.com",
                "www.phly.com"
            ]
        },
        {
            "rule": "allyable\\.com\\/assets\\/jquery-2\\.2\\.4\\.min\\.js",
            "cookies": 0.000041,
            "fingerprinting": 1,
            "subdomains": [
                "static"
            ],
            "apis": {
                "Element.prototype.getClientRects": 1,
                "Event.prototype.timeStamp": 1
            },
            "sites": 6,
            "prevalence": 0.000041,
            "cnames": [],
            "responseHashes": [
                "0c27d6c70f4e1701fb0a6dd72505a0b4d07943f1602e93301e09aa4ec1116b9a"
            ],
            "type": "Script",
            "firstPartyCookies": {},
            "firstPartyCookiesSent": {},
            "exampleSites": [
                "scufgaming.com",
                "www.audiocodes.com",
                "www.corsair.com",
                "www.leesburgflorida.gov",
                "www.originpc.com",
                "www.phly.com"
            ]
        },
        {
            "rule": "allyable\\.com\\/aweb\\/assets\\/ms-sprite\\.png",
            "cookies": 0.0000273,
            "fingerprinting": 0,
            "subdomains": [
                "portal"
            ],
            "apis": {},
            "sites": 4,
            "prevalence": 0.0000273,
            "cnames": [],
            "responseHashes": [
                "8b4135bbbc02aa21c0a0663909b4bb9c358f8fa080abbd9462aa0ac7d0721d59"
            ],
            "type": "Image",
            "firstPartyCookies": {},
            "firstPartyCookiesSent": {},
            "exampleSites": [
                "audiocodes.com",
                "www.inter.it",
                "www.leesburgflorida.gov",
                "www.phly.com"
            ]
        }
    ],
    "categories": [],
    "performance": {},
    "cookies": 0.000116,
    "topInitiators": [
        {
            "domain": "googletagmanager.com",
            "prevalence": 0.42857142857142855
        },
        {
            "domain": "ajax.googleapis.com",
            "prevalence": 0.39285714285714285
        },
        {
            "domain": "first party",
            "prevalence": 0.17857142857142858
        }
    ],
    "types": {
        "Script": 28,
        "Document": 9,
        "Image": 4
    },
    "nameservers": [
        "ns72.domaincontrol.com",
        "ns71.domaincontrol.com"
    ]
}