{
    "domain": "amplified.io",
    "owner": {},
    "source": [
        "DuckDuckGo-US"
    ],
    "prevalence": 0.000102,
    "sites": 15,
    "subdomains": [
        "cdn"
    ],
    "cnames": [],
    "fingerprinting": 0,
    "resources": [
        {
            "rule": "amplified\\.io\\/micro\\/api\\/sites",
            "cookies": 0,
            "fingerprinting": 0,
            "subdomains": [
                "cdn"
            ],
            "apis": {},
            "sites": 10,
            "prevalence": 0.0000683,
            "cnames": [],
            "responseHashes": [
                "d58467aa51ae607033c4e80aa8416656825856079bf79347a0ec1f2728568df1",
                "e3a371019ee2d2ecd778d7a64cf8e89b652299458666dfb66d99d48881f9a641",
                "9266fba7026d529256d150f949b684c000ee2914a5d734dcdd18f6afb598a208",
                "a084e73a812bc8c70d63df108add69a191abfd7b74fd17f77ba7587ae7a1e657",
                "ff0578bcbae33f913f5f6040b789523c04c4dc50ef77f4895d6114bf2640d977",
                "58c4c0b7e004afcca32bbb71204a1a468a8e2759629a5e22816fee0dfb7b4a25",
                "dde5dd7bb41b6df6dc027bcabff3826609c98e5d56d26b740274793f8d6796ce",
                "2a5a1b9e1f2ca71b506cddef88c0e6777fd46427e9cca73f2d4324c335d3c253",
                "2de05400a76f809869669e1db7ef5b5358493ce35b2df27ba09112d0b73f4b13"
            ],
            "type": "Fetch",
            "firstPartyCookies": {},
            "firstPartyCookiesSent": {},
            "exampleSites": [
                "headphones.com",
                "pellet-stove-parts-4less.com",
                "velo-orange.com",
                "whitefoxboutique.com",
                "wildwestliving.com",
                "www.auxito.com",
                "www.bullhidebelts.com",
                "www.jeepworld.com",
                "www.maxpedition.com",
                "www.sinunapteekki.fi"
            ]
        },
        {
            "rule": "amplified\\.io\\/micro\\/api\\/sites",
            "cookies": 0,
            "fingerprinting": 0,
            "subdomains": [
                "cdn"
            ],
            "apis": {},
            "sites": 10,
            "prevalence": 0.0000683,
            "cnames": [],
            "responseHashes": [
                "d58467aa51ae607033c4e80aa8416656825856079bf79347a0ec1f2728568df1",
                "e3a371019ee2d2ecd778d7a64cf8e89b652299458666dfb66d99d48881f9a641",
                "9266fba7026d529256d150f949b684c000ee2914a5d734dcdd18f6afb598a208",
                "a084e73a812bc8c70d63df108add69a191abfd7b74fd17f77ba7587ae7a1e657",
                "ff0578bcbae33f913f5f6040b789523c04c4dc50ef77f4895d6114bf2640d977",
                "58c4c0b7e004afcca32bbb71204a1a468a8e2759629a5e22816fee0dfb7b4a25",
                "dde5dd7bb41b6df6dc027bcabff3826609c98e5d56d26b740274793f8d6796ce",
                "2a5a1b9e1f2ca71b506cddef88c0e6777fd46427e9cca73f2d4324c335d3c253",
                "2de05400a76f809869669e1db7ef5b5358493ce35b2df27ba09112d0b73f4b13"
            ],
            "type": "XHR",
            "firstPartyCookies": {},
            "firstPartyCookiesSent": {},
            "exampleSites": [
                "headphones.com",
                "pellet-stove-parts-4less.com",
                "velo-orange.com",
                "whitefoxboutique.com",
                "wildwestliving.com",
                "www.auxito.com",
                "www.bullhidebelts.com",
                "www.jeepworld.com",
                "www.maxpedition.com",
                "www.sinunapteekki.fi"
            ]
        },
        {
            "rule": "amplified\\.io\\/ckjs_get_version",
            "cookies": 0,
            "fingerprinting": 0,
            "subdomains": [
                "cdn"
            ],
            "apis": {},
            "sites": 10,
            "prevalence": 0.0000683,
            "cnames": [],
            "responseHashes": [
                "c3fe51e997e7c894402dcf6840f1296648f01864a3816fb6279f085f9c3d15a8"
            ],
            "type": "XHR",
            "firstPartyCookies": {},
            "firstPartyCookiesSent": {},
            "exampleSites": [
                "headphones.com",
                "pellet-stove-parts-4less.com",
                "velo-orange.com",
                "whitefoxboutique.com",
                "wildwestliving.com",
                "www.auxito.com",
                "www.bullhidebelts.com",
                "www.jeepworld.com",
                "www.maxpedition.com",
                "www.sinunapteekki.fi"
            ]
        }
    ],
    "categories": [],
    "performance": {},
    "cookies": 0,
    "topInitiators": [
        {
            "domain": "first party",
            "prevalence": 1
        }
    ],
    "types": {
        "Fetch": 10,
        "XHR": 20
    },
    "nameservers": [
        "ns15.domaincontrol.com",
        "ns16.domaincontrol.com"
    ]
}