{
    "domain": "analytics-sm.com",
    "owner": {},
    "source": [
        "DuckDuckGo-US"
    ],
    "prevalence": 0.000519,
    "sites": 76,
    "subdomains": [],
    "cnames": [],
    "fingerprinting": 1,
    "resources": [
        {
            "rule": "analytics-sm\\.com\\/js\\/v1\\/beacon\\.js",
            "cookies": 0.000314,
            "fingerprinting": 1,
            "subdomains": [],
            "apis": {
                "Document.cookie getter": 46,
                "Date.prototype.getTime": 49,
                "Document.cookie setter": 46,
                "Date.prototype.getTimezoneOffset": 49
            },
            "sites": 50,
            "prevalence": 0.000342,
            "cnames": [],
            "responseHashes": [
                "133b0a1570d26f9e1beeecaeb4587a8f449c65bff8c87895cdd7e98879644ba6"
            ],
            "type": "Script",
            "firstPartyCookies": {
                "__t1731758540489": {
                    "ttl": -1731758536,
                    "length": 4,
                    "prevalence": 0.000006832001093120175,
                    "uniqueness": 1
                },
                "sm_uuid": {
                    "ttl": 251670582580,
                    "length": 13,
                    "prevalence": 0.00031427205028352804,
                    "uniqueness": 1
                },
                "__t1731761749647": {
                    "ttl": -1731761745,
                    "length": 4,
                    "prevalence": 0.000006832001093120175,
                    "uniqueness": 1
                },
                "__t1731737742631": {
                    "ttl": -1731737737,
                    "length": 4,
                    "prevalence": 0.000006832001093120175,
                    "uniqueness": 1
                },
                "__t1731675960060": {
                    "ttl": -1731675951,
                    "length": 4,
                    "prevalence": 0.000006832001093120175,
                    "uniqueness": 1
                },
                "__t1731766467210": {
                    "ttl": -1731766461,
                    "length": 4,
                    "prevalence": 0.000006832001093120175,
                    "uniqueness": 1
                },
                "__t1731754378100": {
                    "ttl": -1731754365,
                    "length": 4,
                    "prevalence": 0.000006832001093120175,
                    "uniqueness": 1
                },
                "__t1731723219674": {
                    "ttl": -1731723209,
                    "length": 4,
                    "prevalence": 0.000006832001093120175,
                    "uniqueness": 1
                },
                "__t1731740132177": {
                    "ttl": -1731740124,
                    "length": 4,
                    "prevalence": 0.000006832001093120175,
                    "uniqueness": 1
                },
                "__t1731675725026": {
                    "ttl": -1731675722,
                    "length": 4,
                    "prevalence": 0.000006832001093120175,
                    "uniqueness": 1
                },
                "__t1731713257177": {
                    "ttl": -1731713253,
                    "length": 4,
                    "prevalence": 0.000006832001093120175,
                    "uniqueness": 1
                },
                "__t1731697196244": {
                    "ttl": -1731697192,
                    "length": 4,
                    "prevalence": 0.000006832001093120175,
                    "uniqueness": 1
                },
                "__t1731759770932": {
                    "ttl": -1731759768,
                    "length": 4,
                    "prevalence": 0.000006832001093120175,
                    "uniqueness": 1
                },
                "__t1731720206813": {
                    "ttl": -1731720200,
                    "length": 4,
                    "prevalence": 0.000006832001093120175,
                    "uniqueness": 1
                },
                "__t1731677974164": {
                    "ttl": -1731677959,
                    "length": 4,
                    "prevalence": 0.000006832001093120175,
                    "uniqueness": 1
                },
                "__t1731716870348": {
                    "ttl": -1731716864,
                    "length": 4,
                    "prevalence": 0.000006832001093120175,
                    "uniqueness": 1
                },
                "__t1731688262946": {
                    "ttl": -1731688259,
                    "length": 4,
                    "prevalence": 0.000006832001093120175,
                    "uniqueness": 1
                },
                "__t1731674943227": {
                    "ttl": -1731674938,
                    "length": 4,
                    "prevalence": 0.000006832001093120175,
                    "uniqueness": 1
                },
                "__t1731693604566": {
                    "ttl": -1731693601,
                    "length": 4,
                    "prevalence": 0.000006832001093120175,
                    "uniqueness": 1
                },
                "__t1731764672525": {
                    "ttl": -1731764651,
                    "length": 4,
                    "prevalence": 0.000006832001093120175,
                    "uniqueness": 1
                },
                "__t1731718221350": {
                    "ttl": -1731718219,
                    "length": 4,
                    "prevalence": 0.000006832001093120175,
                    "uniqueness": 1
                },
                "__t1731723877106": {
                    "ttl": -1731723874,
                    "length": 4,
                    "prevalence": 0.000006832001093120175,
                    "uniqueness": 1
                },
                "__t1731684508589": {
                    "ttl": -1731684502,
                    "length": 4,
                    "prevalence": 0.000006832001093120175,
                    "uniqueness": 1
                },
                "__t1731724782599": {
                    "ttl": -1731724768,
                    "length": 4,
                    "prevalence": 0.000006832001093120175,
                    "uniqueness": 1
                },
                "__t1731715900172": {
                    "ttl": -1731715884,
                    "length": 4,
                    "prevalence": 0.000006832001093120175,
                    "uniqueness": 1
                },
                "__t1731753058357": {
                    "ttl": -1731753041,
                    "length": 4,
                    "prevalence": 0.000006832001093120175,
                    "uniqueness": 1
                },
                "__t1731715451706": {
                    "ttl": -1731715439,
                    "length": 4,
                    "prevalence": 0.000006832001093120175,
                    "uniqueness": 1
                },
                "__t1731711889717": {
                    "ttl": -1731711870,
                    "length": 4,
                    "prevalence": 0.000006832001093120175,
                    "uniqueness": 1
                },
                "__t1731738734475": {
                    "ttl": -1731738725,
                    "length": 4,
                    "prevalence": 0.000006832001093120175,
                    "uniqueness": 1
                },
                "__t1731656808404": {
                    "ttl": -1731656789,
                    "length": 4,
                    "prevalence": 0.000006832001093120175,
                    "uniqueness": 1
                },
                "__t1731718401502": {
                    "ttl": -1731718392,
                    "length": 4,
                    "prevalence": 0.000006832001093120175,
                    "uniqueness": 1
                },
                "__t1731678322800": {
                    "ttl": -1731678320,
                    "length": 4,