{
    "domain": "apexlink.to",
    "owner": {},
    "source": [
        "DuckDuckGo-US"
    ],
    "prevalence": 0.0000683,
    "sites": 10,
    "subdomains": [
        "go"
    ],
    "cnames": [],
    "fingerprinting": 1,
    "resources": [
        {
            "rule": "apexlink\\.to\\/dev",
            "cookies": 0,
            "fingerprinting": 0,
            "subdomains": [
                "go"
            ],
            "apis": {},
            "sites": 7,
            "prevalence": 0.0000478,
            "cnames": [],
            "responseHashes": [
                "877bf36c86650664dfd091cb1eb9b04c4a4951f76d7a1a2792a943563df0db43",
                "114db73daba714a2f5eb98f0fa3fed95b9fd5aba28f6c5f65e4a9d716080fc3e",
                "bb1575d62ffb441db3eb03d94995b3d1fea1a0eea98281589aac0d54ca2063bd",
                "b41d67b855a406b7a578e384f0e79401d494717eb1e104f2dd84c1879f315ac6",
                "2297663f11dc3645477704f919e9469ed965b2fba026c214d9e40ea9f0173a7b",
                "0049761d3083f27f085566a7016013a671e17613685d4e35b289887dafaa366b"
            ],
            "type": "Script",
            "firstPartyCookies": {},
            "firstPartyCookiesSent": {
                "cookies.js_dtest": 0.000006832001093120175,
                "parsely_uuid": 0.000006832001093120175
            },
            "exampleSites": [
                "digg.com",
                "militarybases.com",
                "money.com",
                "www.consumersadvocate.org",
                "www.goodfinancialcents.com",
                "www.insuranceopedia.com",
                "www.pawtracks.com"
            ]
        },
        {
            "rule": "apexlink\\.to\\/nav",
            "cookies": 0,
            "fingerprinting": 0,
            "subdomains": [
                "go"
            ],
            "apis": {},
            "sites": 7,
            "prevalence": 0.0000478,
            "cnames": [],
            "responseHashes": [
                "108bdd0e4bd386a5e0fa89dab6831bff126c451dd9ed6b193088c337f9d703e5",
                "80d8c6c2d3f8463b2eb355c66c9918cf46bc6189dbf05972a00f73e351233854",
                "709e056cc0c51cff9662b5a3eaac62de0384bff7a86a4e5be3d8840b5282d184",
                "810c95557a199741c72d0eb6e47ccee06950e82842044fed998e5aeefff7fed0",
                "766c893e3d50a4e2272cc76aacb96f1fae060afd5b8a206564a9c8c36a7b9508"
            ],
            "type": "Script",
            "firstPartyCookies": {},
            "firstPartyCookiesSent": {
                "_li_dcdm_c": 0.000006832001093120175,
                "lotame_domain_check": 0.000006832001093120175
            },
            "exampleSites": [
                "digg.com",
                "militarybases.com",
                "money.com",
                "www.consumersadvocate.org",
                "www.goodfinancialcents.com",
                "www.insuranceopedia.com",
                "www.pawtracks.com"
            ]
        }
    ],
    "categories": [],
    "performance": {},
    "cookies": 0.00000683,
    "topInitiators": [
        {
            "domain": "first party",
            "prevalence": 0.52
        },
        {
            "domain": "money.com",
            "prevalence": 0.48
        }
    ],
    "types": {
        "Script": 14
    },
    "nameservers": [
        "darl.ns.cloudflare.com",
        "cruz.ns.cloudflare.com"
    ]
}