{
    "domain": "ardalio.com",
    "owner": {},
    "source": [
        "DuckDuckGo-US"
    ],
    "prevalence": 0.000116,
    "sites": 17,
    "subdomains": [
        "app"
    ],
    "cnames": [],
    "fingerprinting": 1,
    "resources": [
        {
            "rule": "ardalio\\.com\\/log7\\.js",
            "cookies": 0,
            "fingerprinting": 1,
            "subdomains": [
                "app"
            ],
            "apis": {
                "Navigator.prototype.userAgent": 7,
                "window.localStorage": 6,
                "window.sessionStorage": 5,
                "Screen.prototype.width": 5,
                "Screen.prototype.height": 5
            },
            "sites": 7,
            "prevalence": 0.0000478,
            "cnames": [],
            "responseHashes": [
                "b49197fa6185d20afa5feb536f0d9e4a4bc7a55792bfd28b4d1a35ed3ea5bb24"
            ],
            "type": "Script",
            "firstPartyCookies": {},
            "firstPartyCookiesSent": {},
            "exampleSites": [
                "dmcoffee.blog",
                "themahjong.com",
                "www.jerseyshoreonline.com",
                "www.perfprotech.com",
                "www.sfbags.com",
                "www.sunlu.com",
                "www.theclockdepot.com"
            ]
        },
        {
            "rule": "ardalio\\.com\\/LogServer",
            "cookies": 0,
            "fingerprinting": 0,
            "subdomains": [
                "app"
            ],
            "apis": {},
            "sites": 10,
            "prevalence": 0.0000683,
            "cnames": [],
            "responseHashes": [
                "6e7b3e6c17a5b2b7d931141b8e6669842de1d5b79a16dfbc2352d23760814e65",
                "2e1c9736d331b6efe43eea43fa1b9f3950ff923a4de8a662179fefb8511d83f8",
                "f44abaa399e60bef711c973afb5578d699be564ba16f07108c33fcb65e40658a",
                "54d18b88f47b6ad7edc0cb1231b68a440a431373711dd8f2f96839d73bb09c79",
                "9434a944396049567718c322f74ba340226e22a052f4c16dde688702f5aff2c1",
                "4eeec4c6173696b8bf9f286c31b9801f950f368d826fa898c77187d921d0df42",
                "e8c6990ccc5000715741cb81aac6809a0f2a782c4874932ae33662df22331016",
                "4acf04c9ec526f6d3c0b722fbe411ff6375b83df89993add92c47dd9d08d5353",
                "8760e1cbacf27ecde11cb699e6af657337f19065396cb86b9909384df3e2094d"
            ],
            "type": "Fetch",
            "firstPartyCookies": {},
            "firstPartyCookiesSent": {},
            "exampleSites": [
                "dmcoffee.blog",
                "movie-locations.com",
                "npplan.com",
                "www.jerseyshoreonline.com",
                "www.movie-locations.com",
                "www.perfprotech.com",
                "www.sfbags.com",
                "www.sierralivingconcepts.com",
                "www.sunlu.com",
                "www.theclockdepot.com"
            ]
        },
        {
            "rule": "ardalio\\.com\\/PingServer",
            "cookies": 0,
            "fingerprinting": 0,
            "subdomains": [
                "app"
            ],
            "apis": {},
            "sites": 8,
            "prevalence": 0.0000547,
            "cnames": [],
            "responseHashes": [
                "ae95d608ee76e064ca676f3114fc5f48b0d5adac9ea3c9dbd137112f53c9b055"
            ],
            "type": "Fetch",
            "firstPartyCookies": {},
            "firstPartyCookiesSent": {},
            "exampleSites": [
                "movie-locations.com",
                "npplan.com",
                "www.jerseyshoreonline.com",
                "www.movie-locations.com",
                "www.perfprotech.com",
                "www.sfbags.com",
                "www.sierralivingconcepts.com",
                "www.theclockdepot.com"
            ]
        },
        {
            "rule": "ardalio\\.com\\/shopifyScript\\.htm",
            "cookies": 0,
            "fingerprinting": 0,
            "subdomains": [
                "app"
            ],
            "apis": {},
            "sites": 2,
            "prevalence": 0.0000137,
            "cnames": [],
            "responseHashes": [
                "3a1ca4e7c173621b6e6243e0765568e1f0905b46217703a7d6efcac0c6abc1c6"
            ],
            "type": "Script",
            "firstPartyCookies": {},
            "firstPartyCookiesSent": {},
            "exampleSites": [
                "sunlu.com",
                "www.sunlu.com"
            ]
        }
    ],
    "categories": [],
    "performance": {},
    "cookies": 0,
    "topInitiators": [
        {
            "domain": "first party",
            "prevalence": 0.484375
        },
        {
            "domain": "123stat.com",
            "prevalence": 0.40625
        },
        {
            "domain": "web-stat.com",
            "prevalence": 0.078125
        },
        {
            "domain": "wts.one",
            "prevalence": 0.03125
        }
    ],
    "types": {
        "Script": 9,
        "Fetch": 18
    },
    "nameservers": [
        "ivan.ns.cloudflare.com",
        "rafe.ns.cloudflare.com"
    ]
}