{
    "domain": "ascendeummedia.com",
    "owner": {},
    "source": [
        "DuckDuckGo-US"
    ],
    "prevalence": 0.000314,
    "sites": 46,
    "subdomains": [
        "hb"
    ],
    "cnames": [],
    "fingerprinting": 0,
    "resources": [
        {
            "rule": "ascendeummedia\\.com\\/hb-multi",
            "cookies": 0,
            "fingerprinting": 0,
            "subdomains": [
                "hb"
            ],
            "apis": {},
            "sites": 27,
            "prevalence": 0.000184,
            "cnames": [],
            "responseHashes": [
                "0366e71f6f75895ef20f64891568050073ec59074d6e0142eba0c768c619717b",
                "21554a07fbc20f3a80dfb5028bb7fb8758d178365cd5f965e44baeee90ddefd9",
                "0ab64e9a4a859c8e93838db65f80b5c08fb08d8ed941b87b42c2f4565c593980",
                "394a7e16010d7828f00cc0cad69bcc04d8ed5eb0e5dd3da626d749ce0c50d60a",
                "54b4b90d3ee206b86a290984d3c8c20ceee8a71ac9d11f59059ca38490b1587a",
                "345dafeb14935532a78ce6cf7cfade43f2d0f84a93c4527d9e57dc49f482cc29",
                "c5f0255dbd028abdeb5600307bd07e137d7e39571cc996af8bee573481f4c22e",
                "c5345a6293932ce3c8f77645f909b14029a37d152b58eaac91ec95f9b1c918c0",
                "7074b949831536ac0d1d578299f51f8b6725bb49198a46bd36ef60078ca4dd75",
                "1ecba08d8b0f99e25dd2b6bd5cf4780c30dbcb12f6db8d528bcf806ed6f10fbf",
                "7b883e80c50abaf18f410e51b09d8eef92986a64397dea349512ac9f567e84b2",
                "75eb041a6e9e16c97b91dc4b7e7de3c9513181168a7ec2ecedfe37d6c43f9704",
                "135bd86a27745a582063c786659dc58e5760844c0ce6e9976c40edb3dd305408",
                "43547397723cb3962793b2a5fe3b519146dcb55892048f003a4daf78721bdcb2",
                "400790a935ca4de3b5060422314bd34cd1cbf1b95e10caf6a20051119c9b9a43",
                "349f60776c67a082951b922912f7f40ed2d0815b42c84a34aa02b16697ca4593",
                "aa57bd4c2c813723936686a5a9c261fba7d68364f733f5f0fb7bed3e03ef5411",
                "5d370018f99b98fd8f4561d5b16b0d4d204f87191fb3a483f80a480c9ef06f76",
                "9e4292cbbc449cea1efd90a8b19835ce743148bba3e647b78696062600c47d18",
                "a85f1c7dcb70e2e86cbb292244ee0cc9044a0a50e0ff4a70dd46259be1d4c9ad",
                "53c9de49e5b799458005511943b3949bdfc23b9b947dfab72c25e4469165d4ba",
                "dc237294cd8931dff59969aa40c1825942bc562f856018c84f4dd33ea6ed1910",
                "226f38dce60408d20aee970370e5335d0fdce18b7b12eb7b81667c40d90cdfbb",
                "5d861d86028400f110e02f6161c82240d574c5dc2be119d545a989f189956035",
                "9e8fc7748294ef92cf8e06fb78a38719353c52e21f1f9a11bde464d157e2c71e",
                "4d5da5ca1cababe974cf630408c67959c18db3b5eeec2548c65ddb0210fd3650"
            ],
            "type": "Fetch",
            "firstPartyCookies": {},
            "firstPartyCookiesSent": {},
            "exampleSites": [
                "www.bronco6g.com",
                "www.zumper.com",
                "www.tutorialrepublic.com",
                "www.letsrun.com",
                "www.ranger5g.com",
                "www.f150gen14.com",
                "imageresizer.com",
                "www.cybertruckownersclub.com",
                "www.civicx.com",
                "www.mavericktruckclub.com",
                "exceljet.net",
                "www.koreaboo.com",
                "www.mustang6g.com",
                "www.padmapper.com",
                "www.ranger6g.com",
                "www.jeepgladiatorforum.com",
                "www.broncosportforum.com",
                "www.rivianforums.com",
                "www.macheforum.com",
                "www.mustang7g.com"
            ]
        }
    ],
    "categories": [],
    "performance": {},
    "cookies": 0,
    "topInitiators": [
        {
            "domain": "script.ac",
            "prevalence": 0.6739130434782609
        },
        {
            "domain": "first party",
            "prevalence": 0.1956521739130435
        },
        {
            "domain": "hb-tutorialrepublic.s3.us-east-2.amazonaws.com",
            "prevalence": 0.043478260869565216
        },
        {
            "domain": "d214hhm15p4t1d.cloudfront.net",
            "prevalence": 0.043478260869565216
        },
        {
            "domain": "hb-estatesales.s3.us-east-2.amazonaws.com",
            "prevalence": 0.021739130434782608
        },
        {
            "domain": "hb-exceljet.s3.us-east-2.amazonaws.com",
            "prevalence": 0.021739130434782608
        }
    ],
    "types": {
        "Fetch": 27
    },
    "nameservers": [
        "ns-95.awsdns-11.com",
        "ns-914.awsdns-50.net",
        "ns-1036.awsdns-01.org",
        "ns-2000.awsdns-58.co.uk"
    ]
}