{
    "domain": "aserve1.net",
    "owner": {},
    "source": [
        "DuckDuckGo-US"
    ],
    "prevalence": 0.000205,
    "sites": 30,
    "subdomains": [
        "cpm"
    ],
    "cnames": [],
    "fingerprinting": 0,
    "resources": [
        {
            "rule": "aserve1\\.net\\/hb",
            "cookies": 0,
            "fingerprinting": 0,
            "subdomains": [
                "cpm"
            ],
            "apis": {},
            "sites": 19,
            "prevalence": 0.00013,
            "cnames": [],
            "responseHashes": [
                "b0c6e4bb8c244ba10f88a590ace62d291a48c15abe36f34bed740353e361defa",
                "be9b0184b0596599fcb532a24bf6a31b3db4e8e833b4c28ecc2da21c9ce8fff7",
                "8da09bbe886d315c9cb1035db867987bd0909b858d7c7bff4f0f7e2b8b096505",
                "042b7f7c567e46d0ac406c995b630ee06fe71a89e012842415b5302bdc95952a",
                "89a409afb7c14f17fb2dc02a7fe491aa53e3895c3fcbcc09b214e922f3649b95",
                "592a2e1e519388ed1d44d8b28c2989223965e988917a6d37b8581f67e4f2c772",
                "e8c2ec9739fa0258aa78c489cdd0ca70f94003a6f80069a10e0c6baf390c4a24",
                "52628d4102714b851ab7a0f4a15f06f385b7ac3ae240b23b6b47e20c76e458d3",
                "7233138172e484cd673407ec46bb5d8204a844720eb2111eb5969bd4fcb5e12a",
                "0aefcc8b3e87d38f2388acc3b020c3ddff4df87aae26284a0be98e780a5f3956",
                "543fffdf58810fcf777a2d8cc7a67c42c498d11cbd6d2d826abb22891bf7e2ec",
                "f13aeb83999ba614580d2d66b015e739685690340880d620df6829b324d99195",
                "0d8d57908b9d5ea9840a7964566eb71af2ca0d67285b8cc2cb8629c2bd38f1ad",
                "360e4b49f7378b1dfc1bda27de5c892cfb15cd3893e9c42d99530831082d1b62",
                "9e84fa1cf340d682c1434d0254b61273cb6c7031a300fa0829ddcbc739f29636",
                "ef9147afe73b86402d60a20de3ccebaf6c0f1d53ca760690a34d1d57694e6062",
                "89ed2bf0a325e345ae42d297e7c5d1027da340d08991330e8f7c3b74e761dee0",
                "633f6502f5db1415953f918dc74f06c0a8571b03fe8e844c39be50e1ddaee9e5"
            ],
            "type": "Fetch",
            "firstPartyCookies": {},
            "firstPartyCookiesSent": {},
            "exampleSites": [
                "dailyhive.com",
                "helpdeskgeek.com",
                "mediabiasfactcheck.com",
                "pvtimes.com",
                "slidesmania.com",
                "statisticsbyjim.com",
                "thestoryshack.com",
                "wordfind.com",
                "worldle.teuteuf.fr",
                "www.factinate.com",
                "www.guidemusulman.com",
                "www.isitdownrightnow.com",
                "www.linguee.com",
                "www.mrexcel.com",
                "www.numbeo.com",
                "www.reviewjournal.com",
                "www.supercoloring.com",
                "www.supercook.com",
                "www.wordhippo.com"
            ]
        },
        {
            "rule": "aserve1\\.net\\/user-synced",
            "cookies": 0.00000683,
            "fingerprinting": 0,
            "subdomains": [
                "cpm"
            ],
            "apis": {},
            "sites": 2,
            "prevalence": 0.0000137,
            "cnames": [],
            "responseHashes": [
                "e3b0c44298fc1c149afbf4c8996fb92427ae41e4649b934ca495991b7852b855"
            ],
            "type": "Image",
            "firstPartyCookies": {},
            "firstPartyCookiesSent": {},
            "exampleSites": [
                "pvtimes.com",
                "www.reviewjournal.com"
            ]
        }
    ],
    "categories": [],
    "performance": {},
    "cookies": 0.0000137,
    "topInitiators": [
        {
            "domain": "snigelweb.com",
            "prevalence": 0.5
        },
        {
            "domain": "pubmatic.com",
            "prevalence": 0.25
        },
        {
            "domain": "pubguru.net",
            "prevalence": 0.08333333333333333
        },
        {
            "domain": "first party",
            "prevalence": 0.0625
        },
        {
            "domain": "reviewjournal.com",
            "prevalence": 0.041666666666666664
        },
        {
            "domain": "d3plfjw9uod7ab.cloudfront.net",
            "prevalence": 0.041666666666666664
        },
        {
            "domain": "ay.delivery",
            "prevalence": 0.020833333333333332
        }
    ],
    "types": {
        "Fetch": 19,
        "Image": 2
    },
    "nameservers": [
        "kiki.ns.cloudflare.com",
        "toby.ns.cloudflare.com"
    ]
}