{
    "domain": "bestcontentcost.top",
    "owner": {},
    "source": [
        "DuckDuckGo-US"
    ],
    "prevalence": 0.000615,
    "sites": 90,
    "subdomains": [
        "a"
    ],
    "cnames": [],
    "fingerprinting": 0,
    "resources": [
        {
            "rule": "bestcontentcost\\.top\\/loader",
            "cookies": 0,
            "fingerprinting": 0,
            "subdomains": [
                "a"
            ],
            "apis": {},
            "sites": 36,
            "prevalence": 0.000246,
            "cnames": [],
            "responseHashes": [
                "27ebb3a1578acbd0b34d17d7c463b72695de72e3fe48a587f59a28f77ef13b8e",
                "a2d9759d53e6fef167d6631c01226a975402f9317e4f51015b0a72e54305b119",
                "56bf895a510aba8c905a35b13e28bf2315a909e6771fc74c943cf1fef2a2e7dd",
                "2f2b7d6ed0cb0c07fef531cedffcdf747e5674eab40942e85093c6be7fc03da7",
                "0002417a67b9973c976f932f999a6fd9ac8163e83966fe012dfb9731b68edaf5",
                "0e447016c3bcedb8706740ae317066c3b53d17393bf5915d590cec92cf229e68",
                "2187b9706448b6333b941397aad69ebc2da9a195daa7eecc9eceb6d3777d11dd",
                "29801d439ba2f6226306dad59ff0c81f31db5ef16989d19e5fd6339a7b252c48",
                "748872671e7d0f32198daaca31469b408b6ea6a669a336b47dde3f70e5642e70",
                "8d1d5d680689efc6c2b2ed759ad5818bbc7d50040420a31560ebcdde3001a346",
                "f00e3159bbf6ba97cfa9556881fea4e3dd634e294843fd9a72d8b02af52d20d7",
                "3b9a4d1f406816c48885bf9b8aeb592dceaba10b54ddbbb1598412f769a67e62",
                "a361c01bf27da1b2a710849b91641aea69611002d8543aba6198244576f35586",
                "3c681bf16d1605c83fc41c07dae92f92c5dee5c9a3c52ad6a8ef312965e364d3",
                "bebfb005e085dda41cc8030dc8f4db0f46d8191db1fb6ef7c11522db7affe9cd",
                "3164a752531c4b84d9ff997760ce4d49964eb792db40dfa21b0546663bbcd05c",
                "5e87831f3c479e7d94b36be46ff46f3eb8e3671363e3e4463aa53382a2d361e6",
                "80a22f61e42de3712628a3ede89249805453cec052b3c6d5bd8ee79bd871bf13",
                "7675e5fc82d85260eba00e3e4a3ea61cbc61fae595d9903f38a6992e0da39db0",
                "01f1d485717cfe9a0166fedb570b6ee2c1022d0f57d299e06920498e562afe25",
                "07c39a7bc71c72dc7870330b629bd5ad4b713228c697a78fef82b98740971361",
                "a6c2cf3d81b02c453b438709ed1ae23af91f3869fdcae3351f04e59a8a14ce5b",
                "b014d4415b07f2882e62aaaef6851a130bfdca22292de098963111e68a9f18ce",
                "d9509a347456fd7adeaa26865aa20d41d1903f640de63121851ec3563351293e",
                "25d24472de4164256e70a220fed7814edde0a24e128d70da7c4ce456a25f08c6",
                "aab547a257a89fe1bdf911589dd69952d8dfba4dbe3118b35a97a444117edda0",
                "0a0b7ab50a1efe3e481e65440b9aa320d445024c5ac565a33ec2e7bd5a60e756",
                "7ddfa4af05fd4c87fb55c2fbe5781ac5efffa0c1a26b23ddead136bf12dd0d90",
                "6f181002fa4c9efbdbfe5a2ea6cd21ac8d32ba0f805f9c91f54da45394ae03b3",
                "cd013af78f9976da696afb255c3596f507efaf71a7b19380c575819e098f42f9",
                "dff4a9e04ad9826f4eb5575299e7f38d048e3632fa607fc8b3885461576c15b8",
                "7a714b9b6027a4ccaba5c389b96451ef185386d5ac4452641ed882e20e17024e",
                "9559dfae87886e8f131761527f59766ff010f4fb6f19bee3a73ea0548c3aaab2",
                "3a7678bb45a843af9ca360e335cb61a7a311f98909b3da830d82fbfd017ada80",
                "1af8f49d3209a1c5414aeb8b3a640eb9ccbd6b7e37ec5e4b944fb87486778f2b"
            ],
            "type": "Document",
            "firstPartyCookies": {},
            "firstPartyCookiesSent": {},
            "exampleSites": [
                "momseries.com",
                "sexygirlspics.com",
                "shavedpics.com",
                "hotblondepussy.com",
                "analpics.com",
                "idealmature.com",
                "bbwpictures.com",
                "allasianpics.com",
                "bustypics.com",
                "maturepornpics.com",
                "wetpussyporn.com",
                "allpantypics.com",
                "sexybuttpics.com",
                "www.bigtits.pics",
                "milfgalleries.com",
                "lamalinks.com",
                "exclusivemilf.com",
                "alllatinapics.com",
                "nakedwomenpics.com",
                "coedpictures.com"
            ]
        },
        {
            "rule": "bestcontentcost\\.top\\/warp\\/1781",
            "cookies": 0,
            "fingerprinting": 0,
            "subdomains": [
                "a"
            ],
            "apis": {},
            "sites": 23,
            "prevalence": 0.000157,
            "cnames": [],
            "responseHashes": [
                "41769e0f1e466b7e9bfdcdcd41b1e7890cacb9af9717935cb2be6aa2cea24644"
            ],
            "type": "Script",
            "firstPartyCookies": {},
            "firstPartyCookiesSent": {},
            "exampleSites": [
                "www.gayfuckporn.com",
                "www.verygayboys.com",
                "www.good-gay.tv",
                "www.kingtwinks.com",
                "www.xlgaytube.tv",
                "www.musclegayclips.com",
                "www.brutalgays.net",
                "www.goldgay.tv",
                "www.good-gay.com",
                "www.boy18tube.com",
                "www.poshgay.com",
                "www.onlydudes.tv",
                "www.gaypornarchive.com",
                "www.gayporno.fm",
                "www.gaymenring.com",
                "boy18tube.com",
                "www.boymoviedome.com",
                "www.meatyhunks.com",
                "www.xgaytube.tv",
                "www.gaypornplanet.com"
            ]
        },
        {
            "rule": "bestcontentcost\\.top\\/warp\\/3035",
            "cookies": 0,
            "fingerprinting": 0,
            "subdomains": [
                "a"
            ],
            "apis": {},
            "sites": 2,
            "prevalence": 0.0000137,
            "cnames": [],
            "responseHashes": [
                "755ca8e0d966ef0ac4062d913873c339c8fca12ed6641b4084ce188168d8c080"
            ],
            "type": "Script",
            "firstPartyCookies": {},
            "firstPartyCookiesSent": {},
            "exampleSites": [
                "gayporno.fm",
                "www.machotube.tv"
            ]
        }
    ],
    "categories": [],
    "performance": {},
    "cookies": 0,
    "topInitiators": [
        {
            "domain": "first party",
            "prevalence": 0.7862068965517242
        },
        {
            "domain": "wolf-327b.com",
            "prevalence": 0.21379310344827587
        }
    ],
    "types": {
        "Document": 36,
        "Script": 25
    },
    "nameservers": [
        "fred.ns.cloudflare.com",
        "olga.ns.cloudflare.com"
    ]
}