{
    "domain": "bidgear.com",
    "owner": {},
    "source": [
        "DuckDuckGo-US"
    ],
    "prevalence": 0.000335,
    "sites": 49,
    "subdomains": [
        "platform",
        "imp9",
        "demand",
        "source",
        "imp-dsp"
    ],
    "cnames": [],
    "fingerprinting": 1,
    "resources": [
        {
            "rule": "bidgear\\.com\\/ads\\.php",
            "cookies": 0,
            "fingerprinting": 1,
            "subdomains": [
                "platform"
            ],
            "apis": {
                "window.innerWidth": 1
            },
            "sites": 26,
            "prevalence": 0.000178,
            "cnames": [],
            "responseHashes": [
                "84d7e891c8947796b7fc5cf9afb5841a9c8db27cc270c076941d7387afdcd840",
                "145235bcf3acf39630f3906d836270e58d006e2f7dfff34f9e8d056d48baca97",
                "345d386d22ba90c88b6023dca6883891ff8d8749c7be2f5431d8018097e7b252",
                "8cfc5bfc28eeed95bfd344943b0b3f891fc277abfe72af50cde39826b04591ff",
                "d1b0fd97f310c5f10d523858f4e5cbfd3b5ae6b13e45a149d5b9ded04be3d48b",
                "2409fe045f5c4759a35ae0791d18ed94506205e9364c30333646b99a13343251",
                "c80b97b0c38cabe453583cff63fc5974b9689edf3e47fc8bd9840e8e4c22b9b2",
                "ef8167fbac3eb96db8e546bd49b60b5d5bf1366a082ad04446c9a36be103b394",
                "5a4520b208addd9738c9e76a23881e7a8de782a571c903f9629687016190dedf",
                "64d8ca5c062698b435d4d54f091d32c6ad65cd7f4f6a42efff3ad795d660e97a",
                "38a40e61cf6125b7be23bf83fa065206aaa5197ba3aa329a9199eca93d9d9440",
                "91c5648aec4778cbfcfae1ff2f0c746a62024cf1fb3f1951d35a5bc71e5dd3d1",
                "eade93c8096d6a5723e3059b014af1dd252be538a05ed710e42f4fb6a3cb196f",
                "a3a9302d84d1c5335c345c2d02a19b63f75cc155cff15749207c6141db39dfe2",
                "2362bc33237ce19b0a09a7c92c1a89f90f068fc2ad0f903eedf9bae06cc797e4",
                "33509cdb76794bc36b9a69848c5a6e1081286f66fd329df3b5808670421bd06a",
                "f1630beac7ce75074c07a83164a7df4501d1fc62e98ef7b4de119561da968cad",
                "0012dde237b8e506cbc165202d004ed6b9d034d0f2767ef6d1fd92d076bc540b",
                "5037bb93a6e50cc3ec88a2bc08381856264273f259c8731393a1e10623e57d4c",
                "ef9f4430d359e76a360febe69dc080304cf6c0850194f74ab33e2ebf96c8f115",
                "4242a090aabfc31966838c3fb5f3cbba41f119385ac1d5eae12bd1f0eb46e8ef",
                "f68debd3cb96e044f4017cee44531c14b0507b5d51344429f5f93808fab78805",
                "1f50c827c2b0e87a04a7df189e30849f76cfef184c413b18688b5819553a395e",
                "4d5a9c2f5d3e9c8eaf9a9459363652161063b7e877ee4bd24064a16297cdb70f"
            ],
            "type": "Script",
            "firstPartyCookies": {},
            "firstPartyCookiesSent": {},
            "exampleSites": [
                "ww4.readchainsawman.com",
                "asianc.sh",
                "y99.in",
                "www.angelfire.com",
                "kaliscan.io",
                "www.mangaread.org",
                "mangakatana.com",
                "fenrirtranslations.com",
                "readberserk.com",
                "myasiantv.co.ba",
                "www.scan-vf.net",
                "www.hentaiworld.me",
                "manhuaplus.org",
                "mangasee123.com",
                "manhuaus.org",
                "readmangabat.com",
                "manhwaclan.com",
                "mangakoma01.org",
                "myasiantv.ac",
                "ww5.readhxh.com"
            ]
        },
        {
            "rule": "bidgear\\.com\\/rec",
            "cookies": 0,
            "fingerprinting": 0,
            "subdomains": [
                "imp9"
            ],
            "apis": {},
            "sites": 33,
            "prevalence": 0.000225,
            "cnames": [],
            "responseHashes": [
                "e3b0c44298fc1c149afbf4c8996fb92427ae41e4649b934ca495991b7852b855"
            ],
            "type": "Image",
            "firstPartyCookies": {},
            "firstPartyCookiesSent": {},
            "exampleSites": [
                "www9.gogoanime.me",
                "voiranime.com",
                "vortexscans.org",
                "asuracomic.net",
                "myasiantv.ac",
                "ww4.readkingdom.com",
                "mangapill.com",
                "mangamirror.com",
                "mangakatana.com",
                "readberserk.com",
                "ww5.readhxh.com",
                "kunmanga.to",
                "mangakoma01.org",
                "www.hentaiworld.me",
                "meetyou.me",
                "templetoons.com",
                "mangasee123.com",
                "www.angelfire.com",
                "mangapeak.net",
                "www.scan-vf.net"
            ]
        },
        {
            "rule": "bidgear\\.com\\/pubbidgear-ad\\.js",
            "cookies": 0,
            "fingerprinting": 1,
            "subdomains": [
                "platform"
            ],
            "apis": {
                "Date.prototype.getTime": 8
            },
            "sites": 9,
            "prevalence": 0.0000615,
            "cnames": [],
            "responseHashes": [
                "4ef4a55cc8ad6109b406029717a45f1f453c3a7e216322b344d54b5763561b74"
            ],
            "type": "Script",
            "firstPartyCookies": {},
            "firstPartyCookiesSent": {},
            "exampleSites": [
                "asuracomic.net",
                "bato.to",
                "kunmanga.to",
                "mangapeak.net",
                "mangatoto.org",
                "manhwa18.com",
                "templetoons.com",
                "trendybeatz.com",
                "vortexscans.org"
            ]
        },
        {
            "rule": "bidgear\\.com\\/async-v2\\.json",
            "cookies": 0,
            "fingerprinting": 0,
            "subdomains": [
                "platform"
            ],
            "apis": {},
            "sites": 8,
            "prevalence": 0.0000547,
            "cnames": [],
            "responseHashes": [
                "c1c6cae3d428c3ad4e0d7c00e8ee611588e31c7d432d2a9340945644ab7a5329",
                "b9ce8bc4d2c81c445815ac50a9c9b783d2f6710356a52c01d681a497f8241da8",
                "ee67ba47335879304a9cff82cba932e76c0e04c6696f1e7d759f77c2c4fd5e41",
                "7af277509649629938918c9326f2647e65b5f3001a94c1402d01e9bc6dcf0c56",
                "5489593ee35fc7caec31c8e5a697ed875ca9172da456ffdfef6737e3efec2d72",
                "ec94a6ec9e382dcc71741c90f5e0179937e9d86a7db187d3cec893fedabe65e2",
                "99a4339f3dcba64e109e8b580066017084aa91cdf57812f8b0b9b7b74e305278"
            ],
            "type": "Fetch",
            "firstPartyCookies": {},
            "firstPartyCookiesSent": {},
            "exampleSites": [
                "asuracomic.net",
                "bato.to",
                "kunmanga.to",
                "mangapeak.net",
                "mangatoto.org",
                "templetoons.com",
                "trendybeatz.com",
                "vortexscans.org"
            ]
        },
        {
            "rule": "bidgear\\.com\\/images\\/close-icon\\.png",
            "cookies": 0,
            "fingerprinting": 0,
            "subdomains": [],
            "apis": {},
            "sites": 6,
            "prevalence": 0.000041,
            "cnames": [],
            "responseHashes": [
                "31faad8424714e17d3c90edd294c7b97db7f570b1f66d8e660b45066442e5d1f"
            ],
            "type": "Image",
            "firstPartyCookies": {},
            "firstPartyCookiesSent": {},