{
    "domain": "bloomerang.co",
    "owner": {},
    "source": [
        "DuckDuckGo-US"
    ],
    "prevalence": 0.00015,
    "sites": 22,
    "subdomains": [
        "api",
        "crm"
    ],
    "cnames": [],
    "fingerprinting": 1,
    "resources": [
        {
            "rule": "bloomerang\\.co\\/v1\\/WebsiteVisit",
            "cookies": 0.0000683,
            "fingerprinting": 1,
            "subdomains": [
                "api"
            ],
            "apis": {
                "Document.cookie setter": 10
            },
            "sites": 11,
            "prevalence": 0.0000752,
            "cnames": [],
            "responseHashes": [
                "15ae4ea9d80f4f4e06ec07f739560a46ecd388916ea66a737d889faf1f9175c3",
                "0ac6ab87402e2b768d78f808243041b81d20d8df848b23b5e65b25c0d5b5f162",
                "a98ad57dbd531537a07b27d861c6315fd1a56ddb7f366e4c8427c591add0e8a7",
                "76f0e1401b790fab9c197da3b935da43b8d0dc57ec17543e4e867df81c298698",
                "10487747481ed247f64646c579ba21240140b746a114e08b2be1e3e24f260e5e",
                "c625b592af2586516985a0c51d73b3e03dfef897e1ef44cedf2b4dac706bdb62",
                "e3b0c44298fc1c149afbf4c8996fb92427ae41e4649b934ca495991b7852b855",
                "04ce7db20d620278373b25e1639faa3e27f01bb4614b4e7095318406a36f45e5",
                "00c08560324dc294d708027827148100347b0a1ed48bb36d3ba2c6903104bdac",
                "40a000c7e0d9fc2102c1532ebce4fb0be068c4f30ae9474a4d3f15db36c873a6"
            ],
            "type": "Script",
            "firstPartyCookies": {
                "bloomerangConstituent": {
                    "ttl": 414215251,
                    "length": 36,
                    "prevalence": 0.00006832001093120175,
                    "uniqueness": 1
                }
            },
            "firstPartyCookiesSent": {},
            "exampleSites": [
                "aflegal.org",
                "buckslib.org",
                "electronicintifada.net",
                "naturemed.org",
                "torah.org",
                "www.foundationforpn.org",
                "www.monroeinstitute.org",
                "www.strongtowns.org",
                "www.tabletmag.com",
                "www.thecity.nyc",
                "www.thelawfareproject.org"
            ]
        },
        {
            "rule": "bloomerang\\.co\\/Content\\/Scripts\\/Api\\/Bloomerang-v2\\.js",
            "cookies": 0,
            "fingerprinting": 1,
            "subdomains": [
                "crm"
            ],
            "apis": {
                "Document.cookie getter": 10,
                "Navigator.prototype.userAgent": 11
            },
            "sites": 12,
            "prevalence": 0.000082,
            "cnames": [],
            "responseHashes": [
                "10b1428965b11a536be1a09cdb3553fd35d23bdef61eb30cf6b8cf338f22aabf"
            ],
            "type": "Script",
            "firstPartyCookies": {},
            "firstPartyCookiesSent": {},
            "exampleSites": [
                "aflegal.org",
                "buckslib.org",
                "electronicintifada.net",
                "llli.org",
                "mountwashington.org",
                "naturemed.org",
                "torah.org",
                "www.foundationforpn.org",
                "www.monroeinstitute.org",
                "www.tabletmag.com",
                "www.thecity.nyc",
                "www.thelawfareproject.org"
            ]
        },
        {
            "rule": "bloomerang\\.co\\/Content\\/Scripts\\/Lib\\/accounting\\.min\\.js",
            "cookies": 0,
            "fingerprinting": 0,
            "subdomains": [
                "crm"
            ],
            "apis": {},
            "sites": 12,
            "prevalence": 0.000082,
            "cnames": [],
            "responseHashes": [
                "ec8e2929277658d918b53d1d03853d33efa78dbd89f3e4f2e08d7dfe0d330555"
            ],
            "type": "Script",
            "firstPartyCookies": {},
            "firstPartyCookiesSent": {},
            "exampleSites": [
                "aflegal.org",
                "buckslib.org",
                "electronicintifada.net",
                "llli.org",
                "mountwashington.org",
                "naturemed.org",
                "torah.org",
                "www.foundationforpn.org",
                "www.monroeinstitute.org",
                "www.tabletmag.com",
                "www.thecity.nyc",
                "www.thelawfareproject.org"
            ]
        },
        {
            "rule": "bloomerang\\.co\\/v1\\/WebsiteVisit\\/",
            "cookies": 0,
            "fingerprinting": 0,
            "subdomains": [
                "api"
            ],
            "apis": {},
            "sites": 10,
            "prevalence": 0.0000683,
            "cnames": [],
            "responseHashes": [
                "d84e2b446d197b7af0530352632201b883841c93185cadcce3eac8fe689d8036",
                "d0bd6a95adcaef84699704c298d3c6c831fcbe073a319bb28600330a8f7f5728",
                "87b714051f8ee676b16b00a5e043408b126e3cb223930d73046ea68698c605d4",
                "595eb324110e96bde7f18737575703fefbc275edf8445e5ac3ddb9e87e7f10b1",
                "5997e4adab421bb8aabcfefb8858d52785fb0ee1513dc80968afd9fc1126ddc1",
                "2ad0903745db6f218a7709484e296735f14324d4fa880e8fc03cac9306fc90a2",
                "0cb85e7c42a1eaf64f23c0e3564330293bcbd4844239c6e9332c313b2f9e7453",
                "63f43f9150e7abf72c5f26053515b7fb0e90f06022349c176e49d4146e2e014a",
                "2a06a691957cebee68d4142cb6ebc729e8305cd9762a682aefe6970903855e32"
            ],
            "type": "XHR",
            "firstPartyCookies": {},
            "firstPartyCookiesSent": {},
            "exampleSites": [
                "aflegal.org",
                "buckslib.org",
                "electronicintifada.net",
                "naturemed.org",
                "torah.org",
                "www.foundationforpn.org",
                "www.monroeinstitute.org",
                "www.tabletmag.com",
                "www.thecity.nyc",
                "www.thelawfareproject.org"
            ]
        },
        {
            "rule": "bloomerang\\.co\\/v1\\/WebsiteVisit\\/",
            "cookies": 0,
            "fingerprinting": 0,
            "subdomains": [
                "api"
            ],
            "apis": {},
            "sites": 10,
            "prevalence": 0.0000683,
            "cnames": [],
            "responseHashes": [],
            "type": "Preflight",
            "firstPartyCookies": {},
            "firstPartyCookiesSent": {},
            "exampleSites": [
                "aflegal.org",
                "buckslib.org",
                "electronicintifada.net",
                "naturemed.org",
                "torah.org",
                "www.foundationforpn.org",
                "www.monroeinstitute.org",
                "www.tabletmag.com",
                "www.thecity.nyc",
                "www.thelawfareproject.org"
            ]
        }
    ],
    "categories": [],
    "performance": {},
    "cookies": 0.000116,
    "topInitiators": [
        {
            "domain": "first party",
            "prevalence": 0.875
        },
        {
            "domain": "googletagmanager.com",
            "prevalence": 0.05
        },
        {
            "domain": "ajax.googleapis.com",
            "prevalence": 0.05
        },
        {
            "domain": "aspnetcdn.com",
            "prevalence": 0.025
        }
    ],
    "types": {
        "Script": 35,
        "XHR": 10,
        "Preflight": 10
    },
    "nameservers": [
        "dorthy.ns.cloudflare.com",
        "kanye.ns.cloudflare.com"
    ]
}