{
    "domain": "bngdin.com",
    "owner": {},
    "source": [
        "DuckDuckGo-US"
    ],
    "prevalence": 0.0000752,
    "sites": 11,
    "subdomains": [
        "i"
    ],
    "cnames": [],
    "fingerprinting": 1,
    "resources": [
        {
            "rule": "bngdin\\.com\\/promo\\.php",
            "cookies": 0,
            "fingerprinting": 1,
            "subdomains": [],
            "apis": {
                "Navigator.prototype.userAgent": 9
            },
            "sites": 9,
            "prevalence": 0.0000615,
            "cnames": [],
            "responseHashes": [
                "0575711a82719817bc615a99956cd1f5a4c70efe36d1aca1deb8615a5738a3f2",
                "c798cd8f9afef801ac32d7f11907f97dcb67276e0d3dbe401ef922e9dbcbba5b",
                "5375e1b66c44efb36c3fb9895847b804732acf7725f5c785904cba6369969ddc",
                "c2ccb3470e494ec398e26913b5a9f84819bad951fe2da4a5d3916227f3fc0cbe",
                "3a8385e8b105d66efdece8a07206090c9aa41973f107b6867ca9d3c8f063e1c1",
                "701e6047eac8e62a1ca279aa685893dd94f5eba5bdff3635b2d02bf976495be1",
                "e5332ed550de101ea8619e9f5391c7bc4a87634e1fd75c1ab756ed1ed41d08be",
                "bdcdff6a9d11bc9c8708f466f993a4216b0c4308e970f257c1958dc864ea5911"
            ],
            "type": "Document",
            "firstPartyCookies": {},
            "firstPartyCookiesSent": {},
            "exampleSites": [
                "thisvid.com",
                "ru.thisvid.com",
                "russiasexygirls.com",
                "shahvatnak.com",
                "www.amateurmasturbations.com",
                "www.hotcelebshome.com",
                "www.ratedgross.com",
                "xcelebs.ru",
                "zh.thisvid.com"
            ]
        },
        {
            "rule": "bngdin\\.com\\/dynamic_banner\\/jquery\\.tools\\.min\\.js",
            "cookies": 0,
            "fingerprinting": 1,
            "subdomains": [
                "i"
            ],
            "apis": {
                "Navigator.prototype.userAgent": 9,
                "Date.prototype.getTime": 9,
                "Navigator.prototype.plugins": 4
            },
            "sites": 9,
            "prevalence": 0.0000615,
            "cnames": [],
            "responseHashes": [
                "e666784dfb5c0770b088874d0217b90b7404d14bd6149843f3b5952b9a5f9197"
            ],
            "type": "Script",
            "firstPartyCookies": {},
            "firstPartyCookiesSent": {},
            "exampleSites": [
                "thisvid.com",
                "ru.thisvid.com",
                "russiasexygirls.com",
                "shahvatnak.com",
                "www.amateurmasturbations.com",
                "www.hotcelebshome.com",
                "www.ratedgross.com",
                "xcelebs.ru",
                "zh.thisvid.com"
            ]
        },
        {
            "rule": "bngdin\\.com\\/dynamic_banner\\/images\\/logo2_default\\.png",
            "cookies": 0,
            "fingerprinting": 0,
            "subdomains": [
                "i"
            ],
            "apis": {},
            "sites": 3,
            "prevalence": 0.0000205,
            "cnames": [],
            "responseHashes": [
                "f00e39e0be43ab596213d870bb0d5238def82e4ed14424c80a1938de004c3bc2"
            ],
            "type": "Image",
            "firstPartyCookies": {},
            "firstPartyCookiesSent": {},
            "exampleSites": [
                "thisvid.com",
                "ru.thisvid.com",
                "zh.thisvid.com"
            ]
        },
        {
            "rule": "bngdin\\.com\\/dynamic_banner\\/images\\/lang\\/american\\.png",
            "cookies": 0,
            "fingerprinting": 0,
            "subdomains": [
                "i"
            ],
            "apis": {},
            "sites": 5,
            "prevalence": 0.0000342,
            "cnames": [],
            "responseHashes": [
                "063ea0ba10468d6bcd7fd91ea6e70d7bc690f4651207efcbb0f373c8fe5669a4"
            ],
            "type": "Image",
            "firstPartyCookies": {},
            "firstPartyCookiesSent": {},
            "exampleSites": [
                "thisvid.com",
                "ru.thisvid.com",
                "shahvatnak.com",
                "xcelebs.ru",
                "zh.thisvid.com"
            ]
        },
        {
            "rule": "bngdin\\.com\\/dynamic_banner\\/images\\/lang\\/russian\\.png",
            "cookies": 0,
            "fingerprinting": 0,
            "subdomains": [
                "i"
            ],
            "apis": {},
            "sites": 5,
            "prevalence": 0.0000342,
            "cnames": [],
            "responseHashes": [
                "c50f2e2b25c8dc8f5d422e2480d8f7a8433020218bde050154df430cc1ff1f53"
            ],
            "type": "Image",
            "firstPartyCookies": {},
            "firstPartyCookiesSent": {},
            "exampleSites": [
                "thisvid.com",
                "ru.thisvid.com",
                "shahvatnak.com",
                "xcelebs.ru",
                "zh.thisvid.com"
            ]
        },
        {
            "rule": "bngdin\\.com\\/dynamic_banner\\/images\\/bg_dynamic_baner\\.png",
            "cookies": 0,
            "fingerprinting": 0,
            "subdomains": [
                "i"
            ],
            "apis": {},
            "sites": 3,
            "prevalence": 0.0000205,
            "cnames": [],
            "responseHashes": [
                "565687ec3b1d00b810f5e207aebc2f230ff0adc1c7a0f68fe1b79768ead7fff2"
            ],
            "type": "Image",
            "firstPartyCookies": {},
            "firstPartyCookiesSent": {},
            "exampleSites": [
                "thisvid.com",
                "ru.thisvid.com",
                "zh.thisvid.com"
            ]
        },
        {
            "rule": "bngdin\\.com\\/dynamic_banner\\/images\\/logo_white\\.svg",
            "cookies": 0,
            "fingerprinting": 0,
            "subdomains": [
                "i"
            ],
            "apis": {},
            "sites": 3,
            "prevalence": 0.0000205,
            "cnames": [],
            "responseHashes": [
                "97e964132ac15666e2798b67ef4c6850cdea4831720b381d1cb12f659cf448b2"
            ],
            "type": "Image",
            "firstPartyCookies": {},
            "firstPartyCookiesSent": {},
            "exampleSites": [
                "russiasexygirls.com",
                "www.amateurmasturbations.com",
                "www.ratedgross.com"
            ]
        },
        {
            "rule": "bngdin\\.com\\/dynamic_banner\\/images\\/lang_svg\\/american\\.svg",
            "cookies": 0,
            "fingerprinting": 0,
            "subdomains": [
                "i"
            ],
            "apis": {},
            "sites": 2,
            "prevalence": 0.0000137,
            "cnames": [],
            "responseHashes": [
                "e3b0c44298fc1c149afbf4c8996fb92427ae41e4649b934ca495991b7852b855"
            ],
            "type": "Image",
            "firstPartyCookies": {},
            "firstPartyCookiesSent": {},
            "exampleSites": [
                "russiasexygirls.com",
                "www.ratedgross.com"
            ]
        },
        {
            "rule": "bngdin\\.com\\/dynamic_banner\\/images\\/border_insta\\.svg",
            "cookies": 0,
            "fingerprinting": 0,
            "subdomains": [
                "i"
            ],
            "apis": {},
            "sites": 3,
            "prevalence": 0.0000205,
            "cnames": [],
            "responseHashes": [
                "068db852edee183ad9ce57a9083bde719def67ee45a212820ce8b1647f215d82"
            ],
            "type": "Image",
            "firstPartyCookies": {},
            "firstPartyCookiesSent": {},