{
    "domain": "browser-intake-us3-datadoghq.com",
    "owner": {},
    "source": [
        "DuckDuckGo-US"
    ],
    "prevalence": 0.000205,
    "sites": 30,
    "subdomains": [
        "rum",
        "session-replay"
    ],
    "cnames": [],
    "fingerprinting": 0,
    "resources": [
        {
            "rule": "browser-intake-us3-datadoghq\\.com\\/api\\/v2\\/rum",
            "cookies": 0,
            "fingerprinting": 0,
            "subdomains": [
                "rum"
            ],
            "apis": {},
            "sites": 26,
            "prevalence": 0.000178,
            "cnames": [],
            "responseHashes": [
                "8f23d8e7c94cf342314d8f2edbadfd6d7d50368423b0a2965aa2753a7a10b5b3",
                "b9a489908b24b1ce1d2c676e0bc5c94965d06bcb28f79f1b656be7e80f5c2cfa",
                "97cfe63616628a0f3befaa17dbc83eb07a6786d3b5ac570816f5bfdcdfc6b34a",
                "b12fa82043dad50a45abbe5231192995ff8e8077218b3a5fd3bf50290981a641",
                "caea7d1a9be9315dd45d8bcf1b85d38f9b72554cf91952a25916c8ac09443980",
                "668410fd5c6128ac1eac85486f414492b67532aad3d5db6f42b1a62a5d3f351d",
                "6a998a1c3f7779e184f7dbf2b9d17beb70409748b85d2b92a8b1d53341dd1684",
                "2185f752be1885e869b17288f5c2d35b2af885db5feca3197187a4ca50530d3b",
                "73f3fda6c5edff69d4d9791ac146631b9c991d516db41d4280685c3ce3c54555",
                "32b42ddd4569600e0222080cdd795d9e047296bf928ee5025a7d6554beda9d1e",
                "3aa842c66a36629c2d5817411fc9e5dffbbab871cc6512f96056f50ad55c925a",
                "9691074d0784d8a8a7874336a366a1f5159a21c84b1db5e346d0f36f5760807f",
                "eca4d200e628e4823489e9b87c33a17cdb7484b5433be612e988cc77988fb594",
                "169f0184b90b8e7a2180c0f3747e4f9371736b2d55071972d5bb893de8e9a16a",
                "568d7081fdc1a40c0148f8c75a399e58b15292daee0282b7baaeae8d806ebcde",
                "3f169b6d29335ce5316f89f5f8c015e8d5111b1eb8f084bc7633ddc04c1608c3",
                "38c99280ecbc9f8de0de2b2da560f80906b3cd2c722a4001fa2dfaf426f3087e",
                "c9decdfc4af4a4c1620bba8b8d294ab95a64109dadccabb70d45255300578d2a",
                "9c24e283aedf0b709f7a844ce8f20f18923fba2e1bc7abe77789e3fb1b95a70b",
                "f3e83bf70903d7702f48669689c867de5b1a8df3a8c316cc1efd24d7b4d457f9",
                "6985c0eb1a3c234262953d45169fa2993c5171d1e15bb9b6c683a11fb98610f1",
                "5263f79e9959f9c05ba8a3a54ebd3a49452fd00b56ce90b0bd36fc79482b6e95",
                "fe57ed8dde833329efcd052779733bbddad28aebe84454aac431a1227cbea93a",
                "16b2d5acfb54241d3f9e3f6c2a2e803ee91efc0a24884189ba21ee09dccd6629",
                "ad7688b9ccdadb0e8adf70c3823150b0b00efbc0b00157e44063961f2b4e38d5"
            ],
            "type": "Fetch",
            "firstPartyCookies": {},
            "firstPartyCookiesSent": {},
            "exampleSites": [
                "www.skyzone.com",
                "www.unitedtalent.com",
                "account.hrblock.com",
                "patriotmobile.com",
                "www.snowshoemtn.com",
                "www.schweitzer.com",
                "www.lamesarv.com",
                "www.solitudemountain.com",
                "reebelo.com.au",
                "www.trainerroad.com",
                "www.fleetpride.com",
                "hrblock.com",
                "www.terminix.com",
                "earthbreeze.com",
                "micourt.courts.michigan.gov",
                "spanx.com",
                "property.jll.com",
                "essaypro.com",
                "www.pods.com",
                "www.therapyportal.com"
            ]
        },
        {
            "rule": "browser-intake-us3-datadoghq\\.com\\/api\\/v2\\/rum",
            "cookies": 0,
            "fingerprinting": 0,
            "subdomains": [
                "rum"
            ],
            "apis": {},
            "sites": 9,
            "prevalence": 0.0000615,
            "cnames": [],
            "responseHashes": [
                "8fd1a7aeba4fa9f2d311bf41f348b38e67fbb9d0c83a945a5e94bae467eb678b",
                "da8ac78c0957c74b0ba75ef1cbdec8c0ac3e3baf7b83f485ccbbd2a710ed997f",
                "2d21ad2041bda72dc28822037e1ba1b31c27fa520c0f77e7675eedbe77953ff3",
                "89080a8af1edfe02a753c9d6e512d87ae04c16ab8279022a897be6683dcee5a0",
                "afa58a8eedcef1d8c4a5f8f369868f177277a8a456f2ea5fd81cf6ea2c3e3519",
                "ce67c1573264ec8b307bf8ee294e5404109e41c9e843dd0be04042ce71234c2f",
                "f4c3feef86eb02996ad543763977d95a7b38bec6f7b4b1336ed194cf434bf4ea",
                "101118bf0b8196bc077754443ec232a8bcd08e7ed9b21e0f2afe00701e8657f5"
            ],
            "type": "XHR",
            "firstPartyCookies": {},
            "firstPartyCookiesSent": {},
            "exampleSites": [
                "hrblock.com",
                "earthbreeze.com",
                "reebelo.com.au",
                "spanx.com",
                "www.fleetpride.com",
                "www.kchilites.com",
                "www.lamesarv.com",
                "www.snowshoemtn.com",
                "www.workyard.com"
            ]
        },
        {
            "rule": "browser-intake-us3-datadoghq\\.com\\/api\\/v2\\/replay",
            "cookies": 0,
            "fingerprinting": 0,
            "subdomains": [
                "session-replay"
            ],
            "apis": {},
            "sites": 9,
            "prevalence": 0.0000615,
            "cnames": [],
            "responseHashes": [
                "71f60840ec652aec0717113722b7d262472af87dba7759c9c93593b9d11676a8",
                "49693681b4ec17c916aab52d6a2f88d2927fb39d6e9061e01f0f1ad8b9e3999e",
                "c0e9120e80b2526972b3680557ed61a37267de96bfcf80489d8b75f395d9718b",
                "14205c6d89c8c9a41838e6d6dccec5710aa107829dfd27ab05e5cea9b55b1278",
                "1ea94168a5b57f826475777c62ea17d06dab9f10e7b3d2beae8b23bce407feb9",
                "9f9f65446655b0c771b69493f496c9ff3d09ff3dc021c5bb19df40ff6cdaeaeb",
                "fb1fed43e0425ecbae5617d7725f2a2dd0eaab2514547e0f3dc54da0f1e0b423",
                "9279bdce9beb28bbf0ca94e9024569d54e9133808f3a7b4196f45e4ce4d0c587"
            ],
            "type": "XHR",
            "firstPartyCookies": {},
            "firstPartyCookiesSent": {},
            "exampleSites": [
                "earthbreeze.com",
                "essaypro.com",
                "landing.patriotmobile.com",
                "patriotmobile.com",
                "property.jll.com",
                "www.kchilites.com",
                "www.terminix.com",
                "www.unitedtalent.com",
                "www.workyard.com"
            ]
        },
        {
            "rule": "browser-intake-us3-datadoghq\\.com\\/api\\/v2\\/replay",
            "cookies": 0,
            "fingerprinting": 0,
            "subdomains": [],
            "apis": {},
            "sites": 2,
            "prevalence": 0.0000137,
            "cnames": [],
            "responseHashes": [
                "127eafef32e991283edc959ac5cb2148a982762132fa33f0dc1113dc1db93d6f"
            ],
            "type": "Fetch",
            "firstPartyCookies": {},
            "firstPartyCookiesSent": {},
            "exampleSites": [
                "patriotmobile.com",
                "www.terminix.com"
            ]
        }
    ],
    "categories": [],
    "performance": {},
    "cookies": 0,
    "topInitiators": [
        {
            "domain": "datadoghq-browser-agent.com",
            "prevalence": 0.5932642487046632
        },
        {
            "domain": "first party",
            "prevalence": 0.4067357512953368
        }
    ],
    "types": {
        "Fetch": 28,
        "XHR": 18
    },
    "nameservers": [
        "ns1-08.azure-dns.com",
        "ns2-08.azure-dns.net",
        "ns3-08.azure-dns.org",
        "ns4-08.azure-dns.info"
    ]
}