{
    "domain": "c99.ai",
    "owner": {},
    "source": [
        "DuckDuckGo-US"
    ],
    "prevalence": 0.0000342,
    "sites": 5,
    "subdomains": [
        "api"
    ],
    "cnames": [],
    "fingerprinting": 1,
    "resources": [
        {
            "rule": "c99\\.ai\\/api\\/v1\\/fire\\/snippet",
            "cookies": 0.0000205,
            "fingerprinting": 1,
            "subdomains": [
                "api"
            ],
            "apis": {
                "Document.cookie getter": 3,
                "Date.prototype.getTime": 3,
                "Document.cookie setter": 3,
                "Navigator.prototype.userAgent": 3
            },
            "sites": 3,
            "prevalence": 0.0000205,
            "cnames": [],
            "responseHashes": [
                "0f27d04e679ef4952d19a41f62f471ef608440f8df4621eaf2ce18b10a541c50"
            ],
            "type": "Script",
            "firstPartyCookies": {
                "c99_user_id": {
                    "ttl": 34560000,
                    "length": 36,
                    "prevalence": 0.000020496003279360526,
                    "uniqueness": 1
                }
            },
            "firstPartyCookiesSent": {},
            "exampleSites": [
                "gomotive.com",
                "www.algolia.com",
                "www.cloudzero.com"
            ]
        },
        {
            "rule": "c99\\.ai\\/api\\/v1\\/fire",
            "cookies": 0,
            "fingerprinting": 0,
            "subdomains": [
                "api"
            ],
            "apis": {},
            "sites": 3,
            "prevalence": 0.0000205,
            "cnames": [],
            "responseHashes": [],
            "type": "Fetch",
            "firstPartyCookies": {},
            "firstPartyCookiesSent": {
                "AMP_MKTG_f54d79990f": 0.000006832001093120175,
                "kameleoonVisitorCode": 0.000006832001093120175,
                "_gcl_au": 0.0000273280043724807,
                "_gd1731747286645": 0.000006832001093120175,
                "_ga": 0.000020496003279360526,
                "_biz_uid": 0.000006832001093120175,
                "__q_state_na7taQQEQyQ9MuQ8": 0.000006832001093120175,
                "_gd_visitor": 0.000006832001093120175,
                "_gd_session": 0.000006832001093120175,
                "_fbp": 0.000006832001093120175,
                "_uetsid": 0.000006832001093120175,
                "_uetvid": 0.000006832001093120175,
                "sliguid": 0.000006832001093120175,
                "c99_user_id": 0.000020496003279360526,
                "drift_campaign_refresh": 0.000006832001093120175,
                "OptanonConsent": 0.000006832001093120175,
                "ajs_anonymous_id": 0.000006832001093120175,
                "amplitude_idundefinedalgolia.com": 0.000006832001093120175,
                "amplitude_id_9fa03fe145137b598626150731335817algolia.com": 0.000006832001093120175,
                "_hjSessionUser_177462": 0.000006832001093120175,
                "_hjSession_177462": 0.000006832001093120175,
                "_ga_DTP2JVFEQN": 0.000006832001093120175,
                "_pk_id.32.0233": 0.000006832001093120175
            },
            "exampleSites": [
                "gomotive.com",
                "www.algolia.com",
                "www.cloudzero.com"
            ]
        }
    ],
    "categories": [],
    "performance": {},
    "cookies": 0.0000342,
    "topInitiators": [
        {
            "domain": "googletagmanager.com",
            "prevalence": 0.42857142857142855
        },
        {
            "domain": "rollbar.com",
            "prevalence": 0.2857142857142857
        },
        {
            "domain": "first party",
            "prevalence": 0.2857142857142857
        }
    ],
    "types": {
        "Script": 3,
        "Fetch": 3
    },
    "nameservers": [
        "ns-305.awsdns-38.com",
        "ns-781.awsdns-33.net",
        "ns-1333.awsdns-38.org",
        "ns-1866.awsdns-41.co.uk"
    ]
}