{
    "domain": "carbonatixaudio.com",
    "owner": {},
    "source": [
        "DuckDuckGo-US"
    ],
    "prevalence": 0.000082,
    "sites": 12,
    "subdomains": [
        "tts",
        "api.prod"
    ],
    "cnames": [],
    "fingerprinting": 1,
    "resources": [
        {
            "rule": "carbonatixaudio\\.com\\/static\\/js\\/tts_player\\.js",
            "cookies": 0,
            "fingerprinting": 1,
            "subdomains": [
                "tts"
            ],
            "apis": {
                "BroadcastChannel.prototype.constructor": 10,
                "window.localStorage": 9,
                "Navigator.prototype.userAgent": 7
            },
            "sites": 12,
            "prevalence": 0.000082,
            "cnames": [],
            "responseHashes": [],
            "type": "Script",
            "firstPartyCookies": {},
            "firstPartyCookiesSent": {},
            "exampleSites": [
                "am870theanswer.com",
                "dogtime.com",
                "sofrep.com",
                "srnnews.com",
                "www.browardpalmbeach.com",
                "www.comingsoon.net",
                "www.dallasobserver.com",
                "www.gamerevolution.com",
                "www.miaminewtimes.com",
                "www.phoenixnewtimes.com",
                "www.westword.com",
                "www.wishtv.com"
            ]
        },
        {
            "rule": "carbonatixaudio\\.com\\/article",
            "cookies": 0,
            "fingerprinting": 0,
            "subdomains": [
                "api.prod"
            ],
            "apis": {},
            "sites": 12,
            "prevalence": 0.000082,
            "cnames": [],
            "responseHashes": [
                "73f0728908d08ddac47c51360da3505414e6be0abb7c20088aa1248cef9938dd",
                "6cd417417c71bbe616a29856a5c019c7372b24d6af2b3e9f3313ff555cd93040",
                "07d5596fcda4a68ed58bac65a493ced956ccb907995e6e021173588e1430bef3",
                "67a47c380e03d5a57ddc8127f77d509b22c889f05d9ccff7ab6a367dbbd2c08a",
                "6671a274336fdca47aac4d7749aadeac93bcc4ec70b14a13e1f8b5362695d989",
                "fe80b16eab4fcad53fba876c755cc2427cd985a17d6addd54829ae9f4dd19874",
                "253f0a609499e29ae5d65a84cb0bd607af2c85f4bddda983af9e0ec12678a207",
                "335a81b416dafe41bd7388f991725c75926b4e781c0d66441944e65b3c8efe03",
                "f018999f9738e379788ee903a00add5eb53e8b0f7af8b6e1a24fae685c5ca773",
                "088d94c8c6c727f4828285bac34d5670b6ab7a55a15656f942c9e12b8f79d080",
                "23edf833698696b9183cbe7f69d1c4e24023612e5f3b42f5d5a1620570fc63c1"
            ],
            "type": "Fetch",
            "firstPartyCookies": {},
            "firstPartyCookiesSent": {
                "lotame_domain_check": 0.000020496003279360526,
                "_li_dcdm_c": 0.000006832001093120175
            },
            "exampleSites": [
                "am870theanswer.com",
                "dogtime.com",
                "sofrep.com",
                "srnnews.com",
                "www.browardpalmbeach.com",
                "www.comingsoon.net",
                "www.dallasobserver.com",
                "www.gamerevolution.com",
                "www.miaminewtimes.com",
                "www.phoenixnewtimes.com",
                "www.westword.com",
                "www.wishtv.com"
            ]
        },
        {
            "rule": "carbonatixaudio\\.com\\/api\\/v1\\/languages\\/codes-map",
            "cookies": 0,
            "fingerprinting": 0,
            "subdomains": [
                "api.prod"
            ],
            "apis": {},
            "sites": 12,
            "prevalence": 0.000082,
            "cnames": [],
            "responseHashes": [
                "e366cf0bb30bba5813f4e1753349873164398ccce7ea63ed41fa400b2cec1dcb"
            ],
            "type": "Fetch",
            "firstPartyCookies": {},
            "firstPartyCookiesSent": {},
            "exampleSites": [
                "am870theanswer.com",
                "dogtime.com",
                "sofrep.com",
                "srnnews.com",
                "www.browardpalmbeach.com",
                "www.comingsoon.net",
                "www.dallasobserver.com",
                "www.gamerevolution.com",
                "www.miaminewtimes.com",
                "www.phoenixnewtimes.com",
                "www.westword.com",
                "www.wishtv.com"
            ]
        },
        {
            "rule": "carbonatixaudio\\.com\\/article\\/stats",
            "cookies": 0,
            "fingerprinting": 0,
            "subdomains": [
                "api.prod"
            ],
            "apis": {},
            "sites": 11,
            "prevalence": 0.0000752,
            "cnames": [],
            "responseHashes": [
                "4f53cda18c2baa0c0354bb5f9a3ecbe5ed12ab4d8e11ba873c2f11161202b945"
            ],
            "type": "Fetch",
            "firstPartyCookies": {},
            "firstPartyCookiesSent": {},
            "exampleSites": [
                "am870theanswer.com",
                "dogtime.com",
                "sofrep.com",
                "srnnews.com",
                "www.browardpalmbeach.com",
                "www.comingsoon.net",
                "www.gamerevolution.com",
                "www.miaminewtimes.com",
                "www.phoenixnewtimes.com",
                "www.westword.com",
                "www.wishtv.com"
            ]
        },
        {
            "rule": "carbonatixaudio\\.com\\/article\\/stats",
            "cookies": 0,
            "fingerprinting": 0,
            "subdomains": [
                "api.prod"
            ],
            "apis": {},
            "sites": 11,
            "prevalence": 0.0000752,
            "cnames": [],
            "responseHashes": [],
            "type": "Preflight",
            "firstPartyCookies": {},
            "firstPartyCookiesSent": {},
            "exampleSites": [
                "am870theanswer.com",
                "dogtime.com",
                "sofrep.com",
                "srnnews.com",
                "www.browardpalmbeach.com",
                "www.comingsoon.net",
                "www.gamerevolution.com",
                "www.miaminewtimes.com",
                "www.phoenixnewtimes.com",
                "www.westword.com",
                "www.wishtv.com"
            ]
        },
        {
            "rule": "carbonatixaudio\\.com\\/article\\/playlist",
            "cookies": 0,
            "fingerprinting": 0,
            "subdomains": [
                "api.prod"
            ],
            "apis": {},
            "sites": 5,
            "prevalence": 0.0000342,
            "cnames": [],
            "responseHashes": [
                "0ed7ec2dfccf52fbf1c1eec6cd37e9bf58a1ad987ef13fd7bdfc86f751443ed4",
                "c5d3c6942fa26a99e25dbe6e9064f834f7a6dd6dd23451b61dd134a33098cb27",
                "af2cb6350748aed8fabf6ac0f0c0f001aa33a497d79a1fadedfcbb832a090721",
                "b100f69b49b3788aff906f8b5b2a094b5e5151345e57f9be5baaadaf3711dcc2"
            ],
            "type": "Fetch",
            "firstPartyCookies": {},
            "firstPartyCookiesSent": {
                "lotame_domain_check": 0.00001366400218624035
            },
            "exampleSites": [
                "sofrep.com",
                "www.browardpalmbeach.com",
                "www.miaminewtimes.com",
                "www.phoenixnewtimes.com",
                "www.westword.com"
            ]
        }
    ],
    "categories": [],
    "performance": {},
    "cookies": 0,
    "topInitiators": [
        {
            "domain": "first party",
            "prevalence": 0.5172413793103449
        },
        {
            "domain": "pushnami.com",
            "prevalence": 0.3793103448275862
        },
        {
            "domain": "saleminteractivemedia.com",
            "prevalence": 0.10344827586206896
        }
    ],