{
    "domain": "caroda.io",
    "owner": {},
    "source": [
        "DuckDuckGo-US"
    ],
    "prevalence": 0.000164,
    "sites": 24,
    "subdomains": [
        "publisher",
        "ads",
        "api",
        "data",
        "cdn5"
    ],
    "cnames": [],
    "fingerprinting": 3,
    "resources": [
        {
            "rule": "caroda\\.io\\/videoPlayer\\/caroda\\.min\\.js",
            "cookies": 0,
            "fingerprinting": 1,
            "subdomains": [
                "publisher",
                "ads"
            ],
            "apis": {
                "Navigator.prototype.userAgent": 1,
                "window.localStorage": 1,
                "Document.cookie getter": 1,
                "Date.prototype.getTime": 1
            },
            "sites": 24,
            "prevalence": 0.000164,
            "cnames": [],
            "responseHashes": [
                "e266c2b8732dcbf1b70e99ac34def1e7e4140ed7bb3d1960e655b442ee70da0d",
                "ca13462a430a34f5372511d4bcd5a569e6e31a66c013a2a7ce61cf42b0763d2c",
                "024206f8eefedcac9f64e93c6593b23a33851b1f66285a65b1ecea8841fc47f7",
                "60c8c71bdb2f37fea696835bb622d4daa56dcbd9e404a2ff3ebd64e3b0ce5315",
                "569521a6f8ffd2d566e12707f94921ed0ddb27fa32af98684b75fb06ee0cf33c",
                "2c8cf1f8d2ba28b0000e13778572d01fddb5c48c5de28469254cf505914538b7",
                "70ecd0113273db227cfff91824d5ede8a876998c7c84a1f4d53d007530610ec9",
                "07c816798a9f79cc539d4910f46324c8173a67ce2e0242a5432858ac83f3fb7c",
                "a48a2808012b072abc57bf0ea10e91ca7edef9a3182ae276c4abe1ffabf736bf",
                "31308df07247247c87b3ffc465d0347ada44566cc2832a637930f4e584ad581e",
                "855f4aa34f67d0fb1e8e2e10d714d5da95e5efccbdc4867209bd917b50436e62",
                "157485fd132b822e49c7de6a1f6cf09076aa3168710f2766894cf9c20bb48475",
                "ae2d9b2f4bc037d63cbac7369319acf94fb69559bfd2e74c0ec949213ff5f17b",
                "7faa9b593a3c70e6b364a98319a7247227a8abb8179e6f143404563260384b33"
            ],
            "type": "Script",
            "firstPartyCookies": {},
            "firstPartyCookiesSent": {},
            "exampleSites": [
                "www.aktualne.cz",
                "www.auto.cz",
                "www.csfd.sk",
                "www.banky.cz",
                "fresh.iprima.cz",
                "www.primerahora.com",
                "cnn.iprima.cz",
                "zpravy.aktualne.cz",
                "www.meteocentrum.cz",
                "www.centrum.cz",
                "www.e15.cz",
                "m.topky.sk",
                "www.parlamentnilisty.cz",
                "www.topky.sk",
                "www.csfd.cz",
                "www.apetitonline.cz",
                "www.elnuevodia.com",
                "meridiano.net",
                "www.boredpanda.com",
                "iprima.cz"
            ]
        },
        {
            "rule": "caroda\\.io\\/targetingProfile\\.json",
            "cookies": 0,
            "fingerprinting": 0,
            "subdomains": [
                "api"
            ],
            "apis": {},
            "sites": 23,
            "prevalence": 0.000157,
            "cnames": [],
            "responseHashes": [
                "64e1c64e04ccc89ca50d0f83eb070a84bce5abd1afc5bc7a02c777cc695ff08b"
            ],
            "type": "Fetch",
            "firstPartyCookies": {},
            "firstPartyCookiesSent": {},
            "exampleSites": [
                "www.boredpanda.com",
                "www.csfd.cz",
                "www.elnuevodia.com",
                "www.recepty.cz",
                "www.apetitonline.cz",
                "www.banky.cz",
                "www.blesk.cz",
                "www.meteocentrum.cz",
                "iprima.cz",
                "www.topky.sk",
                "www.realitatea.net",
                "meridiano.net",
                "www.csfd.sk",
                "www.parlamentnilisty.cz",
                "www.aktualne.cz",
                "www.e15.cz",
                "fresh.iprima.cz",
                "www.auto.cz",
                "www.primerahora.com",
                "www.centrum.cz"
            ]
        },
        {
            "rule": "caroda\\.io\\/videoPlayer\\/v\\/70cc2ea4e290c77ea9b099e5f5530ffa6361726f64612d323032342d31312d31355431323a31323a31342e3034305a\\/s\\/2\\/static\\.min\\.js",
            "cookies": 0,
            "fingerprinting": 2,
            "subdomains": [
                "ads"
            ],
            "apis": {
                "window.indexedDB": 21,
                "Navigator.prototype.userAgent": 21,
                "window.localStorage": 21,
                "Navigator.prototype.webdriver": 21,
                "Navigator.prototype.languages": 21,
                "window.innerHeight": 11,
                "Date.prototype.getTime": 13,
                "URL.createObjectURL": 2
            },
            "sites": 21,
            "prevalence": 0.000143,
            "cnames": [],
            "responseHashes": [
                "ce502e6392aaf6b99dd8415c7da570ede4d8aa4718a18118297979783ec56bf9"
            ],
            "type": "Script",
            "firstPartyCookies": {},
            "firstPartyCookiesSent": {},
            "exampleSites": [
                "www.csfd.sk",
                "iprima.cz",
                "www.apetitonline.cz",
                "meridiano.net",
                "www.primerahora.com",
                "www.csfd.cz",
                "www.banky.cz",
                "m.topky.sk",
                "www.btv.bg",
                "www.topky.sk",
                "www.auto.cz",
                "www.recepty.cz",
                "www.aktualne.cz",
                "www.blesk.cz",
                "zpravy.aktualne.cz",
                "www.meteocentrum.cz",
                "www.centrum.cz",
                "www.e15.cz",
                "www.boredpanda.com",
                "www.parlamentnilisty.cz"
            ]
        },
        {
            "rule": "caroda\\.io\\/api\\/hit\\.gif",
            "cookies": 0,
            "fingerprinting": 0,
            "subdomains": [
                "data"
            ],
            "apis": {},
            "sites": 15,
            "prevalence": 0.000102,
            "cnames": [],
            "responseHashes": [
                "cbd100d7cdab80ff21d2b11415e4d289beb2560bf07960915286afbeb5460c12"
            ],
            "type": "Image",
            "firstPartyCookies": {},
            "firstPartyCookiesSent": {
                "lotame_domain_check": 0.000006832001093120175
            },
            "exampleSites": [
                "iprima.cz",
                "cnn.iprima.cz",
                "m.topky.sk",
                "www.aktualne.cz",
                "www.apetitonline.cz",
                "www.btv.bg",
                "www.centrum.cz",
                "www.csfd.sk",
                "www.meteocentrum.cz",
                "www.parlamentnilisty.cz",
                "www.primerahora.com",
                "www.realitatea.net",
                "www.recepty.cz",
                "www.topky.sk",
                "zpravy.aktualne.cz"
            ]
        },
        {
            "rule": "caroda\\.io\\/videoPlayer\\/v\\/70cc2ea4e290c77ea9b099e5f5530ffa6361726f64612d323032342d31312d31355431323a31323a31342e3034305a\\/s\\/default\\/prebid\\.min\\.js",
            "cookies": 0.0000205,
            "fingerprinting": 2,
            "subdomains": [
                "ads"
            ],
            "apis": {
                "window.sessionStorage": 4,
                "Navigator.prototype.appName": 4,
                "Date.prototype.getTime": 4,
                "Navigator.prototype.cookieEnabled": 4,
                "window.localStorage": 4,
                "Document.cookie getter": 4,
                "NavigatorUAData.prototype.getHighEntropyValues": 4,
                "Document.cookie setter": 3,
                "window.innerWidth": 3,