{
    "domain": "catalogsites.net",
    "owner": {},
    "source": [
        "DuckDuckGo-US"
    ],
    "prevalence": 0.0000888,
    "sites": 13,
    "subdomains": [
        "lppool"
    ],
    "cnames": [],
    "fingerprinting": 0,
    "resources": [
        {
            "rule": "catalogsites\\.net\\/lf",
            "cookies": 0,
            "fingerprinting": 0,
            "subdomains": [
                "lppool"
            ],
            "apis": {},
            "sites": 10,
            "prevalence": 0.0000683,
            "cnames": [],
            "responseHashes": [
                "ca41e34a3811c82f05166aed3737309bed0031ba36175c98f453ec52f7f246a1",
                "805493c07db6c8e7eabf198d80961511a30193bfa8a5ba0bef6478736c17398f",
                "9bcf34f7ca0952d9c5dba65823a1800bcc6bfd89c5329a0c04f726199934a5c3",
                "da4bae6bfef5266dd8c8fb13e470185b78799b3aba160f778168c25eeab6a1b4",
                "ce4651a613a23bdf035a2deb2ff2ef9ae2e42dbf69c58805e178571aa58fc950",
                "d25f5e71743897e8286a10c097acedec75ee1ed86e153e4514607c680bc10a52",
                "4be4620494e6ce0b4a3be65e5652eac328ad0f47482a625a493574c84a54def4",
                "5539a45d839c48d3757fcdbf3e590c0a9662e90dd7a60e498f9bf8a272715b92",
                "7b5d34a690dc4e0d0e134049bd8840b282bbc72b6f0fb70f1a578ab8f1000acb"
            ],
            "type": "Image",
            "firstPartyCookies": {},
            "firstPartyCookiesSent": {},
            "exampleSites": [
                "northstyle.com",
                "www.chadwicks.com",
                "www.countrystorecatalog.com",
                "www.cuddledown.com",
                "www.favorites.com",
                "www.magellans.com",
                "www.northstyle.com",
                "www.potpourri.com",
                "www.travelsmith.com",
                "www.whateverworks.com"
            ]
        }
    ],
    "categories": [],
    "performance": {},
    "cookies": 0,
    "topInitiators": [
        {
            "domain": "first party",
            "prevalence": 0.9502762430939227
        },
        {
            "domain": "unbxdapi.com",
            "prevalence": 0.049723756906077346
        }
    ],
    "types": {
        "Image": 10
    },
    "nameservers": [
        "ns2.p201.dns.oraclecloud.net",
        "ns3.p201.dns.oraclecloud.net",
        "ns4.p201.dns.oraclecloud.net",
        "ns1.p201.dns.oraclecloud.net"
    ]
}