{
    "domain": "cbox.ws",
    "owner": {},
    "source": [
        "DuckDuckGo-US"
    ],
    "prevalence": 0.0000547,
    "sites": 8,
    "subdomains": [
        "www6",
        "www5",
        "www4",
        "www7",
        "static",
        "flr-eu3",
        "flr-eu4"
    ],
    "cnames": [],
    "fingerprinting": 1,
    "resources": [
        {
            "rule": "cbox\\.ws\\/box\\/",
            "cookies": 0,
            "fingerprinting": 1,
            "subdomains": [
                "www6",
                "www5",
                "www4",
                "www7"
            ],
            "apis": {
                "window.name": 1,
                "Date.prototype.getTime": 4
            },
            "sites": 7,
            "prevalence": 0.0000478,
            "cnames": [],
            "responseHashes": [
                "67b7087b838039611eb36d74e95336a5a315e486a51f3d6f157b88ed723ce173",
                "d2a4b115a823002ecb955cc8e6f44a87e8600c5dcb6e8e9ef05835c8b8c65818",
                "7549fd1055ff3b892e7b4c05f381e897fa60139be412881446a80255b5ed4f7f",
                "0bd2f18f6a18cf4a6cece5cf3813799725ea512ba0ae2081b9772f28595df53a",
                "77b2d69c90bc839e5580739515dd6673a95626fcccae4a18e9ff07682d9ffda9",
                "8bf2eb41bc7475700af71acf5a73a6f2bc7cd9f3403e6328c5946d8e168e857a"
            ],
            "type": "Document",
            "firstPartyCookies": {},
            "firstPartyCookiesSent": {},
            "exampleSites": [
                "baramangaonline.com",
                "imperia-of-hentai.net",
                "jav-jp.com",
                "javfree.me",
                "sarapbabe.com",
                "tools.revesery.com",
                "www.itabohai.com"
            ]
        },
        {
            "rule": "cbox\\.ws\\/box\\/",
            "cookies": 0,
            "fingerprinting": 0,
            "subdomains": [
                "www6",
                "www5",
                "www7",
                "www4"
            ],
            "apis": {},
            "sites": 6,
            "prevalence": 0.000041,
            "cnames": [],
            "responseHashes": [
                "6beb72d4d22c5029709e6388754f25530682ca06d154ceae9de0c1c7f8400365",
                "7d351229e89bad6961b01ce05a61a77f7bb5588fe2f260d163acbcee291a09fb",
                "6beeb729023703040d04867eaf62cf1a4cb5be924b9a1fba985f957d56938468",
                "805abcc9aa45d741ff196868c90af978ed698806d889020c20af5c2b045b9e92",
                "3be661decf78c58aba3678473167a1af02bb391e4a31d2b42be1f0f8895493a0"
            ],
            "type": "Stylesheet",
            "firstPartyCookies": {},
            "firstPartyCookiesSent": {},
            "exampleSites": [
                "baramangaonline.com",
                "imperia-of-hentai.net",
                "jav-jp.com",
                "sarapbabe.com",
                "tools.revesery.com",
                "www.itabohai.com"
            ]
        },
        {
            "rule": "cbox\\.ws\\/jsc\\/jsc_1593163307\\.js",
            "cookies": 0,
            "fingerprinting": 1,
            "subdomains": [
                "static"
            ],
            "apis": {
                "Date.prototype.getTime": 3,
                "HTMLMediaElement.prototype.canPlayType": 2,
                "window.localStorage": 1
            },
            "sites": 3,
            "prevalence": 0.0000205,
            "cnames": [],
            "responseHashes": [
                "4a0bfe840910b6f2622d2a9a11ff97a2e655facd7db8fa94633607fdc082a46a"
            ],
            "type": "Script",
            "firstPartyCookies": {},
            "firstPartyCookiesSent": {},
            "exampleSites": [
                "baramangaonline.com",
                "imperia-of-hentai.net",
                "javfree.me"
            ]
        },
        {
            "rule": "cbox\\.ws\\/gfx\\/snd2\\.png",
            "cookies": 0,
            "fingerprinting": 0,
            "subdomains": [
                "static"
            ],
            "apis": {},
            "sites": 2,
            "prevalence": 0.0000137,
            "cnames": [],
            "responseHashes": [
                "fe686a8c70eefe8c195edef9536c8bd34c567392eb8b315b00cad945a8cd1a69"
            ],
            "type": "Image",
            "firstPartyCookies": {},
            "firstPartyCookiesSent": {},
            "exampleSites": [
                "imperia-of-hentai.net",
                "javfree.me"
            ]
        },
        {
            "rule": "cbox\\.ws\\/snd\\/blip1\\.ogg",
            "cookies": 0,
            "fingerprinting": 0,
            "subdomains": [
                "static"
            ],
            "apis": {},
            "sites": 2,
            "prevalence": 0.0000137,
            "cnames": [],
            "responseHashes": [
                "a3e07820b2c602bd7bee045591c8af601623ab4be778cbbe5a626b93a9065d9a"
            ],
            "type": "Media",
            "firstPartyCookies": {},
            "firstPartyCookiesSent": {},
            "exampleSites": [
                "imperia-of-hentai.net",
                "javfree.me"
            ]
        },
        {
            "rule": "cbox\\.ws\\/jsc\\/jsc_10_1662968291\\.js",
            "cookies": 0,
            "fingerprinting": 1,
            "subdomains": [
                "static"
            ],
            "apis": {
                "Date.prototype.getTime": 4,
                "window.localStorage": 4,
                "window.name": 4
            },
            "sites": 4,
            "prevalence": 0.0000273,
            "cnames": [],
            "responseHashes": [
                "ee9be91699ff4cf58c547b83514c18568a274bfa1a5e63726714798cf33fc4a0"
            ],
            "type": "Script",
            "firstPartyCookies": {},
            "firstPartyCookiesSent": {},
            "exampleSites": [
                "jav-jp.com",
                "sarapbabe.com",
                "tools.revesery.com",
                "www.itabohai.com"
            ]
        },
        {
            "rule": "cbox\\.ws\\/fonts\\/fontawesome-webfont\\.woff2",
            "cookies": 0,
            "fingerprinting": 0,
            "subdomains": [
                "static"
            ],
            "apis": {},
            "sites": 4,
            "prevalence": 0.0000273,
            "cnames": [],
            "responseHashes": [
                "9682aff0dfb2932f5273721abd9190df39eeb0f42c37a24566aa4ac5753219c1"
            ],
            "type": "Font",
            "firstPartyCookies": {},
            "firstPartyCookiesSent": {},
            "exampleSites": [
                "jav-jp.com",
                "sarapbabe.com",
                "tools.revesery.com",
                "www.itabohai.com"
            ]
        },
        {
            "rule": "cbox\\.ws\\/",
            "cookies": 0,
            "fingerprinting": 0,
            "subdomains": [
                "flr-eu3",
                "flr-eu4"
            ],
            "apis": {},
            "sites": 4,
            "prevalence": 0.0000273,
            "cnames": [],
            "responseHashes": [],
            "type": "WebSocket",
            "firstPartyCookies": {},
            "firstPartyCookiesSent": {},
            "exampleSites": [
                "jav-jp.com",
                "sarapbabe.com",
                "tools.revesery.com",
                "www.itabohai.com"
            ]
        },
        {
            "rule": "cbox\\.ws\\/flags\\/au\\.png",
            "cookies": 0,
            "fingerprinting": 0,
            "subdomains": [
                "static"
            ],
            "apis": {},
            "sites": 2,
            "prevalence": 0.0000137,
            "cnames": [],
            "responseHashes": [
                "3c9ba1a24cbae05548be1e42558b1a91619e38fb46a4a89a391dbf5a08680006"
            ],
            "type": "Image",
            "firstPartyCookies": {},
            "firstPartyCookiesSent": {},