{
    "domain": "cctm.xyz",
    "owner": {},
    "source": [
        "DuckDuckGo-US"
    ],
    "prevalence": 0.000301,
    "sites": 44,
    "subdomains": [
        "136829",
        "482330",
        "390653",
        "395957",
        "395537",
        "379706",
        "489458",
        "361355",
        "364508",
        "99194",
        "211091",
        "379043",
        "130064",
        "490388",
        "100643",
        "494255",
        "462689",
        "401450",
        "460400",
        "366635",
        "474911",
        "471884",
        "389660",
        "398672",
        "93971",
        "402008",
        "468737",
        "403802",
        "471518",
        "493514",
        "208169",
        "401186",
        "386834"
    ],
    "cnames": [],
    "fingerprinting": 1,
    "resources": [
        {
            "rule": "cctm\\.xyz\\/t\\.js",
            "cookies": 0.000219,
            "fingerprinting": 1,
            "subdomains": [
                "136829",
                "482330",
                "390653",
                "395957",
                "395537",
                "379706",
                "489458",
                "361355",
                "364508",
                "99194",
                "211091",
                "379043",
                "130064",
                "490388",
                "100643",
                "494255",
                "462689",
                "401450",
                "460400",
                "366635",
                "474911",
                "471884",
                "389660",
                "398672",
                "93971",
                "402008",
                "468737",
                "403802",
                "471518",
                "493514",
                "208169",
                "401186"
            ],
            "apis": {
                "Document.cookie getter": 20,
                "Navigator.prototype.userAgent": 24,
                "window.localStorage": 23,
                "Date.prototype.getTime": 25,
                "Document.cookie setter": 20,
                "window.innerWidth": 7,
                "window.innerHeight": 7
            },
            "sites": 32,
            "prevalence": 0.000219,
            "cnames": [],
            "responseHashes": [
                "bfdfc40c2afe954c1ad7b63627767ed654186630cdea5aea85edd5ab54c34452",
                "01ba4719c80b6fe911b091a7c05124b64eeece964e09c058ef8f9805daca546b",
                "c185f62c1e983e91bf92d1cec3dac6c4ba86c1b4a884df5c59d1684e857ac923",
                "97c603b9ab6191886cd2e718ce5658bd6d8d2ef3748ad9896366e7646fc4029b",
                "1b7bf4756864d6f4b0c021a8844c035fec7de9d4a889e61a99ccc72983008f1c",
                "3e7bbb625ed201819ae3ce2173f9b02ff368748da31e321cb245707c25d0b70a",
                "0e4ade8c959832aa2e999477d5721596d2c07562a76c4352c89515ad37dd0af3",
                "30383995439efbdf11c09362bb2928edaaff948b48115ca072c9bb0218e6e821",
                "e47b5699b7ffe9cb51a46bceefbb91aa5c83f2a1dc1b8f433a4d711662ed0e0e",
                "99e81d85f0d162fc8324a4c762c391538ba53bded9e98d70a1f334cf9bfefc6f",
                "1d0b9c516fa926754d52798338d7a171c7fcb1f000d48ae0f8c6b55485d60f35",
                "21383ee0e21ceafaa00fefb2acb491ef7987d1451d2c6cbabb630e2f15c1da91",
                "cd3e8152c5ff5d89e13c8c45a4f424e4aca0bbc3fb7e6759e4f01124002b974e",
                "e2ba3c2bdccb67fdf10efab93083ca21ec97331ac867c3e17c8d83bc5a2b2435",
                "a9a591e2a3469d6352372a4965fa99e41822afbe8074b8f9124d7c339bc0a21d",
                "1861eb54f9ae02d4e16f883b978b3e853c1846ddab861b087413433658307e1a",
                "6123bef138d05f8a4b9b2bc1e0cab10ebd0f87a5aa6b68e32e57cdecf02f3886",
                "e17d7ddb6fdbc0a5145dfe26bcdc297bbdf97f28ed259fbf0ff72db7d78e10bf",
                "cc159ae7bc48e76e568c7c9da8bbd761052149c4faaa276700d6d3f085470019",
                "9eaead9a7f6220de4213c9db89c4ba1df8b934d20c86b12a706397cd0db0b251",
                "4f3fa35b95b7bdeca9303b51f74d9d3c19ae23672e067c456c8cb8996a3aa3d1",
                "6abdb82142ce99dc4be7230f0aa87e788a9c2a0807580be29dfd7afc77d1751d",
                "edf154cdc7dfda7297b86886eb102709ba6aec6ba1f1fcadd256dd0b6b3e58b7",
                "7f9dbceb246747fe38a373995c8627d74bfbedee48b43b1f71e73f3e95d30d94",
                "94290f9eb68b9f5272ff49f0316983563189f121bb06fe2c8a1f3bd45f4b4031"
            ],
            "type": "Script",
            "firstPartyCookies": {
                "__ctmid": {
                    "ttl": 2592004,
                    "length": 24,
                    "prevalence": 0.0001366400218624035,
                    "uniqueness": 1
                }
            },
            "firstPartyCookiesSent": {},
            "exampleSites": [
                "thetrailerpartsoutlet.com",
                "americanhearing.us",
                "www.veterinaryemergencygroup.com",
                "www.towerfcu.org",
                "burnerlaw.com",
                "greenhealthdocs.com",
                "www.americanboardcosmeticsurgery.org",
                "www.holdupdisplays.com",
                "greenhouseemporium.com",
                "www.steamboatsprings.net",
                "www.sullivantire.com",
                "fherehab.com",
                "www.bostonmedicalgroup.com",
                "unitedlocksmith.net",
                "premiaspine.com",
                "shop.usaclean.com",
                "nutrabio.com",
                "countrylifefoods.com",
                "www.nsastorage.com",
                "www.allied.com"
            ]
        },
        {
            "rule": "cctm\\.xyz\\/e\\.js",
            "cookies": 0.0000205,
            "fingerprinting": 2,
            "subdomains": [
                "386834"
            ],
            "apis": {
                "Document.cookie getter": 2,
                "Navigator.prototype.userAgent": 2,
                "window.localStorage": 3,
                "Date.prototype.getTime": 3,
                "Document.cookie setter": 2,
                "window.innerWidth": 2,
                "window.innerHeight": 2
            },
            "sites": 3,
            "prevalence": 0.0000205,
            "cnames": [],
            "responseHashes": [
                "0a709bf11facf887ce888b951faa825bda4b46d0534e70ca24640dba8915471f",
                "1ef8e9aa71d60af0ae1abb7990a2936bc601d80a728cde198a542334d1eeb61d"
            ],
            "type": "Script",
            "firstPartyCookies": {
                "__ctmid": {
                    "ttl": 2592002,
                    "length": 24,
                    "prevalence": 0.00001366400218624035,
                    "uniqueness": 1
                }
            },
            "firstPartyCookiesSent": {},
            "exampleSites": [
                "bedrockrecoverycenter.com",
                "springhillrecovery.com",
                "www.arkbh.com"
            ]
        },
        {
            "rule": "cctm\\.xyz\\/p\\.js",
            "cookies": 0.000082,
            "fingerprinting": 0,
            "subdomains": [
                "386834",
                "482330",
                "395537",
                "364508",
                "99194",
                "130064",
                "100643",
                "494255",
                "366635",
                "93971",
                "208169"
            ],
            "apis": {},
            "sites": 13,
            "prevalence": 0.0000888,
            "cnames": [],