{
    "domain": "cdn-rs.com",
    "owner": {},
    "source": [
        "DuckDuckGo-US"
    ],
    "prevalence": 0.000157,
    "sites": 23,
    "subdomains": [
        "mac-media",
        "ora-media",
        "ori-media",
        "rod-media",
        "tas-media",
        "aud-media",
        "erq-media",
        "epi-media",
        "qsc-media",
        "skb-media",
        "tay-media",
        "zoo-media",
        "shu-media"
    ],
    "cnames": [],
    "fingerprinting": 0,
    "resources": [
        {
            "rule": "cdn-rs\\.com\\/layout\\/rs\\/new\\/styles\\/rs\\/api\\/v3\\/rs\\.css",
            "cookies": 0.0000888,
            "fingerprinting": 0,
            "subdomains": [
                "mac-media",
                "ora-media",
                "ori-media",
                "rod-media",
                "tas-media",
                "aud-media",
                "erq-media",
                "epi-media",
                "qsc-media",
                "skb-media",
                "tay-media",
                "zoo-media"
            ],
            "apis": {},
            "sites": 13,
            "prevalence": 0.0000888,
            "cnames": [],
            "responseHashes": [
                "dba820e2a0456c124b539456ea74e87b647c7138d21a618c52179f3edded7db3",
                "834c86439fd9db800fb2f3506110632521ffdbdc4e514bab064776263cca6ecd",
                "ff0fb959e0126f7722e555a070d0daec7eedfc22ff91fcf2c9275f04a8f5ecaf",
                "4e88421c1959f6158319a32a7ef2dbb1c8a9fdcb3dffbdf5ae20ad6141442623",
                "e488a3d2e8390439b7cb160b19de1541f102e154673bedc8f132cef48ba8513a",
                "3de076632429f68802c2b0c899f5e551bc6f2b0a7f786b15a3690ca0953c1586",
                "c45a167ec6a9ee1aa2347859ec5ac6b97bfc934bab049fbbc078741f5f096f57",
                "eab500c5b6a60c3b70b8e63d97d552f3a4c8ea7afc47b77b0f3f0caf57deb262",
                "451861d060ad173c8ee8e86959c4b4f10b5ea803d38cdc49276f6f8980c8e990",
                "1e11124cb483602f292d4d93a853bef6abca2c3579a67e8ff08ffac5100fd3f7",
                "846ec1da5a68944a9b2bf41c2685e7b3e82cb22fd6cc19c4030082a0b3388529"
            ],
            "type": "Stylesheet",
            "firstPartyCookies": {},
            "firstPartyCookiesSent": {},
            "exampleSites": [
                "mackie.com",
                "orangeamps.com",
                "origineffects.com",
                "rode.com",
                "tascam.com",
                "www.audio-technica.com",
                "www.earthquakerdevices.com",
                "www.epiphone.com",
                "www.qscaudio.com",
                "www.qsys.com",
                "www.skbcases.com",
                "www.taylorguitars.com",
                "zoomcorp.com"
            ]
        },
        {
            "rule": "cdn-rs\\.com\\/layout\\/rs\\/new\\/fonts\\/rs\\/fontawesome-webfont\\.woff2",
            "cookies": 0.0000615,
            "fingerprinting": 0,
            "subdomains": [
                "ora-media",
                "ori-media",
                "tas-media",
                "erq-media",
                "epi-media",
                "shu-media",
                "skb-media",
                "tay-media",
                "zoo-media"
            ],
            "apis": {},
            "sites": 9,
            "prevalence": 0.0000615,
            "cnames": [],
            "responseHashes": [
                "f8ce252f3f14c4d1df6c8b846a6d64ebd02c030e4ea4734a89c8c6ff27732635"
            ],
            "type": "Font",
            "firstPartyCookies": {},
            "firstPartyCookiesSent": {},
            "exampleSites": [
                "orangeamps.com",
                "origineffects.com",
                "tascam.com",
                "www.earthquakerdevices.com",
                "www.epiphone.com",
                "www.shure.com",
                "www.skbcases.com",
                "www.taylorguitars.com",
                "zoomcorp.com"
            ]
        }
    ],
    "categories": [],
    "performance": {},
    "cookies": 0.000157,
    "topInitiators": [
        {
            "domain": "first party",
            "prevalence": 1
        }
    ],
    "types": {
        "Stylesheet": 13,
        "Font": 9
    },
    "nameservers": [
        "erin.ns.cloudflare.com",
        "hugh.ns.cloudflare.com"
    ]
}