{
    "domain": "cdnjs.work",
    "owner": {},
    "source": [
        "DuckDuckGo-US"
    ],
    "prevalence": 0.000321,
    "sites": 47,
    "subdomains": [
        "go",
        "mt",
        "tx"
    ],
    "cnames": [],
    "fingerprinting": 0,
    "resources": [
        {
            "rule": "cdnjs\\.work\\/metrics\\.js",
            "cookies": 0,
            "fingerprinting": 0,
            "subdomains": [
                "go",
                "mt"
            ],
            "apis": {},
            "sites": 32,
            "prevalence": 0.000219,
            "cnames": [],
            "responseHashes": [
                "93cb9773ae826d186eb941e52ddcd20aef54a7faa964e43751f7762ee4a02290",
                "3b214f201778f1eaa1f2f9cebe5a091bf13eb088b2fe5eeb50c110994cd7d8f6"
            ],
            "type": "Script",
            "firstPartyCookies": {},
            "firstPartyCookiesSent": {},
            "exampleSites": [
                "bravotube.tv",
                "bestpornstars.tv",
                "tubepornstars.tv",
                "redporn.tv",
                "gofucker.net",
                "anyxxx.tv",
                "beegsex.tv",
                "fap18.net",
                "herporn.net",
                "bestsexcam.tv",
                "babe8.net",
                "fapvid.net",
                "befuck.net",
                "sexu.tv",
                "redwap.tv",
                "vporn.me",
                "hdpornpictures.net",
                "porzo.tv",
                "niceporn.tv",
                "redwap.one"
            ]
        },
        {
            "rule": "cdnjs\\.work\\/toplist\\/",
            "cookies": 0,
            "fingerprinting": 0,
            "subdomains": [
                "tx"
            ],
            "apis": {},
            "sites": 11,
            "prevalence": 0.0000752,
            "cnames": [],
            "responseHashes": [
                "e615125e36cdbf243201f3f388c5047ef333f43f6d5c296f2e85207603b410cc",
                "362ff38198f4b9679a42209dec8e88d502cdba3d6d2c5bf260dc26806a0264d5",
                "8bc7879365a50e99aa1ab9cf868b81228753d2391317172110555a938994eb7c",
                "00b1b1fde9dc93f71b5f9c0f0ec6bada5d4d2a0a89a1bbd25e48992513f29a74",
                "c18eb870a60aba944e85845258b347c1f2dd6e8ab348eaf5d223e0d4890da0a7",
                "64bf110c29ef0c7523ecc98d0d8cfaaf3870694159b497528da4ea436584f94b",
                "4421626ee72e885502b1834e6ddf4d5125b015b45cc01a580e63de17290066b6",
                "5d642b328b84e33851d0efbf38d653dbb1cc87f82a7241f1e165eb98ebce8df3",
                "b39d9c450a3a2f1ad9222fa8fba253e0064143299888e455e89c2f8768d179b9",
                "e8d831f040511ee8e1b2e3a3e36a1ddd534752fbfed232b3515a09795aae8d3e"
            ],
            "type": "Script",
            "firstPartyCookies": {},
            "firstPartyCookiesSent": {},
            "exampleSites": [
                "4ksex.me",
                "babe8.net",
                "bravotube.tv",
                "freetube18.com",
                "gofucker.net",
                "herporn.net",
                "niceporn.tv",
                "porzo.tv",
                "redporn.tv",
                "sexu.tv",
                "tubegalore.tv"
            ]
        },
        {
            "rule": "cdnjs\\.work\\/view\\/",
            "cookies": 0,
            "fingerprinting": 0,
            "subdomains": [
                "go"
            ],
            "apis": {},
            "sites": 32,
            "prevalence": 0.000219,
            "cnames": [],
            "responseHashes": [
                "22b72b5271f9f3bdd771e80aa124f36b584a295d6a1742439e54ed5390d72cbc"
            ],
            "type": "Document",
            "firstPartyCookies": {},
            "firstPartyCookiesSent": {},
            "exampleSites": [
                "redporn.tv",
                "yousex.me",
                "freetube18.com",
                "herporn.net",
                "foxporns.net",
                "bestsexcam.tv",
                "babe8.net",
                "sexu.tv",
                "niceporn.tv",
                "koreaporn.net",
                "pornhat.tv",
                "vporn.me",
                "porzo.tv",
                "bestpornstars.tv",
                "anyxxx.me",
                "4ksex.me",
                "tubepornstars.tv",
                "gofucker.net",
                "bravotube.tv",
                "redwap.one"
            ]
        },
        {
            "rule": "cdnjs\\.work\\/extra\\.js",
            "cookies": 0,
            "fingerprinting": 0,
            "subdomains": [
                "mt",
                "go"
            ],
            "apis": {},
            "sites": 14,
            "prevalence": 0.0000956,
            "cnames": [],
            "responseHashes": [
                "ebc5b42428a88fca1b5615d0d5f7e126775fdf4015f151cce938ac154c7d8cbb",
                "3016d516e21ce637f1f0df1cbf598e7b82ecf37eec64ef1ab9a0b1e8b2b53600"
            ],
            "type": "Script",
            "firstPartyCookies": {},
            "firstPartyCookiesSent": {},
            "exampleSites": [
                "anyxxx.tv",
                "anyxxx.me",
                "bestpornstars.tv",
                "bravotube.tv",
                "fapvid.net",
                "foxporns.net",
                "gofucker.net",
                "herporn.net",
                "niceporn.tv",
                "porzo.tv",
                "redporn.tv",
                "redwap.tv",
                "tubegalore.tv",
                "tubepornstars.tv"
            ]
        }
    ],
    "categories": [],
    "performance": {},
    "cookies": 0,
    "topInitiators": [
        {
            "domain": "first party",
            "prevalence": 1
        }
    ],
    "types": {
        "Script": 57,
        "Document": 32
    },
    "nameservers": [
        "mimi.ns.cloudflare.com",
        "jakub.ns.cloudflare.com"
    ]
}