{
    "domain": "cemiocw.com",
    "owner": {},
    "source": [
        "DuckDuckGo-US"
    ],
    "prevalence": 0.000348,
    "sites": 51,
    "subdomains": [
        "www",
        "cdn"
    ],
    "cnames": [],
    "fingerprinting": 1,
    "resources": [
        {
            "rule": "cemiocw\\.com\\/script",
            "cookies": 0,
            "fingerprinting": 0,
            "subdomains": [
                "www"
            ],
            "apis": {},
            "sites": 2,
            "prevalence": 0.0000137,
            "cnames": [],
            "responseHashes": [
                "e3bbf740a94894651e7710b6482dfb91a152ec3e6c028aed5fd3ce82e5e62afa"
            ],
            "type": "Script",
            "firstPartyCookies": {},
            "firstPartyCookiesSent": {},
            "exampleSites": [
                "blackporn.tube",
                "realamateurmilf.com"
            ]
        },
        {
            "rule": "cemiocw\\.com\\/",
            "cookies": 0,
            "fingerprinting": 1,
            "subdomains": [
                "www"
            ],
            "apis": {
                "window.innerWidth": 6,
                "window.innerHeight": 6
            },
            "sites": 24,
            "prevalence": 0.000164,
            "cnames": [],
            "responseHashes": [
                "2dfe1a95d7a33e63aab4ebbaaaba9e000b429dd4d13a128225b15706a6fd7a0c",
                "1ced09f2b33f69e151e9229a6ec33b19f61ca48d3071fe78b4e004384afaeaff",
                "fdb2022b483762627b4c9151e1bb2a5437e9eea8dc2a1a40205cc971913d20fa",
                "e8e0c3a75651c5b7630230983a6033b64148e40b718fc1dc1be699a71833c9d0",
                "7646ea75a35ca9c94e1696fff0cca648dab5282a56e69e45ce1981f558b072f8",
                "6a815cc867b8d7536b1b8ba5382b4e9f73a762ad2082dbc5dd08a26ca3161cb1",
                "e9e4f2c6776b9c97ebc4a97b90a7bfbd33a3a08561ac8742fc6c300c8f7e6325",
                "4d542f4306a5aa4cb5dc835ed5a4e0dfb5562331df7107fb06e34e7a685a63eb",
                "f58d3f2c817cca332cda065d9468f81f8e520cfbb2948f2a4c1b590dfe9ce1f7",
                "287d7a85e4511989d7a2a77183323783b72ba62428f2521ea2381e7c30c4c446",
                "a082a6ab3f59f2e1ba73bf290a25aa9c42d6bc1eeefa31cb0f5a43abc19c913f",
                "0a190dcfc1815dd2cc5889df093a5e2a9c3e7d342c707188d0a7819f09b4e2ee",
                "97bb0dd60adaac551815f49af21680c493086fc5b77cca9bd56b9f4fbdd1310d",
                "053d1b667a5efebe20ea981497913ee150359be02aba93799cfb4fcf4fea7372",
                "cbeb0fba5184d09c6f63a94e5ea50957e8b0021d0889a18d544041cb8721fd95",
                "0a74c9b37c3a58ac4519be6ba5c4e5414988f503713b9008297ce09d311d61b0",
                "3495a4631fcbd5f4827a741f8e6efc8ed2355a46df457b7849bc5f449cf3cf89",
                "517fb4fe76a741583c679a7266170294b951e95f156f0bd611802de045d8b6c2",
                "fd41000179e42c251b05b812b7977d13168a14cd0ad9aa245b83a505eb178922",
                "8121c2631c3e7acfaf1279a7381dfa8c13692c243371508f088d2a0f6d6d9745",
                "63ffd4648951c69d5ef385e575221a347e4fe70f0afe4a4b6e32660de30c7a14"
            ],
            "type": "Document",
            "firstPartyCookies": {},
            "firstPartyCookiesSent": {},
            "exampleSites": [
                "camflow.tv",
                "www.cambro.video",
                "www.cambro.mov",
                "www.cambro.app",
                "realamateurmilf.com",
                "www.cambro.cool",
                "camhoes.tv",
                "camtwice.com",
                "www.cambrotv.org",
                "www.cambro.chat",
                "www.cambro.io",
                "camclips.tv",
                "www.cambay.tv",
                "www.cambro.red",
                "manythots.com",
                "blackporn.tube",
                "thotbay.com",
                "www.cambro.tv",
                "www.cambro.wtf",
                "www.cambro.tube"
            ]
        },
        {
            "rule": "cemiocw\\.com\\/cams_widget_css\\.css",
            "cookies": 0,
            "fingerprinting": 0,
            "subdomains": [
                "www"
            ],
            "apis": {},
            "sites": 24,
            "prevalence": 0.000164,
            "cnames": [],
            "responseHashes": [
                "41dc6b57dd252a94fcc1d660bb12c68837d74c0c4637388bd2a0206305f1fa1c",
                "cd98c3553b5c70081407745206445d30c741696d333fd8ac5fc6534c9f08ec20"
            ],
            "type": "Stylesheet",
            "firstPartyCookies": {},
            "firstPartyCookiesSent": {},
            "exampleSites": [
                "www.cambro.app",
                "camflow.tv",
                "www.cambro.company",
                "www.cambro.cool",
                "realamateurmilf.com",
                "www.cambro.red",
                "www.cambro.io",
                "www.cambro.wtf",
                "blackporn.tube",
                "www.cambro.tv",
                "thotbay.com",
                "www.cambro.lol",
                "manythots.com",
                "www.cambro.video",
                "www.cambrotv.tube",
                "www.cambro.chat",
                "camclips.tv",
                "camtwice.com",
                "hanime.watch",
                "www.cambrotv.org"
            ]
        },
        {
            "rule": "cemiocw\\.com\\/im_jerky",
            "cookies": 0.000143,
            "fingerprinting": 1,
            "subdomains": [
                "www"
            ],
            "apis": {
                "window.innerHeight": 27
            },
            "sites": 29,
            "prevalence": 0.000198,
            "cnames": [],
            "responseHashes": [
                "4353df4304e16a8eec310e331562f86a9c1dc36cc9acd2abcf18bd933efd6c31",
                "4214ff6981acb24c7dd4c0b3abdd66e9d95950f7fa65234716e4b38badd04e3d",
                "68e16f001de50243658839e7408d39ec37bca72fb19f0b571d23c18c91e4a35f",
                "fac34da07cb2896ace84a83c3d4c1fc2ccd81308cbb5fa907210708f3c68b8e0",
                "78fc6aa5d34656e6ee4c7b67f10fe79503fb6afcc0ac8ba00f0c36de4381ec84",
                "0123fdc699def06e8302894bc344fef3272ebca7f1837753674aafa0720c6d8d",
                "769f084f67c66dd2b96d442feaed1ffe8fd54adb608c2483da876bf7355d1533",
                "15b408cb0dfd4df94dc5986be4bb1938a45f3daabd81b9c732db2773b9ac39e9",
                "0880b56a7baa3a94794a20e60b4e51711f99191e56b895d1bf294349565aefe0",
                "0ee97fff3ed08fc3a3e137b572ff34a7f60781c5ee927f6d32b11ac050170425",
                "8b4f41c1b6970b008f7743a33cbc95e3fa0c9a6eebe937adafbb31ca3969bbef",
                "3368023800f3541e2b12b669f48693135ecb446f4636df741488e77cdb64f394",
                "9448a9dc875462231116acfb422a99f3764d8a78d0569420c7863968486dc61b",
                "4d0dfc2f237ef7f44141c7b7141abe1fde76cfc206a7bfa4ed0eb7c3fa7ed8d4",
                "47764eca4b01e61f7ea1bbe5bbfcb697cd25fdbb3b05ed1e962eab99c2409f2e",
                "6b6900fddb35410c5d3d183248bf4517590d81b4c19c9b5b9e1e0c6a445c117c",
                "ca652696452dd82b4446e8e7f3c65b4dc790d36e5131fc3bf2cf1970f5add43b",
                "88157e2812154e5e42ef5763780fe84174d5e557dae352ee734d3330fa5a8e0e",
                "3521beaab4230e8ea60c83bfa7a2c31d099fc574b52f1d42c6e3d831038a7bf7",
                "803fd435012b4a51d089d2ee7158850c44186ba5d3ed85fc270f5f298e278fa6",
                "51d43cfe99928cece1f4100c5d1c8827faaedc677c500ba6e6c3bbcbd60f11ab",
                "213346769c02fdb8a75000fa0dbbf973a146f72da1de1f43c9654198ec28fd71",
                "1ca6779421d943769ab48ec202acbb6c9f63ae0cfa59c180b62850033c695b37",
                "35b98dbceb579529465d67947e4c603f4303fbd205365864e0e50e8e62ca2789",
                "f8c10839b84271b75166773165b88bd66c4ffea05be9276173ca4e430f424304",
                "6d5b754ff16a21f9d4f4501f1cb5394a54c14a8e4349309f43ae8f8047041616",
                "2c3f556e62f6cfd5d6a08c8a750ec0e752492d8a1be4f009da25e89710298e88"
            ],