{
    "domain": "cht-srvc.net",
    "owner": {},
    "source": [
        "DuckDuckGo-US"
    ],
    "prevalence": 0.000123,
    "sites": 18,
    "subdomains": [],
    "cnames": [],
    "fingerprinting": 1,
    "resources": [
        {
            "rule": "cht-srvc\\.net\\/api\\/lc\\.js",
            "cookies": 0,
            "fingerprinting": 0,
            "subdomains": [],
            "apis": {},
            "sites": 12,
            "prevalence": 0.000082,
            "cnames": [],
            "responseHashes": [
                "92df1643822690b81ed01947d89de03c0bb82e2f2d65a382aa695faec11d0f2a",
                "3e503bd21b3656f7e9c3542804f2b383e426faff0c9a4f9e1a0f933b827a8c72",
                "b99c35a79d690d2b12ff2f152b9628ae1a54ca8f85170bce813f977b620ebb5f",
                "032a69f40f564d3eed7bd7bab1d5b57f69e43864bf01d911138e06b8e6bbfd09",
                "fed8292bdb63c4ec639a1f8158205b992e109baeb2f042c401b6fc75d75e019c",
                "5d1a3707e2809b10cfa3ffb5320fae8ff2cfe4e6c416d725db649c74df8685bc",
                "d0ea020c41b1d64d3797cfaff8809d5ce65dfce4a53f0eef18895114c9a27998",
                "b5e604c984d37b1df9c45f0a9157775de19ab915500dc6f0062002f607ab4ba8",
                "83e0656c9fabfddab419b51824f27c2d3bda601b8f34387e86f2488b1127e2bc",
                "41e9253fd56ad6ae90de2dbe631bd8ca74823f4fd7b47cb3ed2fa63bea6eac89",
                "febe2914249dc8ff9dc7949ee3f1169a945cef7e120a683928c9cb46994236ca"
            ],
            "type": "Script",
            "firstPartyCookies": {},
            "firstPartyCookiesSent": {},
            "exampleSites": [
                "villavieresidences.com",
                "www.brightlandhomes.com",
                "www.crye-leike.com",
                "www.echofineproperties.com",
                "www.huntrealestate.com",
                "www.latter-blum.com",
                "www.nextmodular.com",
                "www.raveis.com",
                "www.realestateone.com",
                "www.selectcarleasing.co.uk",
                "www.talktotucker.com",
                "www.windermere.com"
            ]
        },
        {
            "rule": "cht-srvc\\.net\\/cdn\\/@commversion\\/libs@0\\/dist\\/lc-exit-intent\\.js",
            "cookies": 0,
            "fingerprinting": 0,
            "subdomains": [],
            "apis": {},
            "sites": 13,
            "prevalence": 0.0000888,
            "cnames": [],
            "responseHashes": [
                "413c1b80f1303a8657e2610b485629be13eeaa6099cdc9142b8d3680958a9ae8"
            ],
            "type": "Script",
            "firstPartyCookies": {},
            "firstPartyCookiesSent": {},
            "exampleSites": [
                "villavieresidences.com",
                "www.brightlandhomes.com",
                "www.crye-leike.com",
                "www.echofineproperties.com",
                "www.huntrealestate.com",
                "www.latter-blum.com",
                "www.nextmodular.com",
                "www.raveis.com",
                "www.realestateone.com",
                "www.reecenichols.com",
                "www.selectcarleasing.co.uk",
                "www.talktotucker.com",
                "www.windermere.com"
            ]
        },
        {
            "rule": "cht-srvc\\.net\\/cdn\\/@commversion\\/libs@0\\/dist\\/lc-device\\.js",
            "cookies": 0,
            "fingerprinting": 0,
            "subdomains": [],
            "apis": {},
            "sites": 13,
            "prevalence": 0.0000888,
            "cnames": [],
            "responseHashes": [
                "74ba592098eb435598c93fbb01e52127977005601fe5c7598ea9c269cd31ef20"
            ],
            "type": "Script",
            "firstPartyCookies": {},
            "firstPartyCookiesSent": {},
            "exampleSites": [
                "villavieresidences.com",
                "www.brightlandhomes.com",
                "www.crye-leike.com",
                "www.echofineproperties.com",
                "www.huntrealestate.com",
                "www.latter-blum.com",
                "www.nextmodular.com",
                "www.raveis.com",
                "www.realestateone.com",
                "www.reecenichols.com",
                "www.selectcarleasing.co.uk",
                "www.talktotucker.com",
                "www.windermere.com"
            ]
        },
        {
            "rule": "cht-srvc\\.net\\/cdn\\/@commversion\\/libs@0\\/dist\\/lc-input-error\\.js",
            "cookies": 0,
            "fingerprinting": 0,
            "subdomains": [],
            "apis": {},
            "sites": 13,
            "prevalence": 0.0000888,
            "cnames": [],
            "responseHashes": [
                "fb96e0f6c72848700063066c6fd8f797fe99706c089b71964c09c1187c196dc5"
            ],
            "type": "Script",
            "firstPartyCookies": {},
            "firstPartyCookiesSent": {},
            "exampleSites": [
                "villavieresidences.com",
                "www.brightlandhomes.com",
                "www.crye-leike.com",
                "www.echofineproperties.com",
                "www.huntrealestate.com",
                "www.latter-blum.com",
                "www.nextmodular.com",
                "www.raveis.com",
                "www.realestateone.com",
                "www.reecenichols.com",
                "www.selectcarleasing.co.uk",
                "www.talktotucker.com",
                "www.windermere.com"
            ]
        },
        {
            "rule": "cht-srvc\\.net\\/cdn\\/@commversion\\/libs@0\\/dist\\/lc-gtm\\.js",
            "cookies": 0,
            "fingerprinting": 0,
            "subdomains": [],
            "apis": {},
            "sites": 13,
            "prevalence": 0.0000888,
            "cnames": [],
            "responseHashes": [
                "3828e4ae930fa54e9d4a029ae4ab6bc6594911a6444e4e03d6e499b4512cf922"
            ],
            "type": "Script",
            "firstPartyCookies": {},
            "firstPartyCookiesSent": {},
            "exampleSites": [
                "villavieresidences.com",
                "www.brightlandhomes.com",
                "www.crye-leike.com",
                "www.echofineproperties.com",
                "www.huntrealestate.com",
                "www.latter-blum.com",
                "www.nextmodular.com",
                "www.raveis.com",
                "www.realestateone.com",
                "www.reecenichols.com",
                "www.selectcarleasing.co.uk",
                "www.talktotucker.com",
                "www.windermere.com"
            ]
        },
        {
            "rule": "cht-srvc\\.net\\/cdn\\/@commversion\\/libs@0\\/dist\\/lc-powered-by\\.js",
            "cookies": 0,
            "fingerprinting": 0,
            "subdomains": [],
            "apis": {},
            "sites": 7,
            "prevalence": 0.0000478,
            "cnames": [],
            "responseHashes": [
                "cb6167823e9c8002fb71c79a055f13dbfa7f2c8158c85863a482ff9b3960696d"
            ],
            "type": "Script",
            "firstPartyCookies": {},
            "firstPartyCookiesSent": {},
            "exampleSites": [
                "crye-leike.com",
                "www.echofineproperties.com",
                "www.nextmodular.com",
                "www.raveis.com",
                "www.realestateone.com",
                "www.talktotucker.com",
                "www.windermere.com"
            ]
        },
        {
            "rule": "cht-srvc\\.net\\/cdn\\/@commversion\\/libs@0\\/dist\\/lc-show-hide\\.js",
            "cookies": 0,
            "fingerprinting": 0,
            "subdomains": [],
            "apis": {},
            "sites": 4,
            "prevalence": 0.0000273,
            "cnames": [],
            "responseHashes": [
                "a4e3730157442f5c3427ab1463e93747a340240fe855e5d2b48762f39bdff7ab"
            ],
            "type": "Script",
            "firstPartyCookies": {},