{
    "domain": "cjpowered.com",
    "owner": {},
    "source": [
        "DuckDuckGo-US"
    ],
    "prevalence": 0.000157,
    "sites": 23,
    "subdomains": [
        "cjshpfy"
    ],
    "cnames": [],
    "fingerprinting": 1,
    "resources": [
        {
            "rule": "cjpowered\\.com\\/getPluginJS",
            "cookies": 0,
            "fingerprinting": 1,
            "subdomains": [
                "cjshpfy"
            ],
            "apis": {
                "Document.cookie getter": 16
            },
            "sites": 17,
            "prevalence": 0.000116,
            "cnames": [],
            "responseHashes": [
                "e11a2f313859341e82fb0d5326a84a8fbe32c7ccddc3476caceea6124fee6860",
                "15f9fd2ceb6410f94c9f7f15e74eec98dd8aee6a9e8d43b0832a243901792515",
                "eccf5d21c78ee7d8b8c766a4130bd707d014e4f0144bf684685be7484e8e506d",
                "c955912660d6b58c928d066f6d3fb8f6ca3511201467bf8f9a3ce6b295981c4b",
                "6719608874c1e18529eb934aeb7e55d9b10a09940053b775a7cf98827f5541fc",
                "305b68304395af7a99a93b1983711f740bc6267f8c41372ab8e257becec0a969",
                "f8054851cd3487036cda55255c540c14cb7cd41b68b15ab1c4945e17fee404b7",
                "9e78d245ecc551f57fa486d153882b89401610194e6b822e3c02910dd0f7136d",
                "b6e483b1b2dbeeabab208f5ac4126d252823a9c1b09ea56cd116e7d48e0be7d8",
                "37467b5486b5f3908956c20cfc049f59cb900499bbec2232722c529dda8d4f43",
                "f3fc4393dbdf70a4727f3da6a1b93f75b63ced008b719dfca0c8ff08157a6359",
                "318e7f2193bc8ac6097e529e7d303ab4712169644360d015b225660bf364996c",
                "396f385b5be62a1c6dfd6c848e1810a2f87c17ee46bc99cb69757dec9d76029f",
                "2a3bc6a17c54b350a95b277075fe9d8b10a0469128574a680decde5c009abeeb",
                "acc03746d99fbd2ab82e74624adcdeb04a9822d526b185eabc071a7a738c811e",
                "dfc7f00d9290476b60a103b5352acc77160bbaf4c28fa189132d71c24f628689"
            ],
            "type": "Script",
            "firstPartyCookies": {},
            "firstPartyCookiesSent": {},
            "exampleSites": [
                "2xist.com",
                "blissy.com",
                "mymedic.com",
                "pendulumlife.com",
                "phrozen3d.com",
                "seikousa.com",
                "snagtights.com",
                "thehappyplanner.com",
                "us.amazfit.com",
                "www.bragg.com",
                "www.eileenwest.com",
                "www.greenpan.us",
                "www.holabirdsports.com",
                "www.jennikayne.com",
                "www.karenkane.com",
                "www.nativecos.com",
                "www.nearlynatural.com"
            ]
        }
    ],
    "categories": [],
    "performance": {},
    "cookies": 0,
    "topInitiators": [
        {
            "domain": "first party",
            "prevalence": 0.9130434782608695
        },
        {
            "domain": "d5zu2f4xvqanl.cloudfront.net",
            "prevalence": 0.043478260869565216
        },
        {
            "domain": "yottaa.com",
            "prevalence": 0.043478260869565216
        }
    ],
    "types": {
        "Script": 17
    },
    "nameservers": [
        "ns-552.awsdns-05.net",
        "ns-455.awsdns-56.com",
        "ns-1664.awsdns-16.co.uk",
        "ns-1244.awsdns-27.org"
    ]
}