{
    "domain": "cleverwebserver.com",
    "owner": {},
    "source": [
        "DuckDuckGo-US"
    ],
    "prevalence": 0.000574,
    "sites": 84,
    "subdomains": [
        "ui",
        "call",
        "scripts"
    ],
    "cnames": [],
    "fingerprinting": 1,
    "resources": [
        {
            "rule": "cleverwebserver\\.com\\/",
            "cookies": 0,
            "fingerprinting": 0,
            "subdomains": [
                "ui"
            ],
            "apis": {},
            "sites": 77,
            "prevalence": 0.000526,
            "cnames": [],
            "responseHashes": [
                "c1495d94b421272963666ca32a215a7834a57187d384a79c47b1371ab752a204",
                "b754af3ebb2aae780e64d16ff905999abea26282a8f456c0ba2db291c1da6e31",
                "ccbef9d6db690d99f90b1aa1d98a78b57870728257f8ec7e2e9a58d80865ad02",
                "b89830045ac9d7597613df6fab79e1f00dda15d5dcc67f294a77b3e31bc7ad9d",
                "7749c41e1f9db2afd331ba438a744c4172679f73fe96a2ef06c2e558bed5c3a8",
                "9f4787da5571068d1388ba019cb3daaa68f71cd897af281856e401d035184374",
                "c8034d9ce033259d2a5280dd97964d8c10848be05afa7f5eb1d525cc3d7459bc",
                "721eaa0cfe475cc355a84af9871fb228bcdaf0cc4df03f0444d5e5853bc88d64",
                "7627412ef6fbd14eac8665320fb4610b7f359feb42f1c39901037e12373fe6a3",
                "1a92cff4cbc60e86ec3da632e12dd3ed4f6e27f8b6ab30870fbd9bb8e1055981",
                "5b2e1a53dea5d7f7d33b2b090b510be3b43497116f5cb468e57a9f34fb5c43dd",
                "3a7fac681bac858e4c5112bbb856eacb88a09930b7d4443562b027fffccf1712",
                "59bad1c1e98b072df565c48c7832980c4a4730184429b40594d6aa05e1731dbf",
                "2205d7ddcb6d610a422895b295b006907ebb6f571ee7b42dfbddaa90ee36220c",
                "bc1584be53e45cc6aa9cb2f4c8ff2da0683cfe18c801777e4cb1a9789f6fc86b",
                "0366d515e8baede038309e7cef03eb0b1df8d7e5ebdaae2b208cec390eea7e6b",
                "e1ec244b7e7b3dd64402480e0d5c382a64e46d4123c22fca15d79a4de1108aee",
                "81be78e891d1643377cbe1987ae988c795663f018f46cb752a1851a30c2589a4",
                "7f6453085e9e42e54fe22a796ffb81c5c21366844f43c2e725cf6168f86ba98d",
                "63bdf322b1e9c2b66a17c66678343aeddbcfd19739c1d61d05227b6944e65e4b",
                "110d3e82fa2db8a1082ebc2ae8417b882c531f3531663fcff6a71ab60641bdf7",
                "e861c5699784cea7b3e0cc5bd284308bad710d85db301ea8451f7bda0b783d6a",
                "8c10e08a4aa9b6d438a2bfee5578d8c1ceb9a71639b3ccdd5e50e144dc8e1057",
                "298e0fb1e5589f61022c8815af91d88f2c8b33bb9370289e556444d4db2a6d54",
                "0e264a024db88511010c5275a72f8b42274345c489696806528b7d807389b8f6",
                "bfb69f3396ca45708845ae8fb14406a950f2913af41f458d4d1392863a47a760",
                "c22b6554143f7dc1efc22970c9b3ff1a03487e95634f897e9f9fc25eb15cbe6b",
                "84b9549388aed3b7097b3b35663a19c25864e7fa0bab85b765997bf945b50e12",
                "df8d1d0267270db10f0d814a3fea4ce93133ae63cd17b9d24ef4d15afacfbe8e",
                "dff4b574f00c7c922b546cb527582bdff6c5d48eb91e006519dcecd02a025b9e",
                "c44a35ee850fc49f339a0cf3398a01045483b7e7a879d4e39c3cab7dc8101c18",
                "932631b65e968eb732133dbd6d22ef691a6d79d8a02845308d52004c6b92734f",
                "35a4b186177d78f550a364ad1c9556d705373a2d162dd0862ec9e55d8707d799",
                "cfd7ec7baf09310ab26621ad0676c85ca31b5e520665758343039a6c0ef29115",
                "2a5477793afba50ab4f8202a83beda2ff434be112bd90dc7915983d0d1e6e4a3",
                "cdd4663dfb10ca8c544cbc1a45604de77b3053d44772b5f94ce377c2bd8ad567",
                "212fba2cf87b52cb435a1d0dd864ff297c4565333fc707fd3569bb00cd877171",
                "90785f0bd94e22de40a823bd1ffa03542a8280351ba9a1c24329c6599f6881ab",
                "e1dea6e1aa32b31fb0838b26f895e850bdfa14f10be6ff12b694247313f85573",
                "32e58c6b1ac05d41451d02d2e7da52d0ca444ceaf2fb2f092d4e9c72544fffcb",
                "19c1de9f8b772f549566b6427b65ec0bcb1c4ceea790e28dec8c6c3c81479f2b",
                "d665e860afd38a4c6d652839cc260728a5b70e97e881d248c5dfaea6c6422930",
                "8a4777b335f9df87506ea95193042dff66b54f491459ad7ecd438915de5dfebd",
                "992f50f6e01ee32e4bb0b3760496075437509b1e73e8fa5f4b0bcf1481c75433",
                "9caed860f2de3418561e121e3cce2bbfa2e82dcf3bb34105412fc180eda057ac",
                "03a9313a40843be8d1be54f2491cdc1643ecfc7b027e1b5c54633db18171bd06",
                "977f4f08ad6e83a4a37c41740f92a0a9b2c9529631604e17a7a7244cf075b8f3",
                "74cc11a78d9aff877b0342bbee026b0eeb3c0575863d1df3be8c0584cbdd83af",
                "c37bf53f9335921574cf70350d81814ff76a9035c315f21baf97ea31264a1739",
                "1f4257c545c3e93043fe004efe4ca5bd877aa40d3358c94fecb31105d061324b",
                "e7be069c2cb9ec697975b047b0a9c8dd40336f8cb13e62cbc683001910ef5f95",
                "2ed19f04e175913287fbe6ee82d6af125457cabbc9ee23ddacb5e565b85c5042",
                "08ea39748b7dd2cfddcd502902770a2b1f343521b4a62c3391df459efa307afc",
                "b0f2d1bee50137ea46a1638ddaa121daefc6cb4f73524296f842315728aa1042",
                "20b977d4769b75222d0c9bb2e11a3a90549eeb6224adc433fd51693dabfedcf2",
                "45e89e6b0cb495fed7de3c856f96bc79fb4dae90f77a9819ee536288fc7e0e9d",
                "214f22ff860970e6c9068e84802f0bef37fdf8ca05a53838b03a4d36834eb85a",
                "7909283bd2c1214c904a44c3b3f86595cfc52fd77c2426eedd9ba31a6967a060",
                "78c9662a50ef9552fa8ea79d274f27c82c3560b708c1d8e4bc1b8710faa025b3",
                "34ed4493da42eb47341e68093c57c9162c6fa827a4995108911880d976a72f4b",
                "7a8c62e92f6c7bd332a041a8e3a7e499fd791a4f576088fe3b5102909267c790",
                "b9aabf1d19e5efebc580ad8aa1d32dcb575846a89233da40f329f72661c6238f",
                "582eec99ac24906ccc00444af5eabf1882e9d99e66f6220b84674f539a5ead4b",
                "97e0fb89814a80a41d785acccbb0e9316c70fa5ef3988a644e4116224248ff3a",
                "95a5a51314ac2d4dfbb73abba439733448a7bf6d72a8f76905ba610060f85b82",
                "7a30db2fb28df5c8b717a18d86230612b996eb892505d23c2ea7eec70cdb0267",
                "c36aa021ee8ad091ef6330d567ce6ac20f67be45e6ef25099b0f4ec3b605aad6",
                "3653aeb928f0bdb620b5e5b692c3fcf29a7caaa8f59259b5d62e8309b163302d",
                "5758b84a179324f8aa840a5a8cc071ec6a29e84c6eede86265198e1552fd1e7d",
                "7f28133cad28b51a9773f5a5e9ca326b34f9fbfc7975ae719f4d227a8e34b088",
                "7b8306b9ef017f2ad57c591e971370262a95a9efdfe7f734a4d047f5adaa9f86",
                "52009b4a4a8850ed0359c8c1dac034046296f6721a2da6853b58a91fafad9bcf"
            ],
            "type": "Script",
            "firstPartyCookies": {},
            "firstPartyCookiesSent": {},
            "exampleSites": [
                "swisherpost.co.za",
                "casadosdados.com.br",
                "www.gfinityesports.com",
                "www.letras.mus.br",
                "guruhitech.com",
                "sportando.basketball",
                "www.cancioneros.com",
                "howjsay.com",
                "www.telefonforsaljare.nu",
                "www.omniglot.com",
                "m.fcinternews.it",
                "www.flagman.bg",
                "vocepergunta.com",
                "diariodonordeste.verdesmares.com.br",
                "www.makeleio.gr",
                "es.calcuworld.com",
                "osegredo.com.br",
                "m.letras.mus.br",
                "www.seneweb.com",
                "portaldaqueixa.com"
            ]
        },
        {
            "rule": "cleverwebserver\\.com\\/",
            "cookies": 0,
            "fingerprinting": 0,
            "subdomains": [
                "call"
            ],
            "apis": {},
            "sites": 73,
            "prevalence": 0.000499,
            "cnames": [],