{
    "domain": "cnnx.link",
    "owner": {},
    "source": [
        "DuckDuckGo-US"
    ],
    "prevalence": 0.00168,
    "sites": 246,
    "subdomains": [
        "js"
    ],
    "cnames": [],
    "fingerprinting": 1,
    "resources": [
        {
            "rule": "cnnx\\.link\\/roi\\/cnxtag-min\\.js",
            "cookies": 0,
            "fingerprinting": 1,
            "subdomains": [
                "js"
            ],
            "apis": {
                "Document.cookie getter": 149
            },
            "sites": 162,
            "prevalence": 0.00111,
            "cnames": [],
            "responseHashes": [
                "e1b726fedfa799b1f71703636e5a5d612873f70529a2c13ff3e9214d521c7faa",
                "d5267085b5489f178aae1444e1367dbca2debc7c061d5ddd803a16711a19c93b",
                "97cade3880ff1be911d15a19a0e0d513ddf61e3b2464c5b63e792d4e9e6ed044",
                "265476c4604512085a7db5276f52db07a0cb3ab43437c996a2a5ada993c7cd98",
                "f1e10a726b234c87b239c48ccd73ab85d7324652c672147909fc71d6deeb5c33",
                "659c08f361d865c5d86f31aba10e07380027ef42b537fd09a7bdfac7de37d417",
                "1ce67adf92304696fd0f3420d980e661a79b3a533b336ead9b18b4daed5a4905",
                "c373d893550f6f069989b305dd73ee351246e8d3b92c46c8a1c8d9773f5937bf",
                "5918d627a56189f47a3d8e638260ba42e64d57c923adee69dca1353dbd446c08",
                "bac76963dc5f0e3f2769036a92a415cae200f763ea451833f514ccae004aca2f",
                "4069eec9b2d4fc86424b85d239a900f6505fe4fc4620981054aa1e311f560542",
                "53ec7a9debd86ca15bd4327e0c7194175c26a9f0172416158d82bbb28287342b",
                "66abc35c87df6d8cdf8242732149aa9acd507a501ac7346375519acf5e80b2ac",
                "eb4f3235a53e4a2b3758e9fd3e0a78f3bee6b531d922f0e7ddfc6130fa1955e0",
                "0539590262a4cd62b5b6b987f4f6819b35c402e24a529e255b6dc2de7c62379d",
                "45c306223e804dcb7759158554720f27f1be903b072766866cc100e06f6e00ec",
                "9aef1ac8467647447d8b69d28c9f0c5231127777d5c300ec0468ec1b9a21e5e3",
                "dfca6599d887aef4ca7e57a680b3da73b5841cf425276879a31341e809e504bd",
                "9e3bb6d82d4abd25ec941f23cf21c3b43c59fcc683c2b0b1c392ea2f43a3f671",
                "54cd304459f0e6840f9bd5ec014f681765ec0c39b043619e19f7a429f7a445cf",
                "e22f6827f45aa2e6b3667d86a8a35587f3f106ec70274a280b6ede98c09eec59",
                "e073138ad56c3ded4b2b624c71456f187eec10f9f595f64113adea8f963b5fc8",
                "61d463c0795d64da793727da523ead916ea3b33081bbdad4ea8ab10ec1a582a8",
                "ddfaf767d4f882c9ca73188e556d0c9530c1721a06da176053f12ebf431490ac",
                "e76faa7e8cab150d1c5c5d6ed2a4d15c3f5466e3c66b4a3e365e3ca01427f416",
                "2f0320cceac3606ff2032f608b50d6c4ad1ccef2232ccecb83b5705df2a7c328",
                "078f9a14c160b190023f502c34df6d360bf5cf1e4f7fca6c34c2360943cdf7fb",
                "c7c8880048c6bde29f581b76ad6777c91420c6f9e1604cf880be8923e8e81e56",
                "6e0d93d5594aaa221b8a0668be3ccc0878ef0e73761682a8ea8a664b86040675",
                "20a8f997c23b1d9a7859f889b37790449b1b75e8fb3c2a3b44404897717a57e6",
                "406df1dd30514d13724fe3d7cb78330540e700f853bba60214e2b79e0ba1abae",
                "10b4dc4ce9801630f11e059787625be2d2a134e9b926ce56d6d2d2b741a754a5",
                "00a9f7dc115a76fc607b093eee7b2036cf254464d5db187e3fb0ce5936141072",
                "dd44b12fe7928a4a2f7d5d8f4974459eca867e6edd2389cb55b000f56fa67697",
                "440d8bc8b5f135a033adca591f4637ddc58ab2c323a861eb697ae99f742fa631",
                "31f272ab142748a7e538050bed20750e229d9e8df0c6c1a51c27b2e6ea45146d",
                "20e50ed6870317bb28d22957efeb08dbe63755718740a21387e0ed9571727446",
                "e5eadf91337b2ec4425e9978cefa982cf30cc381629c38960feb68e3ec166e61",
                "75cb60c6ae9345ec6ce24cc1d1e0f74899bbf264345300db7be350ebf5a0d4ac",
                "bd1ceb4c8aafbae76ae581a75b78e84e31933f60f90dfae8727ada6b466c3664",
                "26a60058a51809155bb5c72bda3b49c47412fffd399ef4aeab8d286dc0e1631c",
                "5a384193fd4e8e9f91a853d533357ccc79681601319250be62c0eda9988b05d2",
                "bf1724ae578dbb0b2997adc105e5e920d9ca25904c02ad96e19de97a44a88295",
                "5e592ac40994778338a95dbc422a274f69702d54c3de3c254ca41b593e2d1587",
                "63b6700339a27e4a922a2ccde377048bb035b8aca61939b2c4972490f923f03a",
                "218710c53a8deae9fd197db3760cbe0e1b25ff8dd4209d885185e0b95db7853d",
                "7baf5c66fe3e9f5e4b3a8d946ac28e75553b83787433da16adc99c163cdd88fc",
                "4349b680e3b883383c4cd6ed668cc32a404f6aa456df3b4da4a6efd3d91733f5"
            ],
            "type": "Script",
            "firstPartyCookies": {},
            "firstPartyCookiesSent": {},
            "exampleSites": [
                "cabelas.com",
                "macys.com",
                "www.bedbathandbeyond.com",
                "www.macys.com",
                "www.touchofmodern.com",
                "replacements.com",
                "www.frontgate.com",
                "www.wowcher.co.uk",
                "www.adameve.com",
                "womanwithin.com",
                "www.carcovers.com",
                "www.cigarpage.com",
                "www.bloomingdales.com",
                "www.liquid-iv.com",
                "stores.petco.com",
                "www.appleseeds.com",
                "www.carparts.com",
                "www.womanwithin.com",
                "www.cabelas.com",
                "www.beallsflorida.com"
            ]
        }
    ],
    "categories": [],
    "performance": {},
    "cookies": 0,
    "topInitiators": [
        {
            "domain": "first party",
            "prevalence": 0.39920948616600793
        },
        {
            "domain": "googletagmanager.com",
            "prevalence": 0.2845849802371542
        },
        {
            "domain": "taboola.com",
            "prevalence": 0.14624505928853754
        },
        {
            "domain": "tiqcdn.com",
            "prevalence": 0.08695652173913043
        },
        {
            "domain": "yottaa.com",
            "prevalence": 0.043478260869565216
        },
        {
            "domain": "adobedtm.com",
            "prevalence": 0.03557312252964427
        },
        {
            "domain": "cscshopfront.com",
            "prevalence": 0.003952569169960474
        }
    ],
    "types": {
        "Script": 162
    },
    "nameservers": [
        "ns-119.awsdns-14.com",
        "ns-867.awsdns-44.net",
        "ns-1498.awsdns-59.org",
        "ns-1899.awsdns-45.co.uk"
    ]
}