{
    "domain": "contentexchange.me",
    "owner": {},
    "source": [
        "DuckDuckGo-US"
    ],
    "prevalence": 0.00143,
    "sites": 210,
    "subdomains": [
        "bg",
        "si",
        "ughr",
        "ug",
        "gr",
        "analytics",
        "www",
        "tracker_ughr",
        "tracker_ug",
        "tracker",
        "collector",
        "images4",
        "hb",
        "hbstat"
    ],
    "cnames": [],
    "fingerprinting": 1,
    "resources": [
        {
            "rule": "contentexchange\\.me\\/static\\/tracker\\.js",
            "cookies": 0.0000137,
            "fingerprinting": 1,
            "subdomains": [
                "bg",
                "si",
                "ughr",
                "ug",
                "gr"
            ],
            "apis": {
                "window.localStorage": 6,
                "Document.cookie setter": 2,
                "Document.cookie getter": 2,
                "Date.prototype.getTimezoneOffset": 2,
                "Date.prototype.getTime": 2,
                "Screen.prototype.height": 2,
                "Screen.prototype.width": 2,
                "Screen.prototype.colorDepth": 2
            },
            "sites": 13,
            "prevalence": 0.0000888,
            "cnames": [],
            "responseHashes": [
                "4f1f4b3ec23459938526246711f0c7cfb2fd9f164de14ccb3e13b48a88c9f7f7",
                "5a7ad2fa5f77d38d16a047137c81fdb9e20d35de53daa061624663eaca66b9d1",
                "629dc854daf38dd2a43d56830910cfa77e1d6de72b0ad4fc464e41d38fc40b31",
                "36f2225fab22d0a53139468983f6263e0cc183bea219b70188f7534640ada77f",
                "c7b825f94cf74517f085f4c69250420c84eb71aaf4b9e4b3ccf9f6959e3399ec",
                "9291b5ee4dfe112ac41dedbc677ccd676fd7f80dbefcdfcdb2402e91fffe6059",
                "fb64c1532b24439e16b1bf966734f9810d4e0f3c6c4fa7036f59b78fb6ccddb1",
                "033164e0f5ffc40e28c81f1ff0f9d17049d3c9ac51b63d6d2248485ad1ced0cc",
                "9db622e54e8c79fccf911a337e351272f6e3954a2526e368ff9b4080c5bc4567",
                "288ef44d9b8849d31db851cce7aa96d4ab6abbf1c225ac88a2fd81241eeae019",
                "c820ede3e3c0b66d1046c2fe428e1679203f3dff59989a5529e9a4ba6bc7a561",
                "7bea86e2ee7c8338ca2e18050ff5c4e93c213392312656de18fba0b7ea89520e"
            ],
            "type": "Script",
            "firstPartyCookies": {
                "cx_id": {
                    "ttl": 62208006,
                    "length": 24,
                    "prevalence": 0.00001366400218624035,
                    "uniqueness": 1
                },
                "cx_last_match": {
                    "ttl": 62208006,
                    "length": 13,
                    "prevalence": 0.00001366400218624035,
                    "uniqueness": 1
                }
            },
            "firstPartyCookiesSent": {},
            "exampleSites": [
                "dariknews.bg",
                "insajder.com",
                "n1info.hr",
                "n1info.rs",
                "n1info.si",
                "nova.rs",
                "nova.bg",
                "www.24chasa.bg",
                "www.alphatv.gr",
                "www.danas.rs",
                "www.star.gr",
                "www.vesti.bg",
                "www.vijesti.me"
            ]
        },
        {
            "rule": "contentexchange\\.me\\/bex\\/load\\/5f9ae8347f08c7237d8609f9",
            "cookies": 0,
            "fingerprinting": 1,
            "subdomains": [
                "analytics"
            ],
            "apis": {
                "window.localStorage": 1
            },
            "sites": 4,
            "prevalence": 0.0000273,
            "cnames": [],
            "responseHashes": [
                "5ddede9f8a48fadebdf610ddde5c6d8cbc8e9fa2991cf600869be6eb50c3fa55",
                "ab963cd8f3d0953c15105f536fc433b809dfcab3e1106a6a219a35803bdc1a40",
                "414fc4edb80c5210451f8cf129fad6d89c53966ccfae5004df46c1452fc5afab"
            ],
            "type": "Script",
            "firstPartyCookies": {},
            "firstPartyCookiesSent": {},
            "exampleSites": [
                "dariknews.bg",
                "nova.bg",
                "www.abv.bg",
                "www.vesti.bg"
            ]
        },
        {
            "rule": "contentexchange\\.me\\/bex\\/load\\/5e5d3f3bf2f66476f179b0b8",
            "cookies": 0,
            "fingerprinting": 1,
            "subdomains": [
                "analytics"
            ],
            "apis": {
                "window.localStorage": 1
            },
            "sites": 2,
            "prevalence": 0.0000137,
            "cnames": [],
            "responseHashes": [
                "481a36c3d4fd1bf1f9b20c0c51c33eac17e867d071ba8c0adf20188f093ff6ae"
            ],
            "type": "Script",
            "firstPartyCookies": {},
            "firstPartyCookiesSent": {},
            "exampleSites": [
                "over.net",
                "www.zurnal24.si"
            ]
        },
        {
            "rule": "contentexchange\\.me\\/bex\\/storage\\.html",
            "cookies": 0,
            "fingerprinting": 1,
            "subdomains": [
                "analytics"
            ],
            "apis": {
                "window.localStorage": 3
            },
            "sites": 6,
            "prevalence": 0.000041,
            "cnames": [],
            "responseHashes": [
                "78526ac509a71a338fd7659197f80b4a153b6c4cdd4d61240511b78e47370834"
            ],
            "type": "Document",
            "firstPartyCookies": {},
            "firstPartyCookiesSent": {},
            "exampleSites": [
                "insajder.com",
                "krenizdravo.dnevnik.hr",
                "nova.rs",
                "nova.bg",
                "www.danas.rs",
                "www.vijesti.me"
            ]
        },
        {
            "rule": "contentexchange\\.me\\/static\\/ce_thumb\\.png",
            "cookies": 0,
            "fingerprinting": 0,
            "subdomains": [
                "www"
            ],
            "apis": {},
            "sites": 4,
            "prevalence": 0.0000273,
            "cnames": [],
            "responseHashes": [
                "62db9e73eb6b6afae6d1742050ee1b2aa6a08f73ac6d399053f00573e3fb4ba5"
            ],
            "type": "Image",
            "firstPartyCookies": {},
            "firstPartyCookiesSent": {},
            "exampleSites": [
                "insajder.com",
                "nova.bg",
                "www.danas.rs",
                "www.vijesti.me"
            ]
        },
        {
            "rule": "contentexchange\\.me\\/tracker\\.js",
            "cookies": 0.0000137,
            "fingerprinting": 2,
            "subdomains": [
                "tracker_ughr",
                "tracker_ug",
                "tracker"
            ],
            "apis": {
                "window.localStorage": 2,
                "Document.cookie setter": 1,
                "Document.cookie getter": 1,
                "Date.prototype.getTimezoneOffset": 1,
                "Date.prototype.getTime": 1,
                "Screen.prototype.height": 1,
                "Screen.prototype.width": 1,
                "Screen.prototype.colorDepth": 1
            },
            "sites": 5,
            "prevalence": 0.0000342,
            "cnames": [],
            "responseHashes": [
                "a7c26c8ce925d66862537c74b867f82316e77bd2d5bf25e604cb535633855c8e",
                "68ec5ae441a10808ae87417732072c75fe5c07b4b88cc760f1dd043befdf93db",
                "cb6b422b8eabf609836098f209526ce28ce6a439a558062baf6a9df259090bbc",
                "c10bd9c726bfe5acfbf293a66f9923c0c59c22d215069c41d0771a0195adde09"
            ],
            "type": "Script",
            "firstPartyCookies": {
                "cx_id": {
                    "ttl": 62208002,
                    "length": 24,