{
    "domain": "contobox.com",
    "owner": {},
    "source": [
        "DuckDuckGo-US"
    ],
    "prevalence": 0.000191,
    "sites": 28,
    "subdomains": [
        "ws",
        "cbdp",
        "am",
        "cbmedia2"
    ],
    "cnames": [],
    "fingerprinting": 1,
    "resources": [
        {
            "rule": "contobox\\.com\\/getcode\\.js",
            "cookies": 0.0000888,
            "fingerprinting": 1,
            "subdomains": [
                "ws"
            ],
            "apis": {
                "Navigator.prototype.userAgent": 13,
                "Date.prototype.getTime": 1
            },
            "sites": 14,
            "prevalence": 0.0000956,
            "cnames": [],
            "responseHashes": [
                "f4b3278b277c529e537e56d6aae68bc810179fe7fdf7832d70aec4bef59fe41d",
                "1f39abd3e648fbdb8100af1beae3d435da28e5711aeec88a3770b4d4c301c14c",
                "1e36f0ac946f57d70153845cf6babf749cb7305f3137ec99398a5767ccc2450e",
                "92958e0144abd75d6246a8464d600ad23cae2557549b82c3070cb1184850c598",
                "10aaa629e0613c4dab8db0903566bd782eb3959a342f80800ca2188f0f30d148",
                "5245d92d5498b707c7358ed4c136c37a326d7c0914ac2e7aeea29742e87b34c1",
                "e36363a9c3c7024fe387444c3d595330f270f24ae09e4ba3557bd15e0cbc1057",
                "e65d948b5536db84ce53c4f3a920439a9161c0fd5b99d32f378b3456e9d44304",
                "c8a852362e53758342bf878d76e9758a43e5881cd260389392c5f20047a50922",
                "e97e2a63f96473740cdb2e57c6ed3aea9d8924fd54c122f679b7a4d9d68b9580",
                "6f6d134b99ed3cd2b8110bf30afce2d6a74be22270b2697a1aa8dc85d2359f3c",
                "47dc258d5d53e748f6378523f27c5001454b9de7750462af37d36ee3c0be3497"
            ],
            "type": "Script",
            "firstPartyCookies": {},
            "firstPartyCookiesSent": {
                "IR_gbd": 0.00001366400218624035,
                "_li_dcdm_c": 0.00001366400218624035,
                "sa-r-source": 0.00001366400218624035
            },
            "exampleSites": [
                "acehardware.com",
                "help.mulesoft.com",
                "realtree.com",
                "ruffwear.com",
                "www.acehardware.com",
                "www.baldwinhardware.com",
                "www.benbridge.com",
                "www.borla.com",
                "www.colehaan.com",
                "www.gaf.com",
                "www.mackenzie-childs.com",
                "www.nowfoods.com",
                "www.rona.ca",
                "www.vitamix.com"
            ]
        },
        {
            "rule": "contobox\\.com\\/wsrule",
            "cookies": 0,
            "fingerprinting": 0,
            "subdomains": [
                "cbdp"
            ],
            "apis": {},
            "sites": 14,
            "prevalence": 0.0000956,
            "cnames": [],
            "responseHashes": [
                "1bfba55c0067d5ce6f069c7f8ed1b2fec83fcfd9d7a0ce656990ac3b53f966af",
                "51220b09c69313c220f0772afd15de21757da59126c4373993382648c020d7c4",
                "b32e758b40029abdededbdbbfa35ceef9d8620a2f1f2a15caa97bf1208701cd7",
                "217fa6f85d6d8cd21a9cb5eec23ada7bbadeb6b5e5b66f50fb90583dfe912a26",
                "b084a71cb08445c48a779f556c591f1ab5009554cb06ebc95f10008dfb550fcf",
                "ab76d2ef23f8a9d92a8d737a97c5a99371837cf8ea0679f047c2ab7a5e87075d",
                "527d8a80ed2da870d14e739c7b603e5767915a7d300158670490d7272b5c8d2a",
                "e1cbd4bf9b6512334a592c8106fcaa1a627822baeb93c1cae06d7b37322eca6b",
                "5dfb055d49610548dd5127a81d8c0be656a41e31869cb38937504f58c4c5f4f1",
                "cdf6464dc5d672e49874bcb174cd7afe1cc95b464335bf45185955491a91e3a7",
                "437a4b61e2aeb25f6a28f2735f8801b27dfa61d6ce72a56edc58cd90776f21f6",
                "c4da206a593468e3d30fc77c504746e17569ae7fa118a20afc4913a2b98722f7"
            ],
            "type": "XHR",
            "firstPartyCookies": {},
            "firstPartyCookiesSent": {},
            "exampleSites": [
                "acehardware.com",
                "realtree.com",
                "ruffwear.com",
                "www.acehardware.com",
                "www.baldwinhardware.com",
                "www.benbridge.com",
                "www.borla.com",
                "www.colehaan.com",
                "www.gaf.com",
                "www.homedepot.ca",
                "www.mackenzie-childs.com",
                "www.nowfoods.com",
                "www.rona.ca",
                "www.vitamix.com"
            ]
        },
        {
            "rule": "contobox\\.com\\/v3\\/frontend\\/creatives\\/getcode\\.js",
            "cookies": 0.0000273,
            "fingerprinting": 1,
            "subdomains": [
                "am"
            ],
            "apis": {
                "window.innerWidth": 2,
                "window.innerHeight": 2,
                "Date.prototype.getTime": 1,
                "Navigator.prototype.userAgent": 1,
                "Document.cookie getter": 2
            },
            "sites": 4,
            "prevalence": 0.0000273,
            "cnames": [],
            "responseHashes": [
                "7291d22f3e72f965d45d6bda1b272ccf21376b603b2a7363394e0c37e406ca79",
                "a41e85e7a65e192ff9cc2a20adb1e64f975e419f382d0d087d76d692737982a3",
                "f24734b59f42fb3b88357d5538de997c1a9d49b1fc9da898e1c2cc13b5af347e"
            ],
            "type": "Script",
            "firstPartyCookies": {},
            "firstPartyCookiesSent": {},
            "exampleSites": [
                "anilist.co",
                "racingnews.co",
                "www.cosmoprofbeauty.com",
                "www.homedepot.ca"
            ]
        },
        {
            "rule": "contobox\\.com\\/cbox_themes_v3\\/captrust_q2_2024\\/images\\/970x250_bg\\.jpg",
            "cookies": 0,
            "fingerprinting": 0,
            "subdomains": [
                "cbmedia2"
            ],
            "apis": {},
            "sites": 2,
            "prevalence": 0.0000137,
            "cnames": [],
            "responseHashes": [
                "626fc207e35bbd78f5bb1584660acd0b8d29efcdc643f0accc4afd7bc2270666"
            ],
            "type": "Image",
            "firstPartyCookies": {},
            "firstPartyCookiesSent": {},
            "exampleSites": [
                "anilist.co",
                "racingnews.co"
            ]
        },
        {
            "rule": "contobox\\.com\\/cbox_themes_v3\\/captrust_q2_2024\\/images\\/970x250_text\\.png",
            "cookies": 0,
            "fingerprinting": 0,
            "subdomains": [
                "cbmedia2"
            ],
            "apis": {},
            "sites": 2,
            "prevalence": 0.0000137,
            "cnames": [],
            "responseHashes": [
                "c5426339fb7e4d09852b59aa709dc23ccbbf161227947fe0a051af00466583b5"
            ],
            "type": "Image",
            "firstPartyCookies": {},
            "firstPartyCookiesSent": {},
            "exampleSites": [
                "anilist.co",
                "racingnews.co"
            ]
        },
        {
            "rule": "contobox\\.com\\/cbox_themes_v3\\/captrust_q2_2024\\/images\\/970x250_cta\\.png",
            "cookies": 0,
            "fingerprinting": 0,
            "subdomains": [
                "cbmedia2"
            ],
            "apis": {},
            "sites": 2,
            "prevalence": 0.0000137,
            "cnames": [],
            "responseHashes": [
                "dfd85f8d3bfcf8bc5681228f681599a29a5417cc685d58fdd44213eb680fda74"
            ],
            "type": "Image",
            "firstPartyCookies": {},
            "firstPartyCookiesSent": {},