{
    "domain": "contentdsp.com",
    "owner": {},
    "source": [
        "DuckDuckGo-US"
    ],
    "prevalence": 0.000471,
    "sites": 69,
    "subdomains": [
        "tags.srv"
    ],
    "cnames": [],
    "fingerprinting": 1,
    "resources": [
        {
            "rule": "contentdsp\\.com\\/events\\.js",
            "cookies": 0.000307,
            "fingerprinting": 1,
            "subdomains": [
                "tags.srv"
            ],
            "apis": {
                "Document.cookie getter": 43,
                "Date.prototype.getTime": 45,
                "Document.cookie setter": 43,
                "window.localStorage": 45,
                "Navigator.prototype.userAgent": 45
            },
            "sites": 48,
            "prevalence": 0.000328,
            "cnames": [],
            "responseHashes": [
                "2f33dee38c0d37b7b8d1238fea47b0c3119689e4fd038feb0540fbf10227ca01",
                "751c29dc9be913a4c56f3081fa4bf576e08b582905f24a01eee0bebb5b534d3a",
                "5e956f7bcd3e270be48a42727bfe01b805da01c9e32615b5da1c00d7a1b62254",
                "701ee62fa665656ebb05c850a6e029623fb806613b0ec4962069eb54f52facf6",
                "54aecb0fc292478670d785f7408d8b78e8ee38b56d4521b05e861a6d54f04cc9",
                "56530aeed9958d84424fdc99a387b7344607d46fa6ba6fc78d22edb2b0d59dc3",
                "53e488cfa125ee469c365d53016abbe5d4f23370606c443b63f93239e9cb1e7c",
                "de15735df11f270708974eff7d0327724955595fb4a830a176853c267ba7d809",
                "bdcbe2194b95dd1f23758dabf78c174947af2cf04fa017933624174d76e52d10",
                "a8ac291153b16b5ede42b154146bfccc88e0b30d2d122addaebd4600bf036de4",
                "63f84a0d699d1bc4f31b8ed0c34f3a8bb85e442ed040829f981cf176baa83997",
                "fce927d8e20305b6cd913410c106424cfae2733d49a5d24c77026ad8516d2f54",
                "4259e397996db5bf620d76dd55830e7a6b7c05dd255fbfa0802edb5e8744af42",
                "50a4e7f81a915e83709e13b8581dd63c8bf78f234dc282072ddc4e27227f7bbf",
                "5c0b01a0504ee0fe69fe884c0610dd64cf93204951102c88246e8b0b75990052",
                "4a445642c31eaa62a6adb0f0f8b38a036b25342e4d02c7f11e4a21a290c451c9",
                "6049d6c0d4235c9495691ff1cef29bb3efc8b9f749ae86849b1d527836cae86c",
                "660682a61dc98ee75d95a573dbe467ff7ce079cfe6a5ef7ee031934204a2164a",
                "800a44a288cbbfde1ae2a33512cfd519db10b827384071a01ee12a7bceed98f2",
                "b703fbc73cc74e781dcf7f64cb4f227ea3d3bbb86d5ee17cf528b1db680cf235",
                "efb608d6b127a8a1959aaecf13482435eb94989e33e6791c750acc2aedb7eefe",
                "f65278f48d80c63564bc23dafc299aa2b5458f112928d9ca633bba3e6aabebf5",
                "a4e4430fbcb4736508ea7c687b2ecdafc370fa3c4413b1d6bd36c5eb61384f77",
                "e13fc8ebfb833f7b8944c95735b4df386cb17a91dfa07800aeca490c031a6d54",
                "44e04136b8aca96b1580efa7cde1a576ef04818f76f5c7688bc8c8601afe737d",
                "abf924c8d24a85d6595cfbf6970c7cd7bd979de68b8fb77351ff7b1d24482ae5",
                "44cb62b878d56d24ed5b7f94afe04a050a071bccc25e4dde2db16e9ee28b9eca",
                "4c31128dc0744eadf908c8378a136b922f01028485a41ffe8cb28ef68b5b4350",
                "75e5c35920deca239dca80b0834989240cb112369f91d5d5510441326afa0e50",
                "76d10ef119bf62c4f580bf0db090aabfce3bc4edbdb2191a08926e936bdf2c60",
                "c1b48b6d7e87fe2f404f2fab65d1f99fd54492a44b9d17abcc52726338d481b4",
                "8416258ddba5cbe447440878f8e03ed02d61cac69d031471048fa5a96d72442a",
                "71e7c634688bb2102b0c54a4b98a8266792d9ed245562a686dc1dd967c1ef154",
                "e6317e1d55e5010d071804ce3e55f3ea6000a80d0c9c3c4f1aca9d0d3ebc0efa",
                "c1a456fd597c3934631e706ee088dabaf5b5fc877f9f007b0a9b49c28dcf0fa8",
                "4c279e634fcd2f82514c744e5c99096eea15b69aa71a166a5a1d2b8414f5c483",
                "93a4c132e3df7a121c150393606368507bd9054b69c7596251aa8f180e6473b1",
                "ee932bc60c72495fd78b5fa0b13837d6dcbe6cafe488b103a83e4fc8734944de",
                "1160b5736fddd0b604b88cc15ad20df3834119e96fd5db82d9606acec6144d1b",
                "5b717511ede77e34b171c8043528e4fb43141092683113575bdc44e8ef620fa7",
                "46f8276842778f1f7afb12a2b5d8dfc251d80179b90fea2cbb7ee315652cad97",
                "a9ce7f2f8538b7bc51772651b3149c01afb317ced9639c2e4fba9e4338f3c2e9",
                "0225e1751f70e3dc11e39add6322e25d1904e793e2b2f0c48f6ff7d43e1178f3",
                "91f71e468c8ff4c535e6a45f59c8706c5166e096a1d29924b0b19b84da5fdf8b"
            ],
            "type": "Script",
            "firstPartyCookies": {
                "sa-user-id": {
                    "ttl": 31536003,
                    "length": 92,
                    "prevalence": 0.0002937760470041675,
                    "uniqueness": 0.023255813953488372
                },
                "sa-user-id-v2": {
                    "ttl": 31536003,
                    "length": 89,
                    "prevalence": 0.0002937760470041675,
                    "uniqueness": 0.023255813953488372
                },
                "sa-user-id-v3": {
                    "ttl": 31536003,
                    "length": 137,
                    "prevalence": 0.0002937760470041675,
                    "uniqueness": 1
                }
            },
            "firstPartyCookiesSent": {},
            "exampleSites": [
                "cafemom.com",
                "www.sema.org",
                "musicnotes.com",
                "www.petermillar.com",
                "help.aura.com",
                "weeklyad.fleetfarm.com",
                "www.enginebuildermag.com",
                "www.musicnotes.com",
                "www.espoma.com",
                "www.vcm.com",
                "floridafarmbureau.com",
                "www.legrand.us",
                "www.aura.com",
                "www.midco.com",
                "homewarranty.firstam.com",
                "my.aura.com",
                "petermillar.com",
                "www.katom.com",
                "www.drphillipscenter.org",
                "www.semashow.com"
            ]
        }
    ],
    "categories": [],
    "performance": {},
    "cookies": 0.000444,
    "topInitiators": [
        {
            "domain": "googletagmanager.com",
            "prevalence": 0.7887323943661971
        },
        {
            "domain": "yottaa.com",
            "prevalence": 0.08450704225352113
        },
        {
            "domain": "first party",
            "prevalence": 0.056338028169014086
        },
        {
            "domain": "appdynamics.com",
            "prevalence": 0.028169014084507043
        },
        {
            "domain": "ensighten.com",
            "prevalence": 0.028169014084507043
        },
        {
            "domain": "osano.com",
            "prevalence": 0.014084507042253521
        }
    ],
    "types": {
        "Script": 48
    },
    "nameservers": [
        "ns-236.awsdns-29.com",
        "ns-834.awsdns-40.net",
        "ns-1158.awsdns-16.org",
        "ns-1673.awsdns-17.co.uk"
    ]
}