{
    "domain": "conversionbear.com",
    "owner": {},
    "source": [
        "DuckDuckGo-US"
    ],
    "prevalence": 0.000417,
    "sites": 61,
    "subdomains": [
        "cookie-bar",
        "upsell",
        "salespop",
        "sticky",
        "countdown",
        "shipping-bar",
        "bundle",
        "trust"
    ],
    "cnames": [],
    "fingerprinting": 1,
    "resources": [
        {
            "rule": "conversionbear\\.com\\/settings",
            "cookies": 0.000239,
            "fingerprinting": 0,
            "subdomains": [
                "cookie-bar",
                "upsell",
                "salespop",
                "sticky",
                "countdown",
                "shipping-bar",
                "bundle"
            ],
            "apis": {},
            "sites": 39,
            "prevalence": 0.000266,
            "cnames": [],
            "responseHashes": [
                "10dda309c7ce9d7dd61050fc2f280a7415b45944fb1ce771aa87ff31b24be8e1",
                "9158416100e9d6ecbe6690e3e633259d40749d90cf11fd584852689f7cd984ac",
                "9f034fda1f39411b6850030b88bfed7bf9c67b87f69c5a307e91035ee4a175a7",
                "54bfad10a276d5124d546dc730679d49cecbf1ac40c20597248b8fb4be3b8d62",
                "b1825975c99a2e3146dc1468961c97aefdb2f38d10fb1b71bc634a3aac556f80",
                "d5f78f0c9ac80f64e4f8007362c487198797cd5c2037b63097ab91ac67072a88",
                "172a2915cc1966b2178ae5631396df3bb10b9c8d5e6c0afafd632eee011b2d0f",
                "60baa1566195f4cbe74aa74de42d42b3b722b818c3a48294770f0c86a86d0e7c",
                "f06c9892987bbfbb0110f10b0bd47738f90590e0c1f67b0908a268f128d2a42d",
                "d67f71b4f833482fcc61e1f6a1c09da802d2542dc4cebc6c65eee115e02e65d3",
                "7573c3fc6dc3335c361ff65a5ed8d028474c3dd69b72cc654992a18585d34238",
                "84ba4f258084945d4e6d5fcbb490287a0832eccb8e4950291701234f49597ca8",
                "2c0c5daffb0a6a48472658efbd0789ead80ca84f8012c014093af972c57627eb",
                "767b59a4f11116511caa0632328e2db5e15802c6dc981275337e9f736be4f0ab",
                "8b6def2515b9cd63556d721f80211740c30d3066506983e509e111bc70515ef9",
                "dada9704648af2f83a3250b369640cb50d53043a1d32568e18bdfac3dc1589e9",
                "0e79e76effa13fd121aff4c58282fd353a82ca56bf339709b5381415db830bf1",
                "21959d8bdb94efaff696c5847cff76de8551b6a0ce3ec44286d70a3b92520f3f",
                "0110b121192bda2d02d21db3fb51851f86493032d6e88c8bc5a0d35a4126dd2d",
                "cd6358e2b7f515a32dacb856c39855b29f0a7b5e46b477894bfc6dac99348769",
                "8df4cec6b8dae325a4204ab01fc4dc4e11105f1ebfb6dbf32602944552381d6d",
                "e605127f0d9b58b5d4e28783212651c1859f19c31896107f1f3fb5f629530bf6",
                "8ee3cc7be955e74a4497c9daf1a67ec177d207f9e0f33cdfc69148fa7bff2a79",
                "575c33d07b2d4bde5487fe894d7f131c2f83afd002587e2f1afb3d5edb49ebed",
                "4a8bdd94893ee1d3702339b4916239096afb95e5f9dc1655662837e5e56e86db",
                "6f48cfe3b8b2158d0670ac819073da15cc102db219b4cf1737e358de3f75b869",
                "2200d212ad9facd39053da92ca307b25289cd3f14558712d14e3a39764be42ad",
                "f8e58d18d9ec9711b7a229d2cb81cab67c052eaea07891c094fa9ef580f7dd29",
                "8e01ff3f3bc93c43bb67c0d9c05b3d086101eac5cb5a1f3a356eb763eb309d81",
                "2a518856e0195076e930d98586d62007478b902b6a43805cdea78deeea79383f",
                "6339f84e702b4aaeb892c4c788e61b487fcd9349e05ee1f412b4d5b46de7b6a8",
                "53bb7187632df453605a696672d05ddc1f93f272525f1472755c8f709dd78c7b",
                "55af0bd7108d5540b56f11deec789e6b9cb73788c96dd8348457a8567fbb79ca",
                "fa97c8b61ab7f2cca9bacfb44c05f866a6db9ddc66acd8fea1e074e6d7dffc8c",
                "ac5db8506e5125310e528dbf31ef4957c1d979d547e5f9886d5704e34d3ce302",
                "a6774e99daa33aab24844207bf9b885171a6b44f61e63d5bd9771c2ef01ec982",
                "6c14eea5753cbb1539f9d2f61b16d3efbf632e4fccb7c82747abd1507821d6dd",
                "eec376396d27dc6b620691eae16228a2a1155441b1b6589b16274fda227e1006"
            ],
            "type": "Fetch",
            "firstPartyCookies": {},
            "firstPartyCookiesSent": {},
            "exampleSites": [
                "www.lonewolfcustomgear.com",
                "theherocompany.co",
                "rachaelray.com",
                "www.woolly.clothing",
                "forme.science",
                "www.maryruthorganics.com",
                "www.badgerbalm.com",
                "www.bulbhead.com",
                "www.walrusaudio.com",
                "www.woolandcompany.com",
                "mosequipment.com",
                "spycentre.com",
                "beavercrafttools.com",
                "www.bluesky.com",
                "www.skylighter.com",
                "www.amishbaskets.com",
                "hauslane.com",
                "collarsandco.com",
                "plouise.co.uk",
                "realavid.com"
            ]
        },
        {
            "rule": "conversionbear\\.com\\/script",
            "cookies": 0.000171,
            "fingerprinting": 1,
            "subdomains": [
                "salespop",
                "upsell",
                "sticky",
                "countdown",
                "trust",
                "shipping-bar",
                "bundle",
                "cookie-bar"
            ],
            "apis": {
                "Navigator.prototype.userAgent": 23,
                "window.sessionStorage": 3,
                "Navigator.prototype.language": 1,
                "window.localStorage": 16,
                "Date.prototype.getTime": 1,
                "Document.cookie getter": 19,
                "window.innerWidth": 14
            },
            "sites": 31,
            "prevalence": 0.000212,
            "cnames": [],
            "responseHashes": [
                "19f1656dbef8f415997fe602dabf85fbd12a667e0027f69efcffcd33eb7d95d6",
                "9528c130acb4c3ef8a1adc21d6c2eac76ef9d576fb950226966589b4f7455762",
                "356c864527bceed359da9b95bc32dd7e7c041d512f63f5b871dbf73e59d5f3e5",
                "691cb778910ab594020d9c15ec7d5bf7931a552e3e6b1bee7e1a99c6be0af438",
                "36837227d651147bd522be4b53e4c77dcdb168d67adfe1b3a09bbc60cab643ba",
                "1b54beeba66cf534f2019522e03cf17499206c496a8d4548efa6e10e59725f02",
                "2ed54b829b103bc2af6fb6fb0b70d59fabb18f71340275153079b7217b333073",
                "106560dcabfae849c4c2db52cd86f7f59e1be1e4f7d5dc6a2232176e0a1113c7",
                "b7deeb5c8b60989344d9cd1d90393afb752af5b306603a73db3646a1c237a3cc",
                "f783c840c9f9a15ebcc7017bcf58682ca5081508ee97171607ede6e75e04c98c",
                "1eb8b3571dabda0837a395aa54b0db38bf4c22bca720dcf6b6d1db5596913491",
                "c9c6abb77546bb0f0af5fcaf5dd7431fd08acd6c30001482819c4f73724921c6",
                "8a16dae2703f93a8caa7aad0434e97477b58de094db690f8dfdf3f88ea559f13",
                "93baccf75664f2bb176244d9b02cc387199cf5577130023113048641ebe5d69d",
                "200405ce575e26be8f3e9a8a60d8b1215270758e66bb5337917fbafa69de41c7"
            ],
            "type": "Script",
            "firstPartyCookies": {},
            "firstPartyCookiesSent": {},