{
    "domain": "cruisecritic.com",
    "owner": {
        "name": "TripAdvisor LLC",
        "displayName": "TripAdvisor"
    },
    "source": [
        "DuckDuckGo-US"
    ],
    "prevalence": 0.0000273,
    "sites": 4,
    "subdomains": [
        "www"
    ],
    "cnames": [],
    "fingerprinting": 1,
    "resources": [
        {
            "rule": "cruisecritic\\.com\\/assets-1531942208\\/js\\/_vendors\\/tpixel\\.min\\.js",
            "cookies": 0.0000205,
            "fingerprinting": 1,
            "subdomains": [
                "www"
            ],
            "apis": {
                "Document.cookie getter": 3,
                "Date.prototype.getTime": 3,
                "Document.cookie setter": 3
            },
            "sites": 3,
            "prevalence": 0.0000205,
            "cnames": [],
            "responseHashes": [
                "1a0268a3267f60939e132b99c87177a22e75cbea2116fd29038c0d0edd8b1801"
            ],
            "type": "Script",
            "firstPartyCookies": {
                "tp_trfsrc": {
                    "ttl": 1803,
                    "length": 6,
                    "prevalence": 0.000020496003279360526,
                    "uniqueness": 0.3333333333333333
                },
                "tp_uuid": {
                    "ttl": 31536003,
                    "length": 36,
                    "prevalence": 0.000020496003279360526,
                    "uniqueness": 1
                },
                "tp_sid": {
                    "ttl": 1803,
                    "length": 13,
                    "prevalence": 0.000020496003279360526,
                    "uniqueness": 1
                },
                "tp_ts": {
                    "ttl": 604803,
                    "length": 7,
                    "prevalence": 0.000020496003279360526,
                    "uniqueness": 0.3333333333333333
                },
                "tp_tier": {
                    "ttl": 604803,
                    "length": 1,
                    "prevalence": 0.000020496003279360526,
                    "uniqueness": 0.3333333333333333
                },
                "tp_sess_ts": {
                    "ttl": 1803,
                    "length": 7,
                    "prevalence": 0.000020496003279360526,
                    "uniqueness": 0.3333333333333333
                },
                "tp_sess_tier": {
                    "ttl": 1803,
                    "length": 1,
                    "prevalence": 0.000020496003279360526,
                    "uniqueness": 0.3333333333333333
                }
            },
            "firstPartyCookiesSent": {},
            "exampleSites": [
                "cruisecritic.co.uk",
                "boards.cruisecritic.co.uk",
                "boards.cruisecritic.com.au"
            ]
        },
        {
            "rule": "cruisecritic\\.com\\/boards-css\\/boards\\.css",
            "cookies": 0.0000205,
            "fingerprinting": 0,
            "subdomains": [
                "www"
            ],
            "apis": {},
            "sites": 3,
            "prevalence": 0.0000205,
            "cnames": [],
            "responseHashes": [
                "fc822495b291a719a7e5aaf85d0c04272e657e84ebcb52dacb95cf3ee49bc6eb"
            ],
            "type": "Stylesheet",
            "firstPartyCookies": {},
            "firstPartyCookiesSent": {},
            "exampleSites": [
                "cruisecritic.co.uk",
                "boards.cruisecritic.co.uk",
                "boards.cruisecritic.com.au"
            ]
        },
        {
            "rule": "cruisecritic\\.com\\/combined-invision\\.min\\.js",
            "cookies": 0,
            "fingerprinting": 0,
            "subdomains": [
                "www"
            ],
            "apis": {},
            "sites": 3,
            "prevalence": 0.0000205,
            "cnames": [],
            "responseHashes": [
                "a2e279ed61f103080ececaccaeb65b15aa14f55f126c5465407e833a2c03ffac"
            ],
            "type": "Script",
            "firstPartyCookies": {},
            "firstPartyCookiesSent": {},
            "exampleSites": [
                "cruisecritic.co.uk",
                "boards.cruisecritic.co.uk",
                "boards.cruisecritic.com.au"
            ]
        },
        {
            "rule": "cruisecritic\\.com\\/combined-invision\\.min\\.js\\/",
            "cookies": 0.0000205,
            "fingerprinting": 0,
            "subdomains": [
                "www"
            ],
            "apis": {},
            "sites": 3,
            "prevalence": 0.0000205,
            "cnames": [],
            "responseHashes": [
                "a2e279ed61f103080ececaccaeb65b15aa14f55f126c5465407e833a2c03ffac"
            ],
            "type": "Script",
            "firstPartyCookies": {},
            "firstPartyCookiesSent": {},
            "exampleSites": [
                "cruisecritic.co.uk",
                "boards.cruisecritic.co.uk",
                "boards.cruisecritic.com.au"
            ]
        },
        {
            "rule": "cruisecritic\\.com\\/scripts\\/tpixel\\.php",
            "cookies": 0.0000205,
            "fingerprinting": 0,
            "subdomains": [
                "www"
            ],
            "apis": {},
            "sites": 3,
            "prevalence": 0.0000205,
            "cnames": [],
            "responseHashes": [
                "e3b0c44298fc1c149afbf4c8996fb92427ae41e4649b934ca495991b7852b855"
            ],
            "type": "Image",
            "firstPartyCookies": {},
            "firstPartyCookiesSent": {
                "tp_trfsrc": 0.000020496003279360526,
                "tp_uuid": 0.000020496003279360526,
                "tp_sid": 0.000020496003279360526
            },
            "exampleSites": [
                "cruisecritic.co.uk",
                "boards.cruisecritic.co.uk",
                "boards.cruisecritic.com.au"
            ]
        },
        {
            "rule": "cruisecritic\\.com\\/api\\/get\\/zd-login-widget\\/",
            "cookies": 0,
            "fingerprinting": 0,
            "subdomains": [
                "www"
            ],
            "apis": {},
            "sites": 3,
            "prevalence": 0.0000205,
            "cnames": [],
            "responseHashes": [
                "26df5d50cb6c5817f0c2f2135d088f2bd18653ec5db98603706fba25c70ba590"
            ],
            "type": "XHR",
            "firstPartyCookies": {},
            "firstPartyCookiesSent": {},
            "exampleSites": [
                "cruisecritic.co.uk",
                "boards.cruisecritic.co.uk",
                "boards.cruisecritic.com.au"
            ]
        },
        {
            "rule": "cruisecritic\\.com\\/api\\/account\\/",
            "cookies": 0.0000205,
            "fingerprinting": 0,
            "subdomains": [
                "www"
            ],
            "apis": {},
            "sites": 3,
            "prevalence": 0.0000205,
            "cnames": [],
            "responseHashes": [
                "09d75d991d3228e583c57da06d5cb3492bdfc13ea5e8df030bf6dd912536ab6c"
            ],
            "type": "XHR",
            "firstPartyCookies": {},
            "firstPartyCookiesSent": {},
            "exampleSites": [
                "cruisecritic.co.uk",
                "boards.cruisecritic.co.uk",
                "boards.cruisecritic.com.au"
            ]
        }
    ],
    "categories": [],
    "performance": {},
    "cookies": 0.0000273,
    "topInitiators": [
        {
            "domain": "first party",
            "prevalence": 0.6666666666666666
        },
        {
            "domain": "invisioncic.com",
            "prevalence": 0.3333333333333333
        }
    ],
    "types": {
        "Script": 9,
        "Stylesheet": 3,
        "Image": 3,
        "XHR": 6
    },