{
    "domain": "csper.io",
    "owner": {},
    "source": [
        "DuckDuckGo-US"
    ],
    "prevalence": 0.000137,
    "sites": 20,
    "subdomains": [
        "664bd81eba0fe9f975803ffa.endpoint",
        "boarshead.endpoint",
        "64dcbe2ca068cd9821c1af0b.endpoint",
        "6728f205d5ccea405a7a7488.endpoint",
        "65bb19d961e5f181cebc2978.endpoint",
        "6467beef974ac544f93aa9e8.endpoint",
        "verkada-command.endpoint",
        "6620045c077c1adc81b63f22.endpoint",
        "668597ef014602b312931fd2.endpoint",
        "62557e0a851a6e55b76236d0.endpoint",
        "667c396fd528e3ceb6b0e079.endpoint",
        "6480f3f9bf4bdd8c5cde6f2b.endpoint",
        "654a98bf79107a8bf3ffd2bb.endpoint",
        "657335be06d4cc5cba54f103.endpoint",
        "5f9d927665d1a16209ba908c.endpoint"
    ],
    "cnames": [],
    "fingerprinting": 0,
    "resources": [
        {
            "rule": "csper\\.io\\/",
            "cookies": 0,
            "fingerprinting": 0,
            "subdomains": [
                "664bd81eba0fe9f975803ffa.endpoint",
                "boarshead.endpoint",
                "64dcbe2ca068cd9821c1af0b.endpoint",
                "6728f205d5ccea405a7a7488.endpoint",
                "65bb19d961e5f181cebc2978.endpoint",
                "6467beef974ac544f93aa9e8.endpoint",
                "verkada-command.endpoint",
                "6620045c077c1adc81b63f22.endpoint",
                "668597ef014602b312931fd2.endpoint",
                "62557e0a851a6e55b76236d0.endpoint",
                "667c396fd528e3ceb6b0e079.endpoint",
                "6480f3f9bf4bdd8c5cde6f2b.endpoint",
                "654a98bf79107a8bf3ffd2bb.endpoint",
                "657335be06d4cc5cba54f103.endpoint",
                "5f9d927665d1a16209ba908c.endpoint"
            ],
            "apis": {},
            "sites": 15,
            "prevalence": 0.000102,
            "cnames": [],
            "responseHashes": [
                "1aa7b1c1d5fb1fd6d299eae251a665c7898baeb43d48fb6b8a5b76da6c6ef739",
                "7092e0687c721eaac768874134f3badafa0470df2bb9d197ade1094f468eae11"
            ],
            "type": "Other",
            "firstPartyCookies": {},
            "firstPartyCookiesSent": {},
            "exampleSites": [
                "bluebottlecoffee.com",
                "boarshead.com",
                "cwi.edu",
                "innovationspace.ansys.com",
                "www.ayahealthcare.com",
                "www.breakthrought1d.org",
                "www.goldengate.org",
                "www.hackster.io",
                "www.ialottery.com",
                "www.inforegister.ee",
                "www.ohiohistory.org",
                "www.promedica.org",
                "www.shellfcu.org",
                "www.simons.ca",
                "www.wordnik.com"
            ]
        }
    ],
    "categories": [],
    "performance": {},
    "cookies": 0,
    "topInitiators": [
        {
            "domain": "first party",
            "prevalence": 0.6997411561691113
        },
        {
            "domain": "googletagmanager.com",
            "prevalence": 0.0992234685073339
        },
        {
            "domain": "dynamicyield.com",
            "prevalence": 0.04055220017256255
        },
        {
            "domain": "facebook.net",
            "prevalence": 0.012942191544434857
        },
        {
            "domain": "pure.cloud",
            "prevalence": 0.012079378774805867
        },
        {
            "domain": "tiktok.com",
            "prevalence": 0.010353753235547885
        },
        {
            "domain": "swiftypecdn.com",
            "prevalence": 0.008628127696289905
        },
        {
            "domain": "hs-scripts.com",
            "prevalence": 0.006902502157031924
        },
        {
            "domain": "hs-analytics.net",
            "prevalence": 0.006902502157031924
        },
        {
            "domain": "google-analytics.com",
            "prevalence": 0.0060396893874029335
        }
    ],
    "types": {
        "Other": 15
    },
    "nameservers": [
        "ns-cloud-a2.googledomains.com",
        "ns-cloud-a1.googledomains.com",
        "ns-cloud-a4.googledomains.com",
        "ns-cloud-a3.googledomains.com"
    ]
}