{
    "domain": "cudasvc.com",
    "owner": {
        "name": "Barracuda Networks Inc.",
        "displayName": "Barracuda Networks"
    },
    "source": [
        "DuckDuckGo-US"
    ],
    "prevalence": 0.000342,
    "sites": 50,
    "subdomains": [
        "linkprotect",
        "prod.ap.batic"
    ],
    "cnames": [],
    "fingerprinting": 1,
    "resources": [
        {
            "rule": "cudasvc\\.com\\/url",
            "cookies": 0.0000615,
            "fingerprinting": 1,
            "subdomains": [
                "linkprotect"
            ],
            "apis": {
                "Navigator.prototype.userAgent": 10,
                "Navigator.prototype.vendor": 6,
                "window.sessionStorage": 6,
                "NavigatorUAData.prototype.brands": 6,
                "NavigatorUAData.prototype.platform": 6,
                "Document.cookie getter": 9,
                "Document.cookie setter": 9,
                "Screen.prototype.width": 6,
                "Screen.prototype.height": 6,
                "Date.prototype.getTime": 5,
                "window.localStorage": 9,
                "Navigator.prototype.product": 1,
                "window.name": 1,
                "NavigatorUAData.prototype.getHighEntropyValues": 1
            },
            "sites": 25,
            "prevalence": 0.000171,
            "cnames": [],
            "responseHashes": [
                "f0bc9c003e5c60970c0e4c9f7c675567748c53b7ee71539ae1e23c72d3286c50",
                "a44ee2c0e56865d4cf72d580259c4f3b7d66d9f985053a775b9c3d1e6e8d1014",
                "c69de41dda83f00cc1b13dba90a57f25df046286ecd227bdd0c4d51d94947b61",
                "43a683165a27224ef2d2717bd57c8c203aa570ce39140504d086562eefbb0f1f",
                "078b73baa5f67ded5351c9669a6af33d35772274cdf7f0607cd7bcba4157a00c",
                "64f79d2b82f30e45a0f64e55d407500f68dd1de845dac688084e88cc4bfff4e4",
                "c87aa708d354d2db657ba47b08aae2cc50653369ccbffa36448d7b47fd3e9fe6",
                "e8b116cc76a801cf3c45e4e321862506080de9fe795ca38100696b78c91ca629",
                "f7a0a2020b44b24a7e970a63851c9bf7414abc866f5aab8bb9cb31e049a64796"
            ],
            "type": "Script",
            "firstPartyCookies": {
                "_fbp": {
                    "ttl": 7776006,
                    "length": 37,
                    "prevalence": 0.00004099200655872105,
                    "uniqueness": 1
                },
                "sa-user-id": {
                    "ttl": 31536006,
                    "length": 92,
                    "prevalence": 0.00001366400218624035,
                    "uniqueness": 0.5
                },
                "sa-user-id-v2": {
                    "ttl": 31536006,
                    "length": 89,
                    "prevalence": 0.00001366400218624035,
                    "uniqueness": 0.5
                },
                "sa-user-id-v3": {
                    "ttl": 31536006,
                    "length": 136,
                    "prevalence": 0.00001366400218624035,
                    "uniqueness": 1
                },
                "_cc_id": {
                    "ttl": 23328012,
                    "length": 32,
                    "prevalence": 0.000006832001093120175,
                    "uniqueness": 1
                },
                "_cc_cc": {
                    "ttl": 23328012,
                    "length": 166,
                    "prevalence": 0.000006832001093120175,
                    "uniqueness": 1
                },
                "_cc_aud": {
                    "ttl": 23328012,
                    "length": 46,
                    "prevalence": 0.000006832001093120175,
                    "uniqueness": 1
                },
                "panoramaId_expiry": {
                    "ttl": 604812,
                    "length": 13,
                    "prevalence": 0.000006832001093120175,
                    "uniqueness": 1
                },
                "panoramaId": {
                    "ttl": 604812,
                    "length": 64,
                    "prevalence": 0.000006832001093120175,
                    "uniqueness": 1
                },
                "panoramaIdType": {
                    "ttl": 604812,
                    "length": 9,
                    "prevalence": 0.000006832001093120175,
                    "uniqueness": 1
                }
            },
            "firstPartyCookiesSent": {},
            "exampleSites": [
                "www2.archivists.org",
                "www.dpacnc.com",
                "www.aacc.edu",
                "cabinetstogo.com",
                "www.deltadentalaz.com",
                "www.tuscaloosa.com",
                "www.johnsonfitness.com",
                "www.snowest.com",
                "www.caferio.com",
                "www.clevelandorchestra.com",
                "n1info.si",
                "www.alside.com",
                "atlasgunworks.com",
                "www.smc.edu",
                "www.copenhagenliving.com",
                "www.procaresoftware.com",
                "www.veritas.com",
                "www.visitplano.com",
                "skiloveland.com",
                "www.mrtire.com"
            ]
        },
        {
            "rule": "cudasvc\\.com\\/url",
            "cookies": 0,
            "fingerprinting": 0,
            "subdomains": [
                "linkprotect"
            ],
            "apis": {},
            "sites": 12,
            "prevalence": 0.000082,
            "cnames": [],
            "responseHashes": [
                "1866961a029c65376fefb7f2ba1e6187e09ff50ea58d97dedfd72c197947d002"
            ],
            "type": "Image",
            "firstPartyCookies": {},
            "firstPartyCookiesSent": {},
            "exampleSites": [
                "godfathers.com",
                "skiloveland.com",
                "www.bathfitter.com",
                "www.bucks.edu",
                "www.campersinn.com",
                "www.copenhagenliving.com",
                "www.floodsmart.gov",
                "www.lazydays.com",
                "www.nhra.com",
                "www.sdmts.com",
                "www.smokecartel.com",
                "www.xero.com"
            ]
        },
        {
            "rule": "cudasvc\\.com\\/url",
            "cookies": 0,
            "fingerprinting": 0,
            "subdomains": [
                "linkprotect"
            ],
            "apis": {},
            "sites": 4,
            "prevalence": 0.0000273,
            "cnames": [],
            "responseHashes": [],
            "type": "Document",
            "firstPartyCookies": {},
            "firstPartyCookiesSent": {},
            "exampleSites": [
                "dpacnc.com",
                "www.kcbd.com",
                "www.mrtire.com",
                "www.visitplano.com"
            ]
        },
        {
            "rule": "cudasvc\\.com\\/xenios\\/api\\/v1\\/error\\/report",
            "cookies": 0,
            "fingerprinting": 0,
            "subdomains": [
                "prod.ap.batic"
            ],
            "apis": {},
            "sites": 3,
            "prevalence": 0.0000205,
            "cnames": [],
            "responseHashes": [
                "e3b0c44298fc1c149afbf4c8996fb92427ae41e4649b934ca495991b7852b855"
            ],
            "type": "Other",
            "firstPartyCookies": {},
            "firstPartyCookiesSent": {},
            "exampleSites": [
                "thrivepetcare.com",
                "www.thrivepetcare.com",
                "www.urs.org"
            ]
        }
    ],
    "categories": [],
    "performance": {},
    "cookies": 0.0000888,
    "topInitiators": [
        {
            "domain": "first party",
            "prevalence": 0.7406417112299465
        },
        {
            "domain": "googletagmanager.com",
            "prevalence": 0.08288770053475936
        },
        {
            "domain": "adroll.com",