{
    "domain": "dblks.net",
    "owner": {},
    "source": [
        "DuckDuckGo-US"
    ],
    "prevalence": 0.000478,
    "sites": 70,
    "subdomains": [
        "prebid",
        "dblksync"
    ],
    "cnames": [],
    "fingerprinting": 2,
    "resources": [
        {
            "rule": "dblks\\.net\\/openrtb\\/",
            "cookies": 0,
            "fingerprinting": 0,
            "subdomains": [
                "prebid"
            ],
            "apis": {},
            "sites": 39,
            "prevalence": 0.000266,
            "cnames": [],
            "responseHashes": [
                "661e92ca6d02e9132d26244ee0cb4ba153032e99468bc7bc01d2dcf1d2f73d41",
                "0dbb7847689380d70c2c1e2eb6f529448243c26cdffb1ac88909c0d613e255ab",
                "44136fa355b3678a1146ad16f7e8649e94fb4fc21fe77e8310c060f61caaff8a",
                "00d7aa6549c3d56534d17ade0cd9e9e7ba6663b4c28f66b8ab2a246e295e79bd",
                "37c9f477a087a113dbe3ed23ce1b5b422fe612f0fb559e8ab6d75a59d1b0be4f",
                "4714d5d6c8f86d9ac21ced79f02c2b674801dc512416ccf602c4eec5d1d02893",
                "c0b1fdb454f316bb8a1c31ae886013252f1c9e8c6069f03819710689f2f1892b",
                "675fc768191f427edfefb4ab057cef5da060c35ffc64aba43876a635f5c6f4d3",
                "25550ad6c4025f5f69105ea42a1a2218c24a9a5ff8e8f4cb76813705826bfd7f",
                "3e08b02aade87a2d123b0e62ab5b57d0e7ef570810f6635cb92a9be3be12c4cc",
                "c78d27840439d245aa29d6a98d8e80171cee1b72668b2174e97e9527b68c9432",
                "f82b317b054d44a2ea576a41d966668cf1bbbd8e3e008bd55572c5e06f4aee89",
                "09125f616b3de210e53fef8e4c3d0b4a00811c1a184d3624a29de7c47b275fb4",
                "a5fc54fd80f1881a89211bc9fbb7bfdd2d6e84cc7599764c4fcb67442822685b",
                "6a8390fc4bf7f226d4cdef52dca2b9f4e915a4d3646be69e8dc26588af220f78",
                "dc18180e806e98a336bafb18714ba186a1e05fbc3eb53cfea3f602250ad9479a",
                "8e37614c24a727e47030d99d3a47ffd069048c8f4f435925b2c94cfe923820ce",
                "beefbeb73015e7fdc38018e42545a86f4d14123a435e7086f4ff1e876ae3ad98",
                "4f6d5185e11ec80eda34b25d89484fbcc908a6a967fe183351bc5d86a05d7981",
                "e3b0c44298fc1c149afbf4c8996fb92427ae41e4649b934ca495991b7852b855",
                "590dbb2be42bf13d99a14262978302905891266a332648ba48d62838ba5e7fef",
                "5f11d99bef01c7c939ed844ac4ad1caf7eaab0d9d390473542e9b83fe6d9e711",
                "49f4df3b3e2ab9e8ca4daaae361db277f2299015a240c95c24c51e608cdda51f",
                "ca68dcc53d4269a694e83f736169301c60304e7d1290ee776e912f79d77b2b4d",
                "b721830f17178edcaa217b5abdd9826b1b96bdd383081cf0018a89702fb9eed1",
                "27bd877cbb81f5ee747bc6ce8d7e9a40eab1ab640b380abadcb3a42643f487a9",
                "ad94a8f571ffb82cb03e6948d2d4f4381f95be32cf27d33dbe3d12d233a8df2e",
                "d8c8ecca960b914137dd232a488f1092ce9955d2ed83d4e04812fcaf895f5786",
                "82d6405c5de345ee391ec72b9d30761ac93a6f414dfa7911703db25f3add6282",
                "cd33417dddcf3a624a6ba627022df5d4b605028fa41848772bb1d9e248c3dc6b",
                "f3e0a447a944c4bdc75c5e4359a81e603ca608d31b8f74abdbe96f2d8851514d",
                "5c465cc071c3f44a57ded14657246ce49b05bb4de8d736268a371162db5dd001"
            ],
            "type": "Fetch",
            "firstPartyCookies": {},
            "firstPartyCookiesSent": {},
            "exampleSites": [
                "www.autosport.com",
                "www.baseballamerica.com",
                "www.unknowncheats.me",
                "downdetector.com.au",
                "allestoringen.nl",
                "www.motorsport.com",
                "downdetector.it",
                "www.fark.com",
                "kids-in-mind.com",
                "gibteseinestorung.de",
                "downdetector.fr",
                "www.audiokarma.org",
                "www.wineberserkers.com",
                "downdetector.co.uk",
                "istheservicedown.co.uk",
                "m.fark.com",
                "www.prepbaseballreport.com",
                "istheservicedowncanada.com",
                "insideevs.com",
                "www.rideapart.com"
            ]
        },
        {
            "rule": "dblks\\.net\\/a\\/pb\\/",
            "cookies": 0,
            "fingerprinting": 0,
            "subdomains": [
                "prebid"
            ],
            "apis": {},
            "sites": 7,
            "prevalence": 0.0000478,
            "cnames": [],
            "responseHashes": [
                "e3b0c44298fc1c149afbf4c8996fb92427ae41e4649b934ca495991b7852b855"
            ],
            "type": "Fetch",
            "firstPartyCookies": {},
            "firstPartyCookiesSent": {},
            "exampleSites": [
                "audiokarma.org",
                "downdetector.com.au",
                "gibteseinestorung.de",
                "istheservicedown.co.uk",
                "istheservicedown.com",
                "www.audiokarma.org",
                "www.tndeer.com"
            ]
        },
        {
            "rule": "dblks\\.net\\/dblksync\\/",
            "cookies": 0.0000205,
            "fingerprinting": 1,
            "subdomains": [
                "dblksync"
            ],
            "apis": {
                "Navigator.prototype.userAgent": 3,
                "Document.cookie setter": 3
            },
            "sites": 7,
            "prevalence": 0.0000478,
            "cnames": [],
            "responseHashes": [
                "949a30ed07d2975ead2a00344b822b0c43bab1939fbb37102d3b0811364b2326"
            ],
            "type": "Document",
            "firstPartyCookies": {},
            "firstPartyCookiesSent": {},
            "exampleSites": [
                "downdetector.com",
                "stewpeters.com",
                "wranglertjforum.com",
                "www.hockeybuzz.com",
                "www.rideapart.com",
                "www.saltwire.com",
                "www.scottsdale.org"
            ]
        },
        {
            "rule": "dblks\\.net\\/openrtb\\/",
            "cookies": 0,
            "fingerprinting": 0,
            "subdomains": [
                "prebid"
            ],
            "apis": {},
            "sites": 2,
            "prevalence": 0.0000137,
            "cnames": [],
            "responseHashes": [
                "960e0240c176b209eaa04301fcd74825c136be68d574d3acb441a68383b7554a"
            ],
            "type": "XHR",
            "firstPartyCookies": {},
            "firstPartyCookiesSent": {},
            "exampleSites": [
                "stewpeters.com",
                "www.csnbbs.com"
            ]
        },
        {
            "rule": "dblks\\.net\\/ff\\/2654441\\.js",
            "cookies": 0.0000137,
            "fingerprinting": 3,
            "subdomains": [
                "prebid"
            ],
            "apis": {
                "Navigator.prototype.userAgent": 2,
                "window.sessionStorage": 2,
                "Navigator.prototype.vendor": 2,
                "Navigator.prototype.appVersion": 2,
                "Navigator.prototype.connection": 2,
                "window.outerWidth": 2,
                "window.outerHeight": 2,
                "window.innerWidth": 2,
                "window.innerHeight": 2,
                "Navigator.prototype.plugins": 2,
                "Navigator.prototype.productSub": 2,
                "Navigator.prototype.mimeTypes": 2,
                "WebGLRenderingContext.prototype.getParameter": 2,
                "Navigator.prototype.webdriver": 2,
                "Navigator.prototype.language": 2,
                "Navigator.prototype.languages": 2,
                "Navigator.prototype.permissions": 2,
                "window.localStorage": 2,
                "PerformanceTiming.prototype.navigationStart": 2,
                "Navigator.prototype.appName": 2,
                "Date.prototype.getTime": 2,