{
    "domain": "ddos-guard.net",
    "owner": {},
    "source": [
        "DuckDuckGo-US"
    ],
    "prevalence": 0.00013,
    "sites": 19,
    "subdomains": [
        "check"
    ],
    "cnames": [],
    "fingerprinting": 0,
    "resources": [
        {
            "rule": "ddos-guard\\.net\\/check\\.js",
            "cookies": 0.0000956,
            "fingerprinting": 0,
            "subdomains": [
                "check"
            ],
            "apis": {},
            "sites": 14,
            "prevalence": 0.0000956,
            "cnames": [],
            "responseHashes": [
                "07c0398c07029d934db4fd43cfabfad9cf640463fd49e3adc29e27c367136f1f",
                "fa29f594ee14bdbf7aea6c417ac5076ea8e7c29358f54150e21bf9e10658a1d2",
                "9d0a24d7a23ba63d432875e9ad4d35737e5dd2ca181637def82675fb15a16b48",
                "67c9a38f77eb59600c0b8e8743f12ad53015c96b9a597a21b7c7e24851a42043",
                "7a6d931f1cd49dcfd8394fe7ade856f79190953b472e21e2aa7dfb7ee4e1fef6",
                "fe1646a42f2974ede83a4fa7d0e9423631d35078b88a0658d2c0f59dd89b46a2",
                "659526a6a478887097eaa00d6e1ca856a9a2031aa88499a670063d160196afa5",
                "43c68933f41d6437bdce45e65105c1b11ea720cf6fe9f910e0c345c97756ecee",
                "c560d626ff815753517e2bdedf77d2ca117c2211e84930cce54adc20f64c2af6",
                "dfae143415c5aac1b7b278b4a6253d46bca5c460de7a24b8812ad4482432d33e",
                "c8a1995a99ba6a32a4d0b9b46177ed04a8300c26e1e467a055e67f3eaac7df75",
                "4f0b9fd99ade9c7de81a2f27f344647083e796bc262b0a1f26415c4810114baf",
                "4e5816cb2a132ed54c64bf4a199813db105cb21468343cedf22d57483e57e4b0"
            ],
            "type": "Script",
            "firstPartyCookies": {},
            "firstPartyCookiesSent": {},
            "exampleSites": [
                "animepahe.org",
                "cyberdrop.me",
                "doxbin.com",
                "eroticity.net",
                "leaknudes.com",
                "m-strana.ru",
                "pikabu.ru",
                "plati.market",
                "porncoven.com",
                "pornsavant.com",
                "ren.tv",
                "www.anime-loads.org",
                "www.cyberdrop.me",
                "yabai.si"
            ]
        }
    ],
    "categories": [],
    "performance": {},
    "cookies": 0.00013,
    "topInitiators": [
        {
            "domain": "first party",
            "prevalence": 0.8947368421052632
        },
        {
            "domain": "animepahe.ru",
            "prevalence": 0.10526315789473684
        }
    ],
    "types": {
        "Script": 14
    },
    "nameservers": [
        "ns4.ddos-guard.net",
        "ns5.ddos-guard.net",
        "ns3.ddos-guard.net",
        "ns6.ddos-guard.net",
        "ns1.ddos-guard.net",
        "ns2.ddos-guard.net"
    ]
}