{
    "domain": "demand.supply",
    "owner": {},
    "source": [
        "DuckDuckGo-US"
    ],
    "prevalence": 0.000164,
    "sites": 24,
    "subdomains": [
        "live"
    ],
    "cnames": [],
    "fingerprinting": 2,
    "resources": [
        {
            "rule": "demand\\.supply\\/up\\.js",
            "cookies": 0.000102,
            "fingerprinting": 0,
            "subdomains": [
                "live"
            ],
            "apis": {},
            "sites": 15,
            "prevalence": 0.000102,
            "cnames": [],
            "responseHashes": [
                "e3b0c44298fc1c149afbf4c8996fb92427ae41e4649b934ca495991b7852b855",
                "7e1d0cf7e0bd65c1e3a2313d00be025b0987d29c5a59a579e99c2bff39f5e19e",
                "19fae0ba914b7928836e9f5a4212bd47b8aae42d0d35cb0ee9d792b34c807d2a",
                "4a1758ebd54f6836433f861a845b57c308a6a229942ddb1803c28112e3344a62",
                "22dc54cbf4543ed0acae1ac07b45ee11ebe2e45cc7ab7a9f9f107b8cddbfc852",
                "1a7ebd9b78a1d608598bbee51795bc44ccbc06583567e9333ea04f08c4b1456c",
                "002a9c4978f21c27a4e02cc881014b08d9897cf1ac5d5be6aae16c5272c83ce6",
                "9bbae90b121af6d7bc6e05ef8d5e9f01a84ae64758305a84c5d9686696afc198",
                "3701ee7525a6f1f2030ba5c4f5d60b02c84e02bb6c92663bf8170be47e0606dd",
                "c75fc84ab6f8edf9b382e582b69016374c42c3af671b157ffeaa75b4561bc927",
                "358b89a49907d052bb20324fc96f308f9e9dfc62268e671124ff2779b357932e",
                "05deffb82e0fb93655538a4259cdfbcf067093a4082b5b02773aa3cec97d8908"
            ],
            "type": "Script",
            "firstPartyCookies": {},
            "firstPartyCookiesSent": {},
            "exampleSites": [
                "10minutemail.com",
                "allnewspipeline.com",
                "androidmtk.com",
                "astrology.tv",
                "celebmafia.com",
                "click.ro",
                "imginn.com",
                "numerologist.com",
                "www.50states.com",
                "www.astrologyanswers.com",
                "www.bzi.ro",
                "www.cinemagia.ro",
                "www.locatefamily.com",
                "www.medicinesfaq.com",
                "www.siasat.com"
            ]
        },
        {
            "rule": "demand\\.supply\\/impl\\.v17\\.36\\.0\\.js",
            "cookies": 0,
            "fingerprinting": 2,
            "subdomains": [
                "live"
            ],
            "apis": {
                "Navigator.prototype.userAgent": 11,
                "window.localStorage": 11,
                "Navigator.prototype.language": 10,
                "Navigator.prototype.connection": 11,
                "Screen.prototype.width": 11,
                "window.innerHeight": 1,
                "PerformanceTiming.prototype.navigationStart": 9,
                "Date.prototype.getTime": 1
            },
            "sites": 13,
            "prevalence": 0.0000888,
            "cnames": [],
            "responseHashes": [
                "be5c65ba63a8409773a7c4329b7a5d35dbb4774c60f129f0955df189e5f85c75"
            ],
            "type": "Script",
            "firstPartyCookies": {},
            "firstPartyCookiesSent": {},
            "exampleSites": [
                "10minutemail.com",
                "androidmtk.com",
                "astrology.tv",
                "celebmafia.com",
                "click.ro",
                "imginn.com",
                "numerologist.com",
                "www.astrologyanswers.com",
                "www.bzi.ro",
                "www.cinemagia.ro",
                "www.locatefamily.com",
                "www.medicinesfaq.com",
                "www.siasat.com"
            ]
        },
        {
            "rule": "demand\\.supply\\/e\\/e\\.js",
            "cookies": 0.000082,
            "fingerprinting": 0,
            "subdomains": [
                "live"
            ],
            "apis": {},
            "sites": 12,
            "prevalence": 0.000082,
            "cnames": [],
            "responseHashes": [
                "e3b0c44298fc1c149afbf4c8996fb92427ae41e4649b934ca495991b7852b855"
            ],
            "type": "XHR",
            "firstPartyCookies": {},
            "firstPartyCookiesSent": {},
            "exampleSites": [
                "10minutemail.com",
                "androidmtk.com",
                "astrology.tv",
                "celebmafia.com",
                "imginn.com",
                "numerologist.com",
                "www.astrologyanswers.com",
                "www.bzi.ro",
                "www.cinemagia.ro",
                "www.locatefamily.com",
                "www.medicinesfaq.com",
                "www.siasat.com"
            ]
        },
        {
            "rule": "demand\\.supply\\/ds\\.2\\.html",
            "cookies": 0.000082,
            "fingerprinting": 0,
            "subdomains": [
                "live"
            ],
            "apis": {},
            "sites": 12,
            "prevalence": 0.000082,
            "cnames": [],
            "responseHashes": [
                "3ecde44092098aa9617e8e67616c72aff2931727459c65a9096201e75ef83d6f"
            ],
            "type": "XHR",
            "firstPartyCookies": {},
            "firstPartyCookiesSent": {},
            "exampleSites": [
                "10minutemail.com",
                "androidmtk.com",
                "astrology.tv",
                "celebmafia.com",
                "imginn.com",
                "numerologist.com",
                "www.astrologyanswers.com",
                "www.bzi.ro",
                "www.cinemagia.ro",
                "www.locatefamily.com",
                "www.medicinesfaq.com",
                "www.siasat.com"
            ]
        },
        {
            "rule": "demand\\.supply\\/x\\/e\\.js",
            "cookies": 0.000082,
            "fingerprinting": 0,
            "subdomains": [
                "live"
            ],
            "apis": {},
            "sites": 12,
            "prevalence": 0.000082,
            "cnames": [],
            "responseHashes": [
                "e3b0c44298fc1c149afbf4c8996fb92427ae41e4649b934ca495991b7852b855"
            ],
            "type": "XHR",
            "firstPartyCookies": {},
            "firstPartyCookiesSent": {},
            "exampleSites": [
                "10minutemail.com",
                "androidmtk.com",
                "astrology.tv",
                "celebmafia.com",
                "imginn.com",
                "numerologist.com",
                "www.astrologyanswers.com",
                "www.bzi.ro",
                "www.cinemagia.ro",
                "www.locatefamily.com",
                "www.medicinesfaq.com",
                "www.siasat.com"
            ]
        },
        {
            "rule": "demand\\.supply\\/uamp\\.1\\.json",
            "cookies": 0.0000547,
            "fingerprinting": 0,
            "subdomains": [
                "live"
            ],
            "apis": {},
            "sites": 8,
            "prevalence": 0.0000547,
            "cnames": [],
            "responseHashes": [
                "561aec52e5ec804ee143532298b8677dcf6da42fec6541484f50cdb94611d65b"
            ],
            "type": "XHR",
            "firstPartyCookies": {},
            "firstPartyCookiesSent": {},
            "exampleSites": [
                "androidmtk.com",
                "celebmafia.com",
                "imginn.com",
                "www.astrologyanswers.com",
                "www.bzi.ro",
                "www.cinemagia.ro",
                "www.locatefamily.com",
                "www.siasat.com"
            ]
        },
        {
            "rule": "demand\\.supply\\/css\\/sda\\.css",
            "cookies": 0,
            "fingerprinting": 0,
            "subdomains": [
                "live"
            ],
            "apis": {},
            "sites": 2,
            "prevalence": 0.0000137,