{
    "domain": "dhs.gov",
    "owner": {
        "name": "Department of Homeland Security",
        "displayName": "Department of Homeland Security"
    },
    "source": [
        "DuckDuckGo-US"
    ],
    "prevalence": 0.000178,
    "sites": 26,
    "subdomains": [
        "www"
    ],
    "cnames": [],
    "fingerprinting": 1,
    "resources": [
        {
            "rule": "dhs\\.gov\\/ntas\\/",
            "cookies": 0.000109,
            "fingerprinting": 0,
            "subdomains": [
                "www"
            ],
            "apis": {},
            "sites": 16,
            "prevalence": 0.000109,
            "cnames": [],
            "responseHashes": [
                "3f3f195b4b23b293c6491e84f11b9abe7bcb225cd3b328f127f37376d8a74bcd",
                "18781391e3e68dd3d703b24c90a4b3970df0ba9d3416c2313d15c071f8d9fb31"
            ],
            "type": "Document",
            "firstPartyCookies": {},
            "firstPartyCookiesSent": {},
            "exampleSites": [
                "cbp.gov",
                "careers.cbp.gov",
                "cgaux.org",
                "egov.uscis.gov",
                "my.uscis.gov",
                "niccs.cisa.gov",
                "training.fema.gov",
                "wow.uscgaux.info",
                "www.cbp.gov",
                "www.cisa.gov",
                "www.disasterassistance.gov",
                "www.e-verify.gov",
                "www.fema.gov",
                "www.fletc.gov",
                "www.floodsmart.gov",
                "www.uscis.gov"
            ]
        },
        {
            "rule": "dhs\\.gov\\/ntas",
            "cookies": 0.000109,
            "fingerprinting": 1,
            "subdomains": [
                "www"
            ],
            "apis": {
                "Date.prototype.getTime": 16,
                "Event.prototype.timeStamp": 11
            },
            "sites": 16,
            "prevalence": 0.000109,
            "cnames": [],
            "responseHashes": [
                "61cd26aa1cd4942d62484f39b4f0bcc5a3fbc2d6e0692edf917c51a1677b123a",
                "7f9680b266e3815fc0b1780d797973ecc8e84452734492d97a05e763a938bfd4",
                "3f3f195b4b23b293c6491e84f11b9abe7bcb225cd3b328f127f37376d8a74bcd",
                "9ab67e62d78ba40fb4b7753c1d1f05532e7b89d7134529e58eb7d2e4131ea4f3",
                "67122082fe1283a134e6974cc793fe4b16325971525a3357fbbc1749d896197b",
                "cc36356185b921b31adca4a6357392964bd7755fa1e2eb79e4ed05c4400c30ef",
                "01c15e68e7784c864a03048f2251c64f750f837cf6fcf174b8f01c7614fa5453",
                "5ea98288d55b98bd0ab45e5f0fbade4d610c68d2ee3db606f9ce5ca4b74185cb",
                "136632631fa740cd317267b349ed4469475e6a75c52f787d4ed8581671fd1cae",
                "cc2dda6da5a27a45a6540b41e7c21192fb4a625f8bc5e38a929ac1e0ab3a76b4",
                "ab9f345581ac51f1b7c266a95d3a7fc772378bc6df41beb614ef6d9a201a372d",
                "33f4b92dac864765b3749501cd4f99fdf30cec584abebf6d6777fe04538547b3",
                "e2bfd4770f00a7afe08e328fc30a2a609a2d67ba5157c6704d8f26bef3f0e793",
                "18781391e3e68dd3d703b24c90a4b3970df0ba9d3416c2313d15c071f8d9fb31"
            ],
            "type": "Document",
            "firstPartyCookies": {},
            "firstPartyCookiesSent": {},
            "exampleSites": [
                "cbp.gov",
                "careers.cbp.gov",
                "cgaux.org",
                "egov.uscis.gov",
                "my.uscis.gov",
                "niccs.cisa.gov",
                "training.fema.gov",
                "wow.uscgaux.info",
                "www.cbp.gov",
                "www.cisa.gov",
                "www.disasterassistance.gov",
                "www.e-verify.gov",
                "www.fema.gov",
                "www.fletc.gov",
                "www.floodsmart.gov",
                "www.uscis.gov"
            ]
        },
        {
            "rule": "dhs\\.gov\\/profiles\\/dhsd8_gov\\/modules\\/custom\\/dhs_ntas\\/css\\/dhs_ntas\\.ntas\\.css",
            "cookies": 0,
            "fingerprinting": 0,
            "subdomains": [
                "www"
            ],
            "apis": {},
            "sites": 16,
            "prevalence": 0.000109,
            "cnames": [],
            "responseHashes": [
                "86b4cf45f6cec3f83cdff61268a291f5d763cc465d29c932ed28a359d28d4024"
            ],
            "type": "Stylesheet",
            "firstPartyCookies": {},
            "firstPartyCookiesSent": {},
            "exampleSites": [
                "cbp.gov",
                "careers.cbp.gov",
                "cgaux.org",
                "egov.uscis.gov",
                "my.uscis.gov",
                "niccs.cisa.gov",
                "training.fema.gov",
                "wow.uscgaux.info",
                "www.cbp.gov",
                "www.cisa.gov",
                "www.disasterassistance.gov",
                "www.e-verify.gov",
                "www.fema.gov",
                "www.fletc.gov",
                "www.floodsmart.gov",
                "www.uscis.gov"
            ]
        },
        {
            "rule": "dhs\\.gov\\/xlibrary\\/graphics\\/ntas_03_noadvisories\\.svg",
            "cookies": 0,
            "fingerprinting": 0,
            "subdomains": [
                "www"
            ],
            "apis": {},
            "sites": 16,
            "prevalence": 0.000109,
            "cnames": [],
            "responseHashes": [
                "830182c179f9f2efd1b04a5d73b5f1eb9b318220b0861f0d5bddbcef52b1a78b"
            ],
            "type": "Image",
            "firstPartyCookies": {},
            "firstPartyCookiesSent": {},
            "exampleSites": [
                "cbp.gov",
                "careers.cbp.gov",
                "cgaux.org",
                "egov.uscis.gov",
                "my.uscis.gov",
                "niccs.cisa.gov",
                "training.fema.gov",
                "wow.uscgaux.info",
                "www.cbp.gov",
                "www.cisa.gov",
                "www.disasterassistance.gov",
                "www.e-verify.gov",
                "www.fema.gov",
                "www.fletc.gov",
                "www.floodsmart.gov",
                "www.uscis.gov"
            ]
        },
        {
            "rule": "dhs\\.gov\\/sites\\/default\\/files\\/googleanalytics\\/analytics\\.js",
            "cookies": 0.0000137,
            "fingerprinting": 2,
            "subdomains": [
                "www"
            ],
            "apis": {
                "Screen.prototype.width": 2,
                "Screen.prototype.height": 2,
                "Screen.prototype.colorDepth": 2,
                "Navigator.prototype.plugins": 2,
                "Navigator.prototype.javaEnabled": 2,
                "Navigator.prototype.language": 2,
                "Date.prototype.getTime": 2,
                "Document.cookie getter": 2,
                "Navigator.prototype.userAgent": 2,
                "Document.cookie setter": 2
            },
            "sites": 2,
            "prevalence": 0.0000137,
            "cnames": [],
            "responseHashes": [
                "a1925038db769477ab74b4df34350c35688a795bb718727b0f4292a4a78a6210"
            ],
            "type": "Script",
            "firstPartyCookies": {
                "_ga": {
                    "ttl": 63072008,
                    "length": 27,
                    "prevalence": 0.00001366400218624035,
                    "uniqueness": 1
                },
                "_gid": {
                    "ttl": 86408,
                    "length": 27,
                    "prevalence": 0.00001366400218624035,
                    "uniqueness": 1
                },
                "_gat": {
                    "ttl": 68,
                    "length": 1,
                    "prevalence": 0.00001366400218624035,
                    "uniqueness": 0.5
                },
                "_gat_newaggr": {
                    "ttl": 68,