{
    "domain": "discovercard.com",
    "owner": {},
    "source": [
        "DuckDuckGo-US"
    ],
    "prevalence": 0.0000956,
    "sites": 14,
    "subdomains": [
        "content"
    ],
    "cnames": [],
    "fingerprinting": 3,
    "resources": [
        {
            "rule": "discovercard\\.com\\/fp\\/tags\\.js",
            "cookies": 0.0000956,
            "fingerprinting": 1,
            "subdomains": [
                "content"
            ],
            "apis": {
                "Navigator.prototype.userAgent": 14,
                "Navigator.prototype.vendor": 14,
                "Navigator.prototype.platform": 14,
                "Navigator.prototype.appVersion": 14
            },
            "sites": 14,
            "prevalence": 0.0000956,
            "cnames": [],
            "responseHashes": [
                "0e982e8e67e8316bc1695ad6aaac566946641f3f5a013c5f84d7df218c47238e",
                "bb53a71ea227b441ba30725ff373786278a94474bc2184bb6a88a64452b839e2",
                "f654ed7610943e820e0409d979bf3c2ce6b01dec9d841a14b7a520cc8ec12c97",
                "b8c0f0e23fa3feab3d5de442b4b1fe5fe55484994defb093047e0d6ed26465ad",
                "2af77279fe11ae9b7af901dfe3112648999e3e42bdd782072745c76407fe753e",
                "2e1d78d5ebeae03868ca7ef7b424a4e85a4c8303897c19e134f8d6ed7c0658e4",
                "e916756a96eb59b5f4010d77484a6fc3de2e34a75f9c8fa9d9ed733b783ea472",
                "f31861a26d8f501f4b7f51fa75d151f72da8d524c45cb21cd06ae28b96f1d25f",
                "bdae65bb51960aa82a0d8c33e7e2559b944afcd1d245f5e00ef87829104c5892",
                "50428c7f4893911895bfa95bbaca354b11918110cc05495770f0d03a54bb2b63",
                "20fabaca923469f2a805cee07735da2bd1876040d620a98cabee11fa7b1bff2c",
                "73fc54a03c9b411e5446894f87fb426a4f29265cfc7004581b2bff106f15e8a3",
                "93932adee6325ecd1dbb48df201ceb36503302474baee43b8b46aff2f9bfdaac"
            ],
            "type": "Script",
            "firstPartyCookies": {},
            "firstPartyCookiesSent": {},
            "exampleSites": [
                "audioengine.com",
                "hardwood-lumber.com",
                "saffordequipment.com",
                "shootsteel.com",
                "www.beanilla.com",
                "www.discountdance.com",
                "www.diversdirect.com",
                "www.kyleswitchplates.com",
                "www.ldproducts.com",
                "www.mysteryranch.com",
                "www.polywood.com",
                "www.spicejungle.com",
                "www.touchofmodern.com",
                "www.voguewigs.com"
            ]
        },
        {
            "rule": "discovercard\\.com\\/fp\\/check\\.js",
            "cookies": 0,
            "fingerprinting": 3,
            "subdomains": [
                "content"
            ],
            "apis": {
                "Navigator.prototype.mimeTypes": 14,
                "Navigator.prototype.userAgent": 14,
                "Navigator.prototype.vendor": 14,
                "Navigator.prototype.platform": 14,
                "Navigator.prototype.appVersion": 14,
                "Date.prototype.getTimezoneOffset": 14,
                "window.devicePixelRatio": 13,
                "Screen.prototype.width": 14,
                "Screen.prototype.height": 14,
                "Screen.prototype.availWidth": 12,
                "Screen.prototype.availHeight": 12,
                "window.screenX": 12,
                "window.screenY": 12,
                "window.innerWidth": 12,
                "window.innerHeight": 12,
                "window.outerWidth": 12,
                "window.outerHeight": 12,
                "Screen.prototype.colorDepth": 12,
                "Navigator.prototype.plugins": 12,
                "Navigator.prototype.hardwareConcurrency": 14,
                "Navigator.prototype.deviceMemory": 12,
                "Navigator.prototype.language": 14,
                "Navigator.prototype.languages": 14,
                "Navigator.prototype.maxTouchPoints": 14,
                "Intl.DateTimeFormat.prototype.resolvedOptions": 14,
                "WebGLRenderingContext.prototype.getParameter": 12,
                "WebGLRenderingContext.prototype.getSupportedExtensions": 12,
                "WebGLRenderingContext.prototype.getExtension": 12,
                "window.localStorage": 12,
                "window.indexedDB": 12,
                "RTCPeerConnection.prototype.constructor": 12,
                "Navigator.prototype.getBattery": 14,
                "OfflineAudioContext.prototype.constructor": 12,
                "NavigatorUAData.prototype.getHighEntropyValues": 12,
                "Navigator.prototype.mediaDevices": 12,
                "MediaDevices.prototype.enumerateDevices": 12,
                "Navigator.prototype.storage": 12,
                "HTMLCanvasElement.prototype.toDataURL": 13,
                "NavigatorUAData.prototype.brands": 9,
                "NavigatorUAData.prototype.platform": 9,
                "AudioBuffer.prototype.getChannelData": 12,
                "RTCPeerConnectionIceEvent.prototype.candidate": 2
            },
            "sites": 14,
            "prevalence": 0.0000956,
            "cnames": [],
            "responseHashes": [
                "5fc30bd151adf2253375b93a2a941808a6936dc098370610827f2302d916f550",
                "acce56fe5c4d80eb676c2b59d2cf46bc332acc40923e275412938c8b5687f1bd",
                "68659b386a3775eb295f515c3fbfc0bd622dd79ccc19ef3aeb01d37af52f0db8",
                "a36cd1f6b66465c6b185915e529d5a55d139c04eda4f8e32b3d4aa683e58660d",
                "2ed798bf5819c2132f19409c2839fbbd6c834bc9f1e5d66dc8155d4efab1a2e5",
                "9df28c80a3672dbea2abac62cf01929ec981fc3c0f909ecd1a99db5e0ba1adb5",
                "447b0d687e50a413861a2283c52bc77c42dea68cdb90b489534b12c5ad575ec7",
                "85f5079a00249d65de8ff3069942cf0965f58a97e632b265a14b711c77ba7eaa",
                "0c6a6cc7ce6877c98c3fd49b897b2a37a333844e75d407b320656e855fe957e2",
                "7f1291bfbbe51594764da8d3acdde104fffe803e5fc987369f43164de15e32db",
                "5b46fcba5db1796234e8aa20bc5d6df39a28c3b6da0122f46f46cbb19cde1fce",
                "d00ea58a59df4c7faf63c6cfa7936cd3a91ccd4161d00672339131add9327c01",
                "6592b12d3401b38903082c129df09f9cb8bce8128dc3b561d437487b6dff7169"
            ],
            "type": "Script",
            "firstPartyCookies": {},
            "firstPartyCookiesSent": {},
            "exampleSites": [
                "audioengine.com",
                "hardwood-lumber.com",
                "saffordequipment.com",
                "shootsteel.com",
                "www.beanilla.com",
                "www.discountdance.com",
                "www.diversdirect.com",
                "www.kyleswitchplates.com",
                "www.ldproducts.com",
                "www.mysteryranch.com",
                "www.polywood.com",
                "www.spicejungle.com",
                "www.touchofmodern.com",
                "www.voguewigs.com"
            ]
        },
        {
            "rule": "discovercard\\.com\\/fp\\/clear\\.png",
            "cookies": 0,
            "fingerprinting": 0,
            "subdomains": [
                "content"
            ],
            "apis": {},
            "sites": 14,
            "prevalence": 0.0000956,
            "cnames": [],
            "responseHashes": [
                "6882437cef514eeafff92a4dde96489b049e439967c6c99faff992e2045d994c"
            ],
            "type": "Image",
            "firstPartyCookies": {},
            "firstPartyCookiesSent": {},