{
    "domain": "dropinblog.com",
    "owner": {},
    "source": [
        "DuckDuckGo-US"
    ],
    "prevalence": 0.000287,
    "sites": 42,
    "subdomains": [
        "io",
        "api"
    ],
    "cnames": [],
    "fingerprinting": 1,
    "resources": [
        {
            "rule": "dropinblog\\.com\\/js\\/shopify\\.js",
            "cookies": 0,
            "fingerprinting": 1,
            "subdomains": [
                "io"
            ],
            "apis": {
                "window.innerHeight": 1
            },
            "sites": 14,
            "prevalence": 0.0000956,
            "cnames": [],
            "responseHashes": [
                "3d2c2101822866c55b266e4de81501568c6a3849dfbf70ca1da0bb72e874f032",
                "2ccba94d6ecac6b532042a06ffe055327bbbf6b9d49294726db71b1af8b80eb2",
                "cbf5062525b85d4fede66a9fc37240c1da5676da71b43c1e1ccfee27fad99f1d",
                "c3fc7c5e5949724f06973281226ea86b953e8fa1c58abdc0653d08bc132ccc6f",
                "b3c59f9cdd97c57f0b8d6f7b8c9fb4c32137baec8245cdac7591fca49a50c183",
                "7449500518506ef7790ab1ec2b5a3dcc13b49345e8f75aba0066e9076a5428b7",
                "9eb088b430a1b0dac179f1082a5a5a0233d7a1b5008ecf7c23d01f77fcb5ade2",
                "66ae7a3f416e40085233011cb3a893bf7ce53dddd2cb85a6926ff02059231c1f",
                "d1adbabe9aa1f8bbed0ce07e57e7317db624cdf2b53bb62c6a7fffd41de44170",
                "3b850fb43badeb57b240ff490fed131c2560e5135c396132d664bf2d8c3b1a33",
                "4684489cf3d54fd92106710284bccd1242ecf34add2c6d7e6259e703c05425ee",
                "9570920c446143a6e4b4b621fa70ad9be979e4489f229e05a83a6fdc72f3af99"
            ],
            "type": "Script",
            "firstPartyCookies": {},
            "firstPartyCookiesSent": {
                "checkout_shop": 0.000006832001093120175
            },
            "exampleSites": [
                "buildasoil.com",
                "daydesigner.com",
                "funnyfuzzy.com",
                "ghostcontrols.com",
                "kerrits.com",
                "lgparts.com",
                "ridge.com",
                "speedcubeshop.com",
                "wanderprints.com",
                "www.bonescoffee.com",
                "www.fourwindsgrowers.com",
                "www.scentsplit.com",
                "www.shiels.com.au",
                "www.spyguy.com"
            ]
        },
        {
            "rule": "dropinblog\\.com\\/v1\\/embed",
            "cookies": 0,
            "fingerprinting": 0,
            "subdomains": [
                "api"
            ],
            "apis": {},
            "sites": 4,
            "prevalence": 0.0000273,
            "cnames": [],
            "responseHashes": [
                "c4bbc43560676fe06e265c0a625ec8cb7b799ddef155135873fd90890af6d12a",
                "6c974f89e9c08aef6843ebe0ba1dc06d0f8900a3985c589ab4e7103578a976ad",
                "962d94d6d307a327a43751747641938dc74672193364522a6553bad22d167b8f"
            ],
            "type": "Script",
            "firstPartyCookies": {},
            "firstPartyCookiesSent": {},
            "exampleSites": [
                "merrystockings.com",
                "ok4wd.com",
                "stoneagegamer.com",
                "www.jewishgen.org"
            ]
        },
        {
            "rule": "dropinblog\\.com\\/embedjs\\/recentposts\\/3ccc36da-5515-43fe-b274-4ceccaa3c8e1\\.js",
            "cookies": 0,
            "fingerprinting": 0,
            "subdomains": [
                "io"
            ],
            "apis": {},
            "sites": 2,
            "prevalence": 0.0000137,
            "cnames": [],
            "responseHashes": [
                "108e9c7f66085b0fca165d8ea43a69d8a6ab735f43e20f6a3ac50dfb047381be"
            ],
            "type": "Script",
            "firstPartyCookies": {},
            "firstPartyCookiesSent": {},
            "exampleSites": [
                "gamenerdz.com",
                "www.gamenerdz.com"
            ]
        }
    ],
    "categories": [],
    "performance": {},
    "cookies": 0,
    "topInitiators": [
        {
            "domain": "first party",
            "prevalence": 0.8611111111111112
        },
        {
            "domain": "bigcommerce.com",
            "prevalence": 0.08333333333333333
        },
        {
            "domain": "consentmanager.net",
            "prevalence": 0.027777777777777776
        },
        {
            "domain": "noibu.com",
            "prevalence": 0.027777777777777776
        }
    ],
    "types": {
        "Script": 20
    },
    "nameservers": [
        "hank.ns.cloudflare.com",
        "uma.ns.cloudflare.com"
    ]
}