{
    "domain": "ds2play.com",
    "owner": {},
    "source": [
        "DuckDuckGo-US"
    ],
    "prevalence": 0.000137,
    "sites": 20,
    "subdomains": [],
    "cnames": [],
    "fingerprinting": 1,
    "resources": [
        {
            "rule": "ds2play\\.com\\/cdn-cgi\\/challenge-platform\\/scripts\\/jsd\\/main\\.js",
            "cookies": 0,
            "fingerprinting": 0,
            "subdomains": [],
            "apis": {},
            "sites": 16,
            "prevalence": 0.000109,
            "cnames": [],
            "responseHashes": [
                "2106337b66e6af5b4bd2a428a63120d0f8c7da0286a309c290661aff8a6c44eb",
                "6f82e3afc3bc9b89a8601408247cee5b46a5579b2c97c6e473e2a3bff0bee4bb"
            ],
            "type": "Script",
            "firstPartyCookies": {},
            "firstPartyCookiesSent": {},
            "exampleSites": [
                "bokepami.blogspot.com",
                "bokepdem.blogspot.com",
                "bokepem.blogspot.com",
                "bokepindosd.blogspot.com",
                "bokepjepangindo.pages.dev",
                "bokeplita.blogspot.com",
                "bokepnekat.blogspot.com",
                "bokepsus.blogspot.com",
                "bokepyandex.blogspot.com",
                "inibokep.rest",
                "nbtub.sbs",
                "nsfw247.biz",
                "pornfits.com",
                "teez-arabi.com",
                "trannyvideosxxx.net",
                "www.freeomovie.to"
            ]
        },
        {
            "rule": "ds2play\\.com\\/cdn-cgi\\/challenge-platform\\/h\\/b\\/scripts\\/jsd\\/22755d9a86c9\\/main\\.js",
            "cookies": 0,
            "fingerprinting": 0,
            "subdomains": [],
            "apis": {},
            "sites": 14,
            "prevalence": 0.0000956,
            "cnames": [],
            "responseHashes": [
                "e3b0c44298fc1c149afbf4c8996fb92427ae41e4649b934ca495991b7852b855",
                "2106337b66e6af5b4bd2a428a63120d0f8c7da0286a309c290661aff8a6c44eb",
                "e5ef5cf2970f788f54e0ec3e50039ade317c79d89b62956a4e20cbaef46b400a",
                "6f82e3afc3bc9b89a8601408247cee5b46a5579b2c97c6e473e2a3bff0bee4bb",
                "7f1a47221967e3b2657fc26c01c16a40f3a0a9262e6597818de7c133b01b9af3",
                "7b00c378d795f7fc5ee4b23744452db2af0f687a70df60c94f47caed7751014c",
                "1cab02a3cb36e67f13fc92b3a71d490f59c087d1acde4a528d591c400223071c",
                "84611eb7b9a8f826ebaf906f86c00481126728ff9abcfbf306f9540ae91862ba",
                "bbd39d65ef0b153e18aeea67bd4cf2be33974269ea4b3bf5706bbe85c5941975",
                "4098db6b1fe09e305304b5f48dd6f3640329574d6ae9df4a56cedc3f0d1724aa"
            ],
            "type": "Script",
            "firstPartyCookies": {},
            "firstPartyCookiesSent": {},
            "exampleSites": [
                "bokepami.blogspot.com",
                "bokepdem.blogspot.com",
                "bokepem.blogspot.com",
                "bokepindosd.blogspot.com",
                "bokepjepangindo.pages.dev",
                "bokepnekat.blogspot.com",
                "bokepsus.blogspot.com",
                "bokepyandex.blogspot.com",
                "inibokep.rest",
                "nsfw247.biz",
                "pornfits.com",
                "teez-arabi.com",
                "trannyvideosxxx.net",
                "www.freeomovie.to"
            ]
        },
        {
            "rule": "ds2play\\.com\\/e\\/pqvzuy9jeco5",
            "cookies": 0.0000137,
            "fingerprinting": 1,
            "subdomains": [],
            "apis": {
                "Date.prototype.getTime": 2
            },
            "sites": 2,
            "prevalence": 0.0000137,
            "cnames": [],
            "responseHashes": [
                "e018d622fb78d13b10f13c0e9370021e9945778bc122e077b11064483288d527"
            ],
            "type": "Document",
            "firstPartyCookies": {},
            "firstPartyCookiesSent": {},
            "exampleSites": [
                "bokepindosd.blogspot.com",
                "bokeplita.blogspot.com"
            ]
        },
        {
            "rule": "ds2play\\.com\\/cdn-cgi\\/challenge-platform\\/h\\/g\\/scripts\\/jsd\\/5cdd008291ae\\/main\\.js",
            "cookies": 0,
            "fingerprinting": 0,
            "subdomains": [],
            "apis": {},
            "sites": 2,
            "prevalence": 0.0000137,
            "cnames": [],
            "responseHashes": [
                "3d3bd3a23ec35ae0ac0380a02797f5bbdbedb496118866669ce23e1ba4dd3c38"
            ],
            "type": "Script",
            "firstPartyCookies": {},
            "firstPartyCookiesSent": {},
            "exampleSites": [
                "bokeplita.blogspot.com",
                "nbtub.sbs"
            ]
        },
        {
            "rule": "ds2play\\.com\\/e\\/cseo3uj1ilu6",
            "cookies": 0.0000137,
            "fingerprinting": 1,
            "subdomains": [],
            "apis": {
                "Date.prototype.getTime": 2
            },
            "sites": 2,
            "prevalence": 0.0000137,
            "cnames": [],
            "responseHashes": [
                "b188fffa848c742b284f686e61f0c831fbddc8500e1466ddb49abdcf8aacce9c"
            ],
            "type": "Document",
            "firstPartyCookies": {},
            "firstPartyCookiesSent": {},
            "exampleSites": [
                "freeomovie.to",
                "www.freeomovie.to"
            ]
        }
    ],
    "categories": [],
    "performance": {},
    "cookies": 0.000123,
    "topInitiators": [
        {
            "domain": "first party",
            "prevalence": 0.6097560975609756
        },
        {
            "domain": "ds2play.com",
            "prevalence": 0.3902439024390244
        }
    ],
    "types": {
        "Script": 32,
        "Document": 4
    },
    "nameservers": [
        "karina.ns.cloudflare.com",
        "hank.ns.cloudflare.com"
    ]
}