{
    "domain": "dualsidedapp.com",
    "owner": {},
    "source": [
        "DuckDuckGo-US"
    ],
    "prevalence": 0.000205,
    "sites": 30,
    "subdomains": [
        "hotjar",
        "locator"
    ],
    "cnames": [],
    "fingerprinting": 1,
    "resources": [
        {
            "rule": "dualsidedapp\\.com\\/script\\.js",
            "cookies": 0,
            "fingerprinting": 1,
            "subdomains": [
                "hotjar",
                "locator"
            ],
            "apis": {
                "Navigator.prototype.userAgent": 1,
                "Navigator.prototype.product": 1
            },
            "sites": 21,
            "prevalence": 0.000143,
            "cnames": [],
            "responseHashes": [
                "a9d5d7817ca1a495a4670eb841d7e4ae23a21a412b59419805acad5e8d55f0aa",
                "7281daab88455466eab42de760ec57fd3638e0146d9f3bbf903dbe5c137d4c04",
                "ba63bbe4b2bd5666cb8a79247d63e89f232836b6080c3b63593f0dd32cc1dabd",
                "a88f2c7288e8d5b41b467ffa37a94046da27a79404e175708aceb22dffec158c",
                "bacfeb1035b084bc587e868451e48043b43cd3fab33c45c2ae0b8a1cf4e26b54",
                "f56d5c15d73c78903cbd3b482e6af9cf2c81afb808a4a6f3086fcc3cc651be02",
                "b7184cc13fc1b40707d4d856b77fa7e9bb5bb9a7ffe5a090a65552a9782b93a6",
                "51be0aee30bbd7e435127b5801af72647b67eb2a09084836210c78ddcbdfea16",
                "b3d30bd5bd5ed4deaa84ad4bfc1f938e568e056dc25646c245704d8f2414af89",
                "85e0e23d9869a21aabead7c5a486ba11934ec74fb87487335cf4dde4085ca666",
                "31aa9185c48d5777372bc2e239848472d92ab8eae4a44c1eb514197d67d40753",
                "d10ee78a46929ddd71f9981278cbaf43f7a82d5be6f3ffbb1f96a16d07192731",
                "d587c9c33c1bf3f8d9f4b17351ead74ec4c67ae9adc4d2b8d0022cae27bd0346",
                "a3c888012ea3bac37a337dd72eb7fc4fbb494140d5261e900221102bd8fd2534",
                "1c715896be3ea91e3e596b41627ed3f2220426c914303bb8555871aa8a384810",
                "ef7bcecafe3bba3361fb6c3cf0b817fa0f46c73ae36591d7e1543e507609ba5d",
                "34bbe0c2d5f7099298da2630756e0f6be8cfecc46040b4bb39100654240cf4de",
                "09c40cf04af95d9259e392c2446c08563b872dc258034e4bbc91299c94f3d70f",
                "01a316fa076bd0ba0626edbc59963b664e681346c2baa8893bf5e58a917a4b01",
                "50751908a5b983b5b5e209aa3c30986a4ceec71ae99c8808fbdc891fc4126dd3"
            ],
            "type": "Script",
            "firstPartyCookies": {},
            "firstPartyCookiesSent": {},
            "exampleSites": [
                "xlrindustries.com",
                "us.tonies.com",
                "vesselgolf.com",
                "www.saltandstone.com",
                "beistravel.com",
                "tryfum.com",
                "sprinklersupplystore.com",
                "shop.sportsbasement.com",
                "cliceyewear.com",
                "primeweld.com",
                "store.fixitsticks.com",
                "www.lesportsac.com",
                "signwarehouse.com",
                "hiddenhybridholsters.com",
                "milkbarstore.com",
                "www.tmgindustrial.com",
                "www.colorescience.com",
                "www.niterider.com",
                "powerplate.com",
                "masienda.com"
            ]
        }
    ],
    "categories": [],
    "performance": {},
    "cookies": 0,
    "topInitiators": [
        {
            "domain": "first party",
            "prevalence": 0.9333333333333333
        },
        {
            "domain": "yottaa.com",
            "prevalence": 0.06666666666666667
        }
    ],
    "types": {
        "Script": 21
    },
    "nameservers": [
        "marissa.ns.cloudflare.com",
        "colin.ns.cloudflare.com"
    ]
}