{
    "domain": "ebis.ne.jp",
    "owner": {},
    "source": [
        "DuckDuckGo-US"
    ],
    "prevalence": 0.000314,
    "sites": 46,
    "subdomains": [
        "rec",
        "ac",
        "taj1"
    ],
    "cnames": [],
    "fingerprinting": 1,
    "resources": [
        {
            "rule": "ebis\\.ne\\.jp\\/rec\\.php",
            "cookies": 0.000082,
            "fingerprinting": 0,
            "subdomains": [
                "rec",
                "ac"
            ],
            "apis": {},
            "sites": 12,
            "prevalence": 0.000082,
            "cnames": [],
            "responseHashes": [
                "72ed1205e88c3cf3873ca29deb7fc053ab2d1373416e20de983de8999dd9f5b5",
                "6364835d4825627f1b5cb9ee3b8299d0e6b428f5d88aba3e55ce98d8dc117a5a",
                "d2c62bb49e256d096a3b00f43e98110c1d0a8dc8c5d2c8a3295e643541f642fc",
                "e361621a8c62579a4041a960942031494144d8448fa69da6fc013565a20e9f68",
                "a8fe27763a9e5360c083ab2fee72637b41be1237f7068a362b19b2358404a8ad",
                "c7c4849f1d6a4fb132a684f5f3c1dd43427d6eb86e7346e5308789308306f8ea",
                "6743c43c8a83f0530c90d6a83d328e4ccafd2dc0e52cb40984dc471e5931a5f7",
                "1733927631d3057c5b7c9931b89202d431af8fc352be78dddbe26b6b9f383d25",
                "179c614930f77084f4ccb404f0782a2ad67a32d4bdf4d2c68b9a676abd850078",
                "a85a48becb2421c551026cf2fb8705f08e5ead469113e9e2489b0d68580979a1",
                "96477edce54e02ef2733d15977aeb488ccb7f7e237ba9000e83850b908f09b82"
            ],
            "type": "Script",
            "firstPartyCookies": {},
            "firstPartyCookiesSent": {},
            "exampleSites": [
                "and-engineer.com",
                "jp.finalfantasyxiv.com",
                "magazine.sbiaruhi.co.jp",
                "mangaplaza.com",
                "network.mobile.rakuten.co.jp",
                "www.cr.mufg.jp",
                "www.kracie.co.jp",
                "www.matsui.co.jp",
                "www.netbk.co.jp",
                "www.nicosuma.com",
                "www.yayoi-kk.co.jp",
                "www.zeiri4.com"
            ]
        },
        {
            "rule": "ebis\\.ne\\.jp\\/uYnsk4N4\\/cmt\\.js",
            "cookies": 0.0000137,
            "fingerprinting": 1,
            "subdomains": [
                "taj1"
            ],
            "apis": {
                "Date.prototype.getTime": 2,
                "Navigator.prototype.userAgent": 2,
                "Document.cookie getter": 2,
                "window.localStorage": 2,
                "Document.cookie setter": 2,
                "NavigatorUAData.prototype.getHighEntropyValues": 2
            },
            "sites": 2,
            "prevalence": 0.0000137,
            "cnames": [],
            "responseHashes": [
                "5eab3c7d7fc50759b5df959fbe19b6a205f3547dc273d4e0bc2d0e9b5d889c2f"
            ],
            "type": "Script",
            "firstPartyCookies": {
                "_ebtd": {
                    "ttl": 63072006,
                    "length": 24,
                    "prevalence": 0.00001366400218624035,
                    "uniqueness": 1
                },
                "_ebcv_uYnsk4N4": {
                    "ttl": 6,
                    "length": 13,
                    "prevalence": 0.00001366400218624035,
                    "uniqueness": 0.5
                }
            },
            "firstPartyCookiesSent": {},
            "exampleSites": [
                "aucfan.com",
                "aucview.aucfan.com"
            ]
        },
        {
            "rule": "ebis\\.ne\\.jp\\/TxbYyHQU\\/cmt\\.js",
            "cookies": 0.0000137,
            "fingerprinting": 1,
            "subdomains": [
                "taj1"
            ],
            "apis": {
                "Date.prototype.getTime": 2,
                "Navigator.prototype.userAgent": 2,
                "Document.cookie getter": 2,
                "window.localStorage": 2,
                "Document.cookie setter": 2,
                "NavigatorUAData.prototype.getHighEntropyValues": 2
            },
            "sites": 2,
            "prevalence": 0.0000137,
            "cnames": [],
            "responseHashes": [
                "b7c8305ae77a19ea65df2ffd99528895831cc29816aef9c497b28b259041617c"
            ],
            "type": "Script",
            "firstPartyCookies": {
                "_ebtd": {
                    "ttl": 63072005,
                    "length": 24,
                    "prevalence": 0.00001366400218624035,
                    "uniqueness": 1
                },
                "_ebcv_TxbYyHQU": {
                    "ttl": 5,
                    "length": 13,
                    "prevalence": 0.00001366400218624035,
                    "uniqueness": 0.5
                }
            },
            "firstPartyCookiesSent": {},
            "exampleSites": [
                "cmoa.jp",
                "www.cmoa.jp"
            ]
        },
        {
            "rule": "ebis\\.ne\\.jp\\/LxLBy3d2\\/cmt\\.js",
            "cookies": 0.0000342,
            "fingerprinting": 1,
            "subdomains": [
                "taj1"
            ],
            "apis": {
                "Date.prototype.getTime": 5,
                "Navigator.prototype.userAgent": 5,
                "Document.cookie getter": 5,
                "window.localStorage": 5,
                "Document.cookie setter": 5,
                "NavigatorUAData.prototype.getHighEntropyValues": 5
            },
            "sites": 5,
            "prevalence": 0.0000342,
            "cnames": [],
            "responseHashes": [
                "ced4c7808d0c04f95422c5a3d9c9d60f1bd67c4800237968731f7671b8a4e20a"
            ],
            "type": "Script",
            "firstPartyCookies": {
                "_ebtd": {
                    "ttl": 63072008,
                    "length": 23,
                    "prevalence": 0.00003416000546560088,
                    "uniqueness": 1
                },
                "_ebcv_LxLBy3d2": {
                    "ttl": 8,
                    "length": 13,
                    "prevalence": 0.00003416000546560088,
                    "uniqueness": 0.2
                }
            },
            "firstPartyCookiesSent": {},
            "exampleSites": [
                "hankyu-travel.com",
                "www.his-j.com",
                "www.nta.co.jp",
                "www.princehotels.co.jp",
                "www.tabikobo.com"
            ]
        }
    ],
    "categories": [],
    "performance": {},
    "cookies": 0.000253,
    "topInitiators": [
        {
            "domain": "googletagmanager.com",
            "prevalence": 0.8253968253968254
        },
        {
            "domain": "first party",
            "prevalence": 0.15873015873015872
        },
        {
            "domain": "onetrust.com",
            "prevalence": 0.015873015873015872
        }
    ],
    "types": {
        "Script": 21
    },
    "nameservers": [
        "ns-203.awsdns-25.com",
        "ns-1967.awsdns-53.co.uk",
        "ns-902.awsdns-48.net",
        "ns-1447.awsdns-52.org"
    ]
}