{
    "domain": "ecmapps.com",
    "owner": {},
    "source": [
        "DuckDuckGo-US"
    ],
    "prevalence": 0.00000683,
    "sites": 1,
    "subdomains": [
        "pulse"
    ],
    "cnames": [],
    "fingerprinting": 0,
    "resources": [
        {
            "rule": "ecmapps\\.com\\/ecm\\/el\\/%7B%22pls_client_id%22%3A%22921c23e8-a945-43b8-8b5c-de62aa70fcf6%22%2C%22pls_session_id%22%3A%22f2090ac3-d965-4120-a4fd-9d5789e7d1a3%22%2C%22pls_trk_optout%22%3Afalse%2C%22pls_page_view_id%22%3A%22377c098d-4f65-4ec1-9d37-90b3813e1945%22%2C%22event_id%22%3A%2221c59d8a-8be6-43c1-bcd4-544dda593a4b%22%2C%22event_timestamp%22%3A1731656527487%2C%22event_name%22%3A%22session_start%22%2C%22event_properties%22%3A%7B%7D%2C%22is_internal_user%22%3Afalse%2C%22cookies%22%3A%7B%22_ga%22%3A%22%22%2C%22_gid%22%3A%22%22%2C%22__gads%22%3A%22%22%2C%22_gcl_au%22%3A%22%22%2C%22optimizely-user-id%22%3A%2263c1fc47-3f4a-45c0-9a0e-12c667877f98%22%2C%22optimizely-user-attributes%22%3A%22%257B%2522device%2522%253A%2522desktop%2522%252C%2522paid_traffic%2522%253Afalse%252C%2522mylo_login%2522%253Afalse%252C%2522qa_audience%2522%253Anull%252C%2522url%2522%253A%2522www\\.menshealth\\.com%252Fstyle%252Fa46181749%252Fbest-sneakers-for-men%252F%2522%252C%2522platform%2522%253A%2522Macintosh%253B%2520Intel%2520Mac%2520OS%2520X%252010_15_7%2522%252C%2522browser%2522%253A%2522Chrome%2522%252C%2522%2524opt_user_agent%2522%253A%2522Mozilla%252F5\\.0%2520\\(Macintosh%253B%2520Intel%2520Mac%2520OS%2520X%252010_15_7\\)%2520AppleWebKit%252F537\\.36%2520\\(KHTML%252C%2520like%2520Gecko\\)%2520Chrome%252F93\\.0\\.4577\\.63%2520Safari%252F537\\.36%2522%257D%22%2C%22_parsely_30%22%3A%221731656526369%22%7D%7D",
            "cookies": 0,
            "fingerprinting": 0,
            "subdomains": [
                "pulse"
            ],
            "apis": {},
            "sites": 2,
            "prevalence": 0.0000137,
            "cnames": [],
            "responseHashes": [],
            "type": "Fetch",
            "firstPartyCookies": {},
            "firstPartyCookiesSent": {
                "lotame_domain_check": 0.00001366400218624035
            },
            "exampleSites": [
                "menshealth.com",
                "www.menshealth.com"
            ]
        }
    ],
    "categories": [],
    "performance": {},
    "cookies": 0,
    "topInitiators": [
        {
            "domain": "first party",
            "prevalence": 1
        }
    ],
    "types": {
        "Fetch": 2
    },
    "nameservers": [
        "ns-754.awsdns-30.net",
        "ns-459.awsdns-57.com",
        "ns-1154.awsdns-16.org",
        "ns-1814.awsdns-34.co.uk"
    ]
}