{
    "domain": "ehealthcaresolutions.com",
    "owner": {
        "name": "eHealthcare Solutions, LLC",
        "displayName": "eHealthcare Solutions"
    },
    "source": [
        "DuckDuckGo-US"
    ],
    "prevalence": 0.0000888,
    "sites": 13,
    "subdomains": [
        "ads",
        "cdn"
    ],
    "cnames": [],
    "fingerprinting": 2,
    "resources": [
        {
            "rule": "ehealthcaresolutions\\.com\\/a\\/",
            "cookies": 0,
            "fingerprinting": 1,
            "subdomains": [
                "ads"
            ],
            "apis": {
                "window.localStorage": 1
            },
            "sites": 9,
            "prevalence": 0.0000615,
            "cnames": [],
            "responseHashes": [
                "d6438a990436145c46bd40ef0c0968b5d1686b140a832589b31891b5c16de908",
                "ff2d76025e79907ba7fab6deac19c70e44d900f3914ecc7c362250eb14979917",
                "266d0f506ffbae40d3d73649ba8af71617a81b0491868129281c39999ec9d78f",
                "70b78d20e544fc45eba0a925a5c64dc3ba03c55ad3c1292358f6930de9916dbf",
                "227dc271505187487968dc3be455a39bc08f3880be689c9b204bbca9891f6542",
                "ec031736c8e992ee29d5f22788a6c8f42fadc4323e35f999a7b94dc814932f70",
                "8acfcd0ccc809732da0f7d01947e4a69007cde7a11066e96f424ce70760fe689",
                "959f2bf355cefac44c61d34a6920a6e9fe0ff6bba6513bc93017fa00879f6156"
            ],
            "type": "Script",
            "firstPartyCookies": {},
            "firstPartyCookiesSent": {
                "sa-r-source": 0.000006832001093120175,
                "lotame_domain_check": 0.000006832001093120175
            },
            "exampleSites": [
                "diabetes.org",
                "diabetesfoodhub.org",
                "diabetesjournals.org",
                "globalrph.com",
                "www.aad.org",
                "www.healingwell.com",
                "www.intechopen.com",
                "www.pdr.net",
                "www.urologyhealth.org"
            ]
        },
        {
            "rule": "ehealthcaresolutions\\.com\\/prebid\\.js",
            "cookies": 0.00000683,
            "fingerprinting": 2,
            "subdomains": [
                "cdn"
            ],
            "apis": {
                "NavigatorUAData.prototype.brands": 3,
                "NavigatorUAData.prototype.platform": 3,
                "window.sessionStorage": 3,
                "Date.prototype.getTime": 3,
                "Screen.prototype.width": 3,
                "Screen.prototype.height": 3,
                "window.innerWidth": 3,
                "window.innerHeight": 3,
                "Navigator.prototype.doNotTrack": 3,
                "Navigator.prototype.userAgent": 3,
                "Navigator.prototype.language": 3,
                "Navigator.prototype.webdriver": 3,
                "Navigator.prototype.cookieEnabled": 3,
                "Document.cookie setter": 1,
                "Document.cookie getter": 1
            },
            "sites": 3,
            "prevalence": 0.0000205,
            "cnames": [],
            "responseHashes": [
                "8976a114b64737117bba505b6c2187b1bff7bef77f1dca2a7beb380b6be33855"
            ],
            "type": "Script",
            "firstPartyCookies": {},
            "firstPartyCookiesSent": {},
            "exampleSites": [
                "healingwell.com",
                "www.healingwell.com",
                "www.intechopen.com"
            ]
        }
    ],
    "categories": [],
    "performance": {},
    "cookies": 0.00000683,
    "topInitiators": [
        {
            "domain": "first party",
            "prevalence": 0.6136363636363636
        },
        {
            "domain": "cdnintech.com",
            "prevalence": 0.29545454545454547
        },
        {
            "domain": "silverchair-cdn.com",
            "prevalence": 0.09090909090909091
        }
    ],
    "types": {
        "Script": 12
    },
    "nameservers": [
        "ns-1505.awsdns-60.org",
        "ns-2024.awsdns-61.co.uk",
        "ns-483.awsdns-60.com",
        "ns-589.awsdns-09.net"
    ]
}