{
    "domain": "elocallink.tv",
    "owner": {},
    "source": [
        "DuckDuckGo-US"
    ],
    "prevalence": 0.000198,
    "sites": 29,
    "subdomains": [
        "www"
    ],
    "cnames": [],
    "fingerprinting": 1,
    "resources": [
        {
            "rule": "elocallink\\.tv\\/mlink\\/mlink2\\/php\\/mlink2\\.php",
            "cookies": 0,
            "fingerprinting": 1,
            "subdomains": [
                "www"
            ],
            "apis": {
                "Navigator.prototype.userAgent": 24
            },
            "sites": 25,
            "prevalence": 0.000171,
            "cnames": [],
            "responseHashes": [
                "f6d56dbb6f8294a95461184672a7fc9ac6dec1020b57470ad555369f72946ece",
                "fae0d4fb7bbe5205ed3e286e440f96dfbed36b54e82f4b3b487150d24977df59",
                "79aa255c7c8b528e89e0d33e5b363b1981460674ef93a751358cd38321a91a06",
                "4d83bc4952f222a1142e42e050c5bfef1e5987e4c956d44c8c3094e2243822b7",
                "24b3b842e0b413022808d0ac849fa82c57bfb0e9cf74bdf856f5ea84ccd13d30",
                "dfabb1515d4142d389c0d6f6ce0084980d5eb8d6fcc0b160f016f3e5fbe5d790",
                "df87a821b737febaa53ba1bc5c1c050964aa871d7bc2637c8c4929d9fd60e9c4",
                "dd4698e84ffbb08ff46f9730e2ed1c2e815dc775ba65fefeace7e37d99c3bb26",
                "975924d1460230b65d5ca04e55753d4b75ed7f24acba6d81c533c2be1e48acd7",
                "5e97efdddca9c80b461b8a232ec3a1ee25bf849c6247ba161a8389f7dbfc0228",
                "83e9f4e4640a3b4c7381434f2e224a55e6274d8064b261f3bc9f5e6ea5342668",
                "63db92a5d1a9afcc85e3f654a2f445a0f5203d5a32db6209b27a1748590e3269",
                "b780fdf86a0d5fb996362142c8ae4822e2b45f0413c33054e0fa9fa740f4cb7a",
                "ed287c8aa10fed340bcceddb8439bd572673c504152d004a65376bdce7f0a156",
                "6222541658219fef3f275096810ac6110250d2d62bbfd6264675b02f16529fd4",
                "9056bb71df2d1b3d72d58f7b3a861aa39e93a9cfc18590d0a2f6b438b23d28c2",
                "056b6ad7b6f659b96893aeb5d7a5e0f12e81e2d44af7c073a624e005ad935da0",
                "3b106011dec6fc49dbf1a5795f202d61ee0bbc3fb6b064b8979660acf3120864",
                "3f45e9b10c59fd23ac00fe7336044d41ab318705944176d6ac96ad09b31a0cfe",
                "f273389b6fa403b48055dabd47437c4f0dbe53def85c59c660859b500b2efbc2",
                "d52c5cf0336a30ee74ad3ed724f5f50473d8dbb35c81c7a6c9cea0d08794acb9",
                "529755c8b1568b6577fb83e9da5cf87e99b64a8566ec48291ab339744b96dd41",
                "bd8ebb7af01240310d52c4ef2cf0dd251c793d3197bf505b2124b875d504be6a",
                "afc7852d7fba89bb047d1e8366b4a29565bf6cbbbb60c2ab1116a187fd2812fe"
            ],
            "type": "Script",
            "firstPartyCookies": {},
            "firstPartyCookiesSent": {},
            "exampleSites": [
                "www.clermontfl.gov",
                "www.lhcaz.gov",
                "www.douglascountynv.gov",
                "www.hidalgocounty.us",
                "eriecountypa.gov",
                "www.weld.gov",
                "masoncountywa.gov",
                "www.newingtonct.gov",
                "www.kcgov.us",
                "apps.weld.gov",
                "www.mcohio.org",
                "www.clallamcountywa.gov",
                "www.santarosa.fl.gov",
                "www.shastacounty.gov",
                "www.co.grayson.tx.us",
                "adcogov.org",
                "www.cityofnsb.com",
                "www.lackawannacounty.org",
                "www.orovalleyaz.gov",
                "www.cachecounty.gov"
            ]
        },
        {
            "rule": "elocallink\\.tv\\/ellsrc\\/spacer\\.gif",
            "cookies": 0,
            "fingerprinting": 0,
            "subdomains": [
                "www"
            ],
            "apis": {},
            "sites": 2,
            "prevalence": 0.0000137,
            "cnames": [],
            "responseHashes": [
                "f4eef8263281c0b26486637831251059757bc3fdc4c3a48045a8ef8646b36e8f"
            ],
            "type": "Image",
            "firstPartyCookies": {},
            "firstPartyCookiesSent": {},
            "exampleSites": [
                "jefferson.tx.us",
                "www.sanramon.ca.gov"
            ]
        },
        {
            "rule": "elocallink\\.tv\\/mlink\\/mlink\\.php",
            "cookies": 0,
            "fingerprinting": 0,
            "subdomains": [],
            "apis": {},
            "sites": 2,
            "prevalence": 0.0000137,
            "cnames": [],
            "responseHashes": [],
            "type": "Script",
            "firstPartyCookies": {},
            "firstPartyCookiesSent": {},
            "exampleSites": [
                "graysharbor.us",
                "www.solanocounty.com"
            ]
        }
    ],
    "categories": [],
    "performance": {},
    "cookies": 0,
    "topInitiators": [
        {
            "domain": "first party",
            "prevalence": 1
        }
    ],
    "types": {
        "Script": 27,
        "Image": 2
    },
    "nameservers": [
        "dns1.cscdns.net",
        "dns2.cscdns.net"
    ]
}