{
    "domain": "erohub.com",
    "owner": {},
    "source": [
        "DuckDuckGo-US"
    ],
    "prevalence": 0.0000205,
    "sites": 3,
    "subdomains": [
        "ads",
        "adserv"
    ],
    "cnames": [],
    "fingerprinting": 0,
    "resources": [
        {
            "rule": "erohub\\.com\\/ad\\/987ee9a5e7d72303-718532884aea48b0",
            "cookies": 0,
            "fingerprinting": 0,
            "subdomains": [
                "ads"
            ],
            "apis": {},
            "sites": 3,
            "prevalence": 0.0000205,
            "cnames": [],
            "responseHashes": [
                "999c52fb3bc31faa77946c60af1223b407bc51296f92f34ea3b6d0434a829061",
                "bfad024f762a7c1390c3bf27af93b0a1a94dd00993185547ea6419904ee2de14"
            ],
            "type": "Document",
            "firstPartyCookies": {},
            "firstPartyCookiesSent": {},
            "exampleSites": [
                "youporn.com",
                "fr.youporn.com",
                "www.pornhub.com"
            ]
        },
        {
            "rule": "erohub\\.com\\/a\\/2003efe2265572433e688b1ee7d309eb:2448e5837c9aa6329d49997f6dd31ae8416e41447360c7ee5de211e1848376bc1cbc099a3b3f095903eead9657130bce498526858156ae8cebb5a2ae4f8a3dd37b2e445f4273359554ba0018d1a100ed",
            "cookies": 0,
            "fingerprinting": 0,
            "subdomains": [
                "adserv"
            ],
            "apis": {},
            "sites": 2,
            "prevalence": 0.0000137,
            "cnames": [],
            "responseHashes": [
                "573b43c2accb9d6557a236fc6f960251b93947e53822cd5fbe51c47086f60c13"
            ],
            "type": "Document",
            "firstPartyCookies": {},
            "firstPartyCookiesSent": {},
            "exampleSites": [
                "youporn.com",
                "fr.youporn.com"
            ]
        },
        {
            "rule": "erohub\\.com\\/a\\/f68d58ba37f7529edd22d3e0719aecb8:f435f972799c41ddbcead83fa64d4d564379176bbc99f0d1543fa25d90dbd73ab65bd9904e867a83343db77725fd8c7c82866e3f2f509796be585a61d1d6d07a1ba1df0c9b96442c75022e49638ef37c",
            "cookies": 0,
            "fingerprinting": 0,
            "subdomains": [
                "adserv"
            ],
            "apis": {},
            "sites": 2,
            "prevalence": 0.0000137,
            "cnames": [],
            "responseHashes": [
                "8d674dc99da4e1e82dd6a24b6eb6694c0279495dbbf95ce742f11f74965a5b69"
            ],
            "type": "Document",
            "firstPartyCookies": {},
            "firstPartyCookiesSent": {},
            "exampleSites": [
                "pornhub.com",
                "www.pornhub.com"
            ]
        }
    ],
    "categories": [],
    "performance": {},
    "cookies": 0,
    "types": {
        "Document": 7
    },
    "nameservers": [
        "nick.ns.cloudflare.com",
        "elma.ns.cloudflare.com"
    ]
}