{
    "domain": "eshopcrm.com",
    "owner": {},
    "source": [
        "DuckDuckGo-US"
    ],
    "prevalence": 0.000082,
    "sites": 12,
    "subdomains": [],
    "cnames": [],
    "fingerprinting": 0,
    "resources": [
        {
            "rule": "eshopcrm\\.com\\/instagram-story\\/ajax\\.php",
            "cookies": 0.0000683,
            "fingerprinting": 0,
            "subdomains": [],
            "apis": {},
            "sites": 10,
            "prevalence": 0.0000683,
            "cnames": [],
            "responseHashes": [
                "6167de5d43dcfa27c37cc5dbcd6aaab71295565bd87a8a21a82fef3bd46e2664",
                "3de598e9d824d68a82ba9fc75604451993051453cea3c3b94e759bc777f38137",
                "2f2512fba7def1a8c6d6b86a1305c0965d53fda86524d5820132e527872f45a3",
                "382ca9f8dade0ec0aec92806073a35bfe3937ac8a92628d3b4f242db51e61c52",
                "db6b5f8e0b23eaca6c8e2588353648e42bd981f00850fba4939298a5426849cf",
                "c090dd04b2e527b48fae2924411b363b3be7178097586b34d78ea47b7f9f5e85",
                "9cfa8085fb7044f92cca92e7e526bdbc88b2714e995e9d5f17996df4e3c2e7b9",
                "ad1d011f55c1849982d18e697b44dab602bd84b90946ee533a9b4cf83213f94c",
                "7ba59162a7a3631fc69bec0ba29481496b6c155956d4174bc706e26843fc84cf"
            ],
            "type": "XHR",
            "firstPartyCookies": {},
            "firstPartyCookiesSent": {},
            "exampleSites": [
                "amallow.com",
                "balticborn.com",
                "criobru.com",
                "fiestafactorydirect.com",
                "joyce-farms.com",
                "limbsaver.com",
                "westcoastsaw.com",
                "www.letterkenny.tv",
                "www.lifx.com",
                "www.territoryahead.com"
            ]
        },
        {
            "rule": "eshopcrm\\.com\\/instagram-story\\/ig\\.png",
            "cookies": 0,
            "fingerprinting": 0,
            "subdomains": [],
            "apis": {},
            "sites": 5,
            "prevalence": 0.0000342,
            "cnames": [],
            "responseHashes": [
                "6a98c9b1f57f1afac1cb79695f24dc5b18f8b47361d5514f056a335a96088571"
            ],
            "type": "Image",
            "firstPartyCookies": {},
            "firstPartyCookiesSent": {},
            "exampleSites": [
                "amallow.com",
                "fiestafactorydirect.com",
                "joyce-farms.com",
                "www.letterkenny.tv",
                "www.lifx.com"
            ]
        },
        {
            "rule": "eshopcrm\\.com\\/instagram-story\\/shopify-script-glider-async\\.js",
            "cookies": 0,
            "fingerprinting": 0,
            "subdomains": [],
            "apis": {},
            "sites": 6,
            "prevalence": 0.000041,
            "cnames": [],
            "responseHashes": [
                "c5edfbee87bcd67f96dafa2269b4d9cb10172c98de0967f912bcb1fd0aedf23d"
            ],
            "type": "Script",
            "firstPartyCookies": {},
            "firstPartyCookiesSent": {},
            "exampleSites": [
                "balticborn.com",
                "criobru.com",
                "fiestafactorydirect.com",
                "limbsaver.com",
                "westcoastsaw.com",
                "www.territoryahead.com"
            ]
        }
    ],
    "categories": [],
    "performance": {},
    "cookies": 0.000082,
    "topInitiators": [
        {
            "domain": "first party",
            "prevalence": 1
        }
    ],
    "types": {
        "XHR": 10,
        "Image": 5,
        "Script": 6
    },
    "nameservers": [
        "saanvi.ns.cloudflare.com",
        "bowen.ns.cloudflare.com"
    ]
}