{
    "domain": "ethicalads.io",
    "owner": {},
    "source": [
        "DuckDuckGo-US"
    ],
    "prevalence": 0.000157,
    "sites": 23,
    "subdomains": [
        "media",
        "server"
    ],
    "cnames": [],
    "fingerprinting": 1,
    "resources": [
        {
            "rule": "ethicalads\\.io\\/media\\/client\\/ethicalads\\.min\\.js",
            "cookies": 0,
            "fingerprinting": 1,
            "subdomains": [
                "media"
            ],
            "apis": {
                "window.innerHeight": 12,
                "window.innerWidth": 11
            },
            "sites": 13,
            "prevalence": 0.0000888,
            "cnames": [],
            "responseHashes": [
                "9eada3fc4bdcb110a81ded55b9ee972d960fec933d3fb80fd66113a1dd623a27"
            ],
            "type": "Script",
            "firstPartyCookies": {},
            "firstPartyCookiesSent": {},
            "exampleSites": [
                "cryptii.com",
                "datatables.net",
                "docs.sqlalchemy.org",
                "eslint.org",
                "everytimezone.com",
                "hearham.com",
                "maclookup.app",
                "nextui.org",
                "rdrr.io",
                "tqdm.github.io",
                "www.mankier.com",
                "www.markdownguide.org",
                "www.sqlalchemy.org"
            ]
        },
        {
            "rule": "ethicalads\\.io\\/api\\/v1\\/decision\\/",
            "cookies": 0,
            "fingerprinting": 0,
            "subdomains": [
                "server"
            ],
            "apis": {},
            "sites": 14,
            "prevalence": 0.0000956,
            "cnames": [],
            "responseHashes": [
                "15d29d8d9b8d10a01d36f01904866e3ea3269e029129e76a71544e73a1f9b1c3",
                "8db201f0245745160b0c08c69c783ce4af73218d7d559563b2116485d1aaa4ea",
                "3224a9dfe5ef52e491a902e394aebeb2c1b940d35546664554f790e6941e54b3",
                "5b56ba61afc9914d551d5fcf4f50739e187c1daee4bc5bd70a0b4789ab687609",
                "ccd849826fabae9e4a880c4bf0075f3a62a2e9c455145035498f44ee8ea291f8",
                "653ebf30587bdd504792f562174eb69c06b2e62852c2c5ffc2e86369362226fe",
                "7d3d4f52f61cb8ee1fb00bf886d1c460692157b5a273b1aee688853bcec9c616",
                "0c02a1c31f239ccc19e334332b41ad6f9b3d5429dc4a86ccb17ce21b62f701c3",
                "af9c0878bb2abe23b7c1a67b3d228c37a204e90ac6359492328ac2e4f9a31e32",
                "ba8218af1e4b59a9b3402f8cba8bdf9fb75cdf6ed130ed87a71b3d8b137a83ad",
                "ed87d5d4d5b85e6b672f915d479f0edb217071a7c8e2c88a80fd642059de15a4",
                "7b564b36ed41e11ff3b7ac491c623723c6a1f13361fcc37484b06a00595b18ce",
                "63b1805db085626ff95fc6bae234aff443710be7f4a263e3793930b57b5a1737"
            ],
            "type": "Script",
            "firstPartyCookies": {},
            "firstPartyCookiesSent": {},
            "exampleSites": [
                "cryptii.com",
                "datatables.net",
                "docs.sqlalchemy.org",
                "eslint.org",
                "everytimezone.com",
                "hearham.com",
                "maclookup.app",
                "nextui.org",
                "pypi.org",
                "rdrr.io",
                "tqdm.github.io",
                "www.mankier.com",
                "www.markdownguide.org",
                "www.sqlalchemy.org"
            ]
        },
        {
            "rule": "ethicalads\\.io\\/abp\\/px\\.gif",
            "cookies": 0,
            "fingerprinting": 0,
            "subdomains": [
                "media"
            ],
            "apis": {},
            "sites": 14,
            "prevalence": 0.0000956,
            "cnames": [],
            "responseHashes": [
                "7eed972b08b23a31630cab49ff3f19afa7c0068ae7499720be8f98160555c262"
            ],
            "type": "Image",
            "firstPartyCookies": {},
            "firstPartyCookiesSent": {},
            "exampleSites": [
                "cryptii.com",
                "datatables.net",
                "docs.sqlalchemy.org",
                "eslint.org",
                "everytimezone.com",
                "hearham.com",
                "maclookup.app",
                "nextui.org",
                "pypi.org",
                "rdrr.io",
                "tqdm.github.io",
                "www.mankier.com",
                "www.markdownguide.org",
                "www.sqlalchemy.org"
            ]
        },
        {
            "rule": "ethicalads\\.io\\/media\\/client\\/v1\\.4\\.0\\/ethicalads\\.min\\.js",
            "cookies": 0,
            "fingerprinting": 0,
            "subdomains": [
                "media"
            ],
            "apis": {},
            "sites": 2,
            "prevalence": 0.0000137,
            "cnames": [],
            "responseHashes": [
                "53784a0e276e7486b1043133c06240a4980f11fda65a4e9c7cc5a086b01aea2d"
            ],
            "type": "Script",
            "firstPartyCookies": {},
            "firstPartyCookiesSent": {},
            "exampleSites": [
                "pypi.org",
                "www.python.org"
            ]
        }
    ],
    "categories": [],
    "performance": {},
    "cookies": 0,
    "topInitiators": [
        {
            "domain": "first party",
            "prevalence": 0.9444444444444444
        },
        {
            "domain": "sentry-cdn.com",
            "prevalence": 0.05555555555555555
        }
    ],
    "types": {
        "Script": 29,
        "Image": 14
    },
    "nameservers": [
        "tegan.ns.cloudflare.com",
        "ivan.ns.cloudflare.com"
    ]
}