{
    "domain": "exitintel.com",
    "owner": {},
    "source": [
        "DuckDuckGo-US"
    ],
    "prevalence": 0.000116,
    "sites": 17,
    "subdomains": [
        "get",
        "cdn2",
        "betastats"
    ],
    "cnames": [],
    "fingerprinting": 1,
    "resources": [
        {
            "rule": "exitintel\\.com\\/load\\.js",
            "cookies": 0.0000342,
            "fingerprinting": 1,
            "subdomains": [
                "get"
            ],
            "apis": {
                "Navigator.prototype.userAgent": 5,
                "Navigator.prototype.platform": 5,
                "Navigator.prototype.product": 5,
                "window.sessionStorage": 5,
                "Document.cookie getter": 5,
                "Date.prototype.getTime": 5,
                "Document.cookie setter": 5,
                "window.localStorage": 5
            },
            "sites": 11,
            "prevalence": 0.0000752,
            "cnames": [],
            "responseHashes": [
                "0c3e8df94f1acad4a7d7b1a983fef1c298abb5a46ef081fdb8799fcdfd207de8",
                "ace622095c60d1a6b8c235aed3871e2b02b2bd0dced59202d6534ac5a6abbf4d",
                "52a6ef7d2905f716aa2a935e45c41a22568d66d73e5ed78ff353433fcb0821dc",
                "fced5814b13bcd8965d233a5685022d0e5b8ac0461319603de1ed1e00ed622e6",
                "76936293e49da3f852e140fe70d979eb07c51ddb553505701044760d4b2f747a",
                "0e53de05bec690c39f00018281c3be569f1c62224a61280a4139a0cdcf51f2ed",
                "1d548138f7f750e9e64eeccadf207dc5b99473504bf3441695193d4cd3132a94",
                "f9f74bf526ae927f4cd1dfc90fd9ac4b934d4326d3e9fff74162b1d34ab98d8a"
            ],
            "type": "Script",
            "firstPartyCookies": {
                "exitintel_ver": {
                    "ttl": 157680006,
                    "length": 1,
                    "prevalence": 0.00003416000546560088,
                    "uniqueness": 0.2
                },
                "exitintel_cfg": {
                    "ttl": 157680006,
                    "length": 37,
                    "prevalence": 0.00003416000546560088,
                    "uniqueness": 0.4
                },
                "exitintel_vid": {
                    "ttl": 157680006,
                    "length": 36,
                    "prevalence": 0.00003416000546560088,
                    "uniqueness": 1
                },
                "exitintel_sid": {
                    "ttl": null,
                    "length": 36,
                    "prevalence": 0.00003416000546560088,
                    "uniqueness": 1
                },
                "exitintel_vc": {
                    "ttl": 157680006,
                    "length": 1,
                    "prevalence": 0.00003416000546560088,
                    "uniqueness": 0.2
                },
                "exitintel_pvc": {
                    "ttl": null,
                    "length": 1,
                    "prevalence": 0.00003416000546560088,
                    "uniqueness": 0.2
                },
                "exitintel_lp": {
                    "ttl": null,
                    "length": 50,
                    "prevalence": 0.00003416000546560088,
                    "uniqueness": 1
                },
                "exitintel_prf": {
                    "ttl": 157680006,
                    "length": 63,
                    "prevalence": 0.00003416000546560088,
                    "uniqueness": 0.2
                },
                "exitintel_cs": {
                    "ttl": 157680006,
                    "length": 6,
                    "prevalence": 0.00003416000546560088,
                    "uniqueness": 0.2
                },
                "exitintel_cc": {
                    "ttl": 157680006,
                    "length": 6,
                    "prevalence": 0.00003416000546560088,
                    "uniqueness": 0.2
                },
                "exitintel_cd": {
                    "ttl": 157680006,
                    "length": 6,
                    "prevalence": 0.00003416000546560088,
                    "uniqueness": 0.2
                },
                "exitintel_cv": {
                    "ttl": 157680006,
                    "length": 6,
                    "prevalence": 0.00003416000546560088,
                    "uniqueness": 0.2
                },
                "exitintel_cfid": {
                    "ttl": 157680007,
                    "length": 7,
                    "prevalence": 0.00003416000546560088,
                    "uniqueness": 0.2
                }
            },
            "firstPartyCookiesSent": {},
            "exampleSites": [
                "spoonflower.com",
                "blog.spoonflower.com",
                "checkout.mckissock.com",
                "liveowyn.com",
                "ooni.com",
                "www.harpercollins.com",
                "www.mckissock.com",
                "www.outdoorlimited.com",
                "www.simonandschuster.com",
                "www.spoonflower.com",
                "www.sunbrella.com"
            ]
        },
        {
            "rule": "exitintel\\.com\\/api\\/v1\\/pub\\/5735",
            "cookies": 0,
            "fingerprinting": 0,
            "subdomains": [
                "cdn2"
            ],
            "apis": {},
            "sites": 2,
            "prevalence": 0.0000137,
            "cnames": [],
            "responseHashes": [
                "9614bf1cd4965eb5e325d9397cb5f4dc698e32122c6bae6b3b5e70f92ad46671"
            ],
            "type": "Script",
            "firstPartyCookies": {},
            "firstPartyCookiesSent": {},
            "exampleSites": [
                "mckissock.com",
                "www.mckissock.com"
            ]
        },
        {
            "rule": "exitintel\\.com\\/",
            "cookies": 0,
            "fingerprinting": 0,
            "subdomains": [
                "betastats"
            ],
            "apis": {},
            "sites": 5,
            "prevalence": 0.0000342,
            "cnames": [],
            "responseHashes": [
                "f4eef8263281c0b26486637831251059757bc3fdc4c3a48045a8ef8646b36e8f"
            ],
            "type": "Image",
            "firstPartyCookies": {},
            "firstPartyCookiesSent": {
                "exitintel_vid": 0.00003416000546560088,
                "exitintel_sid": 0.00003416000546560088,
                "exitintel_lp": 0.00003416000546560088,
                "exitintel_cfid": 0.00003416000546560088,
                "dy_fs_page": 0.000006832001093120175,
                "_li_dcdm_c": 0.00001366400218624035
            },
            "exampleSites": [
                "mckissock.com",
                "ooni.com",
                "www.harpercollins.com",
                "www.mckissock.com",
                "www.simonandschuster.com"
            ]
        },
        {
            "rule": "exitintel\\.com\\/api\\/v1\\/pub\\/285",
            "cookies": 0,
            "fingerprinting": 0,
            "subdomains": [
                "cdn2"
            ],
            "apis": {},
            "sites": 2,
            "prevalence": 0.0000137,
            "cnames": [],
            "responseHashes": [
                "9614bf1cd4965eb5e325d9397cb5f4dc698e32122c6bae6b3b5e70f92ad46671"
            ],
            "type": "Script",
            "firstPartyCookies": {},
            "firstPartyCookiesSent": {},
            "exampleSites": [
                "harpercollins.com",
                "www.harpercollins.com"
            ]
        },
        {
            "rule": "exitintel\\.com\\/api\\/v1\\/pub\\/2781",
            "cookies": 0,
            "fingerprinting": 0,
            "subdomains": [
                "cdn2"
            ],
            "apis": {},
            "sites": 2,
            "prevalence": 0.0000137,
            "cnames": [],