{
    "domain": "expertrec.com",
    "owner": {
        "name": "cloudinfra",
        "displayName": "cloudinfra"
    },
    "source": [
        "DuckDuckGo-US"
    ],
    "prevalence": 0.000137,
    "sites": 20,
    "subdomains": [
        "cse",
        "cseb"
    ],
    "cnames": [],
    "fingerprinting": 1,
    "resources": [
        {
            "rule": "expertrec\\.com\\/api\\/js\\/ci_common\\.js",
            "cookies": 0,
            "fingerprinting": 1,
            "subdomains": [
                "cse",
                "cseb"
            ],
            "apis": {
                "window.innerHeight": 2,
                "window.innerWidth": 1,
                "Screen.prototype.width": 1
            },
            "sites": 14,
            "prevalence": 0.0000956,
            "cnames": [],
            "responseHashes": [
                "5f7b45d40d75eed18c8a6b76b899faa1410844f81784ed94a1694ba73a5bb48b",
                "99ad68a718670a7ab96c036eae283e2685e273acf25373c8ff9efab7922bdbcd",
                "8c6ece2c648a932d5033301d8a5041d7a7dd256365db5ee37c8ce7380b8f49e1",
                "5c7ada48acf5b9759b22bb16aa578844d2e54aff37bc089ed34c0121b3487409",
                "31c018692c2f490294d7b295f35fc061c2ad6468a9e2cb511698b59041e0d76f",
                "8e1d88c79771b165099a9ee0618627bc93eb3146c407e9dbd085a9913a70c6f9",
                "3fb7ed0da856b3f6683d3a5ee7aa6ebf4a019b3701dd416149a12caf8c5fe7d4",
                "20b8acf39104de277ce761aa3abd664ccbcf320437d88f3a4ea73a3b24be31ef",
                "98e672e0646c4cced0251216022b4cd0c0643e3bc7f9f4e0f022e113d95cf03c",
                "6ef578b003ab56e6dd1134f56fb91bc9e76033d19476184e015a68b2fa5ac9c9",
                "91d2381fa249d43fbf61ef70737cc5dd67dc5c28545e669f8d3815b6ffe22369",
                "8ec0817144e8d516ec8768332460086618aa37e48ae0bf5708a508748106cc2c"
            ],
            "type": "Script",
            "firstPartyCookies": {},
            "firstPartyCookiesSent": {},
            "exampleSites": [
                "nchmd.org",
                "partswarehouse.com",
                "www.customdynamics.com",
                "www.fischerhomes.com",
                "www.gassouth.com",
                "www.howtolookatahouse.com",
                "www.livecareer.com",
                "www.marshallhealth.org",
                "www.memoriapress.com",
                "www.moon-audio.com",
                "www.partswarehouse.com",
                "www.projectorreviews.com",
                "www.scosche.com",
                "www.sustainably-chic.com"
            ]
        },
        {
            "rule": "expertrec\\.com\\/js\\/ci_customSearch_overlay\\.1731486768987\\.min\\.js",
            "cookies": 0.000041,
            "fingerprinting": 1,
            "subdomains": [
                "cse"
            ],
            "apis": {
                "window.localStorage": 6,
                "window.sessionStorage": 6,
                "Navigator.prototype.userAgent": 6,
                "Document.cookie getter": 6,
                "Date.prototype.getTime": 7,
                "Document.cookie setter": 6,
                "window.devicePixelRatio": 1
            },
            "sites": 7,
            "prevalence": 0.0000478,
            "cnames": [],
            "responseHashes": [
                "2535897241ed7dcf9ffcde9a506f2419b7b231dabaf500ea1c50ab2de9155e14"
            ],
            "type": "Script",
            "firstPartyCookies": {
                "ci_id": {
                    "ttl": 15552008,
                    "length": 49,
                    "prevalence": 0.00004099200655872105,
                    "uniqueness": 1
                }
            },
            "firstPartyCookiesSent": {},
            "exampleSites": [
                "nchmd.org",
                "www.customdynamics.com",
                "www.fischerhomes.com",
                "www.howtolookatahouse.com",
                "www.memoriapress.com",
                "www.projectorreviews.com",
                "www.sustainably-chic.com"
            ]
        },
        {
            "rule": "expertrec\\.com\\/js\\/ci_ecomSearch_overlay\\.1731486768987\\.min\\.js",
            "cookies": 0.0000137,
            "fingerprinting": 1,
            "subdomains": [
                "cse"
            ],
            "apis": {
                "window.localStorage": 2,
                "window.sessionStorage": 2,
                "Navigator.prototype.userAgent": 2,
                "Document.cookie getter": 2,
                "Date.prototype.getTime": 2,
                "Document.cookie setter": 2
            },
            "sites": 2,
            "prevalence": 0.0000137,
            "cnames": [],
            "responseHashes": [
                "6b76df6051b5577511f74293976907ff9db98d7dbf0fdb2da8f69cb6331bd8b2"
            ],
            "type": "Script",
            "firstPartyCookies": {
                "ci_id": {
                    "ttl": 15552007,
                    "length": 49,
                    "prevalence": 0.00001366400218624035,
                    "uniqueness": 1
                }
            },
            "firstPartyCookiesSent": {},
            "exampleSites": [
                "partswarehouse.com",
                "www.partswarehouse.com"
            ]
        },
        {
            "rule": "expertrec\\.com\\/js\\/ci_customSearch_separate\\.1731486768987\\.min\\.js",
            "cookies": 0.0000205,
            "fingerprinting": 1,
            "subdomains": [
                "cse"
            ],
            "apis": {
                "window.localStorage": 3,
                "window.sessionStorage": 3,
                "Navigator.prototype.userAgent": 3,
                "Document.cookie getter": 3,
                "Date.prototype.getTime": 3,
                "Document.cookie setter": 3
            },
            "sites": 3,
            "prevalence": 0.0000205,
            "cnames": [],
            "responseHashes": [
                "c300728e04519d23a1f75e4208a3a75a778b6f66a067adf39c3a255bb670cc6d"
            ],
            "type": "Script",
            "firstPartyCookies": {
                "ci_id": {
                    "ttl": 15552005,
                    "length": 49,
                    "prevalence": 0.000020496003279360526,
                    "uniqueness": 1
                }
            },
            "firstPartyCookiesSent": {},
            "exampleSites": [
                "gassouth.com",
                "www.livecareer.com",
                "www.marshallhealth.org"
            ]
        },
        {
            "rule": "expertrec\\.com\\/js\\/ci_ecomSearch_separate\\.1731486768987\\.min\\.js",
            "cookies": 0.0000137,
            "fingerprinting": 2,
            "subdomains": [
                "cse"
            ],
            "apis": {
                "window.localStorage": 3,
                "window.sessionStorage": 3,
                "Navigator.prototype.userAgent": 3,
                "window.devicePixelRatio": 2,
                "Document.cookie getter": 2,
                "Date.prototype.getTime": 3,
                "Document.cookie setter": 2
            },
            "sites": 3,
            "prevalence": 0.0000205,
            "cnames": [],
            "responseHashes": [
                "182080d57bd54b3b39826c5e12273cfa965c7b92dbb74e7cff4f604a1e30cfea"
            ],
            "type": "Script",
            "firstPartyCookies": {
                "ci_id": {
                    "ttl": 15552004,
                    "length": 49,
                    "prevalence": 0.00001366400218624035,
                    "uniqueness": 1
                }
            },
            "firstPartyCookiesSent": {},
            "exampleSites": [
                "moon-audio.com",
                "www.moon-audio.com",
                "www.scosche.com"
            ]
        }
    ],
    "categories": [],
    "performance": {},
    "cookies": 0.000116,
    "topInitiators": [
        {
            "domain": "first party",