{
    "domain": "fam-8.net",
    "owner": {},
    "source": [
        "DuckDuckGo-US"
    ],
    "prevalence": 0.00026,
    "sites": 38,
    "subdomains": [
        "img"
    ],
    "cnames": [],
    "fingerprinting": 1,
    "resources": [
        {
            "rule": "fam-8\\.net\\/ad\\/js\\/pjs-1\\.0\\.1\\.min\\.js",
            "cookies": 0,
            "fingerprinting": 1,
            "subdomains": [],
            "apis": {
                "Navigator.prototype.userAgent": 3,
                "Date.prototype.getTime": 3
            },
            "sites": 3,
            "prevalence": 0.0000205,
            "cnames": [],
            "responseHashes": [
                "372d9db80ae3a1622b3ff5ea634d511424920d2801431505b3177689604d8109"
            ],
            "type": "Script",
            "firstPartyCookies": {},
            "firstPartyCookiesSent": {},
            "exampleSites": [
                "peta2.jp",
                "126053.peta2.jp",
                "panchirach.com"
            ]
        },
        {
            "rule": "fam-8\\.net\\/ad\\/p\\/js",
            "cookies": 0.000205,
            "fingerprinting": 0,
            "subdomains": [],
            "apis": {},
            "sites": 30,
            "prevalence": 0.000205,
            "cnames": [],
            "responseHashes": [
                "8705b5576ea5ee14e976740be82d137323079ecc2608f897af49c87e7542f8d1",
                "619b2261e7deee4333fe661ec43ea29267ab7924cf0cb409b49302cfc863bddd",
                "803dc6cbb2191d161d144adbcc4ac7776729297fa256e98cce78b18d7d3efc01",
                "bfa81e9f4e33bd957a2adbd97e5eaff13682a8dcf6e340384637c8db243f5126",
                "91635a1cbbbc68477bc4b136518d5e2919e1e9ee76cf09099271e0564abc04e4",
                "1adc1dea712043347719cca68a361377aa5a1263500b9a0e589e06fc0e6235e0",
                "022336f2344d3ef0e9f357f8fa798aa8b7913fe10ae664f0204823585ecc715b",
                "e9d0f23d75c90ef559fe2ef437801b708d287cc81bd83748e2962fb6bd37c7d8",
                "903c19ca5bbc9fccb88b2b25f2f471f1dbfe25157f146c22175083ab340dd6ee",
                "551c63e0b4ed20ce712835bb4851ebff913dd313d8dbca0f46de040639aa7379",
                "8d7c5fdf7d1b5404965a11c184ca7778b0570a60c245d7a5c641cc5aeeec76f9",
                "78de7d3cdba5935e003e8f23d5b38ed6e875e61d7d6548905e7d11a3e6dca513",
                "d69427bb62f2aa21c632d6f21004a1bbe2649fddd500c4a20c03f1bba6ce5765",
                "9d68b1837877f3750e5b4602b85650f27cfbd398f2bd5cd998f95a327c550b17",
                "4bcbe92f659d6a5495a97adf8b4096d8864fbad556eb0c33ae416dfbe190c10e",
                "b2bf706efa1890f3b83d6f69820f6d50bd2842113c7d448afe6ce08a2e133ff9",
                "6de6e741b6268ad7ec6cf96fe38577cec9972216a9ec505d3bd92452680fe6ea",
                "aa04ec98b0f3e5e4a7d47b0a36de240291bdadbde18f3f68c513b602a3c36f36",
                "1925ef3257196961ecd29b745797b99d282ee5464860ec4979e3a4e07449c822",
                "361f0200d070ad70d6385b13941ca9676f33d183bada9c9c0b9e8eec0cb48f9d",
                "675a2098ea06cd5d480e205eb0dc9712cddfe73ac0f24a27bd03ed0e05bc62ec",
                "a6e4b9c05491704a68ca53754a9d59cd6378d7a82de2187c86cc5bf1e564c187",
                "9616eb3b7fe82b0923cc6fdc6e2bec03cf2fdee7fbda0d0bd3999d436070dd53",
                "f212a97a34bbd18027a4df14425910e94a5ece071e8e89c9d0fca5e79de3c574",
                "22f93dd69aa7e32eca4a85582e655c5ba2edd5dffebdc5d190c1254e01f066a4",
                "9c925606191911bb6cc26efbfc1e995d87b90abc18dd56482a6823e4ee2b5d69",
                "99dd9df58bb7b1d5f6cd1cf1fc19bdcc9ccbb51ed4a914228fa344ae526968f9",
                "71af93937b331dcfd21a1edacd1a023f80180aa9461d8933730f00feb6fafbd2",
                "ec4e3c76382b6f7e16be584bed7777d2e5e0bff3b4a1ffbc9c05c70725b1cac1"
            ],
            "type": "XHR",
            "firstPartyCookies": {},
            "firstPartyCookiesSent": {},
            "exampleSites": [
                "apptopi.jp",
                "harumiblog.com",
                "game8.jp",
                "erogazou.gallery",
                "wanoya.net",
                "eromanga-castle.com",
                "hellointerior.jp",
                "gifruo.com",
                "puni-puni.com",
                "panchirach.com",
                "www.eropuru.com",
                "monamona2525.com",
                "www.le-grand-gala.com",
                "peta2.jp",
                "min-h.com",
                "ero-gazou.jp",
                "eromanga-life.com",
                "geinou-nude.com",
                "yamucollege.com",
                "newsmatomedia.com"
            ]
        },
        {
            "rule": "fam-8\\.net\\/pic\\/124\\/29164_600x500_072_n8\\.gif",
            "cookies": 0,
            "fingerprinting": 0,
            "subdomains": [
                "img"
            ],
            "apis": {},
            "sites": 2,
            "prevalence": 0.0000137,
            "cnames": [],
            "responseHashes": [
                "4b810f490f32d20dea777f496739ca206486dbaa1ffb16868dd0e2da9d4f3539"
            ],
            "type": "Image",
            "firstPartyCookies": {},
            "firstPartyCookiesSent": {},
            "exampleSites": [
                "peta2.jp",
                "126053.peta2.jp"
            ]
        },
        {
            "rule": "fam-8\\.net\\/pic\\/124\\/29036_600x500_067_004_n8\\.gif",
            "cookies": 0,
            "fingerprinting": 0,
            "subdomains": [
                "img"
            ],
            "apis": {},
            "sites": 2,
            "prevalence": 0.0000137,
            "cnames": [],
            "responseHashes": [
                "67dfd9cb3956acb0d395ce41d844143c46f835a6a25042c58a7aea8795454107"
            ],
            "type": "Image",
            "firstPartyCookies": {},
            "firstPartyCookiesSent": {},
            "exampleSites": [
                "peta2.jp",
                "126053.peta2.jp"
            ]
        },
        {
            "rule": "fam-8\\.net\\/ad\\/js\\/fam8-tagify\\.min\\.js",
            "cookies": 0,
            "fingerprinting": 1,
            "subdomains": [],
            "apis": {
                "Navigator.prototype.userAgent": 24
            },
            "sites": 29,
            "prevalence": 0.000198,
            "cnames": [],
            "responseHashes": [
                "4bd55f89acdfd8dda416b2e6e81c302be408e8a03b9ff2f5b43f1262604cf395",
                "e3b0c44298fc1c149afbf4c8996fb92427ae41e4649b934ca495991b7852b855"
            ],
            "type": "Script",
            "firstPartyCookies": {},
            "firstPartyCookiesSent": {},
            "exampleSites": [
                "newsee-media.com",
                "moeero-library.com",
                "sp.uta-net.com",
                "gamewith.jp",
                "eromanga-life.com",
                "dojinwatch.com",
                "game8.jp",
                "wanoya.net",
                "www.le-grand-gala.com",
                "newsmatomedia.com",
                "www.uta-net.com",
                "min-h.com",
                "ero-comic-hunter.net",
                "hellointerior.jp",
                "yamucollege.com",
                "monamona2525.com",
                "puni-puni.com",
                "www.2d-erocafe.com",
                "himebon.blog",
                "tokusengai.com"
            ]
        },
        {
            "rule": "fam-8\\.net\\/ad\\/p\\/latest-version",
            "cookies": 0.000164,
            "fingerprinting": 0,
            "subdomains": [],
            "apis": {},
            "sites": 25,
            "prevalence": 0.000171,
            "cnames": [],
            "responseHashes": [
                "001fca0c70a55362c8ae8e33ac675fe8e5054439537b10ae75de374cd5a68f07"
            ],
            "type": "XHR",
            "firstPartyCookies": {},
            "firstPartyCookiesSent": {},