{
    "domain": "finalyticsdata.com",
    "owner": {},
    "source": [
        "DuckDuckGo-US"
    ],
    "prevalence": 0.000102,
    "sites": 15,
    "subdomains": [],
    "cnames": [],
    "fingerprinting": 0,
    "resources": [
        {
            "rule": "finalyticsdata\\.com\\/api\\/v1\\/getversion\\/",
            "cookies": 0,
            "fingerprinting": 0,
            "subdomains": [],
            "apis": {},
            "sites": 10,
            "prevalence": 0.0000683,
            "cnames": [],
            "responseHashes": [
                "a94d683ec7aa6cff3ee42888924de2e5c9a9184e2fc236d118654fce7215b8c7",
                "c3275501e44c97ec67069b5ee2cea7a760f33e407b93f2e3c6bb3beac24fc9a4",
                "8f3d6ba4324dcec0385f527910ba3bbd132412b10fef5cf95839654182d2f2e3",
                "5401b60fb22e07fe3f533addac8c5288e1e08affeb0af48f2c13834fc96eacec",
                "e5b020de448b00b83fd66e007058d472849f0f7e9acea97279ca230c38aa8b41",
                "5ea5e70c356a1e4278921fc439362d66612a1d1424681e5275f3ac173de9236d",
                "4198b4525eb1145fd77ae11c970a7c06c9cfd16ddc2dd62bb650c6b11aea0129",
                "0f7a7f0401ea6c05b1469ba594e48a6bcc47002994311e701cfc62ec22c09918",
                "1e9c177edebda5d4ac0a61d812f00c3182c0d6fb6f1c05add32038348de86c62"
            ],
            "type": "XHR",
            "firstPartyCookies": {},
            "firstPartyCookiesSent": {},
            "exampleSites": [
                "trustonefinancial.org",
                "www.1stunitedcu.org",
                "www.applefcu.org",
                "www.georgiasown.org",
                "www.globalcu.org",
                "www.langleyfcu.org",
                "www.lfcu.org",
                "www.oneazcu.com",
                "www.silverstatecu.com",
                "www.uccu.com"
            ]
        },
        {
            "rule": "finalyticsdata\\.com\\/api\\/v1\\/getads\\/",
            "cookies": 0,
            "fingerprinting": 0,
            "subdomains": [],
            "apis": {},
            "sites": 10,
            "prevalence": 0.0000683,
            "cnames": [],
            "responseHashes": [
                "2f0cc5562c7ed3e6e05deaa5131774fa1e8fd467d0a7fde09037c78420178f1e",
                "09bacf5c2f9268dac8870b41dbdb164a92ba6e39e84e87e9fac0e620e3f76698",
                "caac0ddc9dc1364e861e98d7d3c62ed069279a076caa37787c824da34ed7bfe2",
                "1c9ec009657644226ecb675981d2d807d7f2386a7bcde8ef69d51702dd275246",
                "6c8e5c85992ad4f6414d3d1a7c54537429897271fabcc3fdac164c1426470763",
                "25b7a862d1531a68d88a32d3ae31fee7a5d097b05ccd7c130e88f35eb00b2cd6",
                "5343872e105f3d0a17044c049a9fd20746a6c97455553ee200f41835414f9ebd",
                "1bb5117d2d8d34c6f1f19ec380af2dda0cad6a7d7172d1f451253bb5c80ce6a8",
                "4235d8f6e20a3001445901cf0becca0e28e3c5b9f09583d2aceb592a30d9bf0f"
            ],
            "type": "XHR",
            "firstPartyCookies": {},
            "firstPartyCookiesSent": {},
            "exampleSites": [
                "trustonefinancial.org",
                "www.1stunitedcu.org",
                "www.applefcu.org",
                "www.georgiasown.org",
                "www.globalcu.org",
                "www.langleyfcu.org",
                "www.lfcu.org",
                "www.oneazcu.com",
                "www.silverstatecu.com",
                "www.uccu.com"
            ]
        },
        {
            "rule": "finalyticsdata\\.com\\/api\\/v1\\/getads\\/",
            "cookies": 0,
            "fingerprinting": 0,
            "subdomains": [],
            "apis": {},
            "sites": 10,
            "prevalence": 0.0000683,
            "cnames": [],
            "responseHashes": [],
            "type": "Preflight",
            "firstPartyCookies": {},
            "firstPartyCookiesSent": {},
            "exampleSites": [
                "trustonefinancial.org",
                "www.1stunitedcu.org",
                "www.applefcu.org",
                "www.georgiasown.org",
                "www.globalcu.org",
                "www.langleyfcu.org",
                "www.lfcu.org",
                "www.oneazcu.com",
                "www.silverstatecu.com",
                "www.uccu.com"
            ]
        },
        {
            "rule": "finalyticsdata\\.com\\/api\\/v1\\/initialize\\/",
            "cookies": 0,
            "fingerprinting": 0,
            "subdomains": [],
            "apis": {},
            "sites": 10,
            "prevalence": 0.0000683,
            "cnames": [],
            "responseHashes": [
                "471adcf7bb8448dcfbc4e046770bd5bc1683d06e0cebe75497b34719776c8d6b",
                "cb7dfb6ee97e4562d20d746a700aa31e783b19f3e868a8853b1cac2d41d9a0d7",
                "2fa7ac9ae0ca5073cb1bfa4ae0035b875eb839d346f1816da8461857e17ab507",
                "cc022802481543bc34501f8dd8409fb6cad27331ca2da63f0b4bfb82d6178a12",
                "5ff230ffabf2f3dce0081a553aded4b0b4e60ac9d9b36ef684e148f3f8cf4516",
                "93d774f96eee9dd427aeb63c85b849e2379b41ee5545853a1bc132a28e3f28e0",
                "08c965a2a4752977fe635310020e97c7fa9f3343fb9c2ad072e63f13298fcfa2",
                "015ba10cd374dbdf09cdad2a48543134fe1ad8f85eb23cea91a60c4c84666a1e",
                "8ec4779beccf7176a3a9fb7542b5e1dc93703ed822a177e4b734e05e6caaf3d3"
            ],
            "type": "XHR",
            "firstPartyCookies": {},
            "firstPartyCookiesSent": {},
            "exampleSites": [
                "trustonefinancial.org",
                "www.1stunitedcu.org",
                "www.applefcu.org",
                "www.georgiasown.org",
                "www.globalcu.org",
                "www.langleyfcu.org",
                "www.lfcu.org",
                "www.oneazcu.com",
                "www.silverstatecu.com",
                "www.uccu.com"
            ]
        },
        {
            "rule": "finalyticsdata\\.com\\/api\\/v1\\/analytics\\/",
            "cookies": 0,
            "fingerprinting": 0,
            "subdomains": [],
            "apis": {},
            "sites": 3,
            "prevalence": 0.0000205,
            "cnames": [],
            "responseHashes": [],
            "type": "Preflight",
            "firstPartyCookies": {},
            "firstPartyCookiesSent": {},
            "exampleSites": [
                "globalcu.org",
                "www.lfcu.org",
                "www.oneazcu.com"
            ]
        },
        {
            "rule": "finalyticsdata\\.com\\/api\\/v1\\/analytics\\/",
            "cookies": 0,
            "fingerprinting": 0,
            "subdomains": [],
            "apis": {},
            "sites": 3,
            "prevalence": 0.0000205,
            "cnames": [],
            "responseHashes": [
                "44136fa355b3678a1146ad16f7e8649e94fb4fc21fe77e8310c060f61caaff8a"
            ],
            "type": "XHR",
            "firstPartyCookies": {},
            "firstPartyCookiesSent": {},
            "exampleSites": [
                "globalcu.org",
                "www.lfcu.org",
                "www.oneazcu.com"
            ]
        }
    ],
    "categories": [],
    "performance": {},
    "cookies": 0,
    "topInitiators": [
        {
            "domain": "dfy3oyzv6dw2d.cloudfront.net",
            "prevalence": 0.6458333333333334
        },
        {
            "domain": "first party",
            "prevalence": 0.14583333333333334
        },
        {
            "domain": "azure.com",
            "prevalence": 0.10416666666666667
        },
        {
            "domain": "instana.io",
            "prevalence": 0.0625
        },
        {
            "domain": "onlineaccess1.com",
            "prevalence": 0.041666666666666664
        }
    ],
    "types": {
        "XHR": 33,
        "Preflight": 13
    },
    "nameservers": [
        "dns1.registrar-servers.com",
        "dns2.registrar-servers.com"
    ]
}