{
    "domain": "firstimpression.io",
    "owner": {
        "name": "AppendAd LTD",
        "displayName": "AppendAd"
    },
    "source": [
        "DuckDuckGo-US"
    ],
    "prevalence": 0.00028,
    "sites": 41,
    "subdomains": [
        "ecdn",
        "cdn",
        "outbid"
    ],
    "cnames": [],
    "fingerprinting": 3,
    "resources": [
        {
            "rule": "firstimpression\\.io\\/fi_client\\.js",
            "cookies": 0,
            "fingerprinting": 2,
            "subdomains": [
                "ecdn"
            ],
            "apis": {
                "window.localStorage": 28,
                "window.sessionStorage": 28,
                "Date.prototype.getTime": 26,
                "window.innerHeight": 25,
                "window.innerWidth": 25,
                "Document.cookie getter": 25,
                "Element.prototype.getClientRects": 8,
                "Event.prototype.timeStamp": 22,
                "Navigator.prototype.userAgent": 3,
                "Navigator.prototype.mimeTypes": 3,
                "Navigator.prototype.javaEnabled": 3,
                "Navigator.prototype.cookieEnabled": 3,
                "Screen.prototype.width": 3,
                "Screen.prototype.height": 3,
                "Navigator.prototype.platform": 3,
                "Screen.prototype.availWidth": 1
            },
            "sites": 28,
            "prevalence": 0.000191,
            "cnames": [],
            "responseHashes": [
                "ab1d6646473bd69dfe225bece6cde22a18b1862da232c0e3294634eb15a5f104",
                "5ec384c385b347879f445ea1dd12a77e0339d13697ce49641c856f71c936c12a",
                "d4ee11302cf272f49baf7529487b086bd7297fba80574acb2c24f65644b4021b",
                "492c6aa8c1833995199f5ddaff91578a90c3ef11ca4dabce2da2eb94e3f5dd0c",
                "ed549f8d66c88f889665eb56a320b5392832b234d5424de97bbab28e237b070c",
                "4e4038a3664e4b3a5c5b9afbcd03554902e293f86c8edc1f8a4f017f341147f5",
                "923bd4205abafbb0a0d6bceefb153a792282bdd82a4ef54ba756d99430764547",
                "5932187a948a5854094ab890850a87ae68008502c3ac358939f163f94328bdeb",
                "45553a9d32671efebb1779dc9980b7500a1a485d19438bf5565c857152af42d7",
                "36c00b190286f5e025e06516456194bd4ed50cec133a26ed84c54820fb7f45e0",
                "5059c6d408d01e04c4d343e2c4efa3d455a048daaa2d7a290ac285c9c3fbe267",
                "4c29065ae433947861ec9a5998db94c67ce57339d3976611167b42f8f6d90774",
                "9c63416b4ea3c6c5f0f17058a5a84679deb7a4d044e2590298c04f7547358108",
                "14eed1b70aa15422bc6ef2020921026ef47cce9fd5eff87cc4a8ae5b734e537b",
                "efd0b014ce71e79d451b85ef44b08955eb658747f5b4ee8d49866dff4d9ed156",
                "eefa5e98a4703df39a3fe99d5d5da20a637e6e62fecb44469b0073474aeac2db",
                "1ef051074804730b73b29bab6596dbaa30d68f98b1208760e61e2efc3f370da2"
            ],
            "type": "Script",
            "firstPartyCookies": {},
            "firstPartyCookiesSent": {},
            "exampleSites": [
                "www.haaretz.co.il",
                "www.gmanetwork.com",
                "www.milliyet.com.tr",
                "www.hurriyet.com.tr",
                "www.oodle.com",
                "cars.oodle.com",
                "www.dumpaday.com",
                "www.haaretz.com",
                "www.elfinanciero.com.mx",
                "www.fanatik.com.tr",
                "www.doctorshealthpress.com",
                "triblive.com",
                "www.gayot.com",
                "www.archdaily.com",
                "t24.com.tr",
                "personals.oodle.com",
                "en.akinator.com",
                "www.carcomplaints.com",
                "pelotainvernal.com",
                "www.staradvertiser.com"
            ]
        },
        {
            "rule": "firstimpression\\.io\\/delivery\\/spc_fi\\.php",
            "cookies": 0.000184,
            "fingerprinting": 0,
            "subdomains": [
                "cdn"
            ],
            "apis": {},
            "sites": 28,
            "prevalence": 0.000191,
            "cnames": [],
            "responseHashes": [
                "b0d1ceb6199b89bd7dc9761b9e6f34e7db2e3894a12384365784b51e636815e4",
                "4e107363186b50f47bd05d1a5f13e96f48d01558081137a320dd5f4375e2204f",
                "7af92651e3b120a94a497b19527894ed4b38bb96acffb9c1cfa2eb2b345096e2",
                "ddd51f955a51645ea4c7d0e0a1521842cbba85158fd5fb024fec23c15d3f070f",
                "10bacfb173fba71a2c76110738ee4dfcf25fd8fe8a69b20fe31f6a14809b2967",
                "a388ee5ff008d610b1753103a70abfea9e3ed5bb37930c9068eaa7fe24735811",
                "43073a019a8386dcf581b6ba1a0ae19ad6a51495f6bc90e23036b53a894212b9",
                "ed7464cfd1ea5ec480ba802c948059e5a4f62ba49966237e72e49a92f0f47269",
                "f8a75df2064ae55bab2084eabc9adf653ac547458f0b959db6e957bb2d6728c3",
                "e4b0294b9f2f28eddb730517e9d8e9e6257b6aba7048ce24ca26eae8182fc055",
                "4e29206e6d3370807314758334df5f86c64ef4eede20248760c1108125bbc56b",
                "f37c35114cfea02369e37c82c44657343a908843c45e9c6b9ef03ef7fc2fdae4",
                "dc35b29beb11aaacb5ab99788f3097cabeba8116726b6759693a327e0c1ae414",
                "7921edd3f586ef2d2d0dde814fc38047a0f50da477747723bdd496e1afabaf20",
                "c1728b2d937fd95d04a1dcedb29f3341a4f970db9cf6c75aa0ab831fad411297",
                "e91aea85ad9f2fc12d9e461fd63e9a8d70fe2d7001442470be898b2411e90bf2",
                "ab2c05b93aa34ec84255926c3620f72e2ccba1a279b853e2b0928ff6944803e5",
                "c1c0ba62498603a43d46aa6129b685a10c06577bf3ed01a19c70b27d622f9a97",
                "95eb356b738cfeb6f89854dcd336c815a6d54535ed0f6795b1dfd2d19104bce0",
                "391c1960bf140af87fdd3da3f55c87e6d226f28a2306494d86b4a95bd90f4849",
                "4b7f1a13a429457d2e941e89b846d4f1b2754e32832cde1e8937e78343c18d50",
                "97a989742cd560701aea63bbb84610489bef3eb4a06176c03b080c8fc150fe22",
                "f1cdea76e1fbf37e48aebedb54a05840ac863d22b878852097a0db29f4886e8d",
                "72afff79bb3083f079ad79f1d53a2ffcb2accdbff2049e9fe268f7e37bdb232f",
                "d5d2865a6fc68c3a772abe30939f3eebecc1dca37f00e207bec1683b7a621890",
                "d5b6b4910ddb77cb61a0a429112fd41f9f8ba0bd77a5eb3978d27fc4f082eaf9"
            ],
            "type": "XHR",
            "firstPartyCookies": {},
            "firstPartyCookiesSent": {
                "hcatFrom": 0.000006832001093120175,
                "lotame_domain_check": 0.00008881601421056228,
                "_li_dcdm_c": 0.000020496003279360526
            },
            "exampleSites": [
                "dogs.oodle.com",
                "bigpara.hurriyet.com.tr",
                "www.themarker.com",
                "www.fanatik.com.tr",
                "www.gayot.com",
                "www.haaretz.co.il",
                "cars.oodle.com",
                "www.bleepingcomputer.com",
                "www.archdaily.com",
                "m.carcomplaints.com",
                "triblive.com",
                "www.oodle.com",
                "pelotainvernal.com",
                "www.carcomplaints.com",
                "www.elfinanciero.com.mx",
                "t24.com.tr",
                "en.akinator.com",
                "www.foodsforbetterhealth.com",
                "www.haaretz.com",
                "personals.oodle.com"
            ]
        },
        {
            "rule": "firstimpression\\.io\\/static\\/js\\/prebidamp\\.js",
            "cookies": 0.0000478,
            "fingerprinting": 2,
            "subdomains": [
                "ecdn"
            ],
            "apis": {
                "window.sessionStorage": 8,
                "Navigator.prototype.appName": 9,
                "Date.prototype.getTime": 9,
                "window.innerWidth": 9,
                "window.innerHeight": 9,
                "Navigator.prototype.doNotTrack": 9,