{
    "domain": "flipdesk.jp",
    "owner": {},
    "source": [
        "DuckDuckGo-US"
    ],
    "prevalence": 0.0000752,
    "sites": 11,
    "subdomains": [
        "api"
    ],
    "cnames": [],
    "fingerprinting": 2,
    "resources": [
        {
            "rule": "flipdesk\\.jp\\/chat_clients\\/flipdesk_chat\\.js",
            "cookies": 0,
            "fingerprinting": 1,
            "subdomains": [
                "api"
            ],
            "apis": {
                "window.localStorage": 11,
                "Navigator.prototype.product": 11,
                "Navigator.prototype.userAgent": 11,
                "Document.cookie getter": 11
            },
            "sites": 11,
            "prevalence": 0.0000752,
            "cnames": [],
            "responseHashes": [
                "6518baa9bdac484d5c3ae2742017ed6789a7acc84d5c999330aa8f57ceee1a16"
            ],
            "type": "Script",
            "firstPartyCookies": {},
            "firstPartyCookiesSent": {},
            "exampleSites": [
                "enechange.jp",
                "ferret-plus.com",
                "join.biglobe.ne.jp",
                "www.askul.co.jp",
                "www.bengo4.com",
                "www.dinos.co.jp",
                "www.irisplaza.co.jp",
                "www.irisohyama.co.jp",
                "www.kintetsu.co.jp",
                "www.matsukiyococokara-online.com",
                "www.s-b-c.net"
            ]
        },
        {
            "rule": "flipdesk\\.jp\\/v2\\/uiprepare",
            "cookies": 0,
            "fingerprinting": 0,
            "subdomains": [
                "api"
            ],
            "apis": {},
            "sites": 11,
            "prevalence": 0.0000752,
            "cnames": [],
            "responseHashes": [
                "57b71467604f0aa511bb407e34daea6cca15d5056bf9d6237952e0228b1bbdbc",
                "96ba6619cb74d13aa1f6495aba252f13ea8283ee70639220e065ed7d34e28830",
                "168c4bd60a3a5d2ccd0cb5c372b1d1b4869d9a9e105f971bd14c96c4f6dd6e2d",
                "a3469f4e06f195da0deb93c8b0d0ca78ec7c3cee57f3f1082a0bb14fc4c00711",
                "ced5badea35e33a97a64fb866c7fac22fb3b185245c6095380bed4b335ec4480",
                "095ffbb5f79a4f4cae92a697fb31e00663a40aa496b3637b7695e0dd0e449a20",
                "d7e9e3e19d94654ce91b2f919f717d716f858552ad30be9bf06dec3be385029d",
                "9175eb0e3b474241c8ccfc4295b056500e12f87edc5d73488672af7095411409",
                "82b8c882344a5f316d7ab83ad9fa57e5715e0879a3807821e1a53a4eb57f4f32",
                "b952534c3b75307edb31f15bf154adb100d16eb97988331d34132448fee0ec4a"
            ],
            "type": "XHR",
            "firstPartyCookies": {},
            "firstPartyCookiesSent": {},
            "exampleSites": [
                "enechange.jp",
                "ferret-plus.com",
                "join.biglobe.ne.jp",
                "www.askul.co.jp",
                "www.bengo4.com",
                "www.dinos.co.jp",
                "www.irisplaza.co.jp",
                "www.irisohyama.co.jp",
                "www.kintetsu.co.jp",
                "www.matsukiyococokara-online.com",
                "www.s-b-c.net"
            ]
        },
        {
            "rule": "flipdesk\\.jp\\/v2\\/assets\\/flipdesk\\.min\\.js",
            "cookies": 0,
            "fingerprinting": 2,
            "subdomains": [
                "api"
            ],
            "apis": {
                "window.localStorage": 11,
                "Navigator.prototype.product": 11,
                "Navigator.prototype.userAgent": 11,
                "Navigator.prototype.platform": 11,
                "Navigator.prototype.appVersion": 11,
                "Document.cookie getter": 11,
                "Screen.prototype.width": 4,
                "window.innerHeight": 1,
                "Date.prototype.getTime": 1,
                "window.sessionStorage": 1
            },
            "sites": 11,
            "prevalence": 0.0000752,
            "cnames": [],
            "responseHashes": [
                "bf87af4c3b4339524c82e7f59916f56d259e10d9cc1141bc71433cb1f76587fd"
            ],
            "type": "Script",
            "firstPartyCookies": {},
            "firstPartyCookiesSent": {},
            "exampleSites": [
                "enechange.jp",
                "ferret-plus.com",
                "join.biglobe.ne.jp",
                "www.askul.co.jp",
                "www.bengo4.com",
                "www.dinos.co.jp",
                "www.irisplaza.co.jp",
                "www.irisohyama.co.jp",
                "www.kintetsu.co.jp",
                "www.matsukiyococokara-online.com",
                "www.s-b-c.net"
            ]
        },
        {
            "rule": "flipdesk\\.jp\\/v2\\/assets\\/flipdesk\\.css",
            "cookies": 0,
            "fingerprinting": 0,
            "subdomains": [
                "api"
            ],
            "apis": {},
            "sites": 11,
            "prevalence": 0.0000752,
            "cnames": [],
            "responseHashes": [
                "3ce1cf3ce1714abbaa51c15c892ad6b3752c5319e1f5799c759cf46984811cc7"
            ],
            "type": "Stylesheet",
            "firstPartyCookies": {},
            "firstPartyCookiesSent": {},
            "exampleSites": [
                "enechange.jp",
                "ferret-plus.com",
                "join.biglobe.ne.jp",
                "www.askul.co.jp",
                "www.bengo4.com",
                "www.dinos.co.jp",
                "www.irisplaza.co.jp",
                "www.irisohyama.co.jp",
                "www.kintetsu.co.jp",
                "www.matsukiyococokara-online.com",
                "www.s-b-c.net"
            ]
        },
        {
            "rule": "flipdesk\\.jp\\/v2\\/setting",
            "cookies": 0,
            "fingerprinting": 0,
            "subdomains": [
                "api"
            ],
            "apis": {},
            "sites": 11,
            "prevalence": 0.0000752,
            "cnames": [],
            "responseHashes": [
                "feda0e1a0e8c354e998492952e17844cdb7975c1045569e6180d4d7b68e34e23",
                "82cc54f8cd996a79a051db159f36330c43fea50109598751dd6a8d6a72d821a2",
                "defb7d5d08567c03cd161caa107323e53a2b2e354559d32d472ab6f09ad67b77",
                "1a502142ddf7d50cd91a3e2654886938b0994f7c5bdc7df2ee7436f021d67594",
                "fb74c299407c66f5bc1ff866438a6ef24c37275e0986370a0503bd5d974bab3d",
                "1742d42694242d2449e46419f1b3a803bfb5bc0916cc13a0a8cf82c7f1c3f217",
                "5683de49021f4242e18ba8cb3be39d391cdd376902d6117184aaea428278fe3f",
                "434a6804cea82e7b8145ad43a5dea14e6fea9ddddaeab8761a316930e3f4bcd3",
                "be7aa982f8809668a44b358976278c4491f8409fd2bfddfdfcca9ec93f186757",
                "69079c6fb214745a79d681e94e5cdce28452b4ce3b98252f8155bde4debf1ac6"
            ],
            "type": "XHR",
            "firstPartyCookies": {},
            "firstPartyCookiesSent": {},
            "exampleSites": [
                "enechange.jp",
                "ferret-plus.com",
                "join.biglobe.ne.jp",
                "www.askul.co.jp",
                "www.bengo4.com",
                "www.dinos.co.jp",
                "www.irisplaza.co.jp",
                "www.irisohyama.co.jp",
                "www.kintetsu.co.jp",
                "www.matsukiyococokara-online.com",
                "www.s-b-c.net"
            ]
        },
        {
            "rule": "flipdesk\\.jp\\/v2\\/modal_open",
            "cookies": 0,
            "fingerprinting": 0,
            "subdomains": [
                "api"
            ],
            "apis": {},
            "sites": 2,
            "prevalence": 0.0000137,
            "cnames": [],
            "responseHashes": [
                "e3b0c44298fc1c149afbf4c8996fb92427ae41e4649b934ca495991b7852b855"
            ],
            "type": "XHR",