{
    "domain": "flowtype.press",
    "owner": {},
    "source": [
        "DuckDuckGo-US"
    ],
    "prevalence": 0.000123,
    "sites": 18,
    "subdomains": [],
    "cnames": [],
    "fingerprinting": 0,
    "resources": [
        {
            "rule": "flowtype\\.press\\/",
            "cookies": 0,
            "fingerprinting": 0,
            "subdomains": [],
            "apis": {},
            "sites": 16,
            "prevalence": 0.000109,
            "cnames": [],
            "responseHashes": [],
            "type": "Preflight",
            "firstPartyCookies": {},
            "firstPartyCookiesSent": {},
            "exampleSites": [
                "oup.com",
                "academic.oup.com",
                "appliedradiology.com",
                "blogs.bmj.com",
                "dermnetnz.org",
                "diabetesjournals.org",
                "online.ucpress.edu",
                "psychiatryonline.org",
                "pubs.asha.org",
                "pubs.geoscienceworld.org",
                "scitechdaily.com",
                "worldscientific.com",
                "www.news-medical.net",
                "www.psychiatryonline.org",
                "www.uspharmacist.com",
                "www.zmescience.com"
            ]
        },
        {
            "rule": "flowtype\\.press\\/",
            "cookies": 0,
            "fingerprinting": 0,
            "subdomains": [],
            "apis": {},
            "sites": 16,
            "prevalence": 0.000109,
            "cnames": [],
            "responseHashes": [
                "243da47572998fae8a46f4bc1ad0436aa7a37f260271497e027d9d98013c2f5f",
                "6096132fb167e1cf419b402ac9751104ff6e6fbbae853f3101c70b25a064f889",
                "15b117d16cf270dfd2c5704cc38b88d75acadfa174da621dc1b134c37c5422b7",
                "c279db7f57aafa674783720bad02a4e4898bd6a919f26972e67462b8f650c53b",
                "fbe648b7dfa518b4db7c3f7cc3af14a0d332bd9c59cd50ccc0ba7e895b45bf26",
                "1f71afee2f920dce010ef6d1aaa527ce3894ea9bf4039e7f07ac8ad5a38012f2",
                "55e2f4416cf03891a69cf9eda44d44e657620b97643f8276037025581c465180",
                "977adb5629594a7522f8839b3c5a4bdf61eadf9149a13fdd53f032662887a487",
                "630a00762add8249151dd7a27a47791e374352677d82daef458b53cdc3ad2568",
                "e903a1d167cd9384e2c762fe06efe70698871fbaed4c82f32e3ed12295d59d1b"
            ],
            "type": "Fetch",
            "firstPartyCookies": {},
            "firstPartyCookiesSent": {},
            "exampleSites": [
                "oup.com",
                "academic.oup.com",
                "appliedradiology.com",
                "blogs.bmj.com",
                "dermnetnz.org",
                "diabetesjournals.org",
                "online.ucpress.edu",
                "psychiatryonline.org",
                "pubs.asha.org",
                "pubs.geoscienceworld.org",
                "scitechdaily.com",
                "worldscientific.com",
                "www.news-medical.net",
                "www.psychiatryonline.org",
                "www.uspharmacist.com",
                "www.zmescience.com"
            ]
        }
    ],
    "categories": [],
    "performance": {},
    "cookies": 0,
    "topInitiators": [
        {
            "domain": "trendmd.com",
            "prevalence": 1
        }
    ],
    "types": {
        "Preflight": 16,
        "Fetch": 16
    },
    "nameservers": [
        "dns1.registrar-servers.com",
        "dns2.registrar-servers.com"
    ]
}