{
    "domain": "foodinfluencersunited.com",
    "owner": {},
    "source": [
        "DuckDuckGo-US"
    ],
    "prevalence": 0.0000956,
    "sites": 14,
    "subdomains": [
        "cdn",
        "api"
    ],
    "cnames": [],
    "fingerprinting": 1,
    "resources": [
        {
            "rule": "foodinfluencersunited\\.com\\/r2bLogic\\.js",
            "cookies": 0.000082,
            "fingerprinting": 1,
            "subdomains": [
                "cdn"
            ],
            "apis": {
                "Navigator.prototype.language": 12
            },
            "sites": 14,
            "prevalence": 0.0000956,
            "cnames": [],
            "responseHashes": [
                "68ecbb2c17425d84a2e0add8f329bbb75266085628093e1b989f3acc5e022799"
            ],
            "type": "Script",
            "firstPartyCookies": {},
            "firstPartyCookiesSent": {},
            "exampleSites": [
                "bettyskitchen.nl",
                "brendakookt.nl",
                "familieoverdekook.nl",
                "foxilicious.nl",
                "jaimyskitchen.nl",
                "ohmydish.nl",
                "rutgerbakt.nl",
                "simoneskitchen.nl",
                "uitpaulineskeuken.nl",
                "www.culy.nl",
                "www.eefkooktzo.nl",
                "www.francescakookt.nl",
                "www.laurasbakery.nl",
                "www.leukerecepten.nl"
            ]
        },
        {
            "rule": "foodinfluencersunited\\.com\\/api\\/public\\/website\\/get",
            "cookies": 0,
            "fingerprinting": 0,
            "subdomains": [
                "api"
            ],
            "apis": {},
            "sites": 13,
            "prevalence": 0.0000888,
            "cnames": [],
            "responseHashes": [
                "4c795d41170570950f07d2321bc8f7ed0dce98679e3d0945f3020016b8ce4c43",
                "2df230a86baa5db65848bfdcb15b39afad8bcf07b2d17ddf3ec2d216a2b2c9c9",
                "5476fab5ced6e60e7d725aa641310cede3a28cf81745feed6f832fbb54144066",
                "f7aa141f7c30cc97b0626ecdb469d661021453e33a7371d4a16a44fe1e0520c0",
                "1379f741018215ca317e4cad0c961cf9d7deca57393ae20953170540bc7efcdd",
                "16221cae82631735e33d83876466b6adc7bc6f4ddd1d538117d820af6fddb9b4",
                "8c77e8f8dde775b4da2eb19472477d615347ff3463f06a1a444f1c149ec53d31",
                "7a04e87a46e055a3fcb3c1740a082c9e4f89d5f6f08d19bd21e92ecd5060fe34",
                "d8557ea31e84b4466531e0475bb202d2382f0458302fdf639fc4b7228eb503f7",
                "a4bd900d6216c9eae5e6ccaa3743546e4e972516675a77349344839199b04c3c",
                "1df4e9bfaf65e130b185a6d3487db03b66958088bf1a595da359c9b54c9ea2bc",
                "93e51d3180c842116d69fa808ba1f5e6a1d5cf604d9de62b3c4ba924330d6539"
            ],
            "type": "Fetch",
            "firstPartyCookies": {},
            "firstPartyCookiesSent": {},
            "exampleSites": [
                "bettyskitchen.nl",
                "brendakookt.nl",
                "familieoverdekook.nl",
                "jaimyskitchen.nl",
                "ohmydish.nl",
                "rutgerbakt.nl",
                "simoneskitchen.nl",
                "uitpaulineskeuken.nl",
                "www.culy.nl",
                "www.eefkooktzo.nl",
                "www.francescakookt.nl",
                "www.laurasbakery.nl",
                "www.leukerecepten.nl"
            ]
        },
        {
            "rule": "foodinfluencersunited\\.com\\/api\\/public\\/website\\/get",
            "cookies": 0,
            "fingerprinting": 0,
            "subdomains": [
                "api"
            ],
            "apis": {},
            "sites": 13,
            "prevalence": 0.0000888,
            "cnames": [],
            "responseHashes": [],
            "type": "Preflight",
            "firstPartyCookies": {},
            "firstPartyCookiesSent": {},
            "exampleSites": [
                "bettyskitchen.nl",
                "brendakookt.nl",
                "familieoverdekook.nl",
                "jaimyskitchen.nl",
                "ohmydish.nl",
                "rutgerbakt.nl",
                "simoneskitchen.nl",
                "uitpaulineskeuken.nl",
                "www.culy.nl",
                "www.eefkooktzo.nl",
                "www.francescakookt.nl",
                "www.laurasbakery.nl",
                "www.leukerecepten.nl"
            ]
        },
        {
            "rule": "foodinfluencersunited\\.com\\/api\\/public\\/r2b\\/recipe\\/get",
            "cookies": 0,
            "fingerprinting": 0,
            "subdomains": [
                "api"
            ],
            "apis": {},
            "sites": 12,
            "prevalence": 0.000082,
            "cnames": [],
            "responseHashes": [
                "3b2dcaad67f7dc3c6077cc33677c3805d947c2ca3e4b920dea910ffb62b52404",
                "7496affb9daf25c585757a6326a29d61d03ddc3f1c860bf4ff5d1ae4afe24da9",
                "664c023818661068b9fb1cd9fc0b0c1f3d0e387388c107634e4a61a22bad98a4",
                "afc6ac489a6da96b66cfb232bcdceb769fd034b89b00ed07fe3d3434e178ec59",
                "98b75d41219250d7de9b81b081a79073170c4c16f1a9e1eaf5e31977f42b7fee",
                "4e115acdd169019525e4f3c0eaa5374b9980d93a2c9483c67a1553f4e40fe7bc",
                "fdb05833b15cc6ac0602e8001f80b9011b1c3b3d0b83a8ff5401d1ecb6706ea1",
                "80b5b2c4e41933c8b71c123410a502f55c83aa78843156f92ce8afc38ab53ae4",
                "982bba15351cadaf42835b85c4465ce1d25a314f1d1b2984ab48fbb864c5234a",
                "df6e854538f9d207eb3484a6762959cbefc112f52b44c5d618068f75911cbee5",
                "715f2873b5e13ab475834dff0ed3d85dee372e67dd2ac175b0c36c0556403ffe"
            ],
            "type": "Fetch",
            "firstPartyCookies": {},
            "firstPartyCookiesSent": {},
            "exampleSites": [
                "bettyskitchen.nl",
                "brendakookt.nl",
                "familieoverdekook.nl",
                "jaimyskitchen.nl",
                "ohmydish.nl",
                "rutgerbakt.nl",
                "simoneskitchen.nl",
                "uitpaulineskeuken.nl",
                "www.culy.nl",
                "www.eefkooktzo.nl",
                "www.laurasbakery.nl",
                "www.leukerecepten.nl"
            ]
        },
        {
            "rule": "foodinfluencersunited\\.com\\/api\\/public\\/r2b\\/recipe\\/get",
            "cookies": 0,
            "fingerprinting": 0,
            "subdomains": [
                "api"
            ],
            "apis": {},
            "sites": 12,
            "prevalence": 0.000082,
            "cnames": [],
            "responseHashes": [],
            "type": "Preflight",
            "firstPartyCookies": {},
            "firstPartyCookiesSent": {},
            "exampleSites": [
                "bettyskitchen.nl",
                "brendakookt.nl",
                "familieoverdekook.nl",
                "jaimyskitchen.nl",
                "ohmydish.nl",
                "rutgerbakt.nl",
                "simoneskitchen.nl",
                "uitpaulineskeuken.nl",
                "www.culy.nl",
                "www.eefkooktzo.nl",
                "www.laurasbakery.nl",
                "www.leukerecepten.nl"
            ]
        },
        {
            "rule": "foodinfluencersunited\\.com\\/api\\/public\\/r2b\\/recipe\\/promotionCounts",
            "cookies": 0,
            "fingerprinting": 0,
            "subdomains": [
                "api"
            ],
            "apis": {},
            "sites": 10,
            "prevalence": 0.0000683,
            "cnames": [],
            "responseHashes": [],
            "type": "Preflight",
            "firstPartyCookies": {},
            "firstPartyCookiesSent": {},