{
    "domain": "formayday.com",
    "owner": {},
    "source": [
        "DuckDuckGo-US"
    ],
    "prevalence": 0.000212,
    "sites": 31,
    "subdomains": [],
    "cnames": [],
    "fingerprinting": 0,
    "resources": [
        {
            "rule": "formayday\\.com\\/services\\/",
            "cookies": 0,
            "fingerprinting": 0,
            "subdomains": [],
            "apis": {},
            "sites": 30,
            "prevalence": 0.000205,
            "cnames": [],
            "responseHashes": [
                "5d604a5c1266e86eca68a849582f489417c417507b97b287f72c5bd4622b2ec4",
                "ae2dee0d9d0eaf49a18ee522a3f261c48aafea49e1492247e155a962321ac1c1",
                "7630813f923c8dc98a8f8078e5f33d4925a1c12b020818b45a376b87a4b1b196",
                "b4801404e419c0e55578fd1f680ed8212e9c9bc9ed2834eed0b1847700a3274f",
                "9b0f43c709fe69e574402aeca34fba547ebd2ccfd2c07c752c4a3aac0a4237b5",
                "ba51b7cfa78c2c5360eba5ef3f03aaaad8656e46063ccc63d04c4ffb53ef86e2",
                "5661a2b6a71955154944a40d3f5428e1294df5e3efd70f21d7923836d5b62330",
                "eec0baed149414d029a0741228cfbc1daa7e05ed97f2c8261c0ee9a4fb0ddb5e",
                "5a80f022deb204fa343129da99e65373db623dcd9862f0f210d84c71f8a6d871",
                "4877f45b59d6eea0f73ab298ade0f82ff8e2818135217a7bff662519a76d26e8",
                "7ddcc0a3048c229578a08cd6ff9545b64046631664b84b27ac344df1be7a609c",
                "e2dcfad048ebe4f8e9072cc33c9697c24c5da64fb6ee7d88d9ed39c5dc9c440d",
                "83bf60f36173e76c231d5fda28e9ad404b33a26819fe0dde4ff5c5ef6879bf06",
                "0f1887628af8235514da5aaa449e2585a839fe7d07e6e2aea3f540517c2c7fdf",
                "f3fc7786770db02d0ff620f0f8e52ddd3531954fed5814140a9b70e09cdba3ba",
                "1a9a086d695b3118f8bcc21ccf49d47cac37fe1e8746860b8daf96f3fb311775",
                "8ec884e5849d1bf4b5d36ef71b2bbaf93757a19dbd735af2627b92ad76d64033",
                "58e8e53c609c69929a8898e7a1f235d7656af0ac2e06a557c0110637fcc6c0a4",
                "557d50d470faae6473e182420c7b40dc8e033e24fcaa48554e5f6ffc2efbad9f",
                "7fa19b1aa4fed75bca47927647b2eef578cfb0c76252f44ba39f316edf006776",
                "7c71d9993a04b5b7a56db36416bed9da4498c901c31b78e611d0b3f86432d396",
                "b0ba1fb36b0efb40cd66625adc79e82847e98e07064609450dd2dc3898dd9ba6",
                "b93af1ec6f2a9358fc1a77d13fa1c2c1eb5facc00b73363163d4554729576220",
                "4d39a91a1e6b1b0fec30eec87a23f4d9c29ee89257657efc08fb7cf3c3b5f05e",
                "29b03acd6e2cd071fe71bb0d1fa128b108d4e1fce76c5330af11ee1f0b817372",
                "638fd7f5169e6031bd8b8e2cf1843853d060904d6aeada016d528c5c6178df64",
                "2acc3fa390685b5e0a8c7751de2f2e850baf93feaca293aa0c9def9e6be0c0b3",
                "a5d162327b7a8f731b515adf17aba99b9c775159db4b613039a325052a5e1533",
                "db90b5e67a5585c668b0304ca4c78695875af8f3133e043ef3a3822e0aae9f3e"
            ],
            "type": "Script",
            "firstPartyCookies": {},
            "firstPartyCookiesSent": {},
            "exampleSites": [
                "analnoe24.com",
                "familytaboo.pro",
                "lesbistan.top",
                "homeporno.biz",
                "vtrahe.xyz",
                "incestkin.com",
                "kopro.cc",
                "porno-doma.net",
                "porno-zastryala.com",
                "djki.xyz",
                "porno-1.biz",
                "analporno24.com",
                "pornomamki.online",
                "www.blackporn8.com",
                "name.tizam.ru",
                "lilporno.com",
                "mob.eroboom.pw",
                "pornoanalnoe.vip",
                "rt.pornogo.tube",
                "anilingus.club"
            ]
        }
    ],
    "categories": [],
    "performance": {},
    "cookies": 0,
    "topInitiators": [
        {
            "domain": "first party",
            "prevalence": 0.967741935483871
        },
        {
            "domain": "vtrahe.best",
            "prevalence": 0.03225806451612903
        }
    ],
    "types": {
        "Script": 30
    },
    "nameservers": [
        "dns1.registrar-servers.com",
        "dns2.registrar-servers.com"
    ]
}