{
    "domain": "forroundprince.com",
    "owner": {},
    "source": [
        "DuckDuckGo-US"
    ],
    "prevalence": 0.0000752,
    "sites": 11,
    "subdomains": [
        "obs",
        "obseu",
        "ob",
        "euob"
    ],
    "cnames": [],
    "fingerprinting": 3,
    "resources": [
        {
            "rule": "forroundprince\\.com\\/ct",
            "cookies": 0.0000547,
            "fingerprinting": 0,
            "subdomains": [
                "obs",
                "obseu"
            ],
            "apis": {},
            "sites": 8,
            "prevalence": 0.0000547,
            "cnames": [],
            "responseHashes": [
                "102faff096fd271055184ed24b14922c22a3d4781f41ec09220fe7b57974817b",
                "6057d794554cb095d759d287d71836a9ca164037a5b27a164b1664bc0f95c051",
                "e3b596da650a9b2e41edb70cdfe2e9f7e07a6753af0d9f0574c31856ca26503d",
                "fe9aa064a05311d66ffb1aa5b5dde22ae4d0541313c9b0ff18840f67041e6a36",
                "c3550dfc4a8844db6e39641ec90ef7f4016506f7da8f4012b4d8d4de5e12321f",
                "f8c4036daffe0d56e3d289ad5d9de2e2a43e9a484115649795b38e1b325d6f22",
                "284c6371ff8d8d1b1b8694c7535ec3b7494379b85f7c600d57b9a3259c5b8594"
            ],
            "type": "Script",
            "firstPartyCookies": {},
            "firstPartyCookiesSent": {
                "_ga": 0.00003416000546560088,
                "_cq_duid": 0.0000546560087449614,
                "_cq_suid": 0.0000546560087449614,
                "sc_ppv_pagename": 0.000006832001093120175
            },
            "exampleSites": [
                "hataractive.jp",
                "reservations.com",
                "www.fullsail.edu",
                "www.iberia.com",
                "www.kensingtontours.com",
                "www.mouse-jp.co.jp",
                "www.reservations.com",
                "www.zebra.com"
            ]
        },
        {
            "rule": "forroundprince\\.com\\/tracker\\/tc_imp\\.gif",
            "cookies": 0,
            "fingerprinting": 0,
            "subdomains": [
                "obs",
                "obseu"
            ],
            "apis": {},
            "sites": 8,
            "prevalence": 0.0000547,
            "cnames": [],
            "responseHashes": [
                "f4eef8263281c0b26486637831251059757bc3fdc4c3a48045a8ef8646b36e8f"
            ],
            "type": "Image",
            "firstPartyCookies": {},
            "firstPartyCookiesSent": {},
            "exampleSites": [
                "hataractive.jp",
                "reservations.com",
                "www.fullsail.edu",
                "www.iberia.com",
                "www.kensingtontours.com",
                "www.mouse-jp.co.jp",
                "www.reservations.com",
                "www.zebra.com"
            ]
        },
        {
            "rule": "forroundprince\\.com\\/mon",
            "cookies": 0,
            "fingerprinting": 0,
            "subdomains": [
                "obs",
                "obseu"
            ],
            "apis": {},
            "sites": 8,
            "prevalence": 0.0000547,
            "cnames": [],
            "responseHashes": [
                "e3b0c44298fc1c149afbf4c8996fb92427ae41e4649b934ca495991b7852b855"
            ],
            "type": "XHR",
            "firstPartyCookies": {},
            "firstPartyCookiesSent": {},
            "exampleSites": [
                "hataractive.jp",
                "reservations.com",
                "www.fullsail.edu",
                "www.iberia.com",
                "www.kensingtontours.com",
                "www.mouse-jp.co.jp",
                "www.reservations.com",
                "www.zebra.com"
            ]
        },
        {
            "rule": "forroundprince\\.com\\/i\\/7582c846e35df66ffbe22f465416b514\\.js",
            "cookies": 0.0000137,
            "fingerprinting": 3,
            "subdomains": [
                "ob"
            ],
            "apis": {
                "Document.cookie getter": 2,
                "Navigator.prototype.plugins": 2,
                "Navigator.prototype.mimeTypes": 2,
                "Navigator.prototype.webdriver": 2,
                "Navigator.prototype.vendor": 2,
                "Screen.prototype.availHeight": 2,
                "Screen.prototype.availWidth": 2,
                "Navigator.prototype.permissions": 2,
                "Navigator.prototype.platform": 2,
                "HTMLCanvasElement.prototype.toDataURL": 2,
                "window.innerWidth": 2,
                "WebGLRenderingContext.prototype.getExtension": 2,
                "WebGLRenderingContext.prototype.getParameter": 2,
                "WebGLRenderingContext.prototype.getSupportedExtensions": 2,
                "Screen.prototype.colorDepth": 2,
                "Screen.prototype.pixelDepth": 2,
                "window.devicePixelRatio": 2,
                "Navigator.prototype.maxTouchPoints": 2,
                "Navigator.prototype.hardwareConcurrency": 2,
                "window.name": 2,
                "Navigator.prototype.userAgent": 2,
                "Performance.prototype.memory": 2,
                "Notification.permission": 2,
                "Screen.prototype.width": 2,
                "Screen.prototype.height": 2,
                "PerformanceTiming.prototype.navigationStart": 2,
                "Intl.DateTimeFormat.prototype.resolvedOptions": 2,
                "Navigator.prototype.doNotTrack": 2,
                "window.screenTop": 2,
                "window.screenLeft": 2,
                "Screen.prototype.availTop": 2,
                "Screen.prototype.availLeft": 2,
                "window.outerWidth": 2,
                "window.outerHeight": 2,
                "window.innerHeight": 2,
                "Navigator.prototype.productSub": 2,
                "Navigator.prototype.product": 2,
                "Navigator.prototype.appName": 2,
                "Navigator.prototype.appCodeName": 2,
                "Navigator.prototype.deviceMemory": 2,
                "Navigator.prototype.keyboard": 2,
                "window.localStorage": 2,
                "window.indexedDB": 2,
                "window.matchMedia(\"prefers-color-scheme\")": 2,
                "Date.prototype.getTime": 2,
                "Date.prototype.getTimezoneOffset": 2,
                "Screen.prototype.orientation": 2,
                "Navigator.prototype.connection": 2,
                "Document.cookie setter": 2,
                "window.sessionStorage": 2,
                "Navigator.prototype.getBattery": 2,
                "Navigator.prototype.mediaDevices": 2,
                "MediaDevices.prototype.enumerateDevices": 2,
                "URL.createObjectURL": 2,
                "speechSynthesis.__proto__.getVoices": 2
            },
            "sites": 2,
            "prevalence": 0.0000137,
            "cnames": [],
            "responseHashes": [
                "2a813473898ae3cac3a9647e4eb448a661380a287513c3bfe26c830f9a0ad950"
            ],
            "type": "Script",
            "firstPartyCookies": {
                "_cq_duid": {
                    "ttl": 7884002,
                    "length": 29,
                    "prevalence": 0.00001366400218624035,
                    "uniqueness": 1
                },
                "_cq_suid": {
                    "ttl": null,
                    "length": 29,
                    "prevalence": 0.00001366400218624035,
                    "uniqueness": 1
                }
            },
            "firstPartyCookiesSent": {},
            "exampleSites": [
                "reservations.com",
                "www.reservations.com"
            ]
        },
        {
            "rule": "forroundprince\\.com\\/sxp\\/i\\/d1c6967ed96c8993bfee9a018b9bc780\\.js",
            "cookies": 0.0000137,
            "fingerprinting": 3,
            "subdomains": [
                "euob"
            ],