{
    "domain": "fotomoto.com",
    "owner": {},
    "source": [
        "DuckDuckGo-US"
    ],
    "prevalence": 0.000116,
    "sites": 17,
    "subdomains": [
        "www",
        "widget"
    ],
    "cnames": [],
    "fingerprinting": 0,
    "resources": [
        {
            "rule": "fotomoto\\.com\\/analytics\\/toolbar\\.html",
            "cookies": 0,
            "fingerprinting": 0,
            "subdomains": [
                "www"
            ],
            "apis": {},
            "sites": 8,
            "prevalence": 0.0000547,
            "cnames": [],
            "responseHashes": [
                "7243ea95b6a327c78dcf6d651ac4fda9e4024e0b4f09f735a7c0f66f9c2f6c02"
            ],
            "type": "Document",
            "firstPartyCookies": {},
            "firstPartyCookiesSent": {},
            "exampleSites": [
                "dentonrc.com",
                "thefacts.com",
                "www.codyenterprise.com",
                "www.daily-journal.com",
                "www.decaturdaily.com",
                "www.fredericknewspost.com",
                "www.newjerseyhills.com",
                "www.news-journal.com"
            ]
        },
        {
            "rule": "fotomoto\\.com\\/cart\\/get_data\\/",
            "cookies": 0,
            "fingerprinting": 0,
            "subdomains": [
                "widget"
            ],
            "apis": {},
            "sites": 8,
            "prevalence": 0.0000547,
            "cnames": [],
            "responseHashes": [
                "8e93349045c292abefc8570cfd48917319ff51e567f1192982e6187d56f8bc13"
            ],
            "type": "Script",
            "firstPartyCookies": {},
            "firstPartyCookiesSent": {
                "fotomoto_cart_skey_aa298da98ff0f0892b52466056f3b92178d62798": 0.000006832001093120175,
                "fotomoto_cart_skey_416c34976bae11cc6b8541f525454577392b5230": 0.000006832001093120175,
                "fotomoto_cart_skey_557a8c1a227ad9f1e404d3930c0bdb9b449a49cc": 0.000006832001093120175,
                "fotomoto_cart_skey_70292c49d0793bc6b3f62253a0ec054a8f10918b": 0.000006832001093120175,
                "fotomoto_cart_skey_33aecc9c0658a8cf4429b3bb549df7567caa3cdf": 0.000006832001093120175,
                "fotomoto_cart_skey_4d1da97e281dc0ce3ba3112e2cea0b355a94dc82": 0.000006832001093120175,
                "fotomoto_cart_skey_326981a3daeafb7b9e3c03347ff2bff58cf985e6": 0.000006832001093120175,
                "fotomoto_cart_skey_20cfbdb6db48a8797384269f23f0e0a1c64fa63a": 0.000006832001093120175
            },
            "exampleSites": [
                "dentonrc.com",
                "thefacts.com",
                "www.codyenterprise.com",
                "www.daily-journal.com",
                "www.decaturdaily.com",
                "www.fredericknewspost.com",
                "www.newjerseyhills.com",
                "www.news-journal.com"
            ]
        }
    ],
    "categories": [],
    "performance": {},
    "cookies": 0,
    "topInitiators": [
        {
            "domain": "first party",
            "prevalence": 0.38636363636363635
        },
        {
            "domain": "adlightning.com",
            "prevalence": 0.3409090909090909
        },
        {
            "domain": "static-fotomoto-com.s3.amazonaws.com",
            "prevalence": 0.25
        },
        {
            "domain": "webcontentassessor.com",
            "prevalence": 0.022727272727272728
        }
    ],
    "types": {
        "Document": 8,
        "Script": 8
    },
    "nameservers": [
        "ns-240.awsdns-30.com",
        "ns-1907.awsdns-46.co.uk",
        "ns-1098.awsdns-09.org",
        "ns-910.awsdns-49.net"
    ]
}