{
    "domain": "foureyes.io",
    "owner": {},
    "source": [
        "DuckDuckGo-US"
    ],
    "prevalence": 0.000082,
    "sites": 12,
    "subdomains": [
        "scripts",
        "ut"
    ],
    "cnames": [],
    "fingerprinting": 2,
    "resources": [
        {
            "rule": "foureyes\\.io\\/fe-init\\.js",
            "cookies": 0,
            "fingerprinting": 1,
            "subdomains": [
                "scripts"
            ],
            "apis": {
                "window.localStorage": 11
            },
            "sites": 11,
            "prevalence": 0.0000752,
            "cnames": [],
            "responseHashes": [
                "a32a68404a747062093fc522a59f206ad8513142e7038a797a87593e1ba2f116"
            ],
            "type": "Script",
            "firstPartyCookies": {},
            "firstPartyCookiesSent": {},
            "exampleSites": [
                "unitedequip.com",
                "agriculture.papemachinery.com",
                "www.bomninchevrolet.com",
                "www.captoyota.com",
                "www.davesmith.com",
                "www.fredbeans.com",
                "www.kingstoyota.com",
                "www.koonstoyotatysonscorner.com",
                "www.lithia.com",
                "www.pleasurelandrv.com",
                "www.toyotaofbellevue.com"
            ]
        },
        {
            "rule": "foureyes\\.io\\/",
            "cookies": 0.0000615,
            "fingerprinting": 2,
            "subdomains": [
                "ut"
            ],
            "apis": {
                "window.localStorage": 9,
                "Navigator.prototype.permissions": 8,
                "window.sessionStorage": 2
            },
            "sites": 11,
            "prevalence": 0.0000752,
            "cnames": [],
            "responseHashes": [
                "c623920bbef7fc78156903d5d4391fade59d8cce217ed39d342d64f18f827197",
                "debde1efd84f6c78c3f528d846ff75d7d15bff3ce2985fdf6bf39b8f31148eab",
                "fb280fba060d9ea9c4349461e931f711fe1425f324e86661f7e9583c4cbd75b8",
                "8eddf96e293d5b7b0570885e7773a49a60b5526dcab5ea5ed0f743b681fcaa1c",
                "2e1716624bf72eb5852cc503a40ca4c004daa4958c42034f4fce1badf81f8e53",
                "5009b597a1873b11d511b1f6f35464bb8486bf5dfd851781de5dee52b59effa2",
                "d81ffc4a196471de7557334f9e49b39bb4343b3167e019ae2b2379c9b5c89231",
                "5e306ea54a36472a8f151049334499aaabd1c94b7607b216f31f544cd770388b",
                "e3b0c44298fc1c149afbf4c8996fb92427ae41e4649b934ca495991b7852b855",
                "17cc4e72522267d0d81b526f69e0c595125051a5553a4ce13874644d3b3c1dbe"
            ],
            "type": "Script",
            "firstPartyCookies": {},
            "firstPartyCookiesSent": {
                "ipe_131438_dealer_domain": 0.000020496003279360526,
                "lotame_domain_check": 0.000006832001093120175,
                "_li_dcdm_c": 0.000006832001093120175
            },
            "exampleSites": [
                "unitedequip.com",
                "agriculture.papemachinery.com",
                "www.bomninchevrolet.com",
                "www.captoyota.com",
                "www.davesmith.com",
                "www.fredbeans.com",
                "www.kingstoyota.com",
                "www.koonstoyotatysonscorner.com",
                "www.lithia.com",
                "www.pleasurelandrv.com",
                "www.toyotaofbellevue.com"
            ]
        },
        {
            "rule": "foureyes\\.io\\/iframe-loader\\.js",
            "cookies": 0,
            "fingerprinting": 0,
            "subdomains": [
                "scripts"
            ],
            "apis": {},
            "sites": 9,
            "prevalence": 0.0000615,
            "cnames": [],
            "responseHashes": [
                "9b89a477cd832dccb3eef3a855cb724d875f69ad4754780ed81f877041a9b1cc"
            ],
            "type": "Script",
            "firstPartyCookies": {},
            "firstPartyCookiesSent": {},
            "exampleSites": [
                "papemachinery.com",
                "www.bomninchevrolet.com",
                "www.captoyota.com",
                "www.davesmith.com",
                "www.fredbeans.com",
                "www.kingstoyota.com",
                "www.koonstoyotatysonscorner.com",
                "www.lithia.com",
                "www.toyotaofbellevue.com"
            ]
        },
        {
            "rule": "foureyes\\.io\\/webresources\\/usersession\\/initcommand",
            "cookies": 0,
            "fingerprinting": 0,
            "subdomains": [
                "ut"
            ],
            "apis": {},
            "sites": 2,
            "prevalence": 0.0000137,
            "cnames": [],
            "responseHashes": [],
            "type": "Preflight",
            "firstPartyCookies": {},
            "firstPartyCookiesSent": {},
            "exampleSites": [
                "bomninchevrolet.com",
                "www.koonstoyotatysonscorner.com"
            ]
        },
        {
            "rule": "foureyes\\.io\\/webresources\\/usersession\\/initcommand",
            "cookies": 0,
            "fingerprinting": 0,
            "subdomains": [
                "ut"
            ],
            "apis": {},
            "sites": 2,
            "prevalence": 0.0000137,
            "cnames": [],
            "responseHashes": [
                "63503bb60574fcd8c1ec5bb0fd0057830a77503b49ed63ef49b3f4f455ba17d7"
            ],
            "type": "XHR",
            "firstPartyCookies": {},
            "firstPartyCookiesSent": {},
            "exampleSites": [
                "bomninchevrolet.com",
                "www.koonstoyotatysonscorner.com"
            ]
        },
        {
            "rule": "foureyes\\.io\\/webresources\\/usersession\\/externalidcommand",
            "cookies": 0,
            "fingerprinting": 0,
            "subdomains": [
                "ut"
            ],
            "apis": {},
            "sites": 2,
            "prevalence": 0.0000137,
            "cnames": [],
            "responseHashes": [
                "732685131f73e617c8719f7e453c8584dbc243112714ee3c346f8d1f2fe02dd6"
            ],
            "type": "XHR",
            "firstPartyCookies": {},
            "firstPartyCookiesSent": {},
            "exampleSites": [
                "captoyota.com",
                "www.davesmith.com"
            ]
        },
        {
            "rule": "foureyes\\.io\\/webresources\\/usersession\\/externalidcommand",
            "cookies": 0,
            "fingerprinting": 0,
            "subdomains": [
                "ut"
            ],
            "apis": {},
            "sites": 2,
            "prevalence": 0.0000137,
            "cnames": [],
            "responseHashes": [],
            "type": "Preflight",
            "firstPartyCookies": {},
            "firstPartyCookiesSent": {},
            "exampleSites": [
                "captoyota.com",
                "www.davesmith.com"
            ]
        }
    ],
    "categories": [],
    "performance": {},
    "cookies": 0.0000683,
    "topInitiators": [
        {
            "domain": "first party",
            "prevalence": 0.9259259259259259
        },
        {
            "domain": "ansira.net",
            "prevalence": 0.037037037037037035
        },
        {
            "domain": "callrevu.com",
            "prevalence": 0.037037037037037035
        }
    ],
    "types": {
        "Script": 31,
        "Preflight": 4,
        "XHR": 4
    },
    "nameservers": [
        "megan.ns.cloudflare.com",
        "beau.ns.cloudflare.com"
    ]
}