{
    "domain": "futurehybrid.tech",
    "owner": {},
    "source": [
        "DuckDuckGo-US"
    ],
    "prevalence": 0.000977,
    "sites": 143,
    "subdomains": [
        "sommelier"
    ],
    "cnames": [],
    "fingerprinting": 0,
    "resources": [
        {
            "rule": "futurehybrid\\.tech\\/config\\/",
            "cookies": 0,
            "fingerprinting": 0,
            "subdomains": [
                "sommelier"
            ],
            "apis": {},
            "sites": 78,
            "prevalence": 0.000533,
            "cnames": [],
            "responseHashes": [
                "daf3df9da690d14608672567364e075c67da441d3b33e81d18821ee2cb2ac6a0",
                "3211ebb9278529cca73ad5cc2eb813fbd2aa267d21084e4caf31688436f6c88b",
                "52ab1688dc03d8b1f5ade8d8207176c7ebb40759f45d66c453fc4d81b0646f42",
                "a6aa77655d49628771766a105ea6d156eea66ad4a27da728d7456ff07b237e1b",
                "8b2a5cfa7dd4d8ec96274cc45226accacb4d0107e6043efdafbd43dd8e03fd30",
                "45f0efde920cc9a0e8028aa9fc583d70686b09a3b9d945b4fa705bddcdd61b2e",
                "ad28467043c76aad55c536409d3928e9d07c81423996676a16c031b0f6781170",
                "f74bd5017144492eab08b1acc92e0c8f808b550727027df17fd6f56b17e31b2c",
                "15f2bc80c1ae104e72d756cf30c1c559c2ec17530eabc82e1e137daa8834c90b",
                "29b5628a244d2b71715f86cee198ca9dd13c0e9842fe5988e8ca30e8a0de2b25",
                "9799a123ecdfe7cedb9d45ff35fdb91e54fbaeced00cc6df2569f2bf9a25cc1b",
                "bed40748483e5ca9e9bf4cc4be958be075fd011ed4c7f4bb941691e575a888ad",
                "87370e6d1c6a902aebe1a9fc96cbc252b763d0ee146bf6be1e63791e570a13ca",
                "3fc430bb4939801914add88e9296f87a28c6c507c1b5d54d783831bc76d25801",
                "feacfe33081b2e0a7befdc6fae94a81df18eda17572b5d50d573d83ffb5d1b04",
                "e53636298bd70fc32fe9a2f4b03ea2da628d4a331381e89395dcf6c97d294a87",
                "164d26c6b7efffeddb7d00b0ccf033aa494d176bdb7c769f095224276fc0d2e5",
                "94da6ee97364ec9f0434cb9b10e6b8e14145a737564f3a0ce9441d0cf956aea5",
                "9664da3a3d1966a7972c89279fdb5011919e4e0a75fa2c5808a194686f6910c6",
                "865595c107375083fc032329c61aad61d8901ab4533e5638abda7706826a2241",
                "6e10b9398d40ece3c433c92ac9320d283e87af959eedda861ca1724997d0b358",
                "e2c8b66ba2f307c02b5635628f2449e0f03028f176c61823ef0c596fcea179e6",
                "680398721216515e35e6f03195a6466e13e8eb91bf9f427573e5fbace245f734",
                "ce8d5c39e959d9772c6716063f5c109c336a9107b817ed5b47c57525aaa52eec",
                "220c3fc9343b49aedb77c71a06dde3565c1ab169fc2d1905973033e010276ce2",
                "ab984dff184be766bdf6d6f37bf24bc9de79cc4fa80c9f17c3983261c4396bb4",
                "996843facc0c7ea4ae4447b7c423d3d69fb861aaf9e2f69c22d6dc69c94e20f7",
                "ee66a41bfe9d01baaab480f1cd7784ad22a111f5c78a9ff30282970340399361",
                "3af9678c2c925220c6b67a5291c9039d3795e2e5049a948e774128d9df732e76",
                "35ade5f64505b0727f01dce8be24370e4e5d55ce9f0f8d41e729bd17c68e46aa",
                "21ed6ddd04c8b4dfbac608668b3d52e750b6385d4840ac5701a28719d67e31bc",
                "820aa36e167715015eacf8d8dc9381da8ca922ac9e49e1fe2186cb73467849a1",
                "45f6ba845f3be9d4124c3a5ebacd54d05a7714e25e78b1216a71c387770886af",
                "5ef42a76bf2fc29c12065f88c961114afb9632ebafca76626c5c148fc1bf4015",
                "2aaad8e9b0e6c2a1f86920f857c3a197bb32e3b8ee9f2dcee70d92942f091cb9",
                "39d62a361fa7675a6106eeee408e1690f5ef7f83c9709639f5274cc05cb6aacc",
                "0423a99874d3662d4faf9a1efe99283f54694bb7715984378e98abaf1e1db0be",
                "4b93065c14ace683aa121b5fba98bf8d59ed0e46dc45f7dbf7bd5eeb6c634ba9",
                "504f5f11d238300eb44be2076c250e204ca5c5d21f359fad08c44af5124a3a32",
                "c356d87faee8bf2ab6d56487c4cf3881f89b52400b95c0963a19dde7435087e6",
                "299a4bc8029436bca79ca1069cfed3bbc592f2f389646c7e6d4bf3e8be18550b",
                "b81e7e6f1b3bac9509a0d1aba6b6461a73e35eec9700750ae892fc8b16c4c4a4",
                "9f63e642de45bf7f3572718c03b5f6e721456b0529878bb3d971bee376741f1f",
                "1cf6bfe7c7e16bbc0614cd163724a9a01321604d4e4e0feede5bfbe7ee758552",
                "94faf159daaa6ff39d0c8665a772b0ce21791a62db2db4e02c9503ef02eda969",
                "a15362506b459a731ecb5ca9e1e53bc380affef5166bec6fa44b9c11b13b63f5",
                "2393e90810f8f6839d42fd3818087d56b49f5d4e2642838f137dec72ccc3e38c",
                "c90e8fe353c37472b298ff300e8e9f985d3c362bf0295a6e5246f909b8a2d64c",
                "9a6f727e3d2abbddd3a1a6cd4d9fb6a1d7a8d7673f8fd03f6d3e82c9166f0396",
                "6b82934528b471858c2c660025d3f2a1da65cc986aac71357b1ccb1823c94e44",
                "cdfd143fe9e37d382cb5b55a92a3ba30a8ad892ee649b34c48ecf4539a05458b",
                "e1c0ea99576777140dae4c76802ebb3467e83182698908091fac48d10b06d742",
                "a545e20121b0bb80baab791a89a331ccebc4b8143f84c41057a3d00074c7244e",
                "cfdfc2164f897f56e34ab0e95188c7f8f33f02535d27b2fefd0fd68b8bf71cd5",
                "0f51f0bcf86e5386a12c4cdc3a304e84a007d37c6e8cff84f65cb719c394fa77",
                "e635401e7dbe847ac85462aacc65a4128864b7e620d41fa5265def7fb4c83d39",
                "aa49fa9ac786d631d1eb6450b4ec1bd1d0e9ae82b7bf4f043774844dc24852bc",
                "c769f2288edc455eb3d42ae9614ee14f520044f1e91ce123534c4d944beaaae8",
                "92a55e9d3a316c27680bedf62854443295bbe991a760cf66e6575183f73f99a2",
                "d18148ec9e71a6b9ff9d5e7f8612fb1337723410035d48da92de2a74bfa3a31b",
                "ca33ad9c029b31b51e2da48bfd4cf8e77f91444362a2dd1d9f3f1d1aaa7a9002",
                "a29e037571a19425004e715e2f53cda80dd4284002affdb7766f9c32562cb448",
                "0e4e43ae64337ff0aeffcfe7a784382caa600a74ee7bb42c7f7af1aa16be88ba",
                "31f3918bfb13266bb4a353c76a4f9036066774560a6da46d1f385e02dfed4572",
                "bc94225d4abf24dc9ce839d975c010cfc60511488baf534696937ff8b30e710c",
                "2c693e20df92a8049628b0e0c3eebf1a5b222cfab7f6ed0d0328351a26bbc8d6",
                "906dea7d06d52b51c14e5ad993c27a08e2d049086126f43d6d4704624a4878a7",
                "c73be965a3b3f1e0fd4ce2d5c16baa154a06152ffc58129f808b5bed46b94e9f",
                "e984641cdf937194672d30935ba49ad9a77bfc96f6a6288404968721fb57b5fe",
                "e08069fbf4d60bdd8431a82425158bbaa9d5a12a106f7397307d3a91f1eb8930",
                "61f3dc45c4b22b2991d32a749c52a9097ba75c72a2927da04834c10b47096376",
                "30872b703bbaa50e65ce4893fccfa3b674faf600f68054341f3fac80af82d552",
                "7d15952c4649e65d01caffa6508ea6855dc43efb11c329a59faf37d3c9d4135c",
                "8f4db2e19f8ec345072983db850cf679edde6120317209343c47ded912cd548b",
                "7b5ac76720ec9be878889b7d0e42e0edfef88b7389e1c3ef6cd62318d5330d06",
                "28364a3d9e2f57f54d21edbdf568ac0875e4ec5f6d34e0fbfe43e476da140b4c",
                "670874e13e607b80ad121cf9e482ff2df73fbd5bf8ce9e9b1563d800b1edd45b"
            ],
            "type": "Fetch",
            "firstPartyCookies": {},
            "firstPartyCookiesSent": {
                "_li_dcdm_c": 0.0004167520666803307,
                "lotame_domain_check": 0.0004509120721459315,
                "__pid": 0.00001366400218624035,
                "_cats": 0.000006832001093120175,
                "NV%5FGAPREVIOUSPAGENAME": 0.000006832001093120175
            },