{
    "domain": "g10102301085.co",
    "owner": {},
    "source": [
        "DuckDuckGo-US"
    ],
    "prevalence": 0.0000888,
    "sites": 13,
    "subdomains": [],
    "cnames": [],
    "fingerprinting": 1,
    "resources": [
        {
            "rule": "g10102301085\\.co\\/gr",
            "cookies": 0,
            "fingerprinting": 0,
            "subdomains": [],
            "apis": {},
            "sites": 9,
            "prevalence": 0.0000615,
            "cnames": [],
            "responseHashes": [
                "da7d931090e5f51c8bc8b318607b5a3ecb644dafc8c72613791015c8331b5f4a",
                "6bcf417e8d7a87d138dc46f4af8727a76dedd79252955eff5127fee97b0d79e8",
                "a35454b0166d421007167eadd1a50ad9857f18ffb69602b04eac61bae003c5e0",
                "a9b8bf4e450630c25aca538ca3c9a4cabfac7c77a02d35a0d13362dbc8a0d4d6",
                "5152ddd4dd48557d6a002f3974c1cac9926d5f51c28abbf44e894ec733e48f7e",
                "e8429e98895a3575e5fcfe26515aa7c01b9188c3ad3df5f78f039359927c1753",
                "1488828ca32b55b0610a7f3d57003cb44b2a36189fe8dae7ed1cde57b7f1655b",
                "bd1c46f9e7d1a5c8acad77acb5031ddb18c94017245f46d6ffd7bfdec8a97a1f"
            ],
            "type": "Script",
            "firstPartyCookies": {},
            "firstPartyCookiesSent": {},
            "exampleSites": [
                "elordenmundial.com",
                "passioncitychurch.com",
                "swyftx.com",
                "www.cambiumnetworks.com",
                "www.celsius.com",
                "www.mercyships.org",
                "www.payscale.com",
                "www.sawstop.com",
                "www.truma.com"
            ]
        }
    ],
    "categories": [],
    "performance": {},
    "cookies": 0,
    "topInitiators": [
        {
            "domain": "first party",
            "prevalence": 1
        }
    ],
    "types": {
        "Script": 9
    },
    "nameservers": [
        "sandra.ns.cloudflare.com",
        "pranab.ns.cloudflare.com"
    ]
}