{
    "domain": "gaconnector.com",
    "owner": {},
    "source": [
        "DuckDuckGo-US"
    ],
    "prevalence": 0.000205,
    "sites": 30,
    "subdomains": [
        "track",
        "tracker",
        "ta"
    ],
    "cnames": [],
    "fingerprinting": 1,
    "resources": [
        {
            "rule": "gaconnector\\.com\\/gaconnector\\.js",
            "cookies": 0.0000888,
            "fingerprinting": 1,
            "subdomains": [
                "track",
                "tracker",
                "ta"
            ],
            "apis": {
                "window.localStorage": 24,
                "Document.cookie getter": 22,
                "Date.prototype.getTime": 14,
                "Document.cookie setter": 13
            },
            "sites": 24,
            "prevalence": 0.000164,
            "cnames": [],
            "responseHashes": [
                "ce7f297c5554726fed7ef72910a3dddb8b9d605444bc9339d32485fcde2c630a",
                "c592851ada0a9e57ea53bb5d858094241f6cf174c0b7a14c9b7987b1cefd5cb5"
            ],
            "type": "Script",
            "firstPartyCookies": {
                "gaconnector_GA_Measurement_ID": {
                    "ttl": 15724804,
                    "length": 12,
                    "prevalence": 0.0000546560087449614,
                    "uniqueness": 1
                },
                "gaconnector_pages_visited_list": {
                    "ttl": 15724803,
                    "length": 7,
                    "prevalence": 0.00006148800983808158,
                    "uniqueness": 0.3333333333333333
                },
                "gaconnector_page_visits": {
                    "ttl": 15724803,
                    "length": 1,
                    "prevalence": 0.00006148800983808158,
                    "uniqueness": 0.1111111111111111
                },
                "gaconnector_time_passed": {
                    "ttl": 15724810,
                    "length": 4,
                    "prevalence": 0.00006148800983808158,
                    "uniqueness": 1
                },
                "gaconnector_fc_timestamp": {
                    "ttl": 15724804,
                    "length": 17,
                    "prevalence": 0.00006148800983808158,
                    "uniqueness": 1
                },
                "gaconnector_lc_timestamp": {
                    "ttl": 15724804,
                    "length": 17,
                    "prevalence": 0.00006148800983808158,
                    "uniqueness": 1
                },
                "gaconnector_GA_Client_ID": {
                    "ttl": 15724804,
                    "length": 21,
                    "prevalence": 0.0000546560087449614,
                    "uniqueness": 1
                },
                "gaconnector_GA_Session_ID": {
                    "ttl": 15724804,
                    "length": 10,
                    "prevalence": 0.0000546560087449614,
                    "uniqueness": 1
                },
                "gaconnector_fc_source": {
                    "ttl": 15724803,
                    "length": 8,
                    "prevalence": 0.00003416000546560088,
                    "uniqueness": 0.2
                },
                "gaconnector_lc_source": {
                    "ttl": 15724803,
                    "length": 8,
                    "prevalence": 0.00003416000546560088,
                    "uniqueness": 0.2
                },
                "gaconnector_fc_medium": {
                    "ttl": 15724803,
                    "length": 6,
                    "prevalence": 0.00003416000546560088,
                    "uniqueness": 0.2
                },
                "gaconnector_lc_medium": {
                    "ttl": 15724803,
                    "length": 6,
                    "prevalence": 0.00003416000546560088,
                    "uniqueness": 0.2
                },
                "gaconnector_fc_campaign": {
                    "ttl": 15724803,
                    "length": 8,
                    "prevalence": 0.00003416000546560088,
                    "uniqueness": 0.2
                },
                "gaconnector_lc_campaign": {
                    "ttl": 15724803,
                    "length": 8,
                    "prevalence": 0.00003416000546560088,
                    "uniqueness": 0.2
                },
                "gaconnector_fc_term": {
                    "ttl": 15724803,
                    "length": 9,
                    "prevalence": 0.00003416000546560088,
                    "uniqueness": 0.2
                },
                "gaconnector_lc_term": {
                    "ttl": 15724803,
                    "length": 9,
                    "prevalence": 0.00003416000546560088,
                    "uniqueness": 0.2
                },
                "gaconnector_fc_content": {
                    "ttl": 15724803,
                    "length": 9,
                    "prevalence": 0.00003416000546560088,
                    "uniqueness": 0.2
                },
                "gaconnector_lc_content": {
                    "ttl": 15724803,
                    "length": 9,
                    "prevalence": 0.00003416000546560088,
                    "uniqueness": 0.2
                },
                "gaconnector_fc_landing": {
                    "ttl": 15724803,
                    "length": 37,
                    "prevalence": 0.00003416000546560088,
                    "uniqueness": 1
                },
                "gaconnector_lc_landing": {
                    "ttl": 15724803,
                    "length": 37,
                    "prevalence": 0.00003416000546560088,
                    "uniqueness": 1
                },
                "gaconnector_fc_referrer": {
                    "ttl": 15724803,
                    "length": 9,
                    "prevalence": 0.00003416000546560088,
                    "uniqueness": 0.2
                },
                "gaconnector_lc_referrer": {
                    "ttl": 15724803,
                    "length": 9,
                    "prevalence": 0.00003416000546560088,
                    "uniqueness": 0.2
                },
                "gaconnector_fc_channel": {
                    "ttl": 15724803,
                    "length": 6,
                    "prevalence": 0.00003416000546560088,
                    "uniqueness": 0.2
                },
                "gaconnector_lc_channel": {
                    "ttl": 15724803,
                    "length": 6,
                    "prevalence": 0.00003416000546560088,
                    "uniqueness": 0.2
                },
                "gaconnector_ip_address": {
                    "ttl": 15724803,
                    "length": 1,
                    "prevalence": 0.00003416000546560088,
                    "uniqueness": 0.2
                },
                "gaconnector_OS": {
                    "ttl": 15724803,
                    "length": 14,
                    "prevalence": 0.00003416000546560088,
                    "uniqueness": 0.2
                },
                "gaconnector_device": {
                    "ttl": 15724803,
                    "length": 7,
                    "prevalence": 0.00003416000546560088,
                    "uniqueness": 0.2
                },
                "gaconnector_browser": {
                    "ttl": 15724803,
                    "length": 19,
                    "prevalence": 0.00003416000546560088,
                    "uniqueness": 0.2
                },
                "gaconnector_city": {
                    "ttl": 15724803,
                    "length": 10,
                    "prevalence": 0.00003416000546560088,
                    "uniqueness": 0.2
                },
                "gaconnector_country": {
                    "ttl": 15724803,
                    "length": 13,
                    "prevalence": 0.00003416000546560088,