{
    "domain": "gaveasword.com",
    "owner": {},
    "source": [
        "DuckDuckGo-US"
    ],
    "prevalence": 0.0000683,
    "sites": 10,
    "subdomains": [],
    "cnames": [],
    "fingerprinting": 0,
    "resources": [
        {
            "rule": "gaveasword\\.com\\/services\\/",
            "cookies": 0,
            "fingerprinting": 0,
            "subdomains": [],
            "apis": {},
            "sites": 9,
            "prevalence": 0.0000615,
            "cnames": [],
            "responseHashes": [
                "c48b19f8c0d972ad7e54474bcea8c49f95f3959f7645e08be01a9fa67c445f47",
                "076325ab1c05e2084e2a8d110ffc082eca348bffe63f8ff7d6b772b14b69dc72",
                "cbb8cbf73e1e98c88b2fe5004fc089bbeb3e7a982db0ca4a8249c8128126ea83",
                "fc81dcea24e1c50691a242c7db64ec19d16746e852d1a0edc46ac0cc54161656",
                "26ed4b1a4d36888e5984375fc5594c4354c429eef4ae851a1fde6d26ef8b5f4c",
                "43971dc93c46ef748347c9a581a845cd37088d1e4d9b7bc11d918d4147caae37",
                "0c0da49125ec9024a43248866fd1ba234b88a52cb37e87619df7a92bfbefb07f",
                "febe3dba0d1bdaae96e964442fafc044127737a1a84b34ee79366d8dd33da820"
            ],
            "type": "Script",
            "firstPartyCookies": {},
            "firstPartyCookiesSent": {},
            "exampleSites": [
                "familyincest.tv",
                "giperporno.net",
                "iokporn.com",
                "mm.pornodomka.org",
                "pornocomics.club",
                "pornodomashka.pro",
                "pornodomka.com",
                "ruslust.com",
                "v.100shmar.net"
            ]
        }
    ],
    "categories": [],
    "performance": {},
    "cookies": 0,
    "topInitiators": [
        {
            "domain": "first party",
            "prevalence": 1
        }
    ],
    "types": {
        "Script": 9
    },
    "nameservers": [
        "dns2.registrar-servers.com",
        "dns1.registrar-servers.com"
    ]
}