{
    "domain": "gdriveplayer.to",
    "owner": {},
    "source": [
        "DuckDuckGo-US"
    ],
    "prevalence": 0.000123,
    "sites": 18,
    "subdomains": [],
    "cnames": [],
    "fingerprinting": 2,
    "resources": [
        {
            "rule": "gdriveplayer\\.to\\/embed2\\.php",
            "cookies": 0.000102,
            "fingerprinting": 2,
            "subdomains": [],
            "apis": {
                "window.localStorage": 16,
                "Date.prototype.getTime": 17,
                "Document.cookie setter": 15,
                "Navigator.prototype.plugins": 11,
                "Navigator.prototype.userAgent": 17,
                "Document.cookie getter": 16,
                "window.sessionStorage": 16,
                "Screen.prototype.height": 16,
                "Date.prototype.getTimezoneOffset": 17,
                "Navigator.prototype.cookieEnabled": 14,
                "window.innerHeight": 13,
                "window.innerWidth": 13
            },
            "sites": 18,
            "prevalence": 0.000123,
            "cnames": [],
            "responseHashes": [
                "3826f77f33af2eb6adf01e0fb7cfa363baf53e55a5d95e74f34c6d143e693b6f",
                "4608bf1ae740e2c07c276997a6339c65db5675292377cf1597a5960ba56d717e",
                "b3a2faea0a34646d5364c9b7423e19b2174243689f0e96df539283e7ccf48a8d",
                "a885acbda97ccc57680f1435e9eb6610c5b9cf6f6a6eb176b1871522880da371",
                "38036a752b483d2a0d1fda5be39ecf26771fa188e961bd6b66d55bd7da7f7906",
                "1694da248e481dcf86b0f70a0c87af4b20d08c003ef95b5d2557601ce3b81699",
                "bcd1e7c32552ef65fe7974c95f2a5af7a6e4f5994d230d6cd98ee48c3b471d21",
                "0888a4c88c79cf3a949b523dd7b3ff751d6177ba0d255bbede7d59f61c10ca09",
                "2d4f818c9d0d59acbac197ce8ccda64f93bdaca85e92d7aec180a46f90fa2186",
                "ea875ed9a7da0bbf5e5d6836d2616f37ab5ad4acdf9c926f6e24f8a985aa26fb",
                "c48e0aaaccbd5ef5a0d05389df46d081f68982d72e01837ff53b60aea4d78f11",
                "4770b2032f5408d8aeb102221490815f41875aa822dcf030a77029ee62c8ce6b",
                "14d0fec7360d8f083738a89f8255a08ac6e223df9f084df644e39a191b587bfa",
                "14eb401e84b5ab28598287f380fa919110e0f6e765f7f4621c61bc39334b4c5a",
                "3d1a4c0ca1444fc5c263d20f890b076a1226dc6aa957e49b3baf0363106c16ec",
                "b799d85247677be0aecd5e305fd7d8cee3c681346497b90075e7f780424cee1b",
                "414b3542b09e8f3bd05cf15295026ffc66c3ebb49b71592cd1bd9e89cfc83a63"
            ],
            "type": "Document",
            "firstPartyCookies": {},
            "firstPartyCookiesSent": {},
            "exampleSites": [
                "bebasindo.vip",
                "bokepini.asia",
                "bokepini.life",
                "bokepini.live",
                "bokepini.today",
                "bokepsin.asia",
                "bokepsin.diy",
                "boyzhubreal.blogspot.com",
                "caribokep.cam",
                "pascol18.xyz",
                "sangetube.asia",
                "sangetube.site",
                "sibokep.blog",
                "sibokep.guru",
                "sibokep.vip",
                "tv.filmkeren21.homes"
            ]
        },
        {
            "rule": "gdriveplayer\\.to\\/file\\.js",
            "cookies": 0,
            "fingerprinting": 2,
            "subdomains": [],
            "apis": {
                "Navigator.prototype.userAgent": 16,
                "PerformanceTiming.prototype.navigationStart": 15,
                "window.localStorage": 15,
                "Navigator.prototype.language": 16,
                "Date.prototype.getTime": 17,
                "MediaSource.isTypeSupported": 17,
                "HTMLMediaElement.prototype.canPlayType": 17,
                "CanvasRenderingContext2D.prototype.getImageData": 16
            },
            "sites": 17,
            "prevalence": 0.000116,
            "cnames": [],
            "responseHashes": [
                "ee0972f2073d1fb9d628b956edfc46436d9fffff7b6da0c45f28f739434bb87a"
            ],
            "type": "Script",
            "firstPartyCookies": {},
            "firstPartyCookiesSent": {},
            "exampleSites": [
                "bebasindo.vip",
                "bokepini.asia",
                "bokepini.life",
                "bokepini.live",
                "bokepini.today",
                "bokepsin.asia",
                "bokepsin.diy",
                "boyzhubreal.blogspot.com",
                "caribokep.cam",
                "pascol18.xyz",
                "sangetube.asia",
                "sangetube.site",
                "sibokep.blog",
                "sibokep.guru",
                "sibokep.vip",
                "tv.filmkeren21.homes"
            ]
        },
        {
            "rule": "gdriveplayer\\.to\\/embed2\\.php",
            "cookies": 0.000102,
            "fingerprinting": 2,
            "subdomains": [],
            "apis": {
                "window.localStorage": 16,
                "Date.prototype.getTime": 17,
                "Document.cookie setter": 15,
                "Navigator.prototype.plugins": 11,
                "Navigator.prototype.userAgent": 17,
                "Document.cookie getter": 16,
                "window.sessionStorage": 16,
                "Screen.prototype.height": 16,
                "Date.prototype.getTimezoneOffset": 17,
                "Navigator.prototype.cookieEnabled": 14,
                "window.innerHeight": 13,
                "window.innerWidth": 13
            },
            "sites": 17,
            "prevalence": 0.000116,
            "cnames": [],
            "responseHashes": [
                "e3b0c44298fc1c149afbf4c8996fb92427ae41e4649b934ca495991b7852b855"
            ],
            "type": "XHR",
            "firstPartyCookies": {},
            "firstPartyCookiesSent": {},
            "exampleSites": [
                "bebasindo.vip",
                "bokepini.asia",
                "bokepini.life",
                "bokepini.live",
                "bokepini.today",
                "bokepsin.asia",
                "bokepsin.diy",
                "boyzhubreal.blogspot.com",
                "caribokep.cam",
                "pascol18.xyz",
                "sangetube.asia",
                "sangetube.site",
                "sibokep.blog",
                "sibokep.guru",
                "sibokep.vip",
                "tv.filmkeren21.homes"
            ]
        },
        {
            "rule": "gdriveplayer\\.to\\/hlsplaylist\\.php",
            "cookies": 0,
            "fingerprinting": 0,
            "subdomains": [],
            "apis": {},
            "sites": 17,
            "prevalence": 0.000116,
            "cnames": [],
            "responseHashes": [
                "07a0ce521b2774f709d8997844884cda630def0de186592455336b7bad49a0bc",
                "729b595e41f78c31f69887cf31cfed6a77c4d967ef92538c1c4c5fb7df93fcdd",
                "e61621f46b6dffb433ae7be0bb7942c63df0fd877362ebe36d972d7f927bc75f"
            ],
            "type": "Media",
            "firstPartyCookies": {},
            "firstPartyCookiesSent": {},
            "exampleSites": [
                "bebasindo.vip",
                "bokepini.life",
                "bokepini.asia",
                "bokepini.live",
                "bokepini.today",
                "bokepsin.asia",
                "bokepsin.diy",
                "boyzhubreal.blogspot.com",
                "caribokep.cam",
                "pascol18.xyz",
                "sangetube.asia",
                "sangetube.site",
                "sibokep.blog",
                "sibokep.guru",
                "sibokep.vip",
                "tv.filmkeren21.homes"
            ]
        },
        {
            "rule": "gdriveplayer\\.to\\/hlsplaylists\\.php",
            "cookies": 0,
            "fingerprinting": 0,
            "subdomains": [],
            "apis": {},
            "sites": 16,