{
    "domain": "geoiplookup.io",
    "owner": {},
    "source": [
        "DuckDuckGo-US"
    ],
    "prevalence": 0.000205,
    "sites": 30,
    "subdomains": [
        "json"
    ],
    "cnames": [],
    "fingerprinting": 0,
    "resources": [
        {
            "rule": "geoiplookup\\.io\\/",
            "cookies": 0,
            "fingerprinting": 0,
            "subdomains": [
                "json"
            ],
            "apis": {},
            "sites": 21,
            "prevalence": 0.000143,
            "cnames": [],
            "responseHashes": [
                "980ce5c92b173bca9c55fb4152b2d6dad53c5a4fad5be13bfa8fc55e40832562",
                "8d473250f74724c8c46d7545721a6d9fc2037769a25f693e359f5071ae4bb96a",
                "23d7c18d3ccc1acd02df9a089a2a5c9ba43ac060db9079daa4101cfab84eaa4a",
                "95ec215f1cf5a4d65cd9729b319f60e641f46a13351eeba56c30b2d03b8dc79b",
                "d6406e9e3132a9c23ca20360259920eeadf808fe24b09412f3703b0e1a9723c8",
                "e397a40ed4c9984c14dc266255467e447cda3d9e8725b087f7610513bebdd936",
                "60e40cba5225947559818b35722d72308097d0b70cfd6e08cb28c097958ef46c",
                "bc46ec5316de9692e8501bcc5c9eaa7c5cb199338b26e706eb108eab9e44cffe",
                "cced3ca321f35e6aee63f084f138aa16b36d20d0ad3ae23e95abaac42b02613a",
                "cf6dfbc0d2949702a69fc0f051a1028b17fcaccb33c4377e96dd8197f80d182a",
                "c88869252e6986961e05fdfbe048c0315234e9cb0960f792e9e347ff1f48e592",
                "8fb415077ef98071e7a88fe1bc9882d67cb69ba2ec152a76d941d0158600c136",
                "a3015bc201cbdd9602edd75d3670c3be09b15718c29766b3006c5edd0dbb66ca",
                "e828772c305d4e0cd353591ce37613ab94bb956f553aacfb68dc1b0ce15f0327",
                "8e0f1b12cf32c2c88ab103af69f78ce3cf74c988a8ad5241ce2b84416945947a",
                "aa1a879ccef64dae01cea0f5dbd4d00b8452de167cb6cfa024c70aa95fa301ec",
                "00e42d00fa37dc683354e3b582695bd0171879e15abdfb2b83d7e4ade670721a"
            ],
            "type": "XHR",
            "firstPartyCookies": {},
            "firstPartyCookiesSent": {},
            "exampleSites": [
                "davids-usa.com",
                "www.100percent.com",
                "got-bag.com",
                "www.syngenta-us.com",
                "skingrip.com",
                "www.houseofdenial.com",
                "optcorp.com",
                "www.groveandgrotto.com",
                "evelynbobbie.com",
                "www.coolinastore.com",
                "lotioncrafter.com",
                "www.fossilfarms.com",
                "www.pnwcomponents.com",
                "altenew.com",
                "lakepajamas.com",
                "rapsodo.com",
                "www.drbrownsbaby.com",
                "www.ima-usa.com",
                "www.myfreebird.com",
                "mephistousa.com"
            ]
        },
        {
            "rule": "geoiplookup\\.io\\/",
            "cookies": 0,
            "fingerprinting": 0,
            "subdomains": [
                "json"
            ],
            "apis": {},
            "sites": 2,
            "prevalence": 0.0000137,
            "cnames": [],
            "responseHashes": [
                "76cc39b9ae4da3a577a161fc3a5d3fd2c36a7cd405192780586c72fe2636d5d3"
            ],
            "type": "Fetch",
            "firstPartyCookies": {},
            "firstPartyCookiesSent": {},
            "exampleSites": [
                "woolworths.com.au",
                "www.elmhurst.edu"
            ]
        }
    ],
    "categories": [],
    "performance": {},
    "cookies": 0,
    "topInitiators": [
        {
            "domain": "first party",
            "prevalence": 0.6511627906976745
        },
        {
            "domain": "shopify.com",
            "prevalence": 0.18604651162790697
        },
        {
            "domain": "minmaxify.com",
            "prevalence": 0.09302325581395349
        },
        {
            "domain": "intelligems.io",
            "prevalence": 0.046511627906976744
        },
        {
            "domain": "inspectlet.com",
            "prevalence": 0.023255813953488372
        }
    ],
    "types": {
        "XHR": 21,
        "Fetch": 2
    },
    "nameservers": [
        "buck.ns.cloudflare.com",
        "adrian.ns.cloudflare.com"
    ]
}