{
    "domain": "getroster.com",
    "owner": {},
    "source": [
        "DuckDuckGo-US"
    ],
    "prevalence": 0.000198,
    "sites": 29,
    "subdomains": [
        "sa"
    ],
    "cnames": [],
    "fingerprinting": 1,
    "resources": [
        {
            "rule": "getroster\\.com\\/sa\\.js",
            "cookies": 0,
            "fingerprinting": 1,
            "subdomains": [
                "sa"
            ],
            "apis": {
                "window.localStorage": 17,
                "Document.cookie getter": 17
            },
            "sites": 17,
            "prevalence": 0.000116,
            "cnames": [],
            "responseHashes": [
                "5b6c5c13aec56b12c7f523c19442164d10558706232a92f2107dc05f3c7cb75d",
                "dcc3df4b8d28c5928b9237e89fc3f44bc5b55e5605f43a065f4de0f574a05124",
                "3aa3274daae7a4fca3b700d8b37c8c8b2cf5f273c5bbde262e069a05d168490f",
                "327f91538f8af089f82c398e0f0b6fb519d27503d7521a8d8979df2f2f385d72",
                "f008af5b6a60b691e7228b8f9d47b9498406434a7adbb268258d2f52da918313",
                "7adc970ae59abf94e50d608114114f45fef64fefc186f1d5e840e9cc28823c60",
                "92391cc86620da7e36f219414677065e876688be0183daad061579bf078a43e1",
                "8c0035e72a6a23b6a8ef22667deba3748d79ee420806132845513dcf2d58c0af",
                "14c7cae271e60d01d17debcb3d8297b746b5d43bfbe1582f6f7fa9693ab7534e",
                "6c30eae2fd82fb6260889b9aae5eef9b5385aaace9a4b63b9cba61037b945652",
                "6600be2ace41b261d3fc66166b4bfd30f56976ef09577c0026bcb352cce66e98",
                "a3658968cacc37023fc891ab292ff990015deecfa02f78e00c241e9c0886067e"
            ],
            "type": "Script",
            "firstPartyCookies": {},
            "firstPartyCookiesSent": {},
            "exampleSites": [
                "carawayhome.com",
                "healthygut.com",
                "jensonusa.com",
                "motosport.com",
                "onxmaps.com",
                "shop.actiontarget.com",
                "shop.naturessunshine.com",
                "superspringsinternational.com",
                "thepicklr.com",
                "watchtowerfirearms.com",
                "www.carawayhome.com",
                "www.countrydoor.com",
                "www.jensonusa.com",
                "www.motosport.com",
                "www.naturessunshine.com",
                "www.onxmaps.com",
                "www.wahoofitness.com"
            ]
        },
        {
            "rule": "getroster\\.com\\/wooly-analytics\\.js",
            "cookies": 0,
            "fingerprinting": 1,
            "subdomains": [
                "sa"
            ],
            "apis": {
                "window.localStorage": 2
            },
            "sites": 3,
            "prevalence": 0.0000205,
            "cnames": [],
            "responseHashes": [
                "7755e74216b078c1230526dd129a2193368acdf4088ca3ad79f904babe21208c",
                "7e4220d810d6a8dd0969af095e1a1653d3d96499f70c361e6fb7f68dc084235e"
            ],
            "type": "Script",
            "firstPartyCookies": {},
            "firstPartyCookiesSent": {},
            "exampleSites": [
                "jasemedical.com",
                "meyerhatchery.com",
                "www.kelty.com"
            ]
        }
    ],
    "categories": [],
    "performance": {},
    "cookies": 0,
    "topInitiators": [
        {
            "domain": "first party",
            "prevalence": 0.9
        },
        {
            "domain": "googletagmanager.com",
            "prevalence": 0.1
        }
    ],
    "types": {
        "Script": 20
    },
    "nameservers": [
        "ns3-02.azure-dns.org",
        "ns4-02.azure-dns.info",
        "ns2-02.azure-dns.net",
        "ns1-02.azure-dns.com"
    ]
}