{
    "domain": "getrunkhomuto.info",
    "owner": {},
    "source": [
        "DuckDuckGo-US"
    ],
    "prevalence": 0.000225,
    "sites": 33,
    "subdomains": [],
    "cnames": [],
    "fingerprinting": 0,
    "resources": [
        {
            "rule": "getrunkhomuto\\.info\\/multi",
            "cookies": 0.000164,
            "fingerprinting": 0,
            "subdomains": [],
            "apis": {},
            "sites": 24,
            "prevalence": 0.000164,
            "cnames": [],
            "responseHashes": [
                "18b7440641f67b6b1836360eae13bba21ff14251a31950a1ef101726b20c94cf",
                "babe3fd0e4845473c0efd2cca9b7194b187906bf1de211b3669d0694ff39cc70",
                "e2c3c8906462d7cdc222cbcf29054f62a23b57169e06780f9aca8123cff97a9f",
                "134d94fa5b3d634217088d24ba5cf88353ffc6a34b0d4d033b7824af0c28c3a5",
                "00642243250e31b711a200174dc31f7677f93f0c8b00254a1c63010b416c080c",
                "e9d7a3b87122a96380fda590a02a84a1b1ed38408907b0d5939ef7fca498aa43",
                "689fd9578e88b88beffb2a8cb52e9fb2ecd397c6a702ab8025b32f2cd324689d",
                "68f82d142ede12798e72b29314c971688c0a6af832c93ec2a36d5a4345cd17be",
                "bdafed3da15c6442c5b0a02d5ba4d085ea053f6cec52c4be5f0d938b7548366f",
                "a6508c90ca7b514b2f58789a703347e02fb4d2351e54ba4b6918cf4556530a01",
                "7066ca25a077c515297b766cfeaca7d44a7e47302409e7017ea84cc4f51d2574",
                "0b4dc0962aefc9c37369f8d3081af7bc802165e6376ffb9bf443d518617dcaa8",
                "ca9404e9a0d178338aeccbb8d328d6e83abaaa1ad09106a4a96e78692a8bbc9a",
                "8d6702cbafa6027b573a2775ceb2e481560ad65801c90f9e1be8ace1e6ded02d",
                "1e5fa9b8929bb932f7a64c19be328e220063a6ed994f9ac42d186db252f6f2ef",
                "392c6e7a6a69d0a3a72684bbe5378326f3415c3a9340f1b10d9156dce6f8b9d7",
                "8f24314dd653f6b453aab31f0e1e9277cc70999ed5f939b614e701e39c00f113",
                "7a44efd0e73130420ae5ec309214b82bd76488f25775129b6b1fac2198cf56bb",
                "11cefdd91722f5d5addd751ab6a1b3776e50607433fcca65c37006224db01e98",
                "5f97e4ed8712795e35828a648b684c02dd27feaecb235f3123cb3e2140515de8",
                "30fa9ff5a07df648459ec0e74a53af7952d89067d483632482bbeb49eda6fd4e",
                "d38aae98531ca717a9da64e3588153ff0f7f5c238617a2ba6455c48cc80118e4",
                "1869e87c36cb9f411b8808c928e8dec873d80c876452616d7688b61c91f70dc2"
            ],
            "type": "XHR",
            "firstPartyCookies": {},
            "firstPartyCookiesSent": {
                "_ym_d": 0.00001366400218624035,
                "lotame_domain_check": 0.000006832001093120175
            },
            "exampleSites": [
                "doodvids.blogspot.com",
                "bokepnekat.blogspot.com",
                "videobocilyandex.blogspot.com",
                "avtub.skin",
                "bokepi.com",
                "lokalpride12.blogspot.com",
                "bacoltube.cyou",
                "bokepem.blogspot.com",
                "www.trannyvideosx.net",
                "watch.porn",
                "bokepkuxyz.blogspot.com",
                "jav-scvp.net",
                "bokepnela.blogspot.com",
                "gerahnikmat.blogspot.com",
                "bokepsam.blogspot.com",
                "vokeptube.blogspot.com",
                "areatoge.blogspot.com",
                "bokepani.blogspot.com",
                "bokepmau.blogspot.com",
                "bokepsan.blogspot.com"
            ]
        },
        {
            "rule": "getrunkhomuto\\.info\\/floater",
            "cookies": 0.0000547,
            "fingerprinting": 0,
            "subdomains": [],
            "apis": {},
            "sites": 8,
            "prevalence": 0.0000547,
            "cnames": [],
            "responseHashes": [
                "52e836fc5e85a1de0316fa0af47b545a6cb397905f05893b848f0375f50fa881",
                "8ab518e955c989e832a1b15eca94aa87e8e4fe4b763bfde529335f3b32ab18b4",
                "0f00707ecd9fcd136faa05578915052ac284e6191cfd049cbc21765a163e9690",
                "aedeb0129125be0cdcdfde4125975da6c0d06444c431c5f0d0ad8b2cf459bbcb",
                "e3b0c44298fc1c149afbf4c8996fb92427ae41e4649b934ca495991b7852b855",
                "69f88c6be2fd22a794f6683480f9341ddea60800322c7b11eb1f5bd464d74775"
            ],
            "type": "XHR",
            "firstPartyCookies": {},
            "firstPartyCookiesSent": {},
            "exampleSites": [
                "efukt.tv",
                "femefun.com",
                "gap3xy.com",
                "kissmanga.org",
                "solarmovie.unblockedstream.online",
                "uncensored.porn",
                "www.heavy-r.com",
                "x.nudejet.com"
            ]
        },
        {
            "rule": "getrunkhomuto\\.info\\/inter",
            "cookies": 0.0000205,
            "fingerprinting": 0,
            "subdomains": [],
            "apis": {},
            "sites": 3,
            "prevalence": 0.0000205,
            "cnames": [],
            "responseHashes": [
                "e3b0c44298fc1c149afbf4c8996fb92427ae41e4649b934ca495991b7852b855"
            ],
            "type": "XHR",
            "firstPartyCookies": {},
            "firstPartyCookiesSent": {},
            "exampleSites": [
                "efukt.tv",
                "gap3xy.com",
                "uncensored.porn"
            ]
        },
        {
            "rule": "getrunkhomuto\\.info\\/utx",
            "cookies": 0.0000137,
            "fingerprinting": 0,
            "subdomains": [],
            "apis": {},
            "sites": 2,
            "prevalence": 0.0000137,
            "cnames": [],
            "responseHashes": [
                "e3b0c44298fc1c149afbf4c8996fb92427ae41e4649b934ca495991b7852b855"
            ],
            "type": "XHR",
            "firstPartyCookies": {},
            "firstPartyCookiesSent": {},
            "exampleSites": [
                "heavy-r.com",
                "www.heavy-r.com"
            ]
        }
    ],
    "categories": [],
    "performance": {},
    "cookies": 0.000225,
    "topInitiators": [
        {
            "domain": "d1f05vr3sjsuy7.cloudfront.net",
            "prevalence": 0.5952380952380952
        },
        {
            "domain": "dmz3nd5oywtsw.cloudfront.net",
            "prevalence": 0.14285714285714285
        },
        {
            "domain": "dcbbwymp1bhlf.cloudfront.net",
            "prevalence": 0.11904761904761904
        },
        {
            "domain": "d31y1abh02y2oj.cloudfront.net",
            "prevalence": 0.047619047619047616
        },
        {
            "domain": "d227cncaprzd7y.cloudfront.net",
            "prevalence": 0.023809523809523808
        },
        {
            "domain": "dkre4lyk6a9bt.cloudfront.net",
            "prevalence": 0.023809523809523808
        },
        {
            "domain": "d2bkkt3kqfmyo0.cloudfront.net",
            "prevalence": 0.023809523809523808
        },
        {
            "domain": "dlrioxg1637dk.cloudfront.net",
            "prevalence": 0.023809523809523808
        }
    ],
    "types": {
        "XHR": 37
    },
    "nameservers": [
        "sevki.ns.cloudflare.com",
        "val.ns.cloudflare.com"
    ]
}