{
    "domain": "gitbook.com",
    "owner": {},
    "source": [
        "DuckDuckGo-US"
    ],
    "prevalence": 0.0000752,
    "sites": 11,
    "subdomains": [
        "integrations",
        "app",
        "api"
    ],
    "cnames": [],
    "fingerprinting": 1,
    "resources": [
        {
            "rule": "gitbook\\.com\\/v1\\/integrations\\/googleanalytics\\/installations\\/759312918e94de4ec174288e6a746823da52987e5a982d76677af254f47fc9cd\\/sites\\/site_ysCdm\\/script\\.js",
            "cookies": 0,
            "fingerprinting": 1,
            "subdomains": [
                "integrations"
            ],
            "apis": {
                "Document.cookie getter": 2
            },
            "sites": 2,
            "prevalence": 0.0000137,
            "cnames": [],
            "responseHashes": [
                "aa10632845c92b62da88cdd77d4cc5513dbf810f551bafa6363f56bc2912147c"
            ],
            "type": "Script",
            "firstPartyCookies": {},
            "firstPartyCookiesSent": {},
            "exampleSites": [
                "hacktricks.xyz",
                "book.hacktricks.xyz"
            ]
        },
        {
            "rule": "gitbook\\.com\\/__session",
            "cookies": 0.0000615,
            "fingerprinting": 0,
            "subdomains": [
                "app"
            ],
            "apis": {},
            "sites": 9,
            "prevalence": 0.0000615,
            "cnames": [],
            "responseHashes": [
                "adb5250e21585a47ed6d8491d1d8e1058282b6b7ac47670d86ab0d9c5bce5e6e",
                "7601b061de10d4035989160b9518bfc0153edfb3fdb4ba479b60e42aca19fe48",
                "fce0c329f063eb6ec09d59abe88a93138d3d190d58283be39c3dc581e603a36f",
                "7dbf329f83c56cc22c576f9ea6d94e3a79cd269da40baf126916616e4b0a96d6",
                "8e07aaee3dc87a330c5ee000e80b503f50123dae1f9bea873d87d778c2e55df6",
                "06f053749b9d9e516d201131e0d183e1e5f4c963e8f8363f87be6b4c0221ac71",
                "6f0b00f57aaf1ddf70e6a3496a99b3c7e8a6b9e452ff959e124ca190e7e5ce10",
                "7d935e7d9f8911f0e69d01c9629e68f9dd1befd0a106ff1a4ef183d1f930ad62"
            ],
            "type": "Fetch",
            "firstPartyCookies": {},
            "firstPartyCookiesSent": {},
            "exampleSites": [
                "hacktricks.xyz",
                "book.hacktricks.xyz",
                "chartschool.stockcharts.com",
                "docs.bunkr.io",
                "docs.keeper.io",
                "docs.nats.io",
                "docs.portainer.io",
                "support.audacityteam.org",
                "support.pixelmator.com"
            ]
        },
        {
            "rule": "gitbook\\.com\\/v1\\/orgs\\/Iwnw24TnSs9D9I2OtTKX\\/sites\\/site_ysCdm\\/insights\\/track_view",
            "cookies": 0,
            "fingerprinting": 0,
            "subdomains": [
                "api"
            ],
            "apis": {},
            "sites": 2,
            "prevalence": 0.0000137,
            "cnames": [],
            "responseHashes": [],
            "type": "Fetch",
            "firstPartyCookies": {},
            "firstPartyCookiesSent": {},
            "exampleSites": [
                "hacktricks.xyz",
                "book.hacktricks.xyz"
            ]
        },
        {
            "rule": "gitbook\\.com\\/v1\\/orgs\\/Iwnw24TnSs9D9I2OtTKX\\/sites\\/site_ysCdm\\/insights\\/track_view",
            "cookies": 0,
            "fingerprinting": 0,
            "subdomains": [
                "api"
            ],
            "apis": {},
            "sites": 2,
            "prevalence": 0.0000137,
            "cnames": [],
            "responseHashes": [],
            "type": "Preflight",
            "firstPartyCookies": {},
            "firstPartyCookiesSent": {},
            "exampleSites": [
                "hacktricks.xyz",
                "book.hacktricks.xyz"
            ]
        },
        {
            "rule": "gitbook\\.com\\/v1\\/integrations\\/kapa-gitbook-integration\\/installations\\/a9cb7a8e07bdf3aebafc125889bb979a090f729c0f50e53a7ed2b8d7b54c02bc\\/sites\\/site_gbGqX\\/script\\.js",
            "cookies": 0,
            "fingerprinting": 0,
            "subdomains": [
                "integrations"
            ],
            "apis": {},
            "sites": 2,
            "prevalence": 0.0000137,
            "cnames": [],
            "responseHashes": [
                "c14648bac7cb8b3a3ab4a838ad6ec43b18381cb25e301a4a8de3da12fb7464d6"
            ],
            "type": "Script",
            "firstPartyCookies": {},
            "firstPartyCookiesSent": {},
            "exampleSites": [
                "portainer.io",
                "docs.portainer.io"
            ]
        },
        {
            "rule": "gitbook\\.com\\/v1\\/integrations\\/reodotdev\\/installations\\/bd40560564ff22b52f55fd7ba9bc0d9923ba4dc25602b3ba8017d7dd0e51f869\\/sites\\/site_gbGqX\\/script\\.js",
            "cookies": 0,
            "fingerprinting": 0,
            "subdomains": [
                "integrations"
            ],
            "apis": {},
            "sites": 2,
            "prevalence": 0.0000137,
            "cnames": [],
            "responseHashes": [
                "e94ac850c786426145d519b54f491316ac0e3a41d16210f9da2656dc94f1bec4"
            ],
            "type": "Script",
            "firstPartyCookies": {},
            "firstPartyCookiesSent": {},
            "exampleSites": [
                "portainer.io",
                "docs.portainer.io"
            ]
        },
        {
            "rule": "gitbook\\.com\\/v1\\/integrations\\/googleanalytics\\/installations\\/e61897a11f41fd8903f476f8f5d3c4844a598e6f40da9406d6c207386c4c2698\\/sites\\/site_gbGqX\\/script\\.js",
            "cookies": 0,
            "fingerprinting": 1,
            "subdomains": [
                "integrations"
            ],
            "apis": {
                "Document.cookie getter": 1
            },
            "sites": 2,
            "prevalence": 0.0000137,
            "cnames": [],
            "responseHashes": [
                "64fa8267fa96c55af8eaad485ad652b664b17d658562907cd7f174135e593029"
            ],
            "type": "Script",
            "firstPartyCookies": {},
            "firstPartyCookiesSent": {},
            "exampleSites": [
                "portainer.io",
                "docs.portainer.io"
            ]
        },
        {
            "rule": "gitbook\\.com\\/v1\\/orgs\\/-MgDK9ndL1-o2MHHFiXo\\/sites\\/site_gbGqX\\/insights\\/track_view",
            "cookies": 0,
            "fingerprinting": 0,
            "subdomains": [
                "api"
            ],
            "apis": {},
            "sites": 2,
            "prevalence": 0.0000137,
            "cnames": [],
            "responseHashes": [],
            "type": "Preflight",
            "firstPartyCookies": {},
            "firstPartyCookiesSent": {},
            "exampleSites": [
                "portainer.io",
                "docs.portainer.io"
            ]
        },
        {
            "rule": "gitbook\\.com\\/v1\\/orgs\\/-MgDK9ndL1-o2MHHFiXo\\/sites\\/site_gbGqX\\/insights\\/track_view",
            "cookies": 0,
            "fingerprinting": 0,
            "subdomains": [
                "api"
            ],
            "apis": {},
            "sites": 2,
            "prevalence": 0.0000137,
            "cnames": [],
            "responseHashes": [],
            "type": "Fetch",
            "firstPartyCookies": {},
            "firstPartyCookiesSent": {},
            "exampleSites": [
                "portainer.io",
                "docs.portainer.io"
            ]
        },
        {
            "rule": "gitbook\\.com\\/v1\\/orgs\\/-MhmG2mhIIHTtQPuHV_k\\/sites\\/site_k9CRz\\/insights\\/track_view",
            "cookies": 0,
            "fingerprinting": 0,
            "subdomains": [
                "api"
            ],
            "apis": {},
            "sites": 2,