{
    "domain": "goaffpro.com",
    "owner": {},
    "source": [
        "DuckDuckGo-US"
    ],
    "prevalence": 0.000745,
    "sites": 109,
    "subdomains": [
        "api",
        "static",
        "api2"
    ],
    "cnames": [],
    "fingerprinting": 1,
    "resources": [
        {
            "rule": "goaffpro\\.com\\/loader\\.js",
            "cookies": 0.0000137,
            "fingerprinting": 1,
            "subdomains": [
                "api"
            ],
            "apis": {
                "Document.cookie getter": 52,
                "window.sessionStorage": 11,
                "Date.prototype.getTime": 2,
                "Document.cookie setter": 2,
                "window.localStorage": 8,
                "Navigator.prototype.userAgent": 1
            },
            "sites": 66,
            "prevalence": 0.000451,
            "cnames": [],
            "responseHashes": [
                "437b61b8538745661e7da40826f541e328d0cfc750d4b450564e5f7fa63622c7",
                "a7fc40da317f1681ce2d9ebafa34c3d2a71e6d056f266f652fe88d7fbcd9968b",
                "baf2023184226d9228bf08aa924bdb41781495e115473e602995d792a1ad40fc",
                "032f5560b8c7d342f8d1ac75b01646d1206307b24a5bd092055be7032d03fdb2",
                "7846d0dbe32e716ab597ff790f2fc041ce3a1f66f0e003865b7fca6be7a711d0",
                "e722dfda03f33b6df601a11bb42f232246b4db10c68a8da8f189e6b1a39943f5",
                "acfac12fb6574a140870284b88b49e23b044d83cad488df104b1b490428187a3",
                "9e37b6349bc400fb8afec17d0cc716e249cb37d92de3442b5188b6e494ea6d9d",
                "cf758c2444f606e4f17a5b84551386c6d954228d53bf15dc71ad660644838c3d",
                "b7b05223fe5f971ecc030eb8f71c865d944a68f3426894585b23cdbca1c43088",
                "5629d917d268aef12a02f7d9517994d47bd6eb73e49bd148fc4e5ec5ad9b51ff",
                "a2951ebcf6d5aa0eec16b8f75ac9d5d830ab41dac2dd7a37bd498a28c0f5135e",
                "7e45e1a88634babce941c269d82b659b095215d13146e66585ac3c6ba54b529a",
                "c44c59978da10fe0b42d27ba23e997c347ff65e192bb7e78e82ec74a5b6255c0",
                "785408a5ed72b482498bdd94a17260d75421e32274c3b99e08d7e0d7d9fa485a",
                "11767b27ce9eacd073d18468f7c126652884e6c497af1ca401d2d8b4666ce626",
                "f2496dbd98996637b840abd92ced6f1d0929e59ca53e5641c1de072e810b0187",
                "da9f3e88c6840362aacb186eefb17d86b20cefeb071e21a7239c4ffcf0baab2b",
                "97264e3592496d01a7ba3ac8f931d2314d4bc230f6d0afeb6d4ecab7bde28d92",
                "c56e8811e72eb25b244177551631d711220b152301e9a572e7e110f5a1c248b5",
                "ba0998f0ef05d41af5e02dab3da30aa78c083e263c78504d588ae1107a919d8c",
                "6b8d4160582005e15650e5736a810b0a5c4311714cff7fa5a995bab92a68de76",
                "84ce1f2e9240735c426549f985e2c36ea25de12ae1a5d63de110081b3c8a7a23",
                "1a44626c319b8cc34ad915aa76a7e1b36be8c454e81b7b7dd464e5f6667a485a",
                "49aed61430ddfe17be79186227b50b75bdd36760b1e25aea9529eacc80f2c2b5",
                "66c064514ed8e38e0bfcf0adb489e4343c01bef88f2e9cc8dd27a3b081e2ff99",
                "78567e7da3d5d67f359ef12d7695e0fa44971ca1c4817de13e754c1991c9a3f9",
                "f1044fa84706558126e83096a57752ae0cfb9af3c6d790c21d81e01c334aa1bd",
                "5e2f5b57402657232eea34a1bfcded1a4562d17c773f76edb59ffc57dd0c3143",
                "925da2abf3183707d50b3ae9145607facd821cd173f1fa5185d9b750d11bca07",
                "908044667565659565bcb85e1278b7c7401e901fda532fa6cb1219f426bca25a",
                "8320b9a3b13268b940ae6803cb15cfea5d73e4f08519cccc45e649510e8ac62b",
                "6926c7f8661cb94e07842f1dd928363ccdbca70982835bfd74727fd8292b2e38",
                "40ec905df325ed7a5fdb3f22958abb3ddab5aefc78e236c90b03634c2a64d526",
                "c61a6923545c709e9a30fc7dd7fde3e3bb362e38b14bf015380f58df9b0c04b4",
                "a01305b78c96e23f0ef681adca3bc74848b3ae92fa61b135db37e497387a4aad",
                "501bf48e2925ca8726b2baeb58849fa3363ec674b9c87f381f49d67cbb6dd29a",
                "bd7427fb26df55127dba2fdaef7a99265b02677ff225381954055dd339add098",
                "e496fdfffd3ac25bb0fd7a3ff2e4115cf7a814eb58ba69c01babf184dbb628b7",
                "e3b0c44298fc1c149afbf4c8996fb92427ae41e4649b934ca495991b7852b855",
                "074616408f4950cddb302e217a2a9499cd322a931ccdcd9d2e5d843373433489",
                "704b1e8ad4c71b7d27f79cdbe8aa5c0bbf27f8ee26d290d7d1881717f2f9413c",
                "2f3aee7f79097d58806f10475bab22b563ae7b49ff00dad5271d04ee482ac532",
                "5e3aad6251608aff73c74ef47fa3fcbed10d8bf7e5eede909a4d7e8a820519bd",
                "0f49c01deba5d7fa46ee08f0f7a939ca96c4933f37a81ee698975ea1ad6fd8a7",
                "acf1357fd34523bf7f28894afec542a785a3babfed20956263b25d0e40de96f4",
                "f289bfac31dd5ad07d90b42ffd49f21ff93b371ef1d8aa2c2aa797b82ad9f773",
                "1bdc9c056cfd1bfb3e1db49ec6d4cd447de88a91e41552a5f3c2805b99aaa3be",
                "d29e58be4b5300f229eebcb4d02835dfae88aa6fed18b243b793bde692619c91",
                "faaba5dd184dbfd2fb7e052492465f48577e2b8f9c9140de0dfc523ca6b22a5d",
                "ca0e83b2a267ee962b35547f18ed486e74f6edc35e519c87fba94d3c650dca16",
                "30dfa582976be359b0ecc47b4eec100b02d79ad500eff01dbf4577f7771a485a",
                "833595f993db21c9be00fd15063e01b88df179218cab9ce51ed99f588b9a45d3",
                "10eeff5295785e487fcb2506092f8c1a64a41c85727cc27c84c9b7de2a61d16b",
                "4caafd28c7e6b6f46c8a4466fb3c70ba7c15bd92ce3c627634e6a2da1756b078",
                "f71d9afe2c788482010b048860bb05bccbbaed2170886a76d36505eb0541105a",
                "6481b17688470cda92db7e87547efefb0680fde0adeaa8f920e8e4831a740a72",
                "d569df826e13d57d0ae24325515da45ac2f8d2970917a7673bb36ffc6d8567bc",
                "9035bc0f3f7103b3261ce6ec7fac07b845c7de292008d093cfb948ed2820da1f",
                "c57d133a8900de11f205dd63925aebb9014d2228afca95da1b4efd5daaa22d02",
                "6dc270c74448d7be4706d376619810602f551c519dd48e21ce7141ea4e2fb14e",
                "28bd687a5ba180b11337c67b8117d275487c8524427a6299c97325d757edac45"
            ],
            "type": "Script",
            "firstPartyCookies": {
                "source": {
                    "ttl": 604803,
                    "length": 6,
                    "prevalence": 0.000006832001093120175,
                    "uniqueness": 1
                },
                "gfp_ref_expires": {
                    "ttl": 31536003,
                    "length": 13,
                    "prevalence": 0.000006832001093120175,
                    "uniqueness": 1
                },
                "ref": {
                    "ttl": 31536003,
                    "length": 7,
                    "prevalence": 0.000006832001093120175,
                    "uniqueness": 1
                }
            },
            "firstPartyCookiesSent": {},
            "exampleSites": [
                "reallyrightstuff.com",
                "www.dripworks.com",
                "www.denafrips.com",
                "www.shinesty.com",
                "whiteriverknives.com",
                "legacyfirearmsco.com",
                "www.binoidcbd.com",
                "www.creality.com",
                "www.marcypro.com",
                "www.tryunderbrush.com",
                "www.gesswein.com",
                "www.anarchyoutdoors.com",
                "www.rixoptics.com",
                "3dconnexion.com",
                "www.levyelectric.com",
                "rogerssportinggoods.com",
                "myupchar.com",
                "www.wdw-magazine.com",
                "tsoproducts.com",
                "www.flexfireleds.com"
            ]
        },
        {
            "rule": "goaffpro\\.com\\/cross-domain-sharing-innner-frame\\.html",
            "cookies": 0,
            "fingerprinting": 1,
            "subdomains": [
                "static"
            ],
            "apis": {
                "window.localStorage": 3
            },