{
    "domain": "good-trading.com",
    "owner": {},
    "source": [
        "DuckDuckGo-US"
    ],
    "prevalence": 0.000116,
    "sites": 17,
    "subdomains": [
        "ww-5",
        "ww-1",
        "ww3",
        "ww-7",
        "ww-4",
        "ww-3",
        "ww-9",
        "ww-8",
        "ww2",
        "ww-2"
    ],
    "cnames": [],
    "fingerprinting": 0,
    "resources": [
        {
            "rule": "good-trading\\.com\\/",
            "cookies": 0.000102,
            "fingerprinting": 0,
            "subdomains": [
                "ww-5",
                "ww-1",
                "ww3",
                "ww-7",
                "ww-4",
                "ww-3",
                "ww-9",
                "ww-8",
                "ww2"
            ],
            "apis": {},
            "sites": 15,
            "prevalence": 0.000102,
            "cnames": [],
            "responseHashes": [
                "dcf8c65a9a1152ab1096ae3c6e9a7b8d4cce25f93732c9b7ce595f441c7ba8fb",
                "4bcb7cf33c7ead8ce40afd4f2d52bb9c6fa4a1123c0ac4d3d55ccef69ad1d7c8",
                "582051b1963b7c64d315cb8638e0425c1e9bea67ee4e62f823b863b4b748cb90",
                "44320c8f28999c8e02bffcb8cadf31b473e744801a06e3dd9fc9051110b2b563",
                "620ff4a4b55ce112b6bedaea80b2f6070783581b23926b1fc453e5d17bcf5028",
                "5f0888e8a31ac3768ef0d397976e14ea66344dc89977b8624d2fdf6f94aaa4af",
                "994876a3fac08f2c0e7897a152f2589aa0eb722df5631dac2c0b063713d53548",
                "889288dd0e30974f01e4ce3645c29fbfb9a30bb3ed23974a14127860f7068a71",
                "4e0092232cca3c48d937b3d470e8277a1f034f7bb4672a6e2a1ab80df79fcf97",
                "5055acf2786c709c61fb86d53c022a48b0011532a91b86ba846ae7dc1e223942",
                "bb69132a920206cf804e9d2a61322c560969c0355d7996a501217329bb77ed43",
                "b7384032b83ce295194c67bc3e09978d18b8a259befcaf4b82cd479f9cb7bbf9",
                "b867993297cc9b1f531e03e2c139b78a8bbc32c7dbe3d4d42e8f48d959342dd6",
                "2fc0fdd9076944d4b93031e3509b60eddf76f105bada3afe5ab60dfeb2471278"
            ],
            "type": "Document",
            "firstPartyCookies": {},
            "firstPartyCookiesSent": {},
            "exampleSites": [
                "abjav.com",
                "abxxx.com",
                "gettranny.com",
                "hdzog.com",
                "hotmovs.com",
                "inporn.com",
                "javdaddy.com",
                "m.porn555.com",
                "thegay.porn",
                "transtxxx.com",
                "txxx.com",
                "voyeurhit.com",
                "www.javbangers.com",
                "www.whoreshub.com",
                "xmilf.com"
            ]
        },
        {
            "rule": "good-trading\\.com\\/images\\/logo\\.png",
            "cookies": 0,
            "fingerprinting": 0,
            "subdomains": [
                "ww-8",
                "ww3",
                "ww-7",
                "ww-4",
                "ww-3",
                "ww-5",
                "ww-2",
                "ww2"
            ],
            "apis": {},
            "sites": 15,
            "prevalence": 0.000102,
            "cnames": [],
            "responseHashes": [
                "d5ebc461b046be0d0070222075c16121d70b9ddf0b2bc898cd5ceec92a302520"
            ],
            "type": "Image",
            "firstPartyCookies": {},
            "firstPartyCookiesSent": {},
            "exampleSites": [
                "abjav.com",
                "abxxx.com",
                "gettranny.com",
                "hdzog.com",
                "hotmovs.com",
                "inporn.com",
                "javdaddy.com",
                "m.porn555.com",
                "thegay.porn",
                "transtxxx.com",
                "txxx.com",
                "voyeurhit.com",
                "www.javbangers.com",
                "www.whoreshub.com",
                "xmilf.com"
            ]
        },
        {
            "rule": "good-trading\\.com\\/cdn-cgi\\/scripts\\/5c5dd728\\/cloudflare-static\\/email-decode\\.min\\.js",
            "cookies": 0,
            "fingerprinting": 0,
            "subdomains": [
                "ww-8",
                "ww3",
                "ww-7",
                "ww-4",
                "ww-3",
                "ww-5",
                "ww-2",
                "ww2"
            ],
            "apis": {},
            "sites": 15,
            "prevalence": 0.000102,
            "cnames": [],
            "responseHashes": [
                "2595496fe48df6fcf9b1bc57c29a744c121eb4dd11566466bc13d2e52e6bbcc8"
            ],
            "type": "Script",
            "firstPartyCookies": {},
            "firstPartyCookiesSent": {},
            "exampleSites": [
                "abjav.com",
                "abxxx.com",
                "gettranny.com",
                "hdzog.com",
                "hotmovs.com",
                "inporn.com",
                "javdaddy.com",
                "m.porn555.com",
                "thegay.porn",
                "transtxxx.com",
                "txxx.com",
                "voyeurhit.com",
                "www.javbangers.com",
                "www.whoreshub.com",
                "xmilf.com"
            ]
        }
    ],
    "categories": [],
    "performance": {},
    "cookies": 0.000116,
    "topInitiators": [
        {
            "domain": "ad-good.com",
            "prevalence": 1
        }
    ],
    "types": {
        "Document": 15,
        "Image": 15,
        "Script": 15
    },
    "nameservers": [
        "emely.ns.cloudflare.com",
        "dante.ns.cloudflare.com"
    ]
}