{
    "domain": "granify.com",
    "owner": {
        "name": "Granify Inc.",
        "displayName": "Granify"
    },
    "source": [
        "DuckDuckGo-US"
    ],
    "prevalence": 0.000301,
    "sites": 44,
    "subdomains": [
        "cdn",
        "matching"
    ],
    "cnames": [],
    "fingerprinting": 2,
    "resources": [
        {
            "rule": "granify\\.com\\/assets\\/javascript\\.js",
            "cookies": 0.000082,
            "fingerprinting": 2,
            "subdomains": [
                "cdn"
            ],
            "apis": {
                "Navigator.prototype.userAgent": 24,
                "window.localStorage": 24,
                "Date.prototype.getTime": 24,
                "window.innerHeight": 19,
                "window.innerWidth": 19,
                "Date.prototype.getTimezoneOffset": 19,
                "PerformanceTiming.prototype.navigationStart": 19,
                "WebGLRenderingContext.prototype.getExtension": 19,
                "WebGLRenderingContext.prototype.getParameter": 19,
                "Document.cookie getter": 17,
                "Document.cookie setter": 12,
                "window.sessionStorage": 1
            },
            "sites": 28,
            "prevalence": 0.000191,
            "cnames": [],
            "responseHashes": [
                "1183d72bd7a72096fc24d988357c440f1ae189f6fd11e1712e918af0bc5c737f",
                "1365254ec8ab21853738a947c3297e7bcb09f3284e640308323dbb371d060c89",
                "580deec07358dc7d9d1b917e0e94642235784c2c57f9891b7123ef9e8da0b286",
                "65b5d2f75a06d17c5ca57ea1291d0034ec18f488910151ae4b094d9cf6564ee9",
                "27f8c50ae9c1a2903cff70601a670b0c2cdac823d7d8065eb1a3544c858034a4",
                "f2091655a058c73d529e43f4c96afed65c817262b14dbb6e7c11481949345a09",
                "ac018be34c13c8a1ad801e85e3631a3ae193bf2213f342988fe836136d5cd42c",
                "6c26441efb12b24ba79fba1b6e3be3f3677c3413555cb94b00243abaf5c8e851",
                "f0d91f4e7812da94e6aa61a1dbac813c302183a070df62a0d5e382396453c672",
                "388cbbdb112cf841d0170ec9786e3edc1522c8250fa853b066ac19c203e3e0df",
                "ad8e364d23565616ec15b8368d6da154a551e964e6c41919a5234dd29ed08f36",
                "4c2fea8c72f7b3057f9cbc5f29bfbba01df7b1658b96dbdc414511dca8678755",
                "d90286d2f529111adf5a5734c97104f906e5e4da6aaa53254a91ac4c3ea8339a",
                "dffa4bc6ed906de979285145c55798695cb06cd6afe926eb899b2ca0011253e3",
                "c32728e5f0be733657cab00c08b34f13761afa8f8f4abecaf6d89b183aaae443"
            ],
            "type": "Script",
            "firstPartyCookies": {
                "granify.uuid": {
                    "ttl": 157680009,
                    "length": 36,
                    "prevalence": 0.0000819840131174421,
                    "uniqueness": 1
                },
                "granify.session.BpFfW": {
                    "ttl": 157680014,
                    "length": 2,
                    "prevalence": 0.00001366400218624035,
                    "uniqueness": 0.5
                },
                "granify.new_user.BpFfW": {
                    "ttl": 157680009,
                    "length": 4,
                    "prevalence": 0.00001366400218624035,
                    "uniqueness": 0.5
                },
                "granify.session.1402": {
                    "ttl": 157680029,
                    "length": 2,
                    "prevalence": 0.000006832001093120175,
                    "uniqueness": 1
                },
                "granify.new_user.1402": {
                    "ttl": 157680019,
                    "length": 4,
                    "prevalence": 0.000006832001093120175,
                    "uniqueness": 1
                },
                "granify.session.Fe7eW": {
                    "ttl": 157680033,
                    "length": 2,
                    "prevalence": 0.00001366400218624035,
                    "uniqueness": 0.5
                },
                "granify.new_user.Fe7eW": {
                    "ttl": 157680011,
                    "length": 4,
                    "prevalence": 0.00001366400218624035,
                    "uniqueness": 0.5
                },
                "granify.session.ddmhm": {
                    "ttl": 157680027,
                    "length": 2,
                    "prevalence": 0.00001366400218624035,
                    "uniqueness": 0.5
                },
                "granify.new_user.ddmhm": {
                    "ttl": 157680014,
                    "length": 4,
                    "prevalence": 0.00001366400218624035,
                    "uniqueness": 0.5
                },
                "granify.session.nJpuD": {
                    "ttl": 157680018,
                    "length": 2,
                    "prevalence": 0.00001366400218624035,
                    "uniqueness": 0.5
                },
                "granify.new_user.nJpuD": {
                    "ttl": 157680011,
                    "length": 4,
                    "prevalence": 0.00001366400218624035,
                    "uniqueness": 0.5
                },
                "granify.session.1447": {
                    "ttl": 157680013,
                    "length": 2,
                    "prevalence": 0.000006832001093120175,
                    "uniqueness": 1
                },
                "granify.new_user.1447": {
                    "ttl": 157680008,
                    "length": 4,
                    "prevalence": 0.000006832001093120175,
                    "uniqueness": 1
                },
                "granify.session.1245": {
                    "ttl": 157680025,
                    "length": 2,
                    "prevalence": 0.000006832001093120175,
                    "uniqueness": 1
                },
                "granify.new_user.1245": {
                    "ttl": 157680020,
                    "length": 4,
                    "prevalence": 0.000006832001093120175,
                    "uniqueness": 1
                },
                "granify.session.X9o4Q": {
                    "ttl": 157680013,
                    "length": 2,
                    "prevalence": 0.000006832001093120175,
                    "uniqueness": 1
                },
                "granify.new_user.X9o4Q": {
                    "ttl": 157680008,
                    "length": 4,
                    "prevalence": 0.000006832001093120175,
                    "uniqueness": 1
                }
            },
            "firstPartyCookiesSent": {},
            "exampleSites": [
                "oldnavy.gapcanada.ca",
                "bananarepublic.gapcanada.ca",
                "www.gapcanada.ca",
                "www.gapfactory.com",
                "hsn.com",
                "www.ballarddesigns.com",
                "www.janieandjack.com",
                "belk.com",
                "athleta.gap.com",
                "www.qvc.com",
                "www.kendrascott.com",
                "kendrascott.com",
                "www.gap.com",
                "gap.com",
                "bananarepublicfactory.gapfactory.com",
                "www.belk.com",
                "www.alibris.com",
                "gapfactory.com",
                "lenovo.com",
                "www.express.com"
            ]
        },
        {
            "rule": "granify\\.com\\/match",
            "cookies": 0,
            "fingerprinting": 0,
            "subdomains": [
                "matching"
            ],
            "apis": {},
            "sites": 21,
            "prevalence": 0.000143,
            "cnames": [],