{
    "domain": "groovinads.com",
    "owner": {},
    "source": [
        "DuckDuckGo-US"
    ],
    "prevalence": 0.0000888,
    "sites": 13,
    "subdomains": [
        "ads01"
    ],
    "cnames": [],
    "fingerprinting": 1,
    "resources": [
        {
            "rule": "groovinads\\.com\\/grv\\/track\\/bhpx\\.os",
            "cookies": 0,
            "fingerprinting": 1,
            "subdomains": [
                "ads01"
            ],
            "apis": {
                "window.localStorage": 11
            },
            "sites": 11,
            "prevalence": 0.0000752,
            "cnames": [],
            "responseHashes": [
                "bee66e268d29370d213c716770c75fdac57d17bf38b16f395bca29f1521e2db8",
                "f97348ae7cd94f53554e284d09d742c3987d89afe85ff155b3a3f2a896f24eb2",
                "e3a817d4bc8ae3937a865e211c69cd97d8aed37cff2e3ddd7cdacf40b3870886",
                "02b0da76bf1221b189737a37116381889e46ec2993704b4daa7ca62a876eaea2",
                "b88d9669088449dc104be6ffa40142e3f9d1acc3308dece1e45f5a7d064bb436",
                "c3d84e8ebf0bdd36ec3a32ad9d6fb5fdb6feecc5df4d78a79ed6da68254a6e10",
                "9247708147b88fc061cae1d8ce5ccbf31670880c6b327b685f01aed01ce95acf",
                "d09b58012815dd3fd2282ee16f72a8d9694b75fcff944be7d9240a84fca9b875",
                "9e4a3c5079136a0718e8be60a195aed0bb29c1c70c672980c443c7dec280cab4"
            ],
            "type": "Script",
            "firstPartyCookies": {},
            "firstPartyCookiesSent": {},
            "exampleSites": [
                "1791gunleather.com",
                "www.argenprop.com",
                "www.carrefour.com.ar",
                "www.chedraui.com.mx",
                "www.copaair.com",
                "www.elpalaciodehierro.com",
                "www.fravega.com",
                "www.homedepot.com.mx",
                "www.liverpool.com.mx",
                "www.localiza.com",
                "www.movistar.com.ar"
            ]
        },
        {
            "rule": "groovinads\\.com\\/\\/grv\\/track\\/bhpx\\.os",
            "cookies": 0.0000547,
            "fingerprinting": 1,
            "subdomains": [
                "ads01"
            ],
            "apis": {
                "window.localStorage": 9,
                "Document.cookie getter": 8
            },
            "sites": 10,
            "prevalence": 0.0000683,
            "cnames": [],
            "responseHashes": [
                "fa3913d002fb36063b1fb4dcdfd76accf5ab612621cf3ab9c1d79fb8cf2674ee",
                "6fac768e0d6a96979644be9b2e5f3e66df3a79cd23f122f7d10535e804b12db3",
                "aa6b7966b04c6d1ca403cec6e4f228e74aeb20939cc223febd789484b488f6ee",
                "8f2b67f46c39975cd5b45ceedaafc548e2bd5e486e4310bb3e823b66575ea82e",
                "ac17f129032c78bad42c139bd78713b08aca77dd81fef224281a41fbd15e3b8e",
                "e7b6fb49c040a70a76783515faaf985d96cd34df8848dbea44fc970853d2ec11",
                "4b85e218984517735f024a0d57b4b954956e7a3ec51a328b6557eea3e08f9f44",
                "be3977dcc28e6deae8fd7d987c36aea8eb6a900b5aa9a929251dac0e8152a58e"
            ],
            "type": "Script",
            "firstPartyCookies": {},
            "firstPartyCookiesSent": {},
            "exampleSites": [
                "argenprop.com",
                "www.carrefour.com.ar",
                "www.chedraui.com.mx",
                "www.copaair.com",
                "www.elpalaciodehierro.com",
                "www.fravega.com",
                "www.homedepot.com.mx",
                "www.liverpool.com.mx",
                "www.localiza.com",
                "www.movistar.com.ar"
            ]
        },
        {
            "rule": "groovinads\\.com\\/grv\\/track\\/cm\\.os",
            "cookies": 0.0000615,
            "fingerprinting": 0,
            "subdomains": [
                "ads01"
            ],
            "apis": {},
            "sites": 10,
            "prevalence": 0.0000683,
            "cnames": [],
            "responseHashes": [
                "d346801abbf9bb4e9e9a055239053d4ab5596514304f601a6c70604187acb744"
            ],
            "type": "Image",
            "firstPartyCookies": {},
            "firstPartyCookiesSent": {
                "_ga": 0.00006832001093120175
            },
            "exampleSites": [
                "argenprop.com",
                "www.argenprop.com",
                "www.carrefour.com.ar",
                "www.copaair.com",
                "www.elpalaciodehierro.com",
                "www.fravega.com",
                "www.homedepot.com.mx",
                "www.liverpool.com.mx",
                "www.localiza.com",
                "www.movistar.com.ar"
            ]
        },
        {
            "rule": "groovinads\\.com\\/grv\\/track\\/bhpx\\.os",
            "cookies": 0,
            "fingerprinting": 0,
            "subdomains": [
                "ads01"
            ],
            "apis": {},
            "sites": 3,
            "prevalence": 0.0000205,
            "cnames": [],
            "responseHashes": [
                "e3b0c44298fc1c149afbf4c8996fb92427ae41e4649b934ca495991b7852b855"
            ],
            "type": "Image",
            "firstPartyCookies": {},
            "firstPartyCookiesSent": {},
            "exampleSites": [
                "bancolombia.com",
                "www.bancolombia.com",
                "www.movistar.com.ar"
            ]
        },
        {
            "rule": "groovinads\\.com\\/grv\\/track\\/px\\.os",
            "cookies": 0.0000137,
            "fingerprinting": 0,
            "subdomains": [
                "ads01"
            ],
            "apis": {},
            "sites": 2,
            "prevalence": 0.0000137,
            "cnames": [],
            "responseHashes": [
                "e3b0c44298fc1c149afbf4c8996fb92427ae41e4649b934ca495991b7852b855"
            ],
            "type": "Image",
            "firstPartyCookies": {},
            "firstPartyCookiesSent": {},
            "exampleSites": [
                "bancolombia.com",
                "www.bancolombia.com"
            ]
        },
        {
            "rule": "groovinads\\.com\\/grv\\/track\\/bhpx\\.os",
            "cookies": 0,
            "fingerprinting": 1,
            "subdomains": [
                "ads01"
            ],
            "apis": {
                "window.localStorage": 3
            },
            "sites": 3,
            "prevalence": 0.0000205,
            "cnames": [],
            "responseHashes": [
                "e3b0c44298fc1c149afbf4c8996fb92427ae41e4649b934ca495991b7852b855"
            ],
            "type": "Fetch",
            "firstPartyCookies": {},
            "firstPartyCookiesSent": {},
            "exampleSites": [
                "carrefour.com.ar",
                "www.carrefour.com.ar",
                "www.chedraui.com.mx"
            ]
        },
        {
            "rule": "groovinads\\.com\\/\\/grv\\/track\\/bhpx\\.os",
            "cookies": 0.0000205,
            "fingerprinting": 1,
            "subdomains": [
                "ads01"
            ],
            "apis": {
                "window.localStorage": 2,
                "Document.cookie getter": 1
            },
            "sites": 3,
            "prevalence": 0.0000205,
            "cnames": [],
            "responseHashes": [
                "e3b0c44298fc1c149afbf4c8996fb92427ae41e4649b934ca495991b7852b855"
            ],
            "type": "Fetch",
            "firstPartyCookies": {},
            "firstPartyCookiesSent": {},
            "exampleSites": [
                "carrefour.com.ar",
                "www.carrefour.com.ar",
                "www.chedraui.com.mx"
            ]
        },
        {
            "rule": "groovinads\\.com\\/grv\\/track\\/idu\\.os",
            "cookies": 0,
            "fingerprinting": 0,
            "subdomains": [
                "ads01"
            ],
            "apis": {},
            "sites": 9,