{
    "domain": "grxchange.gr",
    "owner": {},
    "source": [
        "DuckDuckGo-US"
    ],
    "prevalence": 0.000164,
    "sites": 24,
    "subdomains": [
        "x"
    ],
    "cnames": [],
    "fingerprinting": 0,
    "resources": [
        {
            "rule": "grxchange\\.gr\\/ads",
            "cookies": 0.000164,
            "fingerprinting": 0,
            "subdomains": [
                "x"
            ],
            "apis": {},
            "sites": 24,
            "prevalence": 0.000164,
            "cnames": [],
            "responseHashes": [
                "9c09a386ae7bf173977c983ad24c468c0c0a0928ac44831cb55843de1915b357",
                "5ff65884c18f238421f88ea693f2418506a5176853411072476379c55402a70b",
                "56edcd46cc183db7db8211410b8bc602af999b7d79b29003b4b82f4618226fcd",
                "78602d7ba53e07ef07e9d1b8a9d132cd48743c3a33654b3a855d265c1d132209",
                "f64e3dfdce4f642ba8460924188edbc3623c9af8dd536578a151d4298b01bdda",
                "3f59de544c0905f819cd778836d7e82af8c939121f20550622914d81f27c1561",
                "7b54e9ce3a4e482bad73ad9b9b08a1ad257b17aa50f3b09cc42c75f73ab15235",
                "3f272df10bd769a3082a8798f4800ae80b9956c9f3595478d58f5f417483a89c",
                "bca16fe865f24b97fbac67e265e9e0a911c6ea8eb26a93bfa7de5e0ad7d68486",
                "779653f2a0cbdab34adab25a62915be0d9233a27d9d31db038cdbbe711a63d66",
                "fd2ac7f2992b5df53d2b6a3bfc3f45ae0f8dfe18c73a24f889ded571d52ab114",
                "7461bbbbd32b004e9fda4815a9934b0341affe2d3f2cbdfd508efcc11f0b5816",
                "e751de9517f90f7eff7678305d4fe0e99438518a9b9c9806ed01807b2fa2e5a3",
                "50be4aea9375c5c93a6f6c5d3fa3b8ff72ee6e535c20e06872e9d35f46d1f219",
                "84b8369f6cb60ce4107cacf6f14b0025579790ae72d78f03bde57a611864ea5c",
                "18625e9a2ab5b26463099e1a281f69ee5206ea9db59eda59c158166ce3a86e9c",
                "ff95122aa390e79cb6b0375d611e7f42efd0fd6732fc19d97d33ce950681d04a",
                "8ae92ae967ab5c53e563442b74911a472238396d765031615eac7a7e32c51d93",
                "d9efa714c1ef96a6978d804cbc596325cb7cf5c14ce9026739898cf755e6588a",
                "8debc086141467d5cb4c5007c014c39550fcb7c0e1919972221c52e06317dd27",
                "977214a53b51efa85c00de95133ce777dd9dd35a7d9b18837985a724ad663674",
                "5e13a7fab09968965893f5c7bd325719d48960b6bca4b851be7b35f07efdf0db",
                "9aaa3b513016b4c792e64b26109adefeeeabba5030428cf69904156ce350bf5a"
            ],
            "type": "Fetch",
            "firstPartyCookies": {},
            "firstPartyCookiesSent": {
                "lotame_domain_check": 0.00006148800983808158,
                "cookies.js_dtest": 0.00001366400218624035,
                "parsely_uuid": 0.00001366400218624035
            },
            "exampleSites": [
                "www.gazzetta.gr",
                "www.skai.gr",
                "www.newsit.gr",
                "www.alphatv.gr",
                "www.sport24.gr",
                "www.capital.gr",
                "www.tanea.gr",
                "akispetretzikis.com",
                "www.sdna.gr",
                "www.news247.gr",
                "www.zougla.gr",
                "www.lifo.gr",
                "www.car.gr",
                "www.antenna.gr",
                "www.sport-fm.gr",
                "www.iatropedia.gr",
                "www.athensmagazine.gr",
                "www.thetoc.gr",
                "www.athinorama.gr",
                "www.dnews.gr"
            ]
        }
    ],
    "categories": [],
    "performance": {},
    "cookies": 0.000164,
    "topInitiators": [
        {
            "domain": "adman.gr",
            "prevalence": 0.8333333333333334
        },
        {
            "domain": "first party",
            "prevalence": 0.06944444444444445
        },
        {
            "domain": "azureedge.net",
            "prevalence": 0.05555555555555555
        },
        {
            "domain": "imasdk.googleapis.com",
            "prevalence": 0.041666666666666664
        }
    ],
    "types": {
        "Fetch": 24
    },
    "nameservers": [
        "dnsdt.phaistosnetworks.gr",
        "onderon.phaistosnetworks.gr",
        "phaistos.phaistosnetworks.gr"
    ]
}