{
    "domain": "hatenaapis.com",
    "owner": {},
    "source": [
        "DuckDuckGo-US"
    ],
    "prevalence": 0.0000956,
    "sites": 14,
    "subdomains": [
        "bookmark"
    ],
    "cnames": [],
    "fingerprinting": 0,
    "resources": [
        {
            "rule": "hatenaapis\\.com\\/count\\/entry",
            "cookies": 0,
            "fingerprinting": 0,
            "subdomains": [
                "bookmark"
            ],
            "apis": {},
            "sites": 13,
            "prevalence": 0.0000888,
            "cnames": [],
            "responseHashes": [
                "83beb41af16f8616df82bac9e2934c7d2e58fdf2baeecb488a969da60ad39bfd",
                "edb92f8c852131416f65670330045e68313ca02c2733ee82855509dcd7ac91a6",
                "54906e32091b4db66e554fadd76ceb12688a75818edb715c83f3516a48f10d52",
                "d9fcefd7174ce4c338686fea8f96301f3d5372d5fe3f27fce69c0926605ea5db",
                "f5edbd9e6d03e1aa68ff9101a57254572f4636167f9351ad041639ecdc8fba0b",
                "fb28ad888fff4139fd42e12d2b8d01fd4f4eed7927d75ff18b2aebe54daf18ae",
                "f7d919a2eab2b9f8397c6d106d5ea83034b400dc165c46bf14aee283c3cfaa8c",
                "0f7dab62fcb749672dfcd9a949edf11c373903049db0b9e63d6a350f9be71cbe",
                "099033d6bc63b5392f670202a7e9ab6b7d6f5f473eea83ea49258a0882683640",
                "eb8b5f147ba1d403da9cc4e3eff8bb7532390b641b958869709ae807a6292696",
                "37f52aa5fdab81545c8ccde6c7d3a10d763650e4dbbc4f0ee3a43d3a88f79800",
                "8367be70fbf3946e2a6aefd2a2c134ed4b0f4b3d49cefe8c176518ffc01000d6"
            ],
            "type": "Script",
            "firstPartyCookies": {},
            "firstPartyCookiesSent": {},
            "exampleSites": [
                "bunshun.jp",
                "crystalmark.info",
                "furunavi.jp",
                "gendai.media",
                "happymail.co.jp",
                "hugkum.sho.jp",
                "kuruma-news.jp",
                "limo.media",
                "manekai.ameba.jp",
                "mognavi.jp",
                "president.jp",
                "roomclip.jp",
                "withnews.jp"
            ]
        }
    ],
    "categories": [],
    "performance": {},
    "cookies": 0,
    "topInitiators": [
        {
            "domain": "first party",
            "prevalence": 0.6470588235294118
        },
        {
            "domain": "ajax.googleapis.com",
            "prevalence": 0.17647058823529413
        },
        {
            "domain": "ismcdn.jp",
            "prevalence": 0.058823529411764705
        },
        {
            "domain": "jquery.com",
            "prevalence": 0.058823529411764705
        },
        {
            "domain": "geoedge.be",
            "prevalence": 0.058823529411764705
        }
    ],
    "types": {
        "Script": 13
    },
    "nameservers": [
        "ns-1853.awsdns-39.co.uk",
        "ns-426.awsdns-53.com",
        "ns-819.awsdns-38.net",
        "ns-1161.awsdns-17.org"
    ]
}