{
    "domain": "haugiteejoke.net",
    "owner": {},
    "source": [
        "DuckDuckGo-US"
    ],
    "prevalence": 0.000362,
    "sites": 53,
    "subdomains": [],
    "cnames": [],
    "fingerprinting": 2,
    "resources": [
        {
            "rule": "haugiteejoke\\.net\\/",
            "cookies": 0.000253,
            "fingerprinting": 0,
            "subdomains": [],
            "apis": {},
            "sites": 41,
            "prevalence": 0.00028,
            "cnames": [],
            "responseHashes": [
                "38b15393970d2eae5fcc24f21bf4a496341f640436dba0b3262ddffd295a5475",
                "ca30c0648cd35d593a684ce5585369743fcacfe9484113cdef4cb3c69567ba2f",
                "e7b9032e4980c6ea3b978c99ce5984622d98e83b989799a32827c83a50f34dd1",
                "6863db4ea50ecc82632c5bbb879fc29bfe6a2f674ae3a5d388466eb3e62eaa53",
                "b40052ab0cd4fcfa41b0e3a48d4c7efe67a8d92972efd01244ed4deb66e216be",
                "f30e3ac9c1b6c63473290dd0f85b598148e7ce49954f97d7a98d2b6f8c22be8c",
                "f45bb3e283cfeae118a8d124a9adfd6c61ed35e5caa8a7c9426e043f1a2e2394",
                "a3471dbf8714cf2aeced0300c60d82e55ddf0cd8c1892066ac360500ecf02647",
                "649f9f715e17e66af937f3037f0b3dc80c71b268b2a4e018f48849d65f465cd4",
                "fa0ea512ad8b45713967d934435ab4853a27f728162b3f10f9ce2e86cf2a2bf6",
                "67a15a6688aeb1af8f50351b0bd657de4c02651541bb783ec0c626bcd38437ec",
                "9e74fa3bef7b13f0d42f69dddb9fbe760d1186acd8babfe55fc9ca575228b373",
                "d981e1a0d1c15a45c7415fc53490dc84df9b421793df1d77e0fe0f8f540517ec",
                "b09ef3469ce64b67b2e8c0d5f1757c51ae8b83c2240d6fdaadf55a7ebe591451",
                "0d6f178b4fa1b421660ac84f5189c9925946378dbe642a8746465ff7c8ebc318",
                "cbb8552a7fe5933e931224ae3f83d7e6207bc5022cfb384b6d9630eb78b7cbe0",
                "6974f1024bf6cac792dabbf26fb13fd1725beb5e9a096baae28792514d6035c1",
                "f0606204862f3cb7e1f5a542685d89d668873d4aebb179d325ffbfa6e7ea0850",
                "753a36e127fba00bf36395e4937823216c3490799ac4538d3075f6f7e4de3743",
                "f3f82244ca7a382a13b0e1d819c0cda51b1cdf6d221fa8744d0460d6ff82c458",
                "efb15ba7e9e4aa48d43bae98c08fe455db8780e2545c875e81e4fc68372d37cf",
                "cc69326f119a6fd91f49a86263faeff0e43d1748f6d87561099f97619581b5c2",
                "8332d687f6f618e164a68e14510e063497a0d659fc8827b2d279d191eba58236",
                "5838ef08116d2c8729cb92bc74c0dc61b94331199903227f452181e6902ecfea",
                "3792c2c28f95cd2a5b42e171b8e0ee1f4f2439c2262477035362bea03f30e505",
                "8033eecfe2a71529020dc8dc387a3bfa34e99d1273523381595b1b7da3b4edac",
                "3c1c8d4fdd49552a8a451bb2b1bb2237a084938b7ff90317b68ce1b79bfac037",
                "99ea9fb02fec4c691acd7c6a96fa6e6ec44fd882e392153294b3a5189232af5b",
                "77161fd89d00f13b93f2aa2dd526adfeb6d058dcac8bc1ce42f6fb32a1b5da75",
                "6325acb361788a0ddaef59d1fc0fc4ed131b60baed6944390c022e483087be2b",
                "9830671ce5bea00368e0148e4ce3bdaebe37e5a918ea152971b71c051b2850b2",
                "0f6e925f2b17bffa6704b931b157d8292dfb1463cc4b236c949052e4f5e24804",
                "6b7e03da2b4b72d24872879d0f1bb7baa0be3ab303a0a5037f280c21deeb35dc",
                "fc27e7a02c5f40c6d6adf3d3f7304a355eaea30ccd1ec9cf56f602cc9baf5146",
                "30cd2463490b440d28190906e5fd7fc642ae89ed7676ce0a93f2a23c1d5d60eb",
                "532537a8db8940b14685f40cf64694de741d084178065313e49ce516c9bff739"
            ],
            "type": "Fetch",
            "firstPartyCookies": {},
            "firstPartyCookiesSent": {
                "lotame_domain_check": 0.0001093120174899228,
                "c_ref_4764013": 0.00009564801530368245,
                "ref_url": 0.000020496003279360526
            },
            "exampleSites": [
                "bokepsin.beauty",
                "hornysimp.com",
                "bokepedia.rest",
                "linkbacol.website",
                "bato.to",
                "en.novelxo.com",
                "bokepmama.rest",
                "javtofu.com",
                "bokeptop.rest",
                "toketbagus.web.id",
                "toketbagus.cfd",
                "bokepbispak.fun",
                "goredb.com",
                "uptoword.com",
                "playbokep18.website",
                "wwv.m4ufree.live",
                "bokepcrot18.fun",
                "fsiblog.app",
                "kolambokep.web.id",
                "gogoanime.co.ba"
            ]
        },
        {
            "rule": "haugiteejoke\\.net\\/wrr",
            "cookies": 0.0000342,
            "fingerprinting": 0,
            "subdomains": [],
            "apis": {},
            "sites": 5,
            "prevalence": 0.0000342,
            "cnames": [],
            "responseHashes": [],
            "type": "Fetch",
            "firstPartyCookies": {},
            "firstPartyCookiesSent": {},
            "exampleSites": [
                "bato.to",
                "eroticfilm.tv",
                "wwv.m4ufree.live",
                "www.niadd.com",
                "www.novelcool.com"
            ]
        },
        {
            "rule": "haugiteejoke\\.net\\/5\\/8248844\\/",
            "cookies": 0.0000137,
            "fingerprinting": 0,
            "subdomains": [],
            "apis": {},
            "sites": 2,
            "prevalence": 0.0000137,
            "cnames": [],
            "responseHashes": [
                "8693cc6748816946fad549b17a67f1dc337f551e02eae9c0e90dbf40ad5d2a29"
            ],
            "type": "XHR",
            "firstPartyCookies": {},
            "firstPartyCookiesSent": {},
            "exampleSites": [
                "bestgore.fun",
                "goredb.com"
            ]
        },
        {
            "rule": "haugiteejoke\\.net\\/5\\/6285197\\/",
            "cookies": 0.000171,
            "fingerprinting": 0,
            "subdomains": [],
            "apis": {},
            "sites": 25,
            "prevalence": 0.000171,
            "cnames": [],