{
    "domain": "hexgator.com",
    "owner": {},
    "source": [
        "DuckDuckGo-US"
    ],
    "prevalence": 0.0000956,
    "sites": 14,
    "subdomains": [
        "bc",
        "ecwid"
    ],
    "cnames": [],
    "fingerprinting": 1,
    "resources": [
        {
            "rule": "hexgator\\.com\\/social-login\\/script\\.js",
            "cookies": 0.0000683,
            "fingerprinting": 0,
            "subdomains": [
                "bc"
            ],
            "apis": {},
            "sites": 10,
            "prevalence": 0.0000683,
            "cnames": [],
            "responseHashes": [
                "f0b1a7347acf9f847603038f5f422be23013b2acb57c0982d2838a583772be4f",
                "745344eafa5508de74b0b499fd0defb3a9148649c8f938557787f2539a9d0254",
                "03cffa856caeedb340c476a7c3e254a248ed128cb3aba6c1f3f1290e1e263012",
                "04280c281dac39020dcabfa269631bc1c281bfa250d4d676b809dc93ff3ed56d",
                "170890ba24f258b206e9ba0bc6ce2158136465f7cee86ae2ed33be923c0238a0",
                "8f66351239f02f5573a7d9845c3883a604a0bdc7f5315d48929f8247b781f662",
                "7b51d5cac60f070b27003f56911cfd93769a342dd9d83e2e199724f5e98bd6b7",
                "7e6b9aa4c08d92c320c20129b345aa2cda90730914e514f2428421e5d51b360d",
                "1bad2c664ed40ce6eeb319aa1dc70417e4fd6e7102cdcf2ee4ae33cfea079b6d"
            ],
            "type": "Script",
            "firstPartyCookies": {},
            "firstPartyCookiesSent": {},
            "exampleSites": [
                "bearpaw.com",
                "grandbrass.com",
                "gritroutdoors.com",
                "gritrsports.com",
                "ok4wd.com",
                "orthoticshop.com",
                "tulster.com",
                "www.anarchyoutdoors.com",
                "www.outdoorlimited.com",
                "www.plazajapan.com"
            ]
        },
        {
            "rule": "hexgator\\.com\\/js\\/social-login\\/widget\\.js",
            "cookies": 0,
            "fingerprinting": 1,
            "subdomains": [
                "ecwid"
            ],
            "apis": {
                "window.localStorage": 2
            },
            "sites": 2,
            "prevalence": 0.0000137,
            "cnames": [],
            "responseHashes": [
                "91ed086eee6088d249eb962f13ac07874d9764f2684d8382c50b291ca00bed4c"
            ],
            "type": "Script",
            "firstPartyCookies": {},
            "firstPartyCookiesSent": {},
            "exampleSites": [
                "laundrybasketquilts.com",
                "www.laundrybasketquilts.com"
            ]
        },
        {
            "rule": "hexgator\\.com\\/css\\/social-login\\/widget\\.css",
            "cookies": 0,
            "fingerprinting": 0,
            "subdomains": [
                "ecwid"
            ],
            "apis": {},
            "sites": 2,
            "prevalence": 0.0000137,
            "cnames": [],
            "responseHashes": [
                "f52308f15833281cc9dba76fb6b302bc4fd1c70a67f0e2662f52eb6b4e821d9d"
            ],
            "type": "Stylesheet",
            "firstPartyCookies": {},
            "firstPartyCookiesSent": {},
            "exampleSites": [
                "laundrybasketquilts.com",
                "www.laundrybasketquilts.com"
            ]
        }
    ],
    "categories": [],
    "performance": {},
    "cookies": 0.0000888,
    "topInitiators": [
        {
            "domain": "d34ikvsdm2rlij.cloudfront.net",
            "prevalence": 0.5714285714285714
        },
        {
            "domain": "first party",
            "prevalence": 0.42857142857142855
        }
    ],
    "types": {
        "Script": 12,
        "Stylesheet": 2
    },
    "nameservers": [
        "ns53.domaincontrol.com",
        "ns54.domaincontrol.com"
    ]
}