{
    "domain": "holid.io",
    "owner": {},
    "source": [
        "DuckDuckGo-US"
    ],
    "prevalence": 0.000171,
    "sites": 25,
    "subdomains": [
        "helloworld",
        "pbs-germany",
        "null",
        "ip",
        "ads"
    ],
    "cnames": [],
    "fingerprinting": 2,
    "resources": [
        {
            "rule": "holid\\.io\\/openrtb2\\/auction",
            "cookies": 0,
            "fingerprinting": 0,
            "subdomains": [
                "helloworld",
                "pbs-germany"
            ],
            "apis": {},
            "sites": 19,
            "prevalence": 0.00013,
            "cnames": [],
            "responseHashes": [
                "fc723bb030e9bc01832cb789ea4d0a54c432d3311070feacd35e8b03609daef3",
                "45d793786a6167783c6a4af5ff33b94248e4a44c6d4d02d4a0174ef3c5993e5a",
                "5196feb836c2dbb44e1b2a51dc28ec5735324ea8120daffa85b69d2078ab5056",
                "ddca0050e3b56bf5a8724894ca34207b1b6ca786d2424fc6570aefe1c455cc36",
                "9db9139aa011944cb5f69da419ed4957e7dcbd75eb204093fc8155eb069dd269",
                "4f6bc82e0e8219925fb727f0fd47a67baf76b15acc77ee9d3ab0d5fcbe6c2800",
                "61070b0d106e6f610d973a1482c607ce7539b5d4d67d6c43cdcdfe47bf0ce6c0",
                "452ed1bc7c33a1fcaf058c29be3018d14e6896dd7026a6132b7ff8d756ea9cf6",
                "43521fe3bf8b91c2b60b0ff544421735e2fa41888015ad59309bfd3a9b71ddb9",
                "1d389b81605cc1ab667f614dac8b07329fa98bb0dde7e884e11edecd537a8a5b",
                "b7bb3659a726ecc19dee516bfc8dd663640b17f76820e5e5437b13befab3124e",
                "c767374c62d20324cf48185ae63df7e4e2c8a00c1c343f32a8aedffa035da305",
                "edb1c7f37011ea21da051c100a12490702343607b4b8ca224d264e59f28c3638",
                "b206762188b40fb1a1946a4b9d622070ebf8676cf4a19cf96b8e06160db9b245",
                "e6dce105027428f6ce7df19bb53ab4ac5e37413fcb954419970b0a208a374dcd",
                "84ec5fa3a01cb0c45362eb4cb11d204517b35b0294cc319afddf8878bb79dba5",
                "58552e56450295a65102208f524d339b4e1cb7f6b0a2ec53054fd1b78f69db1c"
            ],
            "type": "Fetch",
            "firstPartyCookies": {},
            "firstPartyCookiesSent": {},
            "exampleSites": [
                "investing.com",
                "de.investing.com",
                "es.investing.com",
                "fr.investing.com",
                "it.investing.com",
                "modette.se",
                "nhi.no",
                "nl.investing.com",
                "nyheter24.se",
                "pdfresizer.com",
                "podtail.com",
                "thatsup.se",
                "whatsmyip.com",
                "www.flightradar24.com",
                "www.kokaihop.se",
                "www.ladbible.com",
                "www.synonymer.se",
                "www.tyla.com",
                "www.unilad.com"
            ]
        },
        {
            "rule": "holid\\.io\\/sync\\.html",
            "cookies": 0,
            "fingerprinting": 0,
            "subdomains": [
                "null"
            ],
            "apis": {},
            "sites": 9,
            "prevalence": 0.0000615,
            "cnames": [],
            "responseHashes": [
                "415440787482f357ea8d5310366a433c702ac6cfdfad43a0abadb4ebb3bed67c"
            ],
            "type": "Document",
            "firstPartyCookies": {},
            "firstPartyCookiesSent": {},
            "exampleSites": [
                "modette.se",
                "nhi.no",
                "pdfresizer.com",
                "whatsmyip.com",
                "www.kokaihop.se",
                "www.ladbible.com",
                "www.synonymer.se",
                "www.tyla.com",
                "www.unilad.com"
            ]
        },
        {
            "rule": "holid\\.io\\/cookie_sync",
            "cookies": 0,
            "fingerprinting": 0,
            "subdomains": [
                "helloworld",
                "pbs-germany"
            ],
            "apis": {},
            "sites": 8,
            "prevalence": 0.0000547,
            "cnames": [],
            "responseHashes": [
                "358c583c44d25d18011399c2d8cd8dca02a28ec67dc4a04cbfeb5cb632a5e33d",
                "33e86bd7081bb48ac4e533402f12b79b771845c5a14fca8230326b5f56ffd74e",
                "f640abda00fcc4b993c50db9c7b9cc208c0d43cdc4905e86918bb348b2f1573e",
                "645ab95fdde8bad82b347b41549baf150c5fdfd0da12e765b7d8af51f42abab4",
                "d267dfd6b98837892a2e46ea8378344cff705e021a7cbbe3d6655998656f9938"
            ],
            "type": "XHR",
            "firstPartyCookies": {},
            "firstPartyCookiesSent": {},
            "exampleSites": [
                "nhi.no",
                "pdfresizer.com",
                "podtail.com",
                "thatsup.se",
                "whatsmyip.com",
                "www.kokaihop.se",
                "www.synonymer.se",
                "www.unilad.com"
            ]
        },
        {
            "rule": "holid\\.io\\/setuid",
            "cookies": 0.000041,
            "fingerprinting": 0,
            "subdomains": [
                "helloworld",
                "pbs-germany"
            ],
            "apis": {},
            "sites": 7,
            "prevalence": 0.0000478,
            "cnames": [],
            "responseHashes": [
                "c956a8bbf43bb56f60d1beefcc5a70f2cb0725083a00e8a0daf423176509fd18"
            ],
            "type": "Image",
            "firstPartyCookies": {},
            "firstPartyCookiesSent": {},
            "exampleSites": [
                "nhi.no",
                "pdfresizer.com",
                "podtail.com",
                "thatsup.se",
                "whatsmyip.com",
                "www.kokaihop.se",
                "www.synonymer.se"
            ]
        },
        {
            "rule": "holid\\.io\\/",
            "cookies": 0,
            "fingerprinting": 0,
            "subdomains": [
                "ip"
            ],
            "apis": {},
            "sites": 6,
            "prevalence": 0.000041,
            "cnames": [],
            "responseHashes": [
                "9b202ecbc6d45c6d8901d989a918878397a3eb9d00e8f48022fc051b19d21a1d"
            ],
            "type": "Fetch",
            "firstPartyCookies": {},
            "firstPartyCookiesSent": {},
            "exampleSites": [
                "podtail.com",
                "thatsup.se",
                "whatsmyip.com",
                "www.babyhjalp.se",
                "www.mobil.se",
                "www.vibilagare.se"
            ]
        },
        {
            "rule": "holid\\.io\\/prebid8\\.9\\.0\\.germany\\.nonAnalytics\\.js",
            "cookies": 0.0000205,
            "fingerprinting": 2,
            "subdomains": [
                "ads"
            ],
            "apis": {
                "NavigatorUAData.prototype.brands": 4,
                "NavigatorUAData.prototype.platform": 4,
                "window.sessionStorage": 4,
                "Navigator.prototype.appName": 4,
                "Date.prototype.getTime": 3,
                "window.localStorage": 3,
                "Document.cookie getter": 3,
                "Document.cookie setter": 3,
                "Navigator.prototype.cookieEnabled": 3,
                "window.innerWidth": 2,
                "window.innerHeight": 2,
                "Navigator.prototype.doNotTrack": 2,
                "Navigator.prototype.userAgent": 2,
                "Navigator.prototype.language": 2,
                "Screen.prototype.height": 2,
                "Screen.prototype.width": 2
            },
            "sites": 4,
            "prevalence": 0.0000273,
            "cnames": [],
            "responseHashes": [
                "c066b88009e0285cb5209623bc65802c15952bda9ef748e41786513754609615"
            ],
            "type": "Script",