{
    "domain": "iloptrex.com",
    "owner": {},
    "source": [
        "DuckDuckGo-US"
    ],
    "prevalence": 0.000184,
    "sites": 27,
    "subdomains": [],
    "cnames": [],
    "fingerprinting": 0,
    "resources": [
        {
            "rule": "iloptrex\\.com\\/in\\/multy",
            "cookies": 0,
            "fingerprinting": 0,
            "subdomains": [],
            "apis": {},
            "sites": 15,
            "prevalence": 0.000102,
            "cnames": [],
            "responseHashes": [],
            "type": "Preflight",
            "firstPartyCookies": {},
            "firstPartyCookiesSent": {},
            "exampleSites": [
                "hclips.com",
                "hdzog.com",
                "hotmovs.com",
                "javdaddy.com",
                "m.porn555.com",
                "pornzog.com",
                "shemalez.com",
                "thegay.com",
                "transtxxx.com",
                "tubepornclassic.com",
                "txxx.com",
                "upornia.com",
                "vjav.com",
                "voyeurhit.com",
                "www.upornia.com"
            ]
        },
        {
            "rule": "iloptrex\\.com\\/in\\/multy",
            "cookies": 0,
            "fingerprinting": 0,
            "subdomains": [],
            "apis": {},
            "sites": 15,
            "prevalence": 0.000102,
            "cnames": [],
            "responseHashes": [
                "e02bff1cefb6cee922c13070f488595eb089ebdbd923fdbe0c289239ed8b9895",
                "7f7e12e0d009fc31cac8f4d55eac4653307b066016fc3c9a48d0f405523dc0d6",
                "e3b0c44298fc1c149afbf4c8996fb92427ae41e4649b934ca495991b7852b855",
                "67bc9f6d1f8f2f1b579a6f9fa9456e58c6c0f155a383106900ef0c14759531e4",
                "50d0cd2f380f87eae311ecaf5a8d7b10c42f15ec1d3317e9fb412d3a4fbada26",
                "cf6f841636ebd2bb8c40a4d339fbcdc2c941f486ec71549dcc48493df63d2739",
                "eb8cf8ea62dccdf8df9ffc521db2361aca9e74d2befe80c526af470862d0cb74",
                "515393a1cf40426d41f7a3758e003529bd6184dabc500f8b4bc492e9082a297c",
                "56f927279e6dbeee9064014791a7d11618d5bc2686c9eb7e41d3316752e7bc0d",
                "5926dd8532f3c5ef87cf93d2d66d4400637d0dbda5bd6241d4e2436e20643788",
                "8e7b2ccee45f5835ad3774489e719e5e47c5a679bade9ec53c9a3e531125ee70",
                "5f4d6b5aeb67e289baf730245acc975253958510de0b29592ead5f536983300a",
                "44fbf6cdda717c935743a3d5f658201173f2910c0cca845e5a96eccfd0aa5406",
                "223349def79aa74c01e7594d85c3c2a464ce5fa6ed47f4d8e71805e849b0b587"
            ],
            "type": "XHR",
            "firstPartyCookies": {},
            "firstPartyCookiesSent": {},
            "exampleSites": [
                "hclips.com",
                "hdzog.com",
                "hotmovs.com",
                "javdaddy.com",
                "m.porn555.com",
                "pornzog.com",
                "shemalez.com",
                "thegay.com",
                "transtxxx.com",
                "tubepornclassic.com",
                "txxx.com",
                "upornia.com",
                "vjav.com",
                "voyeurhit.com",
                "www.upornia.com"
            ]
        },
        {
            "rule": "iloptrex\\.com\\/in\\/show\\/",
            "cookies": 0,
            "fingerprinting": 0,
            "subdomains": [],
            "apis": {},
            "sites": 14,
            "prevalence": 0.0000956,
            "cnames": [],
            "responseHashes": [
                "e3b0c44298fc1c149afbf4c8996fb92427ae41e4649b934ca495991b7852b855"
            ],
            "type": "Image",
            "firstPartyCookies": {},
            "firstPartyCookiesSent": {
                "_ym_d": 0.00006148800983808158
            },
            "exampleSites": [
                "hclips.com",
                "hdzog.com",
                "hotmovs.com",
                "m.porn555.com",
                "pornzog.com",
                "shemalez.com",
                "thegay.com",
                "transtxxx.com",
                "tubepornclassic.com",
                "txxx.com",
                "upornia.com",
                "vjav.com",
                "voyeurhit.com",
                "www.upornia.com"
            ]
        }
    ],
    "categories": [],
    "performance": {},
    "cookies": 0,
    "topInitiators": [
        {
            "domain": "first party",
            "prevalence": 0.7272727272727273
        },
        {
            "domain": "nv7s.com",
            "prevalence": 0.19480519480519481
        },
        {
            "domain": "txxx.tube",
            "prevalence": 0.07792207792207792
        }
    ],
    "types": {
        "Preflight": 15,
        "XHR": 15,
        "Image": 14
    },
    "nameservers": [
        "ns1.digitalocean.com",
        "ns3.digitalocean.com",
        "ns2.digitalocean.com"
    ]
}