{
    "domain": "influ2.com",
    "owner": {},
    "source": [
        "DuckDuckGo-US"
    ],
    "prevalence": 0.000184,
    "sites": 27,
    "subdomains": [
        "www",
        "t"
    ],
    "cnames": [],
    "fingerprinting": 1,
    "resources": [
        {
            "rule": "influ2\\.com\\/tracker",
            "cookies": 0,
            "fingerprinting": 1,
            "subdomains": [
                "www"
            ],
            "apis": {
                "Document.cookie getter": 16,
                "window.localStorage": 19
            },
            "sites": 19,
            "prevalence": 0.00013,
            "cnames": [],
            "responseHashes": [
                "03fc081e9530a3081abcae7bf8746c19e7325872ca5e8522f2581d0f07364be1",
                "4668def0846d03c8a228b4d9aef069959803d6af6e1bba223c9fa198c6865ab6",
                "1206e98bde7e4e2bfd9d7d6909c9b05465a82b3ee26da44934d8d043164a7477",
                "ffb6af359625d9076aad5a01cd9adbe064cec09b007d5b6908d0354ad1cdeeae",
                "0803d7d08f8046f748287de23d3b59f02656a40d01ef63b971ba9752ac15c55c",
                "c0ca8e74833eda337d7c36f811382c7821355c8189d0fbaae34a0a18854226d6",
                "8f5dedccbcdb60766f746584ff94209e8d48bcca500f2e8713e708a678064ac3",
                "632b7ecf08bb752aadb4d90b4d75eebd6ab277352272c9185c7dade45e306ea1",
                "ca6c1547c8e6be0019f5727b57f9904c6ded66466f6e1f190a5be315c41dd314",
                "bb1020395ccbda9d5ff6cfb69ba660212c5b9c5d7f9a00d9ce4d05336d774411",
                "c74d7a5b2d723d6455b17d2008fda0d9c45d8461c5c3b07cfce1a3a445e6a46d",
                "85baeffff284515d4984b45d6c6132b5100bb58696ffcada51f63024411230cb",
                "b1bfe25f4fbb667b8c60b7117f54013d0891c99477296525026bba881abc5a26",
                "8cdbdc4ad0b496942d3e767f978bb0f261078d693719dd2b5eec96443fe4a60a",
                "1b9e2a5a74f15ef81497e57b7419e82f3848aa8494402f9ab4b4123cdfcc4030",
                "637099c2776ba6320c2447133a9924c3df7040014072ec2a3af5d6409bce2bf1",
                "fb5f7fcec2dff876ea6ace4946bd099dc38461b88113f1eaf594a4edb630d80e",
                "009cd8722491c8c4a66d5c4ab7e1b0e99a39782d7da6fb0f38f8fdfbe31fbbf8"
            ],
            "type": "Script",
            "firstPartyCookies": {},
            "firstPartyCookiesSent": {},
            "exampleSites": [
                "amplitude.com",
                "camunda.com",
                "community.cloudera.com",
                "secureframe.com",
                "www.acronis.com",
                "www.akingump.com",
                "www.conservice.com",
                "www.crowdstrike.com",
                "www.datadoghq.com",
                "www.dynatrace.com",
                "www.lightspeedhq.com",
                "www.nvidia.com",
                "www.paulhastings.com",
                "www.ptc.com",
                "www.qgenda.com",
                "www.rittal.com",
                "www.rubrik.com",
                "www.sanity.io",
                "www.servicetitan.com"
            ]
        },
        {
            "rule": "influ2\\.com\\/u\\/",
            "cookies": 0.00013,
            "fingerprinting": 0,
            "subdomains": [
                "t"
            ],
            "apis": {},
            "sites": 19,
            "prevalence": 0.00013,
            "cnames": [],
            "responseHashes": [
                "1d2c957f581539e42e6db83f549b03e1523a66f00d70357ac9bf6eb8df8e2c81",
                "12b585e05fe77aa1430b37316a0f502d739a531ab1cbbab0290a67ee04f8a0dd",
                "51aa63f3a90aaa2f97876d6b0d8bd32f53d69d733363fc999e3ee925666fc3d7",
                "d0f64cb32747bf7f8398a01cae25dee966e92a185c950ff8ffacc09fa0ff4806",
                "918957ad86be4c91428e72352fdeeb9969c94ab9aa38eef128fcecde92a95db5",
                "0c116583911613e4261c7b98050ce9c5331f59f0067070a2a45b64a174920f51",
                "0e8599a8bf301f80414db67c4c0a1e1085d218616e87a1eb9a3b86b6bb8edfcf",
                "bffc1935a90c5d0f41fc135f34ae867fe519635ef29c8e19b1a60f174f4f4fb8",
                "0e9c68164c7bbf7206cb9ef7fe7ce136866b1a3234c29de1442b5a7053faa5ce",
                "80f625f799e3071befc32d35d65622de028347714de52e463f6ce3d34ad2fc88",
                "72b37f7260f290eb7500d529fee4881584573bc34ed5a56f80c62292bf2e73dc",
                "5931117ef12e79d59c51897e66e5f4bf33a712e7ef929843b2b733883b3b29f3",
                "cb82017c7e48483c5217648e045cf787aa3135e9672ca96aa1457f9830167849",
                "4c7ffe56df5b9025f9ae09cd7261dd2cde498f96e5fc0c00a41acd9fdf657d58",
                "1f8c11d557cfa01dcbecf1c2abf22c7f150fe88c921d9fc4cc45f036ea79a9ac",
                "9b8e476f736c9f6deddc91d0d8efd514f823ead30457233e7238c82bf5cc5bc3",
                "6dc50d0a6ea51521c26343de81eb08ed11bfd2fcf1d5b87abc9c44741c8ef7d5",
                "b5ac9f04f73bed81b91f9d1181e9d996d023f059c12983147b69d6d560635384"
            ],
            "type": "Fetch",
            "firstPartyCookies": {},
            "firstPartyCookiesSent": {},
            "exampleSites": [
                "amplitude.com",
                "camunda.com",
                "community.cloudera.com",
                "secureframe.com",
                "www.acronis.com",
                "www.akingump.com",
                "www.conservice.com",
                "www.crowdstrike.com",
                "www.datadoghq.com",
                "www.dynatrace.com",
                "www.lightspeedhq.com",
                "www.nvidia.com",
                "www.paulhastings.com",
                "www.ptc.com",
                "www.qgenda.com",
                "www.rittal.com",
                "www.rubrik.com",
                "www.sanity.io",
                "www.servicetitan.com"
            ]
        }
    ],
    "categories": [],
    "performance": {},
    "cookies": 0.000184,
    "topInitiators": [
        {
            "domain": "first party",
            "prevalence": 0.3888888888888889
        },
        {
            "domain": "googletagmanager.com",
            "prevalence": 0.3333333333333333
        },
        {
            "domain": "adobedtm.com",
            "prevalence": 0.1388888888888889
        },
        {
            "domain": "contentsquare.net",
            "prevalence": 0.05555555555555555
        },
        {
            "domain": "datadoghq-browser-agent.com",
            "prevalence": 0.05555555555555555
        },
        {
            "domain": "osano.com",
            "prevalence": 0.027777777777777776
        }
    ],
    "types": {
        "Script": 19,
        "Fetch": 19
    },
    "nameservers": [
        "dns2.registrar-servers.com",
        "dns1.registrar-servers.com"
    ]
}