{
    "domain": "innity.com",
    "owner": {},
    "source": [
        "DuckDuckGo-US"
    ],
    "prevalence": 0.000184,
    "sites": 27,
    "subdomains": [
        "as",
        "avd",
        "optimize2",
        "avn",
        "cast"
    ],
    "cnames": [],
    "fingerprinting": 0,
    "resources": [
        {
            "rule": "innity\\.com\\/synd\\/",
            "cookies": 0.000041,
            "fingerprinting": 0,
            "subdomains": [
                "as"
            ],
            "apis": {},
            "sites": 8,
            "prevalence": 0.0000547,
            "cnames": [],
            "responseHashes": [
                "4f53cda18c2baa0c0354bb5f9a3ecbe5ed12ab4d8e11ba873c2f11161202b945"
            ],
            "type": "Fetch",
            "firstPartyCookies": {},
            "firstPartyCookiesSent": {
                "lotame_domain_check": 0.000047824007651841225
            },
            "exampleSites": [
                "kapanlagi.com",
                "m.kapanlagi.com",
                "www.bola.com",
                "www.bola.net",
                "www.fimela.com",
                "www.kapanlagi.com",
                "www.liputan6.com",
                "www.sanook.com"
            ]
        },
        {
            "rule": "innity\\.com\\/dc\\/cb\\/",
            "cookies": 0.000123,
            "fingerprinting": 0,
            "subdomains": [
                "avd"
            ],
            "apis": {},
            "sites": 18,
            "prevalence": 0.000123,
            "cnames": [],
            "responseHashes": [
                "846370110ad304fc14f0b533b2daa0b155e57bd24fdeed7b389dcb93a28779e6",
                "1bbb04543ed0d8100bdc22a5f1af1927578ea16fc3abdffa051b62eb95f0613a",
                "ea913fea19f54119e479347e6f2e8a018031005526b8b86c60c16f45897d5fbd",
                "9d1a8b30d95eafa3b78630015098621cdd3d3afcd938a58689c4a047e28aaa17",
                "5ffee2aa30a614af0c67afcbf27aeabb65af375db883ad77b5360189212ae648",
                "cb0cededd9abd5c4f558598b41de34634b74518117a1931d829f2da696b0d073",
                "211121962cbb14af74d18771d6cd5139316c8f86b83ed7b2605fb3061d7fd202",
                "62be56e5e74fd7e697b671b1bf7a449353cce2980072299571b214bb6c76f3ba",
                "18b19cb4fb7054d5daf6a9170309874c02a14e148cc21e946067e02129d19303",
                "3d6e1c2e9a6fea4be28576611f359233190094f9e1f739514422c1df147a627f",
                "b66aa264377bfd09d700a3e76d4ff1fe01563bf586f90326fd9c8b6a47f2c462",
                "308d3a8160448d1ccc769c9cadbf9e22707bfbbec2af7a301e4be80da7b0578e",
                "e25ec46f4bb3a480dac2d9c52a4e754c09961ed2dd8860cdd3764b61967f51fa",
                "d21565424a8dad6798856f8aff3ea214b5b58826d6f299d4d44dddf25c00e98a",
                "b3ab5347ffa09177c47d3f83f51dac8192a3a19a776b60194b55c5ce9b8c3c54"
            ],
            "type": "Script",
            "firstPartyCookies": {},
            "firstPartyCookiesSent": {},
            "exampleSites": [
                "malaysiakini.com",
                "pantip.com",
                "poskota.co.id",
                "www.ayosemarang.com",
                "www.cinema.com.my",
                "www.clickthecity.com",
                "www.dailysia.com",
                "www.globe.com.ph",
                "www.hkexpress.com",
                "www.jatimnetwork.com",
                "www.kilat.com",
                "www.lottopcso.com",
                "www.orami.co.id",
                "www.pantau.com",
                "www.pikapika.ph",
                "www.sanook.com",
                "www.suaramerdeka.com",
                "www.suarasurabaya.net"
            ]
        },
        {
            "rule": "innity\\.com\\/dc\\/",
            "cookies": 0.0000547,
            "fingerprinting": 0,
            "subdomains": [
                "avd"
            ],
            "apis": {},
            "sites": 13,
            "prevalence": 0.0000888,
            "cnames": [],
            "responseHashes": [
                "e963e7196beb9123059ec3534b042ebcd1ef0a470fa568bfbebfeab2f33c4fda"
            ],
            "type": "Image",
            "firstPartyCookies": {},
            "firstPartyCookiesSent": {
                "lotame_domain_check": 0.0000273280043724807,
                "iUUID": 0.00008881601421056228,
                "innity.dmp.6.sess.id": 0.000006832001093120175,
                "innity.dmp.254.sess.id": 0.000006832001093120175,
                "innity.dmp.1.sess.id": 0.00004099200655872105,
                "innity.dmp.61.sess.id": 0.000006832001093120175,
                "innity.dmp.126.sess.id": 0.000006832001093120175,
                "innity.dmp.68.sess.id": 0.000006832001093120175,
                "innity.dmp.225.sess.id": 0.000006832001093120175
            },
            "exampleSites": [
                "malaysiakini.com",
                "pantip.com",
                "www.ayosemarang.com",
                "www.cinema.com.my",
                "www.clickthecity.com",
                "www.dailysia.com",
                "www.globe.com.ph",
                "www.hkexpress.com",
                "www.lottopcso.com",
                "www.orami.co.id",
                "www.pantau.com",
                "www.pikapika.ph",
                "www.sanook.com"
            ]
        },
        {
            "rule": "innity\\.com\\/sync\\/",
            "cookies": 0,
            "fingerprinting": 0,
            "subdomains": [
                "avd"
            ],
            "apis": {},
            "sites": 13,
            "prevalence": 0.0000888,
            "cnames": [],
            "responseHashes": [
                "e963e7196beb9123059ec3534b042ebcd1ef0a470fa568bfbebfeab2f33c4fda"
            ],
            "type": "Image",
            "firstPartyCookies": {},
            "firstPartyCookiesSent": {
                "iUUID": 0.00008881601421056228
            },
            "exampleSites": [
                "malaysiakini.com",
                "pantip.com",
                "www.ayosemarang.com",
                "www.cinema.com.my",
                "www.clickthecity.com",
                "www.dailysia.com",
                "www.globe.com.ph",
                "www.hkexpress.com",
                "www.lottopcso.com",
                "www.orami.co.id",
                "www.pantau.com",
                "www.pikapika.ph",
                "www.sanook.com"
            ]
        },
        {
            "rule": "innity\\.com\\/synd\\/",
            "cookies": 0.000082,
            "fingerprinting": 0,
            "subdomains": [
                "as"
            ],
            "apis": {},
            "sites": 12,
            "prevalence": 0.000082,
            "cnames": [],
            "responseHashes": [
                "58e2edf4a8e043ba72c73140c187febe7539b69aaf896efe53a22fd2ecf14c64",
                "0e16bdc4cf5f994dca21665d37234ae0a14d4e1ca590ff23bbd428ef3eecb90b",
                "edefdf7d59edb062a2dc9df7f72b83136f5d2ac1ae239654fd3abbb16af2f598",
                "d457eb3fc7f8cbe8425476e62810c842b91f8aaad7e5dfba59e1b285e253ddd9",
                "7892ce766d41056e7dbe0239c5e637cda7747147df92daf09838dbff1250a7df",
                "767044e7eb0f0a4cc5ddc4ab807b6fc2fe422278810a9cb091e5b29971c0ba6d",
                "d3ff0e4b6b86652322ef339b8023475f0b3b93eb224131d9e3c1536f70fac452",
                "8d5f662e11e7b73ca13e5fd1d655c758774aa78b2ebc3e60147244327355fa14",
                "af03fe8be83e015cc72c97fe0bc918da42608ee10423ec8c96137e07a15e1d08"
            ],
            "type": "Script",
            "firstPartyCookies": {},
            "firstPartyCookiesSent": {
                "_hjTLDTest": 0.000006832001093120175,
                "lotame_domain_check": 0.0000273280043724807
            },