{
    "domain": "instaread.co",
    "owner": {},
    "source": [
        "DuckDuckGo-US"
    ],
    "prevalence": 0.0000956,
    "sites": 14,
    "subdomains": [
        "player-api"
    ],
    "cnames": [],
    "fingerprinting": 1,
    "resources": [
        {
            "rule": "instaread\\.co\\/js\\/instaread\\.player\\.js",
            "cookies": 0,
            "fingerprinting": 0,
            "subdomains": [],
            "apis": {},
            "sites": 10,
            "prevalence": 0.0000683,
            "cnames": [],
            "responseHashes": [
                "fe5c01d69f0bee86da8710da2f8bcbc6e6a3992c2ffecb27b3fcaf6a4ebbd086"
            ],
            "type": "Script",
            "firstPartyCookies": {},
            "firstPartyCookiesSent": {},
            "exampleSites": [
                "draxe.com",
                "nerdist.com",
                "www.astronomy.com",
                "www.baseballamerica.com",
                "www.columbian.com",
                "www.freightwaves.com",
                "www.profootballnetwork.com",
                "www.steelernation.com",
                "www.trains.com",
                "www.washingtonian.com"
            ]
        },
        {
            "rule": "instaread\\.co\\/player",
            "cookies": 0,
            "fingerprinting": 1,
            "subdomains": [],
            "apis": {
                "window.innerWidth": 8
            },
            "sites": 10,
            "prevalence": 0.0000683,
            "cnames": [],
            "responseHashes": [
                "834f1357b522a6cef7df2b55e62c901391664dbb7ffaf85929d1636f77f84b9d",
                "d79021e00b07614249b9e19de245da6f09b4d5b0a09208072b68dc3ce5aea788",
                "45eb890b1de3ca6e54f393ca3754b11f323cf1ab4e11d6eb9335255ef8ad135a",
                "9f4f13b828f871a1df6b98c060d001f94c0bbea79a66efc49bbb7683b67cd155",
                "526d31cb7b6b7d6c5b3be295c71341ec2ec89f3744d60f364fdd86ff3f532d81",
                "c57a2e660cd97e9f52d1e658fb1f7602148cc225c04ebfdbce6b356462be9f88",
                "3bce4f37a05fc7068879eb6ef9f0387611679685e5e5ce64eb39ee198092dc57",
                "5776a9de784600ad1b0bf9145bdf916123408d27103ce96203bbea660e3f6f54",
                "a02b46dffd0f6f5cd001c0d8ef58c56431d7cf495a4074d07333412973b5e758"
            ],
            "type": "Document",
            "firstPartyCookies": {},
            "firstPartyCookiesSent": {
                "_li_dcdm_c": 0.00001366400218624035,
                "lotame_domain_check": 0.000047824007651841225,
                "__pid": 0.000006832001093120175
            },
            "exampleSites": [
                "draxe.com",
                "nerdist.com",
                "www.astronomy.com",
                "www.baseballamerica.com",
                "www.columbian.com",
                "www.discovermagazine.com",
                "www.freightwaves.com",
                "www.profootballnetwork.com",
                "www.trains.com",
                "www.washingtonian.com"
            ]
        },
        {
            "rule": "instaread\\.co\\/css\\/instaread_widget_playlist\\.css",
            "cookies": 0,
            "fingerprinting": 0,
            "subdomains": [],
            "apis": {},
            "sites": 10,
            "prevalence": 0.0000683,
            "cnames": [],
            "responseHashes": [
                "bc5f16255d6d69356eba2011f9a0d93f148983d016eb3efef964ee734b7830cf"
            ],
            "type": "Stylesheet",
            "firstPartyCookies": {},
            "firstPartyCookiesSent": {},
            "exampleSites": [
                "draxe.com",
                "nerdist.com",
                "www.astronomy.com",
                "www.baseballamerica.com",
                "www.columbian.com",
                "www.discovermagazine.com",
                "www.freightwaves.com",
                "www.profootballnetwork.com",
                "www.trains.com",
                "www.washingtonian.com"
            ]
        },
        {
            "rule": "instaread\\.co\\/css\\/instaread_fonts\\.css",
            "cookies": 0,
            "fingerprinting": 0,
            "subdomains": [],
            "apis": {},
            "sites": 4,
            "prevalence": 0.0000273,
            "cnames": [],
            "responseHashes": [
                "403d0c3ed0dd426fb770bdda81c4b2dc5bb5d568af5e7b7cd70a8776b99a16b1"
            ],
            "type": "Stylesheet",
            "firstPartyCookies": {},
            "firstPartyCookiesSent": {},
            "exampleSites": [
                "draxe.com",
                "www.baseballamerica.com",
                "www.columbian.com",
                "www.discovermagazine.com"
            ]
        },
        {
            "rule": "instaread\\.co\\/js\\/player\\.1\\.0\\.0\\.js",
            "cookies": 0,
            "fingerprinting": 0,
            "subdomains": [],
            "apis": {},
            "sites": 5,
            "prevalence": 0.0000342,
            "cnames": [],
            "responseHashes": [
                "eaf266c920ef8297bf135324d4c6232d117d1eb849a082850b8d0520c1966c2e"
            ],
            "type": "Script",
            "firstPartyCookies": {},
            "firstPartyCookiesSent": {},
            "exampleSites": [
                "draxe.com",
                "nerdist.com",
                "www.columbian.com",
                "www.profootballnetwork.com",
                "www.washingtonian.com"
            ]
        },
        {
            "rule": "instaread\\.co\\/images\\/instaread_logo_grey\\.svg",
            "cookies": 0,
            "fingerprinting": 0,
            "subdomains": [],
            "apis": {},
            "sites": 10,
            "prevalence": 0.0000683,
            "cnames": [],
            "responseHashes": [
                "51d40fcfa0f71e5f476f25223d6533109231582f9333a2151f198be2991f2192"
            ],
            "type": "Image",
            "firstPartyCookies": {},
            "firstPartyCookiesSent": {},
            "exampleSites": [
                "draxe.com",
                "nerdist.com",
                "www.astronomy.com",
                "www.baseballamerica.com",
                "www.columbian.com",
                "www.discovermagazine.com",
                "www.freightwaves.com",
                "www.profootballnetwork.com",
                "www.trains.com",
                "www.washingtonian.com"
            ]
        },
        {
            "rule": "instaread\\.co\\/images\\/instaread_logo_white\\.svg",
            "cookies": 0,
            "fingerprinting": 0,
            "subdomains": [],
            "apis": {},
            "sites": 5,
            "prevalence": 0.0000342,
            "cnames": [],
            "responseHashes": [
                "b33c87bd8fe8532bb83fc80e28177a29123986eead98ce50f62381b373ab5970"
            ],
            "type": "Image",
            "firstPartyCookies": {},
            "firstPartyCookiesSent": {},
            "exampleSites": [
                "draxe.com",
                "nerdist.com",
                "www.columbian.com",
                "www.profootballnetwork.com",
                "www.washingtonian.com"
            ]
        },
        {
            "rule": "instaread\\.co\\/js\\/storage\\.js",
            "cookies": 0.0000205,
            "fingerprinting": 1,
            "subdomains": [],
            "apis": {
                "Document.cookie setter": 3,
                "Document.cookie getter": 3,
                "window.localStorage": 3
            },
            "sites": 5,
            "prevalence": 0.0000342,
            "cnames": [],
            "responseHashes": [
                "d10f88e435f0b6210917b7448d82aea944132b9dc1720bfdecbef06f3aaa4f52"
            ],
            "type": "Script",
            "firstPartyCookies": {},
            "firstPartyCookiesSent": {},