{
    "domain": "ipgeolocation.io",
    "owner": {},
    "source": [
        "DuckDuckGo-US"
    ],
    "prevalence": 0.000465,
    "sites": 68,
    "subdomains": [
        "api",
        "ipgeo"
    ],
    "cnames": [],
    "fingerprinting": 0,
    "resources": [
        {
            "rule": "ipgeolocation\\.io\\/ipgeo",
            "cookies": 0,
            "fingerprinting": 0,
            "subdomains": [
                "api"
            ],
            "apis": {},
            "sites": 24,
            "prevalence": 0.000164,
            "cnames": [],
            "responseHashes": [
                "977913cd07094e419bdce3340a0b4997e3ca124eaf3ff39a502f8b25670a1437",
                "7141c808c3dba24b1481f31f423d24c839ecd6c92e12c3064284b02df42b1f69",
                "d6835bf8e74446d9e57c9173450e0a78b808c1aea8f10727adeed2199825e0b9",
                "78fdaddd3438171dad02cd9c8683df957d964e20a93ebef96172b0e88f8e87f2",
                "f8a0daa9161dad5f62bb28d071c15ee307ad32dd901adadfaa515a5be8aebb03",
                "e744a72dd65435c507624a6406a4511f2560ba3d05a3cb584fc3c1cf2e4be748",
                "ee3ddc78b3dcfd4defd41efdb323be0a849c77eb89367329922aed2f5e50aa43",
                "aa07e2beb463a1570b40387e81011d70f05d9430476c0d084c852b894154cf89",
                "e67dc2114809a937443b6429519f5515529e81585185bb0fea8256b0b1a6ce06",
                "baf98c4452db7d7182f55071ce274661039f17261f88dc3180e5aaa72e423814",
                "22b8c506d175a615433da975373cbee55ee2bb21b9f7efd1d39a23453ce91397",
                "5d499b5c3ba2da3553f58794ca0e6dfd9082ba02c881c20eb0dcfa188aca5227",
                "ee22020d4e88e65da56e3603e7c1ece052b86f2a7348e0f4e9eff4f6d2d32f77",
                "44e38560a40fa96407d23c739d42c44ecf0ae109e47aa49214956ad9858a8267",
                "be2404af5a9afa9ec4cfd3b004cb969d11181b74371e4561eca819d4ba888ca1",
                "10edba3447ef4900634a38b788360054bc8e57c0d46f007858654811c28f97fe",
                "4552b0a8e3595fc976c80b06733ecd57f1172726a88a2f2f1ac3d37124ed9b9a",
                "ceb504a0658f58d0fa99f32740230c45dbc9831c58b2aa78b1ba37be9673afa2",
                "ff8c74e088cec9e62af3ee8e5915b725755f643412489db346eb1af86834abb1",
                "663f5fee49500cefd4adcb032081b64d159abeba19e5f0f4165d040649d36b90"
            ],
            "type": "XHR",
            "firstPartyCookies": {},
            "firstPartyCookiesSent": {},
            "exampleSites": [
                "help.shokz.com",
                "www.telkomsel.com",
                "hellodivorce.com",
                "www.robotshop.com",
                "www.evoqua.com",
                "www.houseofbruar.com",
                "plotly.com",
                "integrativepro.com",
                "www.firefightersfirstcu.org",
                "getchipdrop.com",
                "naturesway.com",
                "99math.com",
                "www.lelo.com",
                "www.leidos.com",
                "babybrezza.com",
                "www.amfest.com",
                "www.demco.com",
                "navage.com",
                "www.uti.edu",
                "www.gianttiger.com"
            ]
        },
        {
            "rule": "ipgeolocation\\.io\\/ipgeo",
            "cookies": 0,
            "fingerprinting": 0,
            "subdomains": [
                "api",
                "ipgeo"
            ],
            "apis": {},
            "sites": 23,
            "prevalence": 0.000157,
            "cnames": [],
            "responseHashes": [
                "06f061d814d52f43c448f5a422770f654d75de86cf7a63e111d0acb9c1bf80e8",
                "c72bd3c73a0a7d144e70a85ab8cc74391585df457f55f28d7c3a7a52567251dd",
                "7486cc4a14599af70b6105418f95ffdae77dd0ef795bf8822818f1ebc30d8100",
                "ffcb748b78fa38102170c5b0985ebcf18389293b080238aace9e45154387b737",
                "7aae7e6f633b8a193ab6cd236e3a9d825ad3f516a3a6c182a8f33b8a137b5bb5",
                "29261fa7efc26e25c6a14cbe3e74713c563744f5978f4a5944953cac0e9e84ab",
                "d8c4cc29fc5055d895fff82913ad86aa8faddaf9012bc94ecaa34e1b3b30d8e8",
                "44497a7f703475327d260f5d8518133f80c6fa50cdc4a3141a8c3fcc9ac4d0f9",
                "ceb504a0658f58d0fa99f32740230c45dbc9831c58b2aa78b1ba37be9673afa2",
                "5092951f1e6761c7175dad0e1fffee4aa2e407e5bf32eea69485b869ec811988",
                "fdc047f49a493369647dbd214e2a32a42b084535d0ebe2b3b34d048f9796d695",
                "793b418983263c88977018c586bf306804cb14ac34f0321a5e345d74db94be63",
                "7fe85b32bf7c1dcf01ecee7cb03010c3309790a468d4db57392d9b2f9eec355a",
                "516dd5d937b8cfcb1843ffd3be524caeb1a299ce3001342e2a2c3b3abfdfb341",
                "8671f70e07b6d145d41cd1a05db18ab9cb73d8f82cf2e74a78c5c9b9e6eb1575",
                "a13cce4d0a966475e8386cd5b073e948c0a9300e40c9f3f869753b795736cf34",
                "a0281e500c03f236a54fa3441a64a80e4bc74b6c316ea0c834dddc63c46d4cd7",
                "10e1b3c375dd7e6b6bd7cc135cf123d3b30495aea6833e4c176b0e2edbbf9e32",
                "0c05a953ed777573ff536cf83ff5ee873fd11baf526e18e34eeccfea826cb3cb",
                "89e4faad25bb5ab34276821623a8ed6ed0b284899479d49712f59c61b1e29afd"
            ],
            "type": "Fetch",
            "firstPartyCookies": {},
            "firstPartyCookiesSent": {},
            "exampleSites": [
                "www.feedinco.com",
                "www.ohpolly.com",
                "www.gamefools.com",
                "www.coronaca.gov",
                "www.planetlyrik.de",
                "us.ohpolly.com",
                "whoisfreaks.com",
                "lamarzulli.net",
                "www.rekhta.org",
                "www.portugalhomes.com",
                "colonyroofers.com",
                "www.orientwatchusa.com",
                "shokz.com",
                "www.orthofeet.com",
                "www.performancelab.com",
                "www.positivegrid.com",
                "www.ghostlifestyle.com",
                "www.varley.com",
                "www.upliftdesk.com",
                "orthofeet.com"
            ]
        },
        {
            "rule": "ipgeolocation\\.io\\/ipgeo",
            "cookies": 0,
            "fingerprinting": 0,
            "subdomains": [
                "api",
                "ipgeo"
            ],
            "apis": {},
            "sites": 5,
            "prevalence": 0.0000342,
            "cnames": [],
            "responseHashes": [],
            "type": "Preflight",
            "firstPartyCookies": {},
            "firstPartyCookiesSent": {},
            "exampleSites": [
                "ohpolly.com",
                "us.ohpolly.com",
                "whoisfreaks.com",
                "www.ohpolly.com",
                "www.tech21.com"
            ]
        },
        {
            "rule": "ipgeolocation\\.io\\/getip",
            "cookies": 0,
            "fingerprinting": 0,
            "subdomains": [
                "api"
            ],
            "apis": {},
            "sites": 2,
            "prevalence": 0.0000137,
            "cnames": [],
            "responseHashes": [
                "c4c81548168adb13c829ffeb923178c9772ca481a5a6fdf8441f80b7eb00eeab"
            ],
            "type": "XHR",
            "firstPartyCookies": {},
            "firstPartyCookiesSent": {},
            "exampleSites": [
                "adventurealan.com",
                "www.brandonsanderson.com"
            ]
        }
    ],
    "categories": [],
    "performance": {},
    "cookies": 0,
    "topInitiators": [
        {
            "domain": "first party",
            "prevalence": 0.5512820512820513
        },
        {
            "domain": "jsdelivr.net",
            "prevalence": 0.1794871794871795
        },
        {
            "domain": "writesonic.com",
            "prevalence": 0.10256410256410256
        },
        {
            "domain": "ipify.org",
            "prevalence": 0.02564102564102564
        },
        {
            "domain": "shopify.com",