{
    "domain": "itransitauthority.com",
    "owner": {},
    "source": [
        "DuckDuckGo-US"
    ],
    "prevalence": 0.000102,
    "sites": 15,
    "subdomains": [],
    "cnames": [],
    "fingerprinting": 0,
    "resources": [
        {
            "rule": "itransitauthority\\.com\\/www\\/delivery\\/spcjs\\.php",
            "cookies": 0.0000683,
            "fingerprinting": 0,
            "subdomains": [],
            "apis": {},
            "sites": 10,
            "prevalence": 0.0000683,
            "cnames": [],
            "responseHashes": [
                "79257b8d43c86058b5f7f9920f2d3f31627e8b8ebdaaaf0562636230a74ba387",
                "d956d73d37066f8277216bac02ba893ff13a4d7f0a0672d873345beadc120d0c"
            ],
            "type": "Script",
            "firstPartyCookies": {},
            "firstPartyCookiesSent": {},
            "exampleSites": [
                "listcrawler.eu",
                "aypapi.com.listcrawler.eu",
                "escortalligator.com.listcrawler.eu",
                "manup.com.listcrawler.eu",
                "max80.com.listcrawler.eu",
                "megapersonals.eu",
                "milfy.com.listcrawler.eu",
                "superasian.com.listcrawler.eu",
                "transx.com.listcrawler.eu",
                "yolo.com.listcrawler.eu"
            ]
        },
        {
            "rule": "itransitauthority\\.com\\/www\\/delivery\\/spc\\.php",
            "cookies": 0.0000683,
            "fingerprinting": 0,
            "subdomains": [],
            "apis": {},
            "sites": 10,
            "prevalence": 0.0000683,
            "cnames": [],
            "responseHashes": [
                "9ba99c82fad15fdf00c771d5b16a6a4439db3d166dfbcb24d21880df1493bd98",
                "9d2743f5aa5267775ee4a7e41f318ca439e0ab16176f10b35c887452d8bc83c5",
                "4466a6933270e81e7ed4efb478e68781c4aa4081a5dcbdd237ad4321e374a0d7",
                "050c5132cc5a3caf73163d25d30c6d01d7394a6edfe587c9f3dc97317eb08a52",
                "21308e778d9d9b974096f08aacdd4cbe3f6010961c654602b98aa626d4494e9b",
                "7d75580372734cc1171ce5abc86235e7710068a88cd3ccd8eff4442013c2891c",
                "815a4e914e4f9dfcbfe9467b2ad56ccf8d06789d49783d8b306fa85e04ecd7b9",
                "dcb39773784525855e14ee4666e741050e66a794d2c1562e132e5dfd662d39a0",
                "676af5f7e3177b752f90107f9115569c1bf5cadecbb7bdccc0cba271cb2baac8"
            ],
            "type": "Script",
            "firstPartyCookies": {},
            "firstPartyCookiesSent": {},
            "exampleSites": [
                "listcrawler.eu",
                "aypapi.com.listcrawler.eu",
                "escortalligator.com.listcrawler.eu",
                "manup.com.listcrawler.eu",
                "max80.com.listcrawler.eu",
                "megapersonals.eu",
                "milfy.com.listcrawler.eu",
                "superasian.com.listcrawler.eu",
                "transx.com.listcrawler.eu",
                "yolo.com.listcrawler.eu"
            ]
        },
        {
            "rule": "itransitauthority\\.com\\/www\\/delivery\\/fl\\.js",
            "cookies": 0,
            "fingerprinting": 0,
            "subdomains": [],
            "apis": {},
            "sites": 10,
            "prevalence": 0.0000683,
            "cnames": [],
            "responseHashes": [
                "223b20f1ef4b5c4975608d2e2e462f15f7fa39f0c40c52ff1765b95e780ee72b"
            ],
            "type": "Script",
            "firstPartyCookies": {},
            "firstPartyCookiesSent": {},
            "exampleSites": [
                "listcrawler.eu",
                "aypapi.com.listcrawler.eu",
                "escortalligator.com.listcrawler.eu",
                "manup.com.listcrawler.eu",
                "max80.com.listcrawler.eu",
                "megapersonals.eu",
                "milfy.com.listcrawler.eu",
                "superasian.com.listcrawler.eu",
                "transx.com.listcrawler.eu",
                "yolo.com.listcrawler.eu"
            ]
        },
        {
            "rule": "itransitauthority\\.com\\/www\\/delivery\\/asyncjs\\.php",
            "cookies": 0.0000547,
            "fingerprinting": 0,
            "subdomains": [],
            "apis": {},
            "sites": 8,
            "prevalence": 0.0000547,
            "cnames": [],
            "responseHashes": [
                "297473da84a8f19da279fc9df25d68f2d1a26ee5384e18d23cf25497c44b563e"
            ],
            "type": "Script",
            "firstPartyCookies": {},
            "firstPartyCookiesSent": {},
            "exampleSites": [
                "listcrawler.eu",
                "escortalligator.com.listcrawler.eu",
                "manup.com.listcrawler.eu",
                "max80.com.listcrawler.eu",
                "superasian.com.listcrawler.eu",
                "transx.com.listcrawler.eu",
                "www.escortbabylon.net",
                "yolo.com.listcrawler.eu"
            ]
        },
        {
            "rule": "itransitauthority\\.com\\/www\\/delivery\\/asyncspc\\.php",
            "cookies": 0.0000547,
            "fingerprinting": 0,
            "subdomains": [],
            "apis": {},
            "sites": 8,
            "prevalence": 0.0000547,
            "cnames": [],
            "responseHashes": [
                "b1c9a8c4587a340046435a073d52506e9957954d4a1738d4151c499abec38d2d",
                "03ac809a937af39e4c25f303649bbc11a46660316f0826942c47d0e78eb429d5",
                "36f13db947ae7286b7c40c47b450a3c7c900032c9177bf555c548b4866555e5f",
                "f91432593eedbc776db2872bea830f97aa292249b3a33e6e199bd37dfe4a4deb",
                "6c278fc3f44a720ec6277861c3257f107fb40497294fd2f35c984e64bcae9bd4",
                "50aec9b92cf79eb400a26287a612370182262c4bedc2bd5bdba66982d8cfb5e6",
                "28998f0dcfbc20a90259ffee52289714e5b02e1021fb807b9773728a5ea15b79"
            ],
            "type": "XHR",
            "firstPartyCookies": {},
            "firstPartyCookiesSent": {},
            "exampleSites": [
                "listcrawler.eu",
                "escortalligator.com.listcrawler.eu",
                "manup.com.listcrawler.eu",
                "max80.com.listcrawler.eu",
                "superasian.com.listcrawler.eu",
                "transx.com.listcrawler.eu",
                "www.escortbabylon.net",
                "yolo.com.listcrawler.eu"
            ]
        },
        {
            "rule": "itransitauthority\\.com\\/www\\/images\\/9664fb9c9499c7a69d8ac3df911b8051\\.png",
            "cookies": 0,
            "fingerprinting": 0,
            "subdomains": [],
            "apis": {},
            "sites": 8,
            "prevalence": 0.0000547,
            "cnames": [],
            "responseHashes": [
                "4a3eaaf7189a5c50a99bf64f9cebebd16e846795a5ed99c6f52994a13d7c6b42"
            ],
            "type": "Image",
            "firstPartyCookies": {},
            "firstPartyCookiesSent": {},
            "exampleSites": [
                "listcrawler.eu",
                "escortalligator.com.listcrawler.eu",
                "manup.com.listcrawler.eu",
                "max80.com.listcrawler.eu",
                "superasian.com.listcrawler.eu",
                "transx.com.listcrawler.eu",
                "www.escortbabylon.net",
                "yolo.com.listcrawler.eu"
            ]
        },
        {
            "rule": "itransitauthority\\.com\\/www\\/delivery\\/lg\\.php",
            "cookies": 0.0000615,
            "fingerprinting": 0,
            "subdomains": [],
            "apis": {},
            "sites": 9,
            "prevalence": 0.0000615,
            "cnames": [],
            "responseHashes": [
                "e963e7196beb9123059ec3534b042ebcd1ef0a470fa568bfbebfeab2f33c4fda"
            ],
            "type": "Image",
            "firstPartyCookies": {},
            "firstPartyCookiesSent": {},