{
    "domain": "jsuol.com.br",
    "owner": {
        "name": "Universo Online S.A.",
        "displayName": "Universo Online"
    },
    "source": [
        "DuckDuckGo-US"
    ],
    "prevalence": 0.000102,
    "sites": 15,
    "subdomains": [
        "tm",
        "me"
    ],
    "cnames": [],
    "fingerprinting": 2,
    "resources": [
        {
            "rule": "jsuol\\.com\\.br\\/uoltm\\.js",
            "cookies": 0.00000683,
            "fingerprinting": 1,
            "subdomains": [
                "tm"
            ],
            "apis": {
                "window.localStorage": 14,
                "Document.cookie getter": 13,
                "Navigator.prototype.doNotTrack": 14,
                "Date.prototype.getTime": 10,
                "Navigator.prototype.userAgent": 3,
                "Navigator.prototype.appVersion": 3,
                "Document.cookie setter": 1,
                "window.innerHeight": 2
            },
            "sites": 15,
            "prevalence": 0.000102,
            "cnames": [],
            "responseHashes": [
                "a0c24bc6e3f6eb462e5d308168322c759f46906d68a6f7f3d36eb3b37bb179f4",
                "ffd39e32718a34b7d36f0ef4bc1ec6d7fe081fe90452047f1b6f3adba8c42a1b",
                "35413bd1fb5ae4794e993da54d6c1a35038d7b112dbe131c17f7a3b0018ab34c",
                "3bd3b57572a70848fe4d10948c43d8139c4f3b088585b85665ada23e07381c01",
                "a6df84fdcb9eda297d0b9982b1a1c3c2eac141d9bd0b055ecef04c4928cc0d2d",
                "e86243d750268b377a422c8bcd0b2cf2379652d6567fab29c9002b07810438c8",
                "24299492be37ece61699ee92c29309490ca7aaff66589e81fad1147a556f5561",
                "34433b149c3aad0470740d0f96ab7ac9e0bc83c32d77f41fc350e5e06229ab1a",
                "9ba3909764b1014c0fa53b2a5f63de43b66e6b633715d6330e2598316b6dc481",
                "2d1f027721d412cb2a5ed4a7fa6c448c788c1696f6d8242551392f16df028b51",
                "780c3711aea9aa393e90b4c523313650bec1ff1af37e7d95030ea8c1e2bcfafa",
                "c3d917a26592aaea35df9cdab25db3f5b779d0b757334dadab5d40f0983b767d",
                "e3b0c44298fc1c149afbf4c8996fb92427ae41e4649b934ca495991b7852b855"
            ],
            "type": "Script",
            "firstPartyCookies": {
                "bannerBackgroundIngresso": {
                    "ttl": 601,
                    "length": 8,
                    "prevalence": 0.000006832001093120175,
                    "uniqueness": 1
                }
            },
            "firstPartyCookiesSent": {},
            "exampleSites": [
                "comidinhasdochef.com",
                "filmow.com",
                "m.esportesdasorte.com",
                "m.horoscopovirtual.com.br",
                "olhardigital.com.br",
                "www.acheconcursos.com.br",
                "www.bibliaonline.com.br",
                "www.correiobraziliense.com.br",
                "www.ingresso.com",
                "www.megacurioso.com.br",
                "www.netshoes.com.br",
                "www.oficinadanet.com.br",
                "www.receiteria.com.br",
                "www.tecmundo.com.br",
                "www.voeazul.com.br"
            ]
        },
        {
            "rule": "jsuol\\.com\\.br\\/modules\\/mercurio\\.js",
            "cookies": 0,
            "fingerprinting": 1,
            "subdomains": [
                "tm"
            ],
            "apis": {
                "window.localStorage": 12
            },
            "sites": 14,
            "prevalence": 0.0000956,
            "cnames": [],
            "responseHashes": [
                "1a95f2a16310d3feba1a18264cb7baf64411fe9dd9da44a37d964d614b96dba1"
            ],
            "type": "Script",
            "firstPartyCookies": {},
            "firstPartyCookiesSent": {},
            "exampleSites": [
                "comidinhasdochef.com",
                "filmow.com",
                "m.esportesdasorte.com",
                "m.horoscopovirtual.com.br",
                "olhardigital.com.br",
                "www.acheconcursos.com.br",
                "www.bibliaonline.com.br",
                "www.correiobraziliense.com.br",
                "www.ingresso.com",
                "www.megacurioso.com.br",
                "www.netshoes.com.br",
                "www.oficinadanet.com.br",
                "www.receiteria.com.br",
                "www.tecmundo.com.br"
            ]
        },
        {
            "rule": "jsuol\\.com\\.br\\/modules\\/external\\/tailtarget\\/profiles\\.js",
            "cookies": 0,
            "fingerprinting": 1,
            "subdomains": [
                "tm"
            ],
            "apis": {
                "Date.prototype.getTime": 10
            },
            "sites": 10,
            "prevalence": 0.0000683,
            "cnames": [],
            "responseHashes": [
                "67ed54856b743c6e064253f611084475015ce883fff3150f710b8781e599d4a0"
            ],
            "type": "Script",
            "firstPartyCookies": {},
            "firstPartyCookiesSent": {
                "_cb_svref": 0.00001366400218624035
            },
            "exampleSites": [
                "filmow.com",
                "m.horoscopovirtual.com.br",
                "olhardigital.com.br",
                "www.acheconcursos.com.br",
                "www.bibliaonline.com.br",
                "www.ingresso.com",
                "www.megacurioso.com.br",
                "www.oficinadanet.com.br",
                "www.receiteria.com.br",
                "www.tecmundo.com.br"
            ]
        },
        {
            "rule": "jsuol\\.com\\.br\\/modules\\/external\\/tailtarget\\/t3m\\/TT-10162-1\\/CT-10\\.js",
            "cookies": 0,
            "fingerprinting": 1,
            "subdomains": [
                "tm"
            ],
            "apis": {
                "Date.prototype.getTime": 10
            },
            "sites": 10,
            "prevalence": 0.0000683,
            "cnames": [],
            "responseHashes": [
                "1feb439e4f79e4e6e7e9ecdb1085e06bd15e7a6fb42d244014a416e4772e899d"
            ],
            "type": "Script",
            "firstPartyCookies": {},
            "firstPartyCookiesSent": {
                "_cb_svref": 0.00001366400218624035
            },
            "exampleSites": [
                "filmow.com",
                "m.horoscopovirtual.com.br",
                "olhardigital.com.br",
                "www.acheconcursos.com.br",
                "www.bibliaonline.com.br",
                "www.ingresso.com",
                "www.megacurioso.com.br",
                "www.oficinadanet.com.br",
                "www.receiteria.com.br",
                "www.tecmundo.com.br"
            ]
        },
        {
            "rule": "jsuol\\.com\\.br\\/modules\\/dmp-uol-sync-p\\.js",
            "cookies": 0,
            "fingerprinting": 1,
            "subdomains": [
                "tm"
            ],
            "apis": {
                "window.localStorage": 9
            },
            "sites": 9,
            "prevalence": 0.0000615,
            "cnames": [],
            "responseHashes": [
                "edaa42f9820d2eeac89b651363ec6695cb3c7bfed262fc3b181358eb72742cec"
            ],
            "type": "Script",
            "firstPartyCookies": {},
            "firstPartyCookiesSent": {},
            "exampleSites": [
                "filmow.com",
                "m.horoscopovirtual.com.br",
                "olhardigital.com.br",
                "www.acheconcursos.com.br",
                "www.bibliaonline.com.br",
                "www.megacurioso.com.br",
                "www.oficinadanet.com.br",
                "www.receiteria.com.br",
                "www.tecmundo.com.br"
            ]
        },
        {
            "rule": "jsuol\\.com\\.br\\/modules\\/external\\/Prebid\\.js",
            "cookies": 0.0000615,
            "fingerprinting": 2,
            "subdomains": [
                "tm"
            ],