{
    "domain": "kwai-pro.com",
    "owner": {},
    "source": [
        "DuckDuckGo-US"
    ],
    "prevalence": 0.000109,
    "sites": 16,
    "subdomains": [
        "logsdk",
        "csplog"
    ],
    "cnames": [],
    "fingerprinting": 0,
    "resources": [
        {
            "rule": "kwai-pro\\.com\\/rest\\/wd\\/common\\/log\\/collect\\/radar",
            "cookies": 0,
            "fingerprinting": 0,
            "subdomains": [
                "logsdk"
            ],
            "apis": {},
            "sites": 13,
            "prevalence": 0.0000888,
            "cnames": [],
            "responseHashes": [
                "552d74f2e03105ab7be7b62365b24245b0a65cbe6d1f7a04e007d7f9a022ffd4",
                "e7210c288932ac640800f26193d908c8b13b35e42467a24ae9e5c266c8992150",
                "ec86d53bdccf598b836b8c7c91ad6dc4833cc8e1901c9fb8471a853721862129",
                "f62cb1dd253d0f730111c72472a36467c8112a7b3c62f653d5de812c99ff8032",
                "5238f8b58090771fb4ffbfa08138a21e98903b74584a556576fcab9025de0c1d",
                "126f1512f0f2aee4f29354791ed6512f5c70b6a3894467372a7a09f0bb81e387",
                "288e599aa574ed814d9691a4f387e470f8cb8a078b8dcec6b706930dc0754242",
                "7e8bfd8eee2ef93d5bc03732294d4f0fbd24837e37749330246d29bcf0c3ab10",
                "866034e4dbfb26929585da084b91274a2893ea161bfec3f7be178aa634619065"
            ],
            "type": "XHR",
            "firstPartyCookies": {},
            "firstPartyCookiesSent": {},
            "exampleSites": [
                "9f.com",
                "betplay.com.co",
                "comidinhasdochef.com",
                "klingai.com",
                "m.betpix365.com",
                "m.esportesdasorte.com",
                "m.vaidebet.com",
                "obabet.com",
                "www.correiobraziliense.com.br",
                "www.kto.com",
                "www.kwai.com",
                "www.netshoes.com.br",
                "www.snackvideo.com"
            ]
        },
        {
            "rule": "kwai-pro\\.com\\/rest\\/wd\\/common\\/log\\/collect\\/misc2",
            "cookies": 0,
            "fingerprinting": 0,
            "subdomains": [
                "logsdk"
            ],
            "apis": {},
            "sites": 3,
            "prevalence": 0.0000205,
            "cnames": [],
            "responseHashes": [
                "08090fc567050a80a734c8f97c23d0d622e05b8b88ceea4599563306219744ea",
                "5238f8b58090771fb4ffbfa08138a21e98903b74584a556576fcab9025de0c1d"
            ],
            "type": "XHR",
            "firstPartyCookies": {},
            "firstPartyCookiesSent": {},
            "exampleSites": [
                "klingai.com",
                "www.kwai.com",
                "www.snackvideo.com"
            ]
        },
        {
            "rule": "kwai-pro\\.com\\/log\\/kwai\\/wwwkwai",
            "cookies": 0,
            "fingerprinting": 0,
            "subdomains": [
                "csplog"
            ],
            "apis": {},
            "sites": 2,
            "prevalence": 0.0000137,
            "cnames": [],
            "responseHashes": [
                "e3b0c44298fc1c149afbf4c8996fb92427ae41e4649b934ca495991b7852b855"
            ],
            "type": "Other",
            "firstPartyCookies": {},
            "firstPartyCookiesSent": {},
            "exampleSites": [
                "kwai.com",
                "www.kwai.com"
            ]
        }
    ],
    "categories": [],
    "performance": {},
    "cookies": 0,
    "topInitiators": [
        {
            "domain": "kwai.net",
            "prevalence": 0.6363636363636364
        },
        {
            "domain": "first party",
            "prevalence": 0.21212121212121213
        },
        {
            "domain": "ap4r.com",
            "prevalence": 0.1111111111111111
        },
        {
            "domain": "googlesyndication.com",
            "prevalence": 0.04040404040404041
        }
    ],
    "types": {
        "XHR": 16,
        "Other": 2
    },
    "nameservers": [
        "a1-10.akam.net",
        "a3-67.akam.net",
        "a9-65.akam.net",
        "a26-65.akam.net",
        "a16-64.akam.net",
        "a14-65.akam.net"
    ]
}