{
    "domain": "leadintel.io",
    "owner": {},
    "source": [
        "DuckDuckGo-US"
    ],
    "prevalence": 0.000225,
    "sites": 33,
    "subdomains": [],
    "cnames": [],
    "fingerprinting": 1,
    "resources": [
        {
            "rule": "leadintel\\.io\\/login-check",
            "cookies": 0,
            "fingerprinting": 1,
            "subdomains": [],
            "apis": {
                "Document.cookie getter": 2
            },
            "sites": 20,
            "prevalence": 0.000137,
            "cnames": [],
            "responseHashes": [
                "710b379ace0dc08700ba0f35e7f201218a8cb279fb2b24c1ab2bc4655be92130",
                "0fc79fd792a2953e59ab022b4ea955255cdac0c5df14b676a95d1f11eb936bd0",
                "786b4b9e686cfcff376657f8d41fad9e89172d8db1b305c7da19b6519233fb8e",
                "d600dd343d523908392205243c52f8cf2b09e75995a58aa265ee8009a7238506",
                "2beb9f379e472ae38eaa6ff3715d1e8bedd9dcf00e7cf40f88c88e03cf38c022",
                "6050860e23f678b12cafdb6d965cf465828197fbc095e4b114aa375aa7bf202c",
                "599e09a7b07d32059a3ad5c68fcf86171a253e1aa3a5faefa4f75fa7cdf553a6",
                "457a2bdd9e69ee6667648e07f861a9db2c1c2a339b917e4006a7126292ab8c81",
                "f0a81026cce579dd5a249ac446a7e560e9e8a9cac6fc763f313f77301fa8f939",
                "30ec2f25aae0e5269138015b64b7c6e152ded02410bde93bdc21290ed024e89b",
                "47952436c13b5872c8840a88a829029da048aeea01588390f3a88d71a63197f2"
            ],
            "type": "Script",
            "firstPartyCookies": {},
            "firstPartyCookiesSent": {
                "cookies.js_dtest": 0.00008881601421056228,
                "parsely_uuid": 0.00008881601421056228
            },
            "exampleSites": [
                "horseandhound.co.uk",
                "www.countrylife.co.uk",
                "www.decanter.com",
                "www.golfmonthly.com",
                "www.homebuilding.co.uk",
                "www.horseandhound.co.uk",
                "www.mbr.co.uk",
                "www.mby.com",
                "www.mixonline.com",
                "www.nexttv.com",
                "www.pbo.co.uk",
                "www.practicalcaravan.com",
                "www.practicalmotorhome.com",
                "www.rugbyworld.com",
                "www.techlearning.com",
                "www.thefield.co.uk",
                "www.tvtechnology.com",
                "www.whathifi.com",
                "www.yachtingmonthly.com",
                "www.yachtingworld.com"
            ]
        },
        {
            "rule": "leadintel\\.io\\/track",
            "cookies": 0.000137,
            "fingerprinting": 0,
            "subdomains": [],
            "apis": {},
            "sites": 20,
            "prevalence": 0.000137,
            "cnames": [],
            "responseHashes": [
                "b8f68f73e12d7b2fdbb72496d14886c1f0b84c1dd098b38dce994d2b4e81df9a",
                "1c7e1d25d99334d18c755db34ded9baded4be2899eb49d75e81283cf015d687e",
                "ee3e50db5a0ad4a2e9ad5bbf70a12595b16216c96f2d69dbb1eda9db03988da5",
                "c81e9200cd702a2c34bf5db55db7797aeea26c46978058f3e6d6b4110c3185eb",
                "89eb1a86eb8c89dd07bc7d2964faa90e2171caf114ffdab9521b0281e538f266",
                "ccc7013835d5c4f5636c2b1eba9d7c1f24e1742314420f8f430cd9984d88b7c4",
                "47de83ac513eb2d9b8d1d9d316d68424530bc986ce25159137f238b6e3c7f5cd",
                "98cc8bd84526e43e7062ec524068c81053a5bcf132a2d960d52583ca7a597d6a",
                "891f6140077033110ca42d3d8ec1b19ddc88d396b16fe21eef08039cf06a24b1",
                "6f284dea08a0a2acd82a933643aa9d6a98d369ed7fd319b74f10716e61d9d67f",
                "027e77f28af0688ca42e2dc95041b2643fdc8ae4a2dcdd710bd64b3a168ec2fa",
                "80b6091d030eea69d03942f89519b144a16039163eb93514fd0b17cc45513290",
                "9702fa326bf94ba5220df52d7a2e54506c478c9efa405a33b8d7f10fd262210b",
                "1301f44445723b9a9c5be20e85e4d4e792fe7057395a8c3eb19a885d06ad7d61",
                "045d999b67baf29128e2d5771b55776e7c3e47f91ba38818003029efe2c97607",
                "6882a6a8679395ea2c0ba0a1d2f46dfded5ec4b9f1752c9df4c79074743cf036",
                "d9b740872e4f8a3bbb4b4f26cc80f932f45f81d4a1c4bd951873424f1350762f",
                "1bb4fdd963d76d4d8f8f44774935adc8e4d4e4fe7b6b21d91a8a09b0e1e6b7fb",
                "6bba36c3e6185adb04526196c1fbf1e72ff33549eb5dfa9a4b2ad2c770621518"
            ],
            "type": "Script",
            "firstPartyCookies": {},
            "firstPartyCookiesSent": {
                "cookies.js_dtest": 0.00008881601421056228,
                "parsely_uuid": 0.00008881601421056228,
                "_li_dcdm_c": 0.00008881601421056228,
                "lotame_domain_check": 0.00010248001639680262,
                "__pid": 0.00001366400218624035,
                "_cats": 0.000006832001093120175
            },
            "exampleSites": [
                "horseandhound.co.uk",
                "www.countrylife.co.uk",
                "www.decanter.com",
                "www.golfmonthly.com",
                "www.homebuilding.co.uk",
                "www.horseandhound.co.uk",
                "www.mbr.co.uk",
                "www.mby.com",
                "www.mixonline.com",
                "www.nexttv.com",
                "www.pbo.co.uk",
                "www.practicalcaravan.com",
                "www.practicalmotorhome.com",
                "www.rugbyworld.com",
                "www.techlearning.com",
                "www.thefield.co.uk",
                "www.tvtechnology.com",
                "www.whathifi.com",
                "www.yachtingmonthly.com",
                "www.yachtingworld.com"
            ]
        },
        {
            "rule": "leadintel\\.io\\/m\\/",
            "cookies": 0.0000137,
            "fingerprinting": 0,
            "subdomains": [],
            "apis": {},
            "sites": 2,
            "prevalence": 0.0000137,
            "cnames": [],
            "responseHashes": [
                "b990ba9b886350bcbbc79fbbdfdf6f537c8b603c327b05eecfaf8caba3c26b33"
            ],
            "type": "Script",
            "firstPartyCookies": {},
            "firstPartyCookiesSent": {},
            "exampleSites": [
                "practicalcaravan.com",
                "www.practicalmotorhome.com"
            ]
        },
        {
            "rule": "leadintel\\.io\\/li\\/event",
            "cookies": 0,
            "fingerprinting": 0,
            "subdomains": [],
            "apis": {},
            "sites": 3,
            "prevalence": 0.0000205,
            "cnames": [],
            "responseHashes": [
                "1866961a029c65376fefb7f2ba1e6187e09ff50ea58d97dedfd72c197947d002"
            ],
            "type": "Image",
            "firstPartyCookies": {},
            "firstPartyCookiesSent": {
                "_li_dcdm_c": 0.000020496003279360526,
                "lotame_domain_check": 0.000020496003279360526
            },
            "exampleSites": [
                "practicalcaravan.com",
                "www.practicalcaravan.com",
                "www.practicalmotorhome.com"
            ]
        }
    ],
    "categories": [],
    "performance": {},
    "cookies": 0.000225,
    "topInitiators": [
        {
            "domain": "d39ion77s0ucuz.cloudfront.net",
            "prevalence": 0.6533333333333333
        },
        {
            "domain": "webcontentassessor.com",
            "prevalence": 0.3466666666666667
        }
    ],
    "types": {
        "Script": 42,
        "Image": 3
    },
    "nameservers": [
        "ns-1841.awsdns-38.co.uk",
        "ns-887.awsdns-46.net",
        "ns-1508.awsdns-60.org",
        "ns-31.awsdns-03.com"
    ]
}