{
    "domain": "likeshop.me",
    "owner": {},
    "source": [
        "DuckDuckGo-US"
    ],
    "prevalence": 0.000184,
    "sites": 27,
    "subdomains": [
        "api"
    ],
    "cnames": [],
    "fingerprinting": 0,
    "resources": [
        {
            "rule": "likeshop\\.me\\/gallery-more",
            "cookies": 0.00013,
            "fingerprinting": 0,
            "subdomains": [
                "api"
            ],
            "apis": {},
            "sites": 19,
            "prevalence": 0.00013,
            "cnames": [],
            "responseHashes": [
                "d7093fc4cb18a8537cfd0ec113623f8d474c570307b7f73243b1558cf88167ba",
                "51d0113b07981af51f6d6636637b603998095375f102e40ede0a6cebd6736b78",
                "129e24fe188f9e1781407f77af9ce69f26e75df3abfce058233b1f9d4e1654fb",
                "c13123c3cd5afd5562d169bf14a1a8ce9cc2bc1250f8f321b300544258170a47",
                "1e4b8f284d751f0d285612819670b50b2946667e7bb8e46c99e7a6b4a1281717",
                "793e2417b902943c6f09961f22da648105413ebe569d86246ec68cbc7d03366e",
                "099efd329238ed714e9a78c06363596fdf2f0674200051072b52e67cb7bd69c3",
                "5e6ecb49d67e1744ae11f7113627b490ccd9e7e31da7db8f6ebeae5a9222eb07",
                "5745c4a4f9bcab6056db4a49503fc95dba4ab5c2f1270abbdda43fde4409b169",
                "d6608002eb21aef9059f7d0d49b489d88142a5fa15972836227bc16d11e06cff",
                "8abda3fe92d4deda72f5a0c3725b183dc7a4af5ffd7adbfa61ab12ed1eebbd00",
                "817290759042c202b2a3677a4ac93df1176966006ba00e10fe0c4a486ec9ee20",
                "02174bc7c36ac7689f687a62718109e40316a5932404b5a55026cbe63f153917",
                "a9833f53a06a6964504b289d5ab5ccfbbca6685de29f7e82ac66fa65d53b85e6",
                "2fc5da5fbaf675bdf63504411dfb85ed81d216b3ec221a2344a46b7977dcc751",
                "9c6ff7d754f7e8d151fe74c00e6bdaa0e00822bd5b81ee9ce6dcae0389704672",
                "89fa547fd421eb2dab0b856183d64e1cd2949e166fdd8be86866fcd86f2ae350",
                "b593b1238ea9f9ae70ff6e883cccc53526452ac2c2998dd5df2f8f2c3a425277"
            ],
            "type": "XHR",
            "firstPartyCookies": {},
            "firstPartyCookiesSent": {},
            "exampleSites": [
                "aloha-collection.com",
                "fahertybrand.com",
                "fleurdumal.com",
                "hellmanns.com",
                "peterthomasroth.com",
                "soldejaneiro.com",
                "t3micro.com",
                "us.davines.com",
                "www.aliceandolivia.com",
                "www.altontowers.com",
                "www.bareminerals.com",
                "www.bellacanvas.com",
                "www.lauramercier.com",
                "www.luluandgeorgia.com",
                "www.nowfoods.com",
                "www.saucony.com",
                "www.venus.com",
                "www.vicicollection.com",
                "www.victoriassecret.com"
            ]
        },
        {
            "rule": "likeshop\\.me\\/static\\/img\\/video\\.svg",
            "cookies": 0.00013,
            "fingerprinting": 0,
            "subdomains": [],
            "apis": {},
            "sites": 19,
            "prevalence": 0.00013,
            "cnames": [],
            "responseHashes": [
                "e3504c807f51686b43bb03510c35d9b884410ec42ff6f7f8107f11776b896643"
            ],
            "type": "Image",
            "firstPartyCookies": {},
            "firstPartyCookiesSent": {},
            "exampleSites": [
                "aloha-collection.com",
                "brilliantearth.com",
                "fahertybrand.com",
                "fleurdumal.com",
                "hellmanns.com",
                "peterthomasroth.com",
                "soldejaneiro.com",
                "t3micro.com",
                "us.davines.com",
                "www.aliceandolivia.com",
                "www.bareminerals.com",
                "www.bedrosians.com",
                "www.bellacanvas.com",
                "www.brilliantearth.com",
                "www.lauramercier.com",
                "www.primalkitchen.com",
                "www.saucony.com",
                "www.venus.com",
                "www.victoriassecret.com"
            ]
        },
        {
            "rule": "likeshop\\.me\\/likeshop-more",
            "cookies": 0.0000342,
            "fingerprinting": 0,
            "subdomains": [
                "api"
            ],
            "apis": {},
            "sites": 5,
            "prevalence": 0.0000342,
            "cnames": [],
            "responseHashes": [
                "f4099ed446c5481917dbdc74b6d9fff34882c517831cdb8d185dda5fd16e1fcd",
                "ce95e71b92eb8fe7d3a31489333eb494ca96b95ae9c3ba60859e5b1321457998",
                "4be08ef511e98c2fc70e421313a1921ff29ded93d369fbd824e400114b2d6fe1",
                "0e36e947426ea6a04e0c4bdbee998949b8f267812bff960b1e3dde7bdba896e8"
            ],
            "type": "XHR",
            "firstPartyCookies": {},
            "firstPartyCookiesSent": {},
            "exampleSites": [
                "brilliantearth.com",
                "shopthemint.com",
                "www.bedrosians.com",
                "www.brilliantearth.com",
                "www.primalkitchen.com"
            ]
        },
        {
            "rule": "likeshop\\.me\\/static\\/img\\/previous\\.png",
            "cookies": 0.0000888,
            "fingerprinting": 0,
            "subdomains": [],
            "apis": {},
            "sites": 13,
            "prevalence": 0.0000888,
            "cnames": [],
            "responseHashes": [
                "e8235390796d01f5f7a4aadaee912774f4321335280303e5d264380c68cf158e"
            ],
            "type": "Image",
            "firstPartyCookies": {},
            "firstPartyCookiesSent": {},
            "exampleSites": [
                "brilliantearth.com",
                "fleurdumal.com",
                "soldejaneiro.com",
                "t3micro.com",
                "us.davines.com",
                "www.aliceandolivia.com",
                "www.bareminerals.com",
                "www.bedrosians.com",
                "www.brilliantearth.com",
                "www.lauramercier.com",
                "www.luluandgeorgia.com",
                "www.saucony.com",
                "www.victoriassecret.com"
            ]
        },
        {
            "rule": "likeshop\\.me\\/static\\/img\\/loading\\.gif",
            "cookies": 0.000116,
            "fingerprinting": 0,
            "subdomains": [],
            "apis": {},
            "sites": 17,
            "prevalence": 0.000116,
            "cnames": [],
            "responseHashes": [
                "efff2e04103445d18167838a811b8422d9d673a065beafe04a17fcade0e0543c"
            ],
            "type": "Image",
            "firstPartyCookies": {},
            "firstPartyCookiesSent": {},
            "exampleSites": [
                "brilliantearth.com",
                "fahertybrand.com",
                "fleurdumal.com",
                "hellmanns.com",
                "soldejaneiro.com",
                "t3micro.com",
                "us.davines.com",
                "www.aliceandolivia.com",
                "www.bareminerals.com",
                "www.bedrosians.com",
                "www.bellacanvas.com",
                "www.brilliantearth.com",
                "www.lauramercier.com",
                "www.luluandgeorgia.com",
                "www.saucony.com",
                "www.vicicollection.com",
                "www.victoriassecret.com"
            ]
        },
        {
            "rule": "likeshop\\.me\\/static\\/img\\/next\\.png",
            "cookies": 0.0000888,
            "fingerprinting": 0,
            "subdomains": [],
            "apis": {},
            "sites": 13,
            "prevalence": 0.0000888,
            "cnames": [],