{
    "domain": "linkconnector.com",
    "owner": {
        "name": "LinkConnector Corporation",
        "displayName": "LinkConnector"
    },
    "source": [
        "DuckDuckGo-US"
    ],
    "prevalence": 0.000417,
    "sites": 61,
    "subdomains": [
        "www"
    ],
    "cnames": [],
    "fingerprinting": 1,
    "resources": [
        {
            "rule": "linkconnector\\.com\\/uts_lp\\.php",
            "cookies": 0.00028,
            "fingerprinting": 1,
            "subdomains": [
                "www"
            ],
            "apis": {
                "Document.cookie getter": 34,
                "window.localStorage": 34,
                "Date.prototype.getTime": 37,
                "Document.cookie setter": 34
            },
            "sites": 43,
            "prevalence": 0.000294,
            "cnames": [],
            "responseHashes": [
                "0fa0ca6c804923ee6c909c4a6f6c4dcb328ead6de252026972ec60634dec284e",
                "e3b0c44298fc1c149afbf4c8996fb92427ae41e4649b934ca495991b7852b855",
                "d310b9969cf99183b693371bbd78b50f811afbd3c670ba4da916058e891e6db1",
                "16fbf74a3de6feb0c521eef511f3216c0bd8d637bcf397697108011aceab0bd7",
                "f767c18be5eba899e99ce3b1dfd433153f047d16267e6ff1b67d056ac2fccdfc",
                "8831b06efdff69d0d5e4e8f0e9b8c1024a7ad8fa4169427e5a4046314bb9a33e",
                "23f539d358bc1d5b9f9dca5c6677ada98d921c89ef47ff11c7fd01dfb915ca41",
                "89edc55f551caabb1c84e764ed57882305b3143f17c46e47d3d5c8546f7eee6c",
                "a13d285f9b3089efe6874e75a8dc97c434fb9f7dbd3fe440f3369cd70f9c3c0b",
                "ca387f7fb279211765392738d9ef710c29e107cb9c7c3ff95572740b2007fa94",
                "f00d458d04a43c2fa229f475043ce1d74c41781048fabcce2bcdd0fb51e18e69",
                "63138a9df624b5baddc06107831b8fd1064331f65d5e16e9b02dbb41067e00e5",
                "375a4826146bc1ed0f2ceb8b9634821e4174750fcaaea1ec3cdbf347f18fcd7a",
                "2d6d0ae4e1d20d8fa4e88fe2067c95248d44337ed21a100cbf071fba7eb25236",
                "e9eae00a5e8db3f0505e08a85994ea0c20e82110114c704a081f88f71bae7450",
                "058da70a974c804b247b067bce9981650a6bb41d497694fbd41f151c5f3ed6f7",
                "acce82be53e374475ea53f00e14d47e61b1a75371ea622fd54ffa49205e8bc3e",
                "a9ad117ca9a97ab78535415aa32d87e8442abf78aa431ab5edcc8c088f212238",
                "78dca95dafa92cb06852f8bf2d03957067242980d9b7a550c4d4a95dcda533ab",
                "d3c0a416e3d936717072b643a3d0b10ce225a531a7b03ece33c823f509e29a63",
                "6428779db29280d6a46e095f6c4ef0016b6b70cb7fa26965503c25183817e1a4",
                "2fcd765541aaa0037d810f5bb8ed401732e3742dd7109076226832430dc5f0fe",
                "db6345577d7854cfb01103c1b5470a4f14b2c35128bb643b4af897527ecb8949",
                "7fbc7272343cefd7b433f32dd941bcdb9c37951500f900ce882f12d5610c7f08",
                "fdf9672363899cb0e7268d5d6805b5940e9b7f57548735784a6e19eb5a23bd66",
                "23d801bb79b88873908734d89bb9ca834b0fcdcc1b2ff84f9f681aa4701459c5",
                "51de50e281502f435f070b5ea20d89ed5859086a89ede178bf01ff26f068f93c",
                "3525319985429cd6e13cde6c3468faf29ea0347d49ad8be48bbce910a1e15c63",
                "97c9037da2a8aa29ed5dc6be1702a9dafdca22829326144414a46d36e75521cb",
                "63b95e3ae94bdeb258eb90d19a7bca78e01d89f087aaa8c8371e7f0dee45ab97",
                "1d1ca724ab74a32b728d323abe3b55096b6ce34853396b889887e6e84a62c7ce",
                "0c335bfb4d3667a86b2cd6986b04fe9a3bc8768f488b1414bff930104bc3bff4",
                "aa031cd3cfa325a8ca2b99a5818be7d0e24b279406825c159ff1f9d33470cdba",
                "65f52a25919914e5f9d3f9a5d970f701a979ed9c6e880d65ae7d3ecd5373daaf",
                "0d96a9c9e03b51bcec4bcb324be8858a198f4bb063f279562d9451baafacdc0a",
                "ea4985655d1df07ab13e9f0f9d794e3eecdf845f79f5bd531819b9cf82896260",
                "ebbff707fad0fa0205b10de2140730a5a9b310a5cf25c67120abdb64f8a6f355",
                "e4d5c2b2dddf15a799dccb3cf1df518d48ad002f772b0cc60c9ec6398c132dda",
                "451f19125d9121512671758331373edf751f09962d75d38aaffb9d9f4f142c35",
                "089b17031e9ccfff06b9bd584ec432f7f325a2fcf9b36b57148821f0c55a668f"
            ],
            "type": "Script",
            "firstPartyCookies": {
                "uts_id": {
                    "ttl": 157680003,
                    "length": 17,
                    "prevalence": 0.00023228803716608595,
                    "uniqueness": 1
                },
                "LCUTS_UID_901602": {
                    "ttl": 3602,
                    "length": 6,
                    "prevalence": 0.0000273280043724807,
                    "uniqueness": 0.25
                },
                "LCUTS_UID_900133": {
                    "ttl": 3606,
                    "length": 6,
                    "prevalence": 0.00006832001093120175,
                    "uniqueness": 0.1
                },
                "LCUTS_UID_900188": {
                    "ttl": 3604,
                    "length": 6,
                    "prevalence": 0.00001366400218624035,
                    "uniqueness": 0.5
                },
                "LCUTS_UID_902059": {
                    "ttl": 3601,
                    "length": 6,
                    "prevalence": 0.000006832001093120175,
                    "uniqueness": 1
                },
                "LCUTS_UID_902035": {
                    "ttl": 3610,
                    "length": 6,
                    "prevalence": 0.000006832001093120175,
                    "uniqueness": 1
                },
                "LCUTS_UID_901938": {
                    "ttl": 3619,
                    "length": 6,
                    "prevalence": 0.000006832001093120175,
                    "uniqueness": 1
                },
                "LCUTS_UID_902057": {
                    "ttl": 3601,
                    "length": 6,
                    "prevalence": 0.000006832001093120175,
                    "uniqueness": 1
                },
                "LCUTS_UID_902007": {
                    "ttl": 3604,
                    "length": 6,
                    "prevalence": 0.000006832001093120175,
                    "uniqueness": 1
                },
                "LCUTS_UID_900507": {
                    "ttl": 3602,
                    "length": 6,
                    "prevalence": 0.000006832001093120175,
                    "uniqueness": 1
                },
                "LCUTS_UID_901974": {
                    "ttl": 3604,
                    "length": 6,
                    "prevalence": 0.000006832001093120175,
                    "uniqueness": 1
                },
                "LCUTS_UID_900400": {
                    "ttl": 3601,
                    "length": 6,
                    "prevalence": 0.000006832001093120175,
                    "uniqueness": 1
                },
                "LCUTS_UID_900127": {
                    "ttl": 3604,
                    "length": 6,
                    "prevalence": 0.000006832001093120175,
                    "uniqueness": 1
                },
                "LCUTS_UID_901518": {
                    "ttl": 3605,
                    "length": 6,
                    "prevalence": 0.00001366400218624035,
                    "uniqueness": 0.5
                },
                "LCUTS_UID_902079": {
                    "ttl": 3601,
                    "length": 6,
                    "prevalence": 0.000006832001093120175,
                    "uniqueness": 1
                },
                "LCUTS_UID_900216": {
                    "ttl": 3600,
                    "length": 6,
                    "prevalence": 0.000006832001093120175,
                    "uniqueness": 1
                },
                "LCUTS_UID_900130": {
                    "ttl": 3605,
                    "length": 6,
                    "prevalence": 0.000006832001093120175,