{
    "domain": "listtrac.com",
    "owner": {},
    "source": [
        "DuckDuckGo-US"
    ],
    "prevalence": 0.000102,
    "sites": 15,
    "subdomains": [
        "code"
    ],
    "cnames": [],
    "fingerprinting": 1,
    "resources": [
        {
            "rule": "listtrac\\.com\\/monitor\\.ashx",
            "cookies": 0.0000752,
            "fingerprinting": 1,
            "subdomains": [
                "code"
            ],
            "apis": {
                "Date.prototype.getTime": 9,
                "Navigator.prototype.userAgent": 3
            },
            "sites": 11,
            "prevalence": 0.0000752,
            "cnames": [],
            "responseHashes": [
                "6720102783e706624c3723248633ee635af09e6ecc65f28f5fd3568a770d950f",
                "5f115b8ac641d6fba26601332604a0340682f37fbc7db5e048ba80495f4d296a",
                "4494e13365b642e35869331aaa6d36f6bc9422a187453a06d7b1186380fdbe22",
                "5518dd5761d7e21dd4bc7aae335ae22c4451e7e64e679cea5f01b3dadf7030e5",
                "a4eeeea2ef2b42f2a9c761073caba5dbe0c2b224f0aa8c3e89af33a0e0940d35",
                "2e6adb711df63a79932cc3c3e416f7a6e98895801a4077c092cb8914eaa06b04",
                "616a2c4719643e073f39ef4a5a8e4ebb551b507e7065e4f962f91fc9821a63d8",
                "3c118aed80b48c754966c0dc7699c1a387eab8774e1e4f2f2c6b0e87c1c582f4",
                "d9cae76dd7b8c25c2b8be3ab86b73a8d3147db372a362add4ee71026e25cbcbf"
            ],
            "type": "Script",
            "firstPartyCookies": {},
            "firstPartyCookiesSent": {},
            "exampleSites": [
                "century21.com",
                "commercial.century21.com",
                "onekeymls.com",
                "www.century21.com",
                "www.christiesrealestate.com",
                "www.corcoran.com",
                "www.foxroach.com",
                "www.georgiamls.com",
                "www.lakehomes.com",
                "www.remax.ca",
                "www.sanmiguelsothebysrealty.com"
            ]
        },
        {
            "rule": "listtrac\\.com\\/",
            "cookies": 0,
            "fingerprinting": 0,
            "subdomains": [
                "code"
            ],
            "apis": {},
            "sites": 2,
            "prevalence": 0.0000137,
            "cnames": [],
            "responseHashes": [
                "12ae32cb1ec02d01eda3581b127c1fee3b0dc53572ed6baf239721a03d82e126"
            ],
            "type": "XHR",
            "firstPartyCookies": {},
            "firstPartyCookiesSent": {},
            "exampleSites": [
                "corcoran.com",
                "www.remax.ca"
            ]
        }
    ],
    "categories": [],
    "performance": {},
    "cookies": 0.000102,
    "topInitiators": [
        {
            "domain": "googletagmanager.com",
            "prevalence": 0.47368421052631576
        },
        {
            "domain": "first party",
            "prevalence": 0.3684210526315789
        },
        {
            "domain": "gtsstatic.net",
            "prevalence": 0.10526315789473684
        },
        {
            "domain": "fullstory.com",
            "prevalence": 0.05263157894736842
        }
    ],
    "types": {
        "Script": 11,
        "XHR": 2
    },
    "nameservers": [
        "ns1-02.azure-dns.com",
        "ns2-02.azure-dns.net",
        "ns3-02.azure-dns.org",
        "ns4-02.azure-dns.info"
    ]
}