{
    "domain": "lootly.io",
    "owner": {},
    "source": [
        "DuckDuckGo-US"
    ],
    "prevalence": 0.000109,
    "sites": 16,
    "subdomains": [],
    "cnames": [],
    "fingerprinting": 1,
    "resources": [
        {
            "rule": "lootly\\.io\\/js\\/integrations\\/shopify\\/script\\.js",
            "cookies": 0.000041,
            "fingerprinting": 1,
            "subdomains": [],
            "apis": {
                "Document.cookie getter": 6,
                "window.innerWidth": 5
            },
            "sites": 6,
            "prevalence": 0.000041,
            "cnames": [],
            "responseHashes": [
                "f2bad849935bb6eaf1e71a5933d01abca7330a42867aaf03bb29ea2efb45dea1"
            ],
            "type": "Script",
            "firstPartyCookies": {},
            "firstPartyCookiesSent": {},
            "exampleSites": [
                "godivassecretwigs.com",
                "kbdfans.com",
                "tiffen.com",
                "www.drinkbrez.com",
                "www.lights4fun.co.uk",
                "www.safeandsoundhq.com"
            ]
        },
        {
            "rule": "lootly\\.io\\/widget",
            "cookies": 0.0000615,
            "fingerprinting": 0,
            "subdomains": [],
            "apis": {},
            "sites": 9,
            "prevalence": 0.0000615,
            "cnames": [],
            "responseHashes": [
                "f681bbe63720913210dcbcb0908ff3e56843d250014cce2e9f3db2a91ceaf5a7",
                "c771c5645fdf190a2b4cbd338cef350726395e2e2dd4c9a40d6e7ab7c3cf04c1",
                "6385640b598f4fb4de6b232ca06052a6ca744a317c66758736783f6f236f921d",
                "93d2afd2e0e3e6b4a504843fb83eb8c02c69f1b6c60be8fb4406a08ef468f274",
                "27350bb1803e2269476c4643b586aa42ed6ba2bf0c03e6af2391ee9492a9a621",
                "cc03736a751cb953cd5a2731a8f5742e5a9d3c49b28f325f3d89c1eb8175b5dd",
                "8efed59f84eb034a70f9eec6f055fd75645b7a16c70317364e1a7e86d6f53c5d",
                "2039477f6825b5ba404f89be78d3c36ac8ebe33632a67db6d3f4bf906eed32e3"
            ],
            "type": "Document",
            "firstPartyCookies": {},
            "firstPartyCookiesSent": {},
            "exampleSites": [
                "godivassecretwigs.com",
                "kbdfans.com",
                "oakwoodveneer.com",
                "rangerpointstore.com",
                "swisschems.is",
                "www.drinkbrez.com",
                "www.lights4fun.co.uk",
                "www.safeandsoundhq.com",
                "www.stormykromer.com"
            ]
        },
        {
            "rule": "lootly\\.io\\/api\\/referral-tab\\/settings",
            "cookies": 0.0000615,
            "fingerprinting": 0,
            "subdomains": [],
            "apis": {},
            "sites": 9,
            "prevalence": 0.0000615,
            "cnames": [],
            "responseHashes": [],
            "type": "Preflight",
            "firstPartyCookies": {},
            "firstPartyCookiesSent": {},
            "exampleSites": [
                "godivassecretwigs.com",
                "kbdfans.com",
                "oakwoodveneer.com",
                "rangerpointstore.com",
                "swisschems.is",
                "www.drinkbrez.com",
                "www.lights4fun.co.uk",
                "www.safeandsoundhq.com",
                "www.stormykromer.com"
            ]
        },
        {
            "rule": "lootly\\.io\\/api\\/referral-tab\\/settings",
            "cookies": 0.0000615,
            "fingerprinting": 0,
            "subdomains": [],
            "apis": {},
            "sites": 9,
            "prevalence": 0.0000615,
            "cnames": [],
            "responseHashes": [
                "e7526f9a4360fd590555d5b3a1107042f18a6ace66a09cbbfd266f86621266fb",
                "c5e0482a074b70e8eb552ea1dee1c22f0613f427e7cf154389e817625b521e16",
                "a015656eda4a919148eb86db5761ffa4c9d9beea76ad42d1cd58d2277bca83f3",
                "86e7e74352c443e964f41b48458293141a600d95e2a90fd95b3f3ad22b491636"
            ],
            "type": "XHR",
            "firstPartyCookies": {},
            "firstPartyCookiesSent": {},
            "exampleSites": [
                "godivassecretwigs.com",
                "kbdfans.com",
                "oakwoodveneer.com",
                "rangerpointstore.com",
                "swisschems.is",
                "www.drinkbrez.com",
                "www.lights4fun.co.uk",
                "www.safeandsoundhq.com",
                "www.stormykromer.com"
            ]
        },
        {
            "rule": "lootly\\.io\\/css\\/widget\\.css",
            "cookies": 0.0000615,
            "fingerprinting": 0,
            "subdomains": [],
            "apis": {},
            "sites": 9,
            "prevalence": 0.0000615,
            "cnames": [],
            "responseHashes": [
                "9fee78ef4540d3e84312682c827362403a0fc585fafb50bae64767584f6a9fc9"
            ],
            "type": "Stylesheet",
            "firstPartyCookies": {},
            "firstPartyCookiesSent": {},
            "exampleSites": [
                "godivassecretwigs.com",
                "kbdfans.com",
                "oakwoodveneer.com",
                "rangerpointstore.com",
                "swisschems.is",
                "www.drinkbrez.com",
                "www.lights4fun.co.uk",
                "www.safeandsoundhq.com",
                "www.stormykromer.com"
            ]
        },
        {
            "rule": "lootly\\.io\\/js\\/widget\\.js",
            "cookies": 0.0000615,
            "fingerprinting": 1,
            "subdomains": [],
            "apis": {
                "Navigator.prototype.userAgent": 8,
                "Event.prototype.timeStamp": 7,
                "Navigator.prototype.product": 8,
                "Document.cookie getter": 8,
                "Date.prototype.getTime": 4,
                "Document.cookie setter": 3
            },
            "sites": 9,
            "prevalence": 0.0000615,
            "cnames": [],
            "responseHashes": [
                "213f139b9f2c96152d500e61e4e3ba5843780b8253f70a07969edfb4e2ab76e3"
            ],
            "type": "Script",
            "firstPartyCookies": {},
            "firstPartyCookiesSent": {},
            "exampleSites": [
                "godivassecretwigs.com",
                "kbdfans.com",
                "oakwoodveneer.com",
                "rangerpointstore.com",
                "swisschems.is",
                "www.drinkbrez.com",
                "www.lights4fun.co.uk",
                "www.safeandsoundhq.com",
                "www.stormykromer.com"
            ]
        },
        {
            "rule": "lootly\\.io\\/api\\/widget\\/customer\\/authCheck",
            "cookies": 0.0000615,
            "fingerprinting": 0,
            "subdomains": [],
            "apis": {},
            "sites": 9,
            "prevalence": 0.0000615,
            "cnames": [],
            "responseHashes": [
                "16b7de9f1b9c3a2b44a82082d58794816ba8ccd2b2074ba48163a2c0ee21f315",
                "78965cfa67144261001b61196f3bc84a02ce7b260bc93520f7e8d926dbad5bee",
                "b80400464af1db67293016955743f5bc5db4c9f129a9a6de21ee69f292eb0b55",
                "6dba4a68009f0d98442cae351b6c9440645c3c66c5ad5c29872c01ee793dae54",
                "f393574d2af22aaedcbef5901afd407f88c1d9687d1b075b9b0045dc1f499256",
                "742db27ac09ebde5db64ba34d60143cdfd6cf66cfd797a98755516849900deeb",
                "6f5f2ff864d2b4a30d9997b989ac663d1f7f01997ad861e88d0dbe7154f674d5",
                "1a31e449e705dedfaf4c88d1251a3639878de4e98628b34ebc1a6cbb4a24be46"
            ],
            "type": "XHR",
            "firstPartyCookies": {},
            "firstPartyCookiesSent": {},