{
    "domain": "lovely-app.com",
    "owner": {},
    "source": [
        "DuckDuckGo-US"
    ],
    "prevalence": 0.000212,
    "sites": 31,
    "subdomains": [
        "ip"
    ],
    "cnames": [],
    "fingerprinting": 0,
    "resources": [
        {
            "rule": "lovely-app\\.com\\/",
            "cookies": 0,
            "fingerprinting": 0,
            "subdomains": [
                "ip"
            ],
            "apis": {},
            "sites": 11,
            "prevalence": 0.0000752,
            "cnames": [],
            "responseHashes": [
                "e7e0c8960ff3380e2e1b9f042435671d9c0b84e06d67786c8c390b90e1be49c3",
                "3ecea6863db34f98d55cad78c78cc767671a8b3dcb5a0cfcbdbf733394a744ac",
                "f762a9384bfac15ce414ed5336d590d6772c067b5a1c5d67e398eece342e1d6e",
                "a8b8b650ce58f7c5aeb8cc5482622e9d5087bab514fb98dc33d2587ab2a9c249",
                "d67e354a6cca9b57d1aca029d22fe31f958a2258bb5084e626b76096fdd53641",
                "bef75372fa32bc76faa22280f9e55231621b9e6c36c386e0a1fc249546f19b35",
                "8bdeabc1d7f45c3a4a413c24ab48c8a9bccd3e08f85d69ec934a3ec3badc4e36"
            ],
            "type": "XHR",
            "firstPartyCookies": {},
            "firstPartyCookiesSent": {},
            "exampleSites": [
                "kith.com",
                "redragonshop.com",
                "us.davines.com",
                "vessi.com",
                "www.duralexusa.com",
                "www.gladiatorgarageworks.com",
                "www.igloocoolers.com",
                "www.maperformance.com",
                "www.nordicsocks.com",
                "www.saxxunderwear.com",
                "www.sparrowslockpicks.com"
            ]
        },
        {
            "rule": "lovely-app\\.com\\/",
            "cookies": 0,
            "fingerprinting": 0,
            "subdomains": [
                "ip"
            ],
            "apis": {},
            "sites": 8,
            "prevalence": 0.0000547,
            "cnames": [],
            "responseHashes": [
                "3ecea6863db34f98d55cad78c78cc767671a8b3dcb5a0cfcbdbf733394a744ac",
                "876050c852f6eaf7ce568dd3bee73ffba8b3a5c52df5b6d586bb38199f989c92",
                "497811ce2018c475336a65515353861e977af40988aa1012abfbc79650dd7041"
            ],
            "type": "Fetch",
            "firstPartyCookies": {},
            "firstPartyCookiesSent": {},
            "exampleSites": [
                "topodesigns.com",
                "travelpro.com",
                "twinkly.com",
                "www.arccosgolf.com",
                "www.fleshlight.com",
                "www.psd.com",
                "www.radioddity.com",
                "www.stussy.com"
            ]
        }
    ],
    "categories": [],
    "performance": {},
    "cookies": 0,
    "topInitiators": [
        {
            "domain": "first party",
            "prevalence": 0.9736842105263158
        },
        {
            "domain": "ajax.googleapis.com",
            "prevalence": 0.02631578947368421
        }
    ],
    "types": {
        "XHR": 11,
        "Fetch": 8
    },
    "nameservers": [
        "ian.ns.cloudflare.com",
        "vida.ns.cloudflare.com"
    ]
}