{
    "domain": "manumedia.biz",
    "owner": {},
    "source": [
        "DuckDuckGo-US"
    ],
    "prevalence": 0.000116,
    "sites": 17,
    "subdomains": [
        "ww2",
        "ww3",
        "ww4",
        "ww5"
    ],
    "cnames": [],
    "fingerprinting": 0,
    "resources": [
        {
            "rule": "manumedia\\.biz\\/test\\.php",
            "cookies": 0,
            "fingerprinting": 0,
            "subdomains": [
                "ww2",
                "ww3",
                "ww4",
                "ww5"
            ],
            "apis": {},
            "sites": 15,
            "prevalence": 0.000102,
            "cnames": [],
            "responseHashes": [
                "e7ff09a3d41a1369ea9fd7796bcc7103b836151072c4786b72b5292a0e3cd9bb",
                "dc3d12eee332e5d61145a2a371586fd08c8d5ded480004b70f6a790646402348",
                "0d90c63e0acbfa9685e85f903fa161504b14f4c9a27972e86b5a242e4085cbc9",
                "124bf1785317c9bb33e530f87485942bde97a923ad4eed3d7e891ba33bc4c680",
                "db7eea5216c00fdcf858d35c79fb85c04c598ef3f2bc607163c703cbde51d721",
                "440155559a8729855d48fc253aa81cab23c79bc79cf624091640e8c07c11b5cf",
                "d75828939841fd7585c1b42f6fe568b5807d7352e4f0c1a22be081d0916a9d87",
                "d7fcc70fe7513758f366e0ea8b524f4ae9eb6ddf14896b5a9a38fbe0c416e32b",
                "024e186c2007dc397117dddd5290df480df6a35d2ffd5e42dfe05df649e72855",
                "3c138fec5cf98f4af43b0fd6dcb1489211a7e2d789a9102b9288f2312c8a707c",
                "b70a1c8515f0e83b4e8d2b938012001ad83e770c3fd36eae762f4e8d786e02e2",
                "3608d8043b040567de2195120560da74917711a43695838dbf96bffbce1c06df",
                "9c4f691913ec5c5013d3b879d639ab32004883ecc2b7650f3cf813eea54372fc"
            ],
            "type": "Document",
            "firstPartyCookies": {},
            "firstPartyCookiesSent": {},
            "exampleSites": [
                "abjav.com",
                "abxxx.com",
                "gettranny.com",
                "hdzog.com",
                "hotmovs.com",
                "inporn.com",
                "javdaddy.com",
                "m.porn555.com",
                "thegay.porn",
                "transtxxx.com",
                "txxx.com",
                "voyeurhit.com",
                "www.javbangers.com",
                "www.whoreshub.com",
                "xmilf.com"
            ]
        }
    ],
    "categories": [],
    "performance": {},
    "cookies": 0,
    "topInitiators": [
        {
            "domain": "good-trading.com",
            "prevalence": 1
        }
    ],
    "types": {
        "Document": 15
    },
    "nameservers": [
        "dante.ns.cloudflare.com",
        "emely.ns.cloudflare.com"
    ]
}