{
    "domain": "maredpt.com",
    "owner": {},
    "source": [
        "DuckDuckGo-US"
    ],
    "prevalence": 0.000376,
    "sites": 55,
    "subdomains": [],
    "cnames": [],
    "fingerprinting": 0,
    "resources": [
        {
            "rule": "maredpt\\.com\\/pu\\/",
            "cookies": 0,
            "fingerprinting": 0,
            "subdomains": [],
            "apis": {},
            "sites": 35,
            "prevalence": 0.000239,
            "cnames": [],
            "responseHashes": [
                "727e2f5d6dbb7c0467923a9d671bd602905abd5b826d0dd3d08cb0f9e1937b78",
                "0f059e673129f3c7ad63dd46e416fc2cd9495548d7cb89d7b4425a0faee45bb5",
                "126eb9dd2158cda35a0bc1d85c7645678b88a6aa5ce24b6dc33eaf3bfafe0767",
                "59e1f5beb6fdb2a2218306838a1d94ff8150d3fa3b8cf03d6ea0effb43223997",
                "5bba80627949849824f3a0ad116eac89fbdbb78320bc38c66ba45051f2668e62",
                "3b05c3a26e8bac0b81eaad7eafea8893d58b6c8d7f176e479b8394b430df1e9a",
                "b65e3edb0b85c3ed083b90e1b2d7035caa739d71b5cd5cce04421ace143abe00",
                "4fef1df85919f20ea535ba81008d00cf872a84837d0051664ce3a966c40f6e9e",
                "a8fbdba35b3feff8a5dbbb8255dd21f502b60655c53bb718ed960699ab4813a1",
                "ec6d41225ddb7f09f1dcee00a6d0dd26f94dd082bde7eda1babe00f84ae588f8",
                "97c3d7e9030e61787cd55419e53cb4ff24fb2a977efd9f4cf828ede4fd784c0c",
                "d3464621533143abd87f5d2043be064292369290e6d067258c3285f07be2a68e",
                "adfec3af6d210dd48d97df1bab498401660122aa468498c84c0073d1be2a641a",
                "76a1f7615cdae1f59be4767f16b0623ad4c29eb4d6cdb65185450a074d86cb46",
                "cf602725fd769a01352377a55d4bd4f3cfb3652a5c93f653a2fc255064588cf5",
                "a67f8e5b9119aae24eca983e9da9ead63673fdf10fa3b2e8d725a833ef32f3e5",
                "9a22f8d704d88a3fcf755898528e0e2df255a01955a7b580877797e37fc4caa0",
                "65c97a883f73db86d2efc5a9935846dffd1e47d66b6de566fc2773472ce67d97",
                "28de21f7d1643d62027d8b9b54790bc8374eb99d931fb2c4f7ec19e502f70fe3",
                "05439033b5cdd630ca5c754adbace560ec692c72d45448e0df4aff74084e6719",
                "0c97cb980a937e9081eb43df46aa3ea3c2386c389ffe93ecde9524ef114d9660",
                "9ca6e801aaff03fbff95a4b5025cb2679f27eb091298380c8f43b28592c5e018",
                "f3438c912c721bb75f4751ea5f3a0e515fcdcf4d2fa496ffb059ca0a2d62eca3",
                "0610d963e1cc9d47294c44119db6794642d218770a1237c6bacba22b658c85b7",
                "c2c67aedfc008fb14230f5d4f29f217640c3f2885487b26481bb24c58eb9d227",
                "3a07ac39d3ee3c1317d17bb9d236fa7022e02ae066adfae6a021f1253e26350f",
                "e9d25b264fe265ed0eac5309c9a90933cb31717c29b2146c17deff4a56160430",
                "24102da8e4205b34b734e0412bdb50416308b0ebf23aacb9e3119bc79e9fdb78",
                "141da0532d5a7b8d437dc60389de41792b3f37eb8a3a8847cca1fa9b8e525b0b",
                "7b1a4758ef770463803151cd8f6611c025352c394d53b55055df01d8478166aa",
                "953692307a86c4dc47c0bbfa29d35572376377e124e9d2074053fdfd45d76927",
                "54f80a5e44477369ac94c26a6b4f313ddbca1268c8f909a5b4bedf978c5c3e27",
                "cc0031c4ef00e353bbb64f91e62a43c797a6172bd951cf73336a79d28e544f77",
                "2f8efa0bc1d43db46f417a06ca2bce31e1fe129115952fdfcf430af97139d2bc"
            ],
            "type": "Document",
            "firstPartyCookies": {},
            "firstPartyCookiesSent": {},
            "exampleSites": [
                "imagefap.com",
                "m.tnaflix.com",
                "www.imagefap.com",
                "www.porntrex.com",
                "www.spankingtube.com",
                "kambikathakal.org",
                "hello.porn",
                "www.perfektdamen.co",
                "okxxx2.com",
                "www.3movs.com",
                "okxxx1.com",
                "morigin.tnaflix.com",
                "www.tranny.one",
                "ok.porn",
                "fr.perfectgirls.xxx",
                "www.perfectgirls.xxx",
                "www.tnaflix.com",
                "de.pornhat.com",
                "www.porntrex.tv",
                "de.perfektdamen.co"
            ]
        }
    ],
    "categories": [],
    "performance": {},
    "cookies": 0,
    "topInitiators": [
        {
            "domain": "twinrdack.com",
            "prevalence": 0.6
        },
        {
            "domain": "twinrdsrv.com",
            "prevalence": 0.2545454545454545
        },
        {
            "domain": "twinrdsyte.com",
            "prevalence": 0.05454545454545454
        },
        {
            "domain": "ledgesrv.com",
            "prevalence": 0.05454545454545454
        },
        {
            "domain": "impactserving.com",
            "prevalence": 0.03636363636363636
        }
    ],
    "types": {
        "Document": 35
    },
    "nameservers": [
        "ns1.eurodns.com",
        "ns3.eurodns.com",
        "ns2.eurodns.com",
        "ns4.eurodns.com"
    ]
}