{
    "domain": "mcpuwpsh.com",
    "owner": {},
    "source": [
        "DuckDuckGo-US"
    ],
    "prevalence": 0.000102,
    "sites": 15,
    "subdomains": [],
    "cnames": [],
    "fingerprinting": 0,
    "resources": [
        {
            "rule": "mcpuwpsh\\.com\\/get\\/",
            "cookies": 0,
            "fingerprinting": 0,
            "subdomains": [],
            "apis": {},
            "sites": 10,
            "prevalence": 0.0000683,
            "cnames": [],
            "responseHashes": [
                "5e5ff0f04fd9af28c2506137bd3d0a487a9723bd09c952e893f1711ae83159fc",
                "1ee994f083b23228f9e75a6f414b63abce77824bf4612a16688e7e76288cd59a",
                "3aafc1e7d8f979fe53c8fc77e54275200d7875d5991227a87ae71149b5e7ad81",
                "0eb858effc167df910ec4911ccdc27a537231c4e32966c04eccece15233d9579",
                "f6cfb87e3bede38988b30eac9deabd61993ecedd6232b5d5796168b24a63e11a",
                "28ee7d20e20201fee4e9256037a77fc3dc4bbb35852323516e394f72d8760754",
                "b45f18fb1a2b842a4c357b6353f0150964ed16442ac2950251f799fae0faa1df",
                "348622892a315659ec625c4d4b22620fcbffe7e5d0436944de04d5fcb73ed406",
                "373b7b3485961de9a9eed292086fdb8c4807073409dabf7fba8b6bfc0f10ba76"
            ],
            "type": "Fetch",
            "firstPartyCookies": {},
            "firstPartyCookiesSent": {},
            "exampleSites": [
                "3rabxn.com",
                "bokep45.online",
                "evexxx.com",
                "hotscopes.io",
                "reallifecam.to",
                "www.hotscopes.io",
                "www.pornvov.com",
                "www.shemalexe.com",
                "www.thepornbang.com",
                "xxxmia.com"
            ]
        },
        {
            "rule": "mcpuwpsh\\.com\\/get\\/",
            "cookies": 0,
            "fingerprinting": 0,
            "subdomains": [],
            "apis": {},
            "sites": 2,
            "prevalence": 0.0000137,
            "cnames": [],
            "responseHashes": [
                "2e136f3eda91a31f0e57d7e918fd1c5039270f61647c7430d1a05e40b97e2f9e"
            ],
            "type": "XHR",
            "firstPartyCookies": {},
            "firstPartyCookiesSent": {},
            "exampleSites": [
                "hotindiannude.com",
                "www.povaddict.com"
            ]
        },
        {
            "rule": "mcpuwpsh\\.com\\/get\\/",
            "cookies": 0,
            "fingerprinting": 0,
            "subdomains": [],
            "apis": {},
            "sites": 2,
            "prevalence": 0.0000137,
            "cnames": [],
            "responseHashes": [],
            "type": "Preflight",
            "firstPartyCookies": {},
            "firstPartyCookiesSent": {},
            "exampleSites": [
                "hotindiannude.com",
                "www.povaddict.com"
            ]
        }
    ],
    "categories": [],
    "performance": {},
    "cookies": 0,
    "topInitiators": [
        {
            "domain": "mbidpp.com",
            "prevalence": 0.8
        },
        {
            "domain": "capndr.com",
            "prevalence": 0.2
        }
    ],
    "types": {
        "Fetch": 10,
        "XHR": 2,
        "Preflight": 2
    },
    "nameservers": [
        "ns1.digitalocean.com",
        "ns2.digitalocean.com",
        "ns3.digitalocean.com"
    ]
}