{
    "domain": "medfoodsafety.com",
    "owner": {},
    "source": [
        "DuckDuckGo-US"
    ],
    "prevalence": 0.000389,
    "sites": 57,
    "subdomains": [
        "a",
        "cdn3"
    ],
    "cnames": [],
    "fingerprinting": 1,
    "resources": [
        {
            "rule": "medfoodsafety\\.com\\/loader",
            "cookies": 0,
            "fingerprinting": 1,
            "subdomains": [
                "a"
            ],
            "apis": {
                "Date.prototype.getTime": 4,
                "Screen.prototype.width": 1,
                "Screen.prototype.height": 1
            },
            "sites": 36,
            "prevalence": 0.000246,
            "cnames": [],
            "responseHashes": [
                "fe52ec4d71b1c71d5ba91d14d22b6034c00405585dc90ac04b3db9f852903bbe",
                "6d6395faa247b028540d305ed31c37354b27aaf241c6b52007ed59500a9b98c8",
                "6725aaa5c02e0937fc7988951b49352d811826dc21a46734e06372b2092dbf56",
                "210825485de263137b6b9097b4c875846412f5bc237e281e0ba732f14e35c78f",
                "f13420d65aa19729f1d11c0316331d5ff4551aac042f91505cbbcd4725c064b7",
                "ac902fdac098d40820d3253a9026c4f4ad1014618769646d26e9ae64ca54a844",
                "eed98e929cf1c15723acaf74c1dc081a2d1cd10277c155a3c917cb1e1dea6fd0",
                "751b26f146c51c2394c69cb9b82c6a85f769fe7855d1681454d31dc6bf3d27f9",
                "ff66d9b24b1cee2bdc14ff6e2703ac2c3c5c7ea1aed9c48ebc1683dec05e3830",
                "9af0ffbb62d706a85d148ba3388b933c29a50aa1bbe4c9bb55e1914827f779c3",
                "eb429d1c55c7a203bfbd0d2ef0a5b4179cf8a68871cf5bfc165d692d65674868",
                "8c0fc04ef37d9edaaa77423f2abaec48e38b36669c07cb96a46b0f754e529bc6",
                "c6a9b10be54f3646008915c5b7f4434d272fdf82004bfbf749c4a1b6526a9b6a",
                "b7c900adb18645d0c44a1c0027f3078e6725ab1c536aa3f570de6fe2595571d3",
                "1dd87a95ae61de066a59d14a0a1313aa8422b505d059ee926b46e4070bd4ddbb",
                "5ebad3284cb6b8aa4887352d3e380efdc0ccc261cdd4a5d6e46c76724cd02469",
                "87b41a81b1d842aa2d58c2b5dcfdc74067ff3243bcd8b51bb7db402948b2d2f9",
                "6860abaeb242802b73eee6b0ce01891d5d88395b787409e185fc92b40e113075",
                "195e1ef3ba6b1a3661cbab9ef0563adecd02183253d7f6d997deabbe640b85f8",
                "b99a1b1471a7c42197bb86ee69dc5f12b1f9d31d7e74997ea870932838e2c982",
                "3046a1b9b723844f5543a692b2bc4e660b1d3f15f0c381f2814c7a86a1b8390f",
                "e96553be50db99a392ba2476bec486cb7db49681ea9185809d6e1b2d87418253",
                "8be97bcb0704068e2bb20701d5eee6a9443fc30809b171391d21fd5fb6e90867",
                "ea03aa68b8ce3207b87e1cb28c44567b2853b9ea9dea1166334197a6f0f845ac",
                "c17c3b708e06c0d042a1bd7187c8fb860400a17135ff521df3c5808a7b9b0ad0",
                "794c008094009afe1e00b15ebc6dbc4a78d96f68440e170115665d4f9d1bca25",
                "4c712daa8e7c25ef76d25f0274b151b83d89de0f7f57c9850c7bdc80b0847fe0",
                "83db5a63683a7a2358737ccd0e4565ad584600cbd46130804f63e4eddfd975bd",
                "bf94d69b17ed7543a35b962d43a4b7af60b95e4c051e885df566ee3e1675c5df",
                "8aaa6ecf49b6bf73a633bdf7a1e944ef4ee5a5eda2e8dbb4cdc8909f551d08c0",
                "9678233c1b5d7f7dc8c590c9730fc3661fc84087b3e3f6f1e43663c1d8b028b1",
                "7c89c5b8b5113dda8bf7f890d3e760764c20031bd371f9125372ff821fe3b98d",
                "933fb9cfb8d6543b01f68eec8bd3e216f7aff4ca2cd0f4eb2cd75e526b46fd09",
                "cc485431770c2678b834a7a2ef0ced4fbdd6cb1c8c7434d38eeede1a5bb33481",
                "55035e53f0720113c918007ffe51b07ade41ff7c378654603c131be5bea9da5d"
            ],
            "type": "Document",
            "firstPartyCookies": {},
            "firstPartyCookiesSent": {},
            "exampleSites": [
                "www.pornhomemade.com",
                "lesbianporn8.net",
                "desi-xnxx.pro",
                "bollywoodxxx.pro",
                "indian-porn.pro",
                "teenagesex.tv",
                "xnxx.club",
                "www.trendyxxx.com",
                "leslez.com",
                "ohsex.pro",
                "porn-xnxx.com",
                "www.porngo.com",
                "lucasporn.com",
                "www.freexcafe.com",
                "www.mintboys.com",
                "momsex.tv",
                "indian-xnxx.pro",
                "japaninporn.com",
                "sextingfinder.com",
                "nhentai.com"
            ]
        },
        {
            "rule": "medfoodsafety\\.com\\/i",
            "cookies": 0,
            "fingerprinting": 0,
            "subdomains": [
                "a"
            ],
            "apis": {},
            "sites": 37,
            "prevalence": 0.000253,
            "cnames": [],
            "responseHashes": [
                "e3b0c44298fc1c149afbf4c8996fb92427ae41e4649b934ca495991b7852b855"
            ],
            "type": "Image",
            "firstPartyCookies": {},
            "firstPartyCookiesSent": {},
            "exampleSites": [
                "nhentai.com",
                "www.trendyxxx.com",
                "www.pornhomemade.com",
                "www.porngo.com",
                "www.freexcafe.com",
                "atkingdom.com",
                "lesbianporn8.net",
                "teenagesex.tv",
                "jizzbunker.com",
                "momsex.tv",
                "bollywoodxxx.pro",
                "www.mintboys.com",
                "indian-porn.pro",
                "eboblack.com",
                "japaninporn.com",
                "xxxdan.com",
                "hindi-porn.pro",
                "lucasporn.com",
                "xnxx.club",
                "tabooporn.xxx"
            ]
        },
        {
            "rule": "medfoodsafety\\.com\\/d4\\/53\\/280455\\/00005348460\\.gif",
            "cookies": 0,
            "fingerprinting": 0,
            "subdomains": [
                "cdn3"
            ],
            "apis": {},
            "sites": 4,
            "prevalence": 0.0000273,
            "cnames": [],
            "responseHashes": [
                "7705e630d7da88169bd846cb247581ccb263f1bc5d357763a3603adc58d9f41d"
            ],
            "type": "Image",
            "firstPartyCookies": {},
            "firstPartyCookiesSent": {},
            "exampleSites": [
                "bhabhixxx.pro",
                "bollywoodxxx.pro",
                "indian-porn.pro",
                "vietnamporn.net"
            ]
        },
        {
            "rule": "medfoodsafety\\.com\\/r",
            "cookies": 0,
            "fingerprinting": 0,
            "subdomains": [
                "a"
            ],
            "apis": {},
            "sites": 16,
            "prevalence": 0.000109,
            "cnames": [],
            "responseHashes": [
                "e3b0c44298fc1c149afbf4c8996fb92427ae41e4649b934ca495991b7852b855"
            ],
            "type": "Image",
            "firstPartyCookies": {},
            "firstPartyCookiesSent": {},
            "exampleSites": [
                "bhabhixxx.pro",
                "bollywoodxxx.pro",
                "hindi-porn.pro",
                "indian-porn.pro",
                "indian-xnxx.pro",
                "nhentai.com",
                "ohsex.pro",
                "porn-xnxx.com",
                "urpussy.com",
                "vietnamporn.net",
                "www.atkingdom.com",
                "www.freexcafe.com",
                "www.pornhomemade.com",
                "x-xx.pro",
                "xnxx.club",
                "xxxdan.com"
            ]
        },
        {
            "rule": "medfoodsafety\\.com\\/6a\\/07\\/69483\\/00000856750\\.gif",
            "cookies": 0,
            "fingerprinting": 0,
            "subdomains": [
                "cdn3"
            ],
            "apis": {},
            "sites": 2,
            "prevalence": 0.0000137,
            "cnames": [],