{
    "domain": "miyuki-web.net",
    "owner": {},
    "source": [
        "DuckDuckGo-US"
    ],
    "prevalence": 0.0000888,
    "sites": 13,
    "subdomains": [
        "js",
        "edayo",
        "cs"
    ],
    "cnames": [],
    "fingerprinting": 2,
    "resources": [
        {
            "rule": "miyuki-web\\.net\\/t\\/005\\/884\\/a80005884\\.js",
            "cookies": 0,
            "fingerprinting": 1,
            "subdomains": [
                "js"
            ],
            "apis": {
                "Navigator.prototype.userAgent": 4,
                "window.localStorage": 3,
                "NavigatorUAData.prototype.getHighEntropyValues": 3,
                "Screen.prototype.width": 3,
                "Screen.prototype.height": 3,
                "Document.cookie getter": 3
            },
            "sites": 4,
            "prevalence": 0.0000273,
            "cnames": [],
            "responseHashes": [
                "07477bf26e78307b64a82a170b41d6c9f6750bebc1f6b4a3b9e7d22dc81cbc94"
            ],
            "type": "Script",
            "firstPartyCookies": {},
            "firstPartyCookiesSent": {},
            "exampleSites": [
                "2pan2.com",
                "mmdhentai.com",
                "shinshi-manga.net",
                "www.twi-dl.net"
            ]
        },
        {
            "rule": "miyuki-web\\.net\\/yie\\/ld\\/jsk",
            "cookies": 0.0000273,
            "fingerprinting": 1,
            "subdomains": [
                "edayo"
            ],
            "apis": {
                "Document.cookie getter": 4,
                "Document.cookie setter": 4
            },
            "sites": 10,
            "prevalence": 0.0000683,
            "cnames": [],
            "responseHashes": [
                "6e3dee179f8bcbd068dea35230675c2af8e39c02929f9fd2bd64be10b889bc4b",
                "65798248ca98a78ac18ac6dd5550c1b33d4409f729fef6c52ea8fffef9dcce29",
                "3cd78338823b310cdd145177892328d3af05c3847e5ae640f3ac9cfec62d1c88",
                "cae03556b8cdebb62756e235aa3c70126311772c851695b1cabb37cf4822e60f",
                "beb0888b8f1c14ac33b9380b6f2baf0daa6e91cd1d0376f53a8b38cbcbde1ece",
                "aec593937a6a64fdf9997efa2e45150852031079ef8dbb4616794bdd4ba0183d",
                "e657dd9fb8767bdb5f98824a7bfdc78f8a0343c5053089f3a232f89c4386cb5c",
                "bb69eaf62b820bd9c752726bcff3c1e8b013118265eb6ab7c920e7aea82a7d9f",
                "682be4b424b07197f05165cdef0182bb826f13c59f721e08c9cf80363f63eabf"
            ],
            "type": "Script",
            "firstPartyCookies": {
                "__gnbhvfrq_80005378": {
                    "ttl": 86400,
                    "length": 1,
                    "prevalence": 0.000006832001093120175,
                    "uniqueness": 1
                },
                "__gnbhvfrq_80005884": {
                    "ttl": 86400,
                    "length": 1,
                    "prevalence": 0.00001366400218624035,
                    "uniqueness": 1
                },
                "__gnbhvfrq_80005702": {
                    "ttl": 86400,
                    "length": 1,
                    "prevalence": 0.000006832001093120175,
                    "uniqueness": 1
                }
            },
            "firstPartyCookiesSent": {},
            "exampleSites": [
                "2pan2.com",
                "eroanime-movie.com",
                "ero-gazou.jp",
                "mmdhentai.com",
                "oreno-erohon.com",
                "puni-puni.com",
                "shinshi-manga.net",
                "www.eropuru.com",
                "www.jav24.com",
                "www.twi-dl.net"
            ]
        },
        {
            "rule": "miyuki-web\\.net\\/yie\\/ld\\/gl0",
            "cookies": 0,
            "fingerprinting": 0,
            "subdomains": [
                "edayo"
            ],
            "apis": {},
            "sites": 4,
            "prevalence": 0.0000273,
            "cnames": [],
            "responseHashes": [
                "77b1d2c0857d4e95d4c2ae7aa0abc5aaafa6bd4581b31203d1592759c26f5c44"
            ],
            "type": "Image",
            "firstPartyCookies": {},
            "firstPartyCookiesSent": {},
            "exampleSites": [
                "2pan2.com",
                "himebon.blog",
                "www.eropuru.com",
                "www.twi-dl.net"
            ]
        },
        {
            "rule": "miyuki-web\\.net\\/yie\\/ld\\/mcs",
            "cookies": 0,
            "fingerprinting": 0,
            "subdomains": [
                "cs"
            ],
            "apis": {},
            "sites": 11,
            "prevalence": 0.0000752,
            "cnames": [],
            "responseHashes": [
                "77b1d2c0857d4e95d4c2ae7aa0abc5aaafa6bd4581b31203d1592759c26f5c44"
            ],
            "type": "Image",
            "firstPartyCookies": {},
            "firstPartyCookiesSent": {},
            "exampleSites": [
                "2pan2.com",
                "eroanime-movie.com",
                "ero-gazou.jp",
                "himebon.blog",
                "mmdhentai.com",
                "oreno-erohon.com",
                "puni-puni.com",
                "shinshi-manga.net",
                "www.eropuru.com",
                "www.jav24.com",
                "www.twi-dl.net"
            ]
        },
        {
            "rule": "miyuki-web\\.net\\/yie\\/ld\\/cs",
            "cookies": 0.0000752,
            "fingerprinting": 0,
            "subdomains": [
                "cs"
            ],
            "apis": {},
            "sites": 11,
            "prevalence": 0.0000752,
            "cnames": [],
            "responseHashes": [
                "77b1d2c0857d4e95d4c2ae7aa0abc5aaafa6bd4581b31203d1592759c26f5c44"
            ],
            "type": "Image",
            "firstPartyCookies": {},
            "firstPartyCookiesSent": {},
            "exampleSites": [
                "2pan2.com",
                "eroanime-movie.com",
                "ero-gazou.jp",
                "himebon.blog",
                "mmdhentai.com",
                "oreno-erohon.com",
                "puni-puni.com",
                "shinshi-manga.net",
                "www.eropuru.com",
                "www.jav24.com",
                "www.twi-dl.net"
            ]
        },
        {
            "rule": "miyuki-web\\.net\\/yie\\/ld\\/gl3",
            "cookies": 0,
            "fingerprinting": 0,
            "subdomains": [
                "edayo"
            ],
            "apis": {},
            "sites": 5,
            "prevalence": 0.0000342,
            "cnames": [],
            "responseHashes": [
                "77b1d2c0857d4e95d4c2ae7aa0abc5aaafa6bd4581b31203d1592759c26f5c44"
            ],
            "type": "Image",
            "firstPartyCookies": {},
            "firstPartyCookiesSent": {},
            "exampleSites": [
                "eroanime-movie.com",
                "ero-gazou.jp",
                "himebon.blog",
                "puni-puni.com",
                "www.twi-dl.net"
            ]
        },
        {
            "rule": "miyuki-web\\.net\\/yie\\/ld\\/gl2",
            "cookies": 0,
            "fingerprinting": 0,
            "subdomains": [
                "edayo"
            ],
            "apis": {},
            "sites": 6,
            "prevalence": 0.000041,
            "cnames": [],
            "responseHashes": [
                "77b1d2c0857d4e95d4c2ae7aa0abc5aaafa6bd4581b31203d1592759c26f5c44"
            ],
            "type": "Image",
            "firstPartyCookies": {},
            "firstPartyCookiesSent": {},