{
    "domain": "myibtimes.com",
    "owner": {},
    "source": [
        "DuckDuckGo-US"
    ],
    "prevalence": 0.0000888,
    "sites": 13,
    "subdomains": [
        "stats"
    ],
    "cnames": [],
    "fingerprinting": 0,
    "resources": [
        {
            "rule": "myibtimes\\.com\\/tool\\/ivtcheck",
            "cookies": 0,
            "fingerprinting": 0,
            "subdomains": [
                "stats"
            ],
            "apis": {},
            "sites": 9,
            "prevalence": 0.0000615,
            "cnames": [],
            "responseHashes": [
                "84f969383c1b434ed69420daed7a1e4d609a12ea2cc07e3f00a69333b00d50f6",
                "a97e6b8fef6dbb3420c939bf2474314678394c4bdb19e0c7f637f3d6250e78de",
                "2748cb0efa261745aa646d2029e7af0de2201d1b0fc61c99e0ae2044d428d543",
                "bff2755d4860fbdfa3355e1f9673e89c9cb39f61a9c243464c4637238cf6361c",
                "ac7691136fceb6bc20a48a952d59c30cdb48c0cb34ff44a85b9f5861cf9ef7e1",
                "c5db10e372857739d5258a61ed189af871d5e99f10715c18e7a81b2b721e0929",
                "56e6b6fd881ee967885457e5cf1f10f6913671f87cf93b212eb401582fe405d7",
                "13ca996b780de8c4236b6f8317c874194a33691de4f017d60a5c4011fb5e127b"
            ],
            "type": "Script",
            "firstPartyCookies": {},
            "firstPartyCookiesSent": {},
            "exampleSites": [
                "ibtimes.co.uk",
                "www.ibtimes.co.uk",
                "www.ibtimes.com",
                "www.kdramastars.com",
                "www.medicaldaily.com",
                "www.musictimes.com",
                "www.player.one",
                "www.sciencetimes.com",
                "www.techtimes.com"
            ]
        },
        {
            "rule": "myibtimes\\.com\\/counter\\/article",
            "cookies": 0.0000615,
            "fingerprinting": 0,
            "subdomains": [
                "stats"
            ],
            "apis": {},
            "sites": 9,
            "prevalence": 0.0000615,
            "cnames": [],
            "responseHashes": [
                "2ec0b21f417bbe2beccc0a0fdc58fd9b26c97958897c46c07185ad3d97be9f48"
            ],
            "type": "Script",
            "firstPartyCookies": {},
            "firstPartyCookiesSent": {},
            "exampleSites": [
                "ibtimes.co.uk",
                "www.ibtimes.co.uk",
                "www.ibtimes.com",
                "www.kdramastars.com",
                "www.medicaldaily.com",
                "www.musictimes.com",
                "www.player.one",
                "www.sciencetimes.com",
                "www.techtimes.com"
            ]
        }
    ],
    "categories": [],
    "performance": {},
    "cookies": 0.0000888,
    "topInitiators": [
        {
            "domain": "first party",
            "prevalence": 1
        }
    ],
    "types": {
        "Script": 18
    },
    "nameservers": [
        "ns-633.awsdns-15.net",
        "ns-424.awsdns-53.com",
        "ns-1987.awsdns-56.co.uk",
        "ns-1483.awsdns-57.org"
    ]
}