{
    "domain": "navigacloud.com",
    "owner": {},
    "source": [
        "DuckDuckGo-US"
    ],
    "prevalence": 0.00015,
    "sites": 22,
    "subdomains": [
        "imengine.public.prod.bte",
        "imengine.public.prod.pdh",
        "imengine.public.prod.dur",
        "imengine.prod.srp",
        "imengine.public.prod.rgb",
        "imengine.public.prod.cdr",
        "imengine.public.prod.day",
        "static.ew.pdh",
        "prod.ew.pdh",
        "prod.ew.dur",
        "prod.ew.ltn",
        "prod.ew.rgb",
        "prod.ew.day",
        "static.ew.dur",
        "static.ew.ltn",
        "static.ew.rgb",
        "static.ew.day",
        "static.ew.cdr"
    ],
    "cnames": [],
    "fingerprinting": 1,
    "resources": [
        {
            "rule": "navigacloud\\.com\\/",
            "cookies": 0,
            "fingerprinting": 0,
            "subdomains": [
                "imengine.public.prod.bte",
                "imengine.public.prod.pdh",
                "imengine.public.prod.dur",
                "imengine.prod.srp",
                "imengine.public.prod.rgb",
                "imengine.public.prod.cdr",
                "imengine.public.prod.day"
            ],
            "apis": {},
            "sites": 13,
            "prevalence": 0.0000888,
            "cnames": [],
            "responseHashes": [
                "78e8e3ebfda1036c61a034f0b3cb725cd5e2d975e3bafa58f6d30703b062a0ad",
                "92e3b8ef15cfeca9a39d1513e6a4628fb37c205285e8f44c24f9f2f5d6eb5bda",
                "69ef7e989d5b18150073a8884ed1c34f7010bfcd44e4508e6c55d4110dd42ff7",
                "872519f539fda9bcd57ea330433f82ef818d3c54c544655383127013e05babe5",
                "7126bb6644ba9a09aaf2bab9e9a8cccad1cd6514dcd06c2833312ffb7d7cfddf",
                "9e9eaa16016cc5505e58458363d9344393e4841f9ccd546f89e0a2d451a2557a",
                "0720515f1cc7024620d230fa533d5f7fa76f064e9c5a768318e58fddc55589e0",
                "3d1c37470f623d3a8f37642133a0381bcc21b5415e6d0d1be317ad03f7c63143",
                "97c709352649735dec2acbf99257281c3c051779603fdbac4439bae1a8b827f7",
                "7e9ea04d59b913bca7fe76b394d4ede65f02807559bc22ba89496ca617618dee",
                "93ed316e9c10426153c47e6c87e3810e9cdc3f9fc0cff377236544352c13ae70"
            ],
            "type": "Image",
            "firstPartyCookies": {},
            "firstPartyCookiesSent": {},
            "exampleSites": [
                "butlereagle.com",
                "www.butlereagle.com",
                "www.dailyherald.com",
                "www.durangoherald.com",
                "www.petaluma360.com",
                "www.pressdemocrat.com",
                "www.royalgazette.com",
                "www.sonomanews.com",
                "www.southeastiowaunion.com",
                "www.the-journal.com",
                "www.theday.com",
                "www.thegazette.com",
                "www.tricityrecordnm.com"
            ]
        },
        {
            "rule": "navigacloud\\.com\\/wp-content\\/themes\\/pdh\\/assets\\/css\\/style\\.css",
            "cookies": 0,
            "fingerprinting": 0,
            "subdomains": [
                "static.ew.pdh"
            ],
            "apis": {},
            "sites": 2,
            "prevalence": 0.0000137,
            "cnames": [],
            "responseHashes": [
                "e3b0c44298fc1c149afbf4c8996fb92427ae41e4649b934ca495991b7852b855"
            ],
            "type": "Stylesheet",
            "firstPartyCookies": {},
            "firstPartyCookiesSent": {},
            "exampleSites": [
                "dailyherald.com",
                "www.dailyherald.com"
            ]
        },
        {
            "rule": "navigacloud\\.com\\/wp-content\\/themes\\/pdh\\/assets\\/js\\/head\\.js",
            "cookies": 0,
            "fingerprinting": 0,
            "subdomains": [
                "static.ew.pdh"
            ],
            "apis": {},
            "sites": 2,
            "prevalence": 0.0000137,
            "cnames": [],
            "responseHashes": [
                "8dd09d141519d58a25defeb3deb62b01ed32f7a24424cbc7e349bd975f518949"
            ],
            "type": "Script",
            "firstPartyCookies": {},
            "firstPartyCookiesSent": {},
            "exampleSites": [
                "dailyherald.com",
                "www.dailyherald.com"
            ]
        },
        {
            "rule": "navigacloud\\.com\\/",
            "cookies": 0,
            "fingerprinting": 0,
            "subdomains": [
                "prod.ew.pdh",
                "prod.ew.dur",
                "prod.ew.ltn",
                "prod.ew.rgb",
                "prod.ew.day"
            ],
            "apis": {},
            "sites": 7,
            "prevalence": 0.0000478,
            "cnames": [],
            "responseHashes": [
                "e3b0c44298fc1c149afbf4c8996fb92427ae41e4649b934ca495991b7852b855"
            ],
            "type": "Script",
            "firstPartyCookies": {},
            "firstPartyCookiesSent": {
                "__pid": 0.00001366400218624035,
                "_li_dcdm_c": 0.000006832001093120175
            },
            "exampleSites": [
                "dailyherald.com",
                "www.dailyherald.com",
                "www.durangoherald.com",
                "www.lvpnews.com",
                "www.royalgazette.com",
                "www.theday.com",
                "www.tnonline.com"
            ]
        },
        {
            "rule": "navigacloud\\.com\\/wp-content\\/themes\\/pdh\\/assets\\/js\\/body\\.js",
            "cookies": 0,
            "fingerprinting": 1,
            "subdomains": [
                "static.ew.pdh"
            ],
            "apis": {
                "Navigator.prototype.userAgent": 2
            },
            "sites": 2,
            "prevalence": 0.0000137,
            "cnames": [],
            "responseHashes": [
                "8411b52e4c852fdbb44b0b88a324731b451b2a60accec5a2afa05b310853010a"
            ],
            "type": "Script",
            "firstPartyCookies": {},
            "firstPartyCookiesSent": {},
            "exampleSites": [
                "dailyherald.com",
                "www.dailyherald.com"
            ]
        },
        {
            "rule": "navigacloud\\.com\\/wp-content\\/uploads\\/sites\\/2\\/2024\\/10\\/28073134\\/Screenshot-2024-10-28-at-1\\.31\\.15-PM\\.png",
            "cookies": 0,
            "fingerprinting": 0,
            "subdomains": [
                "static.ew.dur"
            ],
            "apis": {},
            "sites": 3,
            "prevalence": 0.0000205,
            "cnames": [],
            "responseHashes": [
                "7c6443afcc78b6b03b76faa331737bea8d876bdefc1bcad0c6aa6bc59c32cdae"
            ],
            "type": "Image",
            "firstPartyCookies": {},
            "firstPartyCookiesSent": {},
            "exampleSites": [
                "durangoherald.com",
                "www.the-journal.com",
                "www.tricityrecordnm.com"
            ]
        },
        {
            "rule": "navigacloud\\.com\\/wp-content\\/themes\\/ltn\\/assets\\/css\\/style\\.css",
            "cookies": 0,
            "fingerprinting": 0,
            "subdomains": [
                "static.ew.ltn"
            ],
            "apis": {},
            "sites": 2,
            "prevalence": 0.0000137,
            "cnames": [],
            "responseHashes": [
                "e3b0c44298fc1c149afbf4c8996fb92427ae41e4649b934ca495991b7852b855"
            ],
            "type": "Stylesheet",
            "firstPartyCookies": {},
            "firstPartyCookiesSent": {},
            "exampleSites": [
                "lvpnews.com",
                "www.tnonline.com"
            ]
        },
        {
            "rule": "navigacloud\\.com\\/wp-content\\/themes\\/ltn\\/assets\\/js\\/head\\.js",
            "cookies": 0,
            "fingerprinting": 0,