{
    "domain": "news24.media",
    "owner": {},
    "source": [
        "DuckDuckGo-US"
    ],
    "prevalence": 0.000116,
    "sites": 17,
    "subdomains": [
        "cca",
        "ces",
        "cus",
        "cgb",
        "cru",
        "cfr",
        "cit",
        "cde"
    ],
    "cnames": [],
    "fingerprinting": 0,
    "resources": [
        {
            "rule": "news24\\.media\\/index\\.php",
            "cookies": 0,
            "fingerprinting": 0,
            "subdomains": [
                "cca",
                "ces",
                "cus",
                "cgb",
                "cru",
                "cfr",
                "cit",
                "cde"
            ],
            "apis": {},
            "sites": 15,
            "prevalence": 0.000102,
            "cnames": [],
            "responseHashes": [
                "61a6ed3c5afe52b8f18ebaa8d9a6cc9f603f2665c525cb44f063137c79b7f347",
                "dac23b59fa4c44e0c10f5f7a091ae7841fed031c4ecd8fec03865b249ca7a79f",
                "8012f663319452e0c59d82eddfc084f876017c1009b47ea17f5cd149f3adac7d",
                "c78acc85d4b87444b4e721cb38112fe335216220d352c62bdfb16adaec06077d",
                "530c004ee7da9cc5d38900d4acfb438fc149c55001d47b7faae49634b2a005f5",
                "fcf9721a1060a90c5e45d6b541e7b10ddc640b6a9ead9bf9709a204e652f0df2",
                "4fb6a996e9b0ce9ee52530a5cabe611dfa346f831d36c1f920cc5e273a9d7136",
                "f72958627ef4c7585e4200bbbd1bb52e36ee7c1518e37d406632693f7d38254e",
                "78dc41c6044e5824ad975315cb4ec2ad769be8b68c16ca41048dc207db6e3238"
            ],
            "type": "Document",
            "firstPartyCookies": {},
            "firstPartyCookiesSent": {},
            "exampleSites": [
                "abjav.com",
                "abxxx.com",
                "gettranny.com",
                "hdzog.com",
                "hotmovs.com",
                "inporn.com",
                "javdaddy.com",
                "m.porn555.com",
                "thegay.porn",
                "transtxxx.com",
                "txxx.com",
                "voyeurhit.com",
                "www.javbangers.com",
                "www.whoreshub.com",
                "xmilf.com"
            ]
        }
    ],
    "categories": [],
    "performance": {},
    "cookies": 0,
    "topInitiators": [
        {
            "domain": "good-trading.com",
            "prevalence": 1
        }
    ],
    "types": {
        "Document": 15
    },
    "nameservers": [
        "emely.ns.cloudflare.com",
        "dante.ns.cloudflare.com"
    ]
}