{
    "domain": "nex8.space",
    "owner": {},
    "source": [
        "DuckDuckGo-US"
    ],
    "prevalence": 0.000369,
    "sites": 54,
    "subdomains": [],
    "cnames": [],
    "fingerprinting": 0,
    "resources": [
        {
            "rule": "nex8\\.space\\/api\\/request\\/v1\\/search_1",
            "cookies": 0,
            "fingerprinting": 0,
            "subdomains": [],
            "apis": {},
            "sites": 5,
            "prevalence": 0.0000342,
            "cnames": [],
            "responseHashes": [
                "d948c6231a7c094e50b7c55c9eed2a6822919a86585bf1726264129d5923a90d",
                "169cf2635ff98edee529e10552d71dbdb794a007ad73774598568240233eee0e",
                "f197d5a99689bba3034954a72b2f7093768407dd5dc8d2a23fccb77a95e249aa",
                "0f5579edd044a6589693a75ac60b6eca83658be4874d5f4c0b5df12314faa915"
            ],
            "type": "Fetch",
            "firstPartyCookies": {},
            "firstPartyCookiesSent": {},
            "exampleSites": [
                "xhamster.com",
                "sv.xhamster.com",
                "xhamster3.com",
                "xhamster42.desi",
                "zh.xhamster.com"
            ]
        },
        {
            "rule": "nex8\\.space\\/api\\/request\\/v1\\/category_1",
            "cookies": 0,
            "fingerprinting": 0,
            "subdomains": [],
            "apis": {},
            "sites": 15,
            "prevalence": 0.000102,
            "cnames": [],
            "responseHashes": [
                "ec290cfe02ea9635f048aedbe9f14fb7edb2104e64d340d8348c6b239f3e9044",
                "525e8330a1a7f02e55b9518a6944a578f05cea278facf5830781b609ebb29fdf",
                "0c4ffc8bfbebcb1f776122e11943d262fc5b13c86d0ab2381972803c5803492b",
                "7938bb79f831034935621965ed3c6dd9a6c2d98a2a1c45976be1e7ad469c75e7",
                "e16ae36123fe6b7cc6615fe1ad5de5cb41b9c77ec7c7d8b6979f825f9e19a740",
                "e2a9e38eee692841239e445f78bae6c0911903ca1e8a20fe70f298dec939cd1b",
                "f6825b46b7e0d109adec28eca306613561ee96fe9ac7d5028feaba6af68e2a27",
                "5fffc31b1b44574cb2c03a30ed3968697fcdfa2e1a739f7b66546e2feb70ec2d",
                "c3fccd5e04caf1eb2d59e0873639386bd4f18f2418a56457ae8976efc4743085",
                "77ae83aa76bb64c77c0ac3507b684ac45a4f0911ef6a2974f2ea0503f3e8872d",
                "9da699d2a9f34ec7c552db45b1a135ca7a69047a6d4ebd9788321a6fc2a9db6b",
                "971a8e1f46afce1bb9ee29a0112aefb6a601847c2bf9b3c92212bf3b3993d7af",
                "b35fa5d58649637b0215f44f65f60e75641f5adbe0340801ef377b477bf4b483",
                "d566d5f03f96344712a7f4320003c5bda7f471b691c9cec0a15ace7850c7682a"
            ],
            "type": "Fetch",
            "firstPartyCookies": {},
            "firstPartyCookiesSent": {},
            "exampleSites": [
                "xhamster.com",
                "hi.xhamster.com",
                "id.xhamster.com",
                "id.xhamster3.com",
                "jp.xhamster.com",
                "m2.xhamster.com",
                "megaxh.com",
                "my.xhamster.com",
                "pl.xhamster.com",
                "ro.xhamster.com",
                "ru.xhamster.com",
                "tr.xhamster.com",
                "xhamster19.com",
                "xhamster1.desi",
                "xhwide2.com"
            ]
        },
        {
            "rule": "nex8\\.space\\/recommended_1\\.html",
            "cookies": 0,
            "fingerprinting": 0,
            "subdomains": [],
            "apis": {},
            "sites": 23,
            "prevalence": 0.000157,
            "cnames": [],
            "responseHashes": [
                "2659051f4f08afd8fc7a3b20af36fe3438f0702337db68356b24e7f3d1c0d7a6"
            ],
            "type": "Document",
            "firstPartyCookies": {},
            "firstPartyCookiesSent": {},
            "exampleSites": [
                "xhamster.com",
                "fr.xhamster.com",
                "ua.xhamster.com",
                "xhamster19.com",
                "tr.xhamster2.com",
                "xhamster3.com",
                "xhamster1.desi",
                "ge.xhamster.com",
                "ita.xhamster.com",
                "nl.xhamster.com",
                "my.xhamster.com",
                "jp.xhamster.com",
                "id.xhamster.com",
                "ge.xhamster3.com",
                "megaxh.com",
                "zh.xhamster.com",
                "ru.xhamster.com",
                "xhofficial.com",
                "pt.xhamster.com",
                "ko.xhamster2.com"
            ]
        },
        {
            "rule": "nex8\\.space\\/api\\/request\\/v1\\/tag_1",
            "cookies": 0,
            "fingerprinting": 0,
            "subdomains": [],
            "apis": {},
            "sites": 2,
            "prevalence": 0.0000137,
            "cnames": [],
            "responseHashes": [
                "cf343fdeeebe11859c28bcfc3bd364cf36e238b7089ba176bab3aed640e84d27"
            ],
            "type": "Fetch",
            "firstPartyCookies": {},
            "firstPartyCookiesSent": {},
            "exampleSites": [
                "xhamster.com",
                "ge.xhamster1.desi"
            ]
        },
        {
            "rule": "nex8\\.space\\/search_1\\.html",
            "cookies": 0,
            "fingerprinting": 0,
            "subdomains": [],
            "apis": {},
            "sites": 5,
            "prevalence": 0.0000342,
            "cnames": [],
            "responseHashes": [
                "a6bccece296970148947720415502db9eaf6d42e1205612b625547418b0a2b9b"
            ],
            "type": "Document",
            "firstPartyCookies": {},
            "firstPartyCookiesSent": {},
            "exampleSites": [
                "xhamster19.com",
                "hu.xhamster.com",
                "pt.xhamster.com",
                "tr.xhamster3.com",
                "xhvid.com"
            ]
        }
    ],
    "categories": [],
    "performance": {},
    "cookies": 0,
    "topInitiators": [
        {
            "domain": "xhcdn.com",
            "prevalence": 1
        }
    ],
    "types": {
        "Fetch": 22,
        "Document": 28
    },
    "nameservers": [
        "jake.ns.cloudflare.com",
        "nia.ns.cloudflare.com"
    ]
}