{
    "domain": "ogdennews.com",
    "owner": {},
    "source": [
        "DuckDuckGo-US"
    ],
    "prevalence": 0.00043,
    "sites": 63,
    "subdomains": [
        "promos"
    ],
    "cnames": [],
    "fingerprinting": 0,
    "resources": [
        {
            "rule": "ogdennews\\.com\\/_custom\\/promos\\/get_promos\\.php",
            "cookies": 0,
            "fingerprinting": 0,
            "subdomains": [
                "promos"
            ],
            "apis": {},
            "sites": 39,
            "prevalence": 0.000266,
            "cnames": [],
            "responseHashes": [
                "0a8ec6414e0ec1aa97bf40bcfb98b6ae9eee05c7cec5e21e994d2f258e2ceb35",
                "85731dea52a3dd15b4ae0ec000376ef5399869e7d58f37fc5b06f90ea4a71daf",
                "1f5210979a36dd8256c650290bc3aa5be5d1651e06219a9d023a2686e13d900d",
                "a65fa619810caa3ecd67543f73bdb088cd67de6cd4e4945c9a1ae26f7fc6a6c7",
                "9a4dbeba61e5ea846ddf39bbc9fa180aa643a53e9f5924909aeea13612e5b36c",
                "5093f0dc07a3291df28bfbcb779306187ba79cdcc83446d8652655799a4f23d1",
                "46751203a8701c9e95fe9ec803e60f0340fb7b2d1fe644a17bd0014179ff9b5d",
                "fc1f5ad60fbec0113568a068f4c5b45093037a00acc46a9fc177055a43e33103",
                "c2c4120d5376869e54e496c4cefc0ebc445a746be9558d5f9f2c10d1741fd9c2",
                "ef132a8b14be90f97787ae6a6ed5b01aea0c0f41af1812f9702e6fecabe7adbd",
                "f182c5286ab5fefcd28629583b7b20ee29a87a7cf37f7007653ee6532994271a",
                "d7a5089a498b7ac14af89223bdedc15982e2c6d764cc52bd97a70cc060598e12",
                "33aa39ae3ef00646ddad26bb28d089821b5fb2d6094dcd28f517562fabb0784c",
                "1a513b175b216ae1c5932f23c7ce3d507e5d791450930b1f830140220a7b5080",
                "400da60a8de3696700466b489bbcbb93a477ddb44799f37795b7789285b965f5",
                "74ea4b6748080ccd60697224cf6d5565840548b21436b2f20d684854404b11d3",
                "431ed850894c2f83596c37f781094fbd8f935df82145f6ec4501d0930eebed0e",
                "1a85637a0f25b1f9af99c16e747f047f857f3f208a35608d76742e4ce73bbce1",
                "ec0deb032a17c89c677a3f5d1b0e12c9b754fa463a7726675cf4fb041858e349",
                "7a00dc6d62eed36c436db7020f7e30cfd610874f1bddaf93029151d648f0eb77",
                "dafbaf92dfc0f921dfc1cd49e0f6886b80e5180dafadbc79b0a29abff4aabe9c",
                "b04a7d44ffaf78a81d99e164ebc21983a2ef1dd899613083a9a9ec108c75be47",
                "6502d9286c9f6840ba76bbe0f23827e8f6387b58749324d06f738e580eff817d",
                "f63d270b4f72aceedb1dff6835866ba722af7dd0f6d2f653004bbbe7987dcf0f",
                "4f4cfa538da6914ad8d7d34f2a6bc1dcc9ee85a2019f254862452ef8a88bf58a",
                "d6c96a97bc6945a835ebb919f764136ba0302d263c7f86df45c96bee3bfefa61",
                "189ffa0d5af9d4a8fdf6693768af2697325bb218421f6955575fb0978cb9a689",
                "ba8b67237e6661fa6e4ccbfdd36c9d11298309a85b5f413f249f05554875405d",
                "aba60b48706daf43e4117b5beb6f63d2c7e16957649a227baba7522a6e924c05",
                "7761328e74079f9f8bf0e364df3ad6354ca448bdbf7d2074c8a572fae328dda8",
                "e5743d19356dcded876408de2327f8a2d8590eb6c48ef48e7da11a07d042feb5"
            ],
            "type": "XHR",
            "firstPartyCookies": {},
            "firstPartyCookiesSent": {},
            "exampleSites": [
                "www.lewistownsentinel.com",
                "www.lockhaven.com",
                "www.capecoralbreeze.com",
                "www.vindy.com",
                "www.nujournal.com",
                "www.theintermountain.com",
                "www.tribtoday.com",
                "www.nashuatelegraph.com",
                "www.salemnews.net",
                "www.altoonamirror.com",
                "www.theintelligencer.net",
                "www.reviewonline.com",
                "www.heraldstaronline.com",
                "www.heraldstandard.com",
                "www.thealpenanews.com",
                "www.miningjournal.net",
                "www.newsandsentinel.com",
                "www.dailypress.net",
                "www.mauinews.com",
                "www.ironmountaindailynews.com"
            ]
        }
    ],
    "categories": [],
    "performance": {},
    "cookies": 0,
    "topInitiators": [
        {
            "domain": "first party",
            "prevalence": 0.9402985074626866
        },
        {
            "domain": "jquery.com",
            "prevalence": 0.05970149253731343
        }
    ],
    "types": {
        "XHR": 39
    },
    "nameservers": [
        "ns-937.awsdns-53.net",
        "ns-65.awsdns-08.com",
        "ns-1537.awsdns-00.co.uk",
        "ns-1122.awsdns-12.org"
    ]
}