{
    "domain": "oilwellsublot.top",
    "owner": {},
    "source": [
        "DuckDuckGo-US"
    ],
    "prevalence": 0.000178,
    "sites": 26,
    "subdomains": [],
    "cnames": [],
    "fingerprinting": 0,
    "resources": [
        {
            "rule": "oilwellsublot\\.top\\/cuid\\/",
            "cookies": 0.000178,
            "fingerprinting": 0,
            "subdomains": [],
            "apis": {},
            "sites": 26,
            "prevalence": 0.000178,
            "cnames": [],
            "responseHashes": [
                "8f7de9bcdf0d87a395782fccb2b88c8ade8e7416261e9658a7a53d5ac0e16f70",
                "1b5ba9a6c3a40d4d3f023c10db07193a54ce8ec87de53e6e2e645909c1c5becf",
                "071b595a160b63bf3f9209ad49c768a3fa2859aa5bdbde3a5c64bc6512333d14",
                "40c23ba27a1aaf3ee7c80fbe26da465cc29ca101fe1425a14d01e73e905cdaab",
                "dcbe3bd3fa16830c7b60b44221a616e6090596885a3d468fff921da09d8744e3",
                "a4565b1c21c5fbb5667bc078e531098bfe77f8d3eec5f1e275f7c41f0f71a6eb",
                "493d0f4d8c2e62882c94b8f1998309316da73620761e2e9d88b34b27326080bf",
                "0f4da506987330777d4353769999311f3eca20da275a9bd2345edbf3a4aa1c57",
                "068839961e9f0be10f717db6b6ccb4e91866b750c4fb2b914bac88cee1f356f2",
                "bb4eb48095a104b2536998d921c5bf0201b4a5ad91e6dbf5afd6ac6b6b64a5be",
                "9f27304759d87b65713e2bcd9252faa73244b4c26c54f77580a64d2a99bf130f",
                "4967469cea0b02eb5467de0bdb11ed8a20f49f9fe9c77f067d6d031850580bd2",
                "c3f61a071b5f1b75e6afb10e56ae8edf6f6c14d3077c0a17b54eae60f7ec8c79",
                "17750194ff8ebbe0589b6f0bf4707d83e6f36b1db9141bc5b695822e6739eb96",
                "ffbf4a33fe18630303e019c54a6a9ee8e8d86f03c84835c5b954739af0eeecb1",
                "16f4b15113f1341b4af688721c13cc69dfdd597238d6773e5c17dc9abf183268",
                "227b50e6bd732d2951c4e561b56bfba5affe7c387ee75097c663a6714a131f78",
                "5f0465aba9c3d55ed25b23645f055e0760c5a1a4649048a34319e208af744000",
                "e17d9af97632ab932100beb290bc9cf8e2b473141d77ba0310cd7ca23e16f8c2",
                "3946e5e7af53aa3e48efe2c179ad992f707e32ba51ddf114dfc1df1735b34fc7",
                "ea080fc87a18f7f7d9d535629b20284ad2dec56af846d5fc01a477c378374d79",
                "d1ad55c22d9dcfd76a6c4610f35eb9cc3c2191a8f8d09cdbae6a929e885036b4",
                "f6025b49fcfba2e5a8ba90d02626155d7b77de9bca4a101caeed339fe708b93d",
                "9644f4990aa94ffa12070d71131a8a265ac73dddc2ced53b8a62f3bac1091db1",
                "158f37d84a0d911be5a5e460021ef737afb0ba388805d191bc3d558d2be3b2c9"
            ],
            "type": "Fetch",
            "firstPartyCookies": {},
            "firstPartyCookiesSent": {},
            "exampleSites": [
                "bokepnela.blogspot.com",
                "videobocilyandex.blogspot.com",
                "watch.porn",
                "vokeptube.blogspot.com",
                "avtub.skin",
                "www.trannyvideosx.net",
                "bokepbe.blogspot.com",
                "bokepem.blogspot.com",
                "bokepi.com",
                "bokepmau.blogspot.com",
                "linkviralindolokal.blogspot.com",
                "hentaicop.com",
                "bokepsam.blogspot.com",
                "indianporntv.net",
                "bokepnekat.blogspot.com",
                "bokepsan.blogspot.com",
                "www.playcrot.top",
                "areatoge.blogspot.com",
                "bokepkuxyz.blogspot.com",
                "lokalpride12.blogspot.com"
            ]
        },
        {
            "rule": "oilwellsublot\\.top\\/cuid\\/",
            "cookies": 0,
            "fingerprinting": 0,
            "subdomains": [],
            "apis": {},
            "sites": 26,
            "prevalence": 0.000178,
            "cnames": [],
            "responseHashes": [],
            "type": "Preflight",
            "firstPartyCookies": {},
            "firstPartyCookiesSent": {},
            "exampleSites": [
                "vokeptube.blogspot.com",
                "bokepnekat.blogspot.com",
                "bokepsan.blogspot.com",
                "lokalpride12.blogspot.com",
                "bokepem.blogspot.com",
                "gerahnikmat.blogspot.com",
                "hentaicop.com",
                "bokepsam.blogspot.com",
                "bokepani.blogspot.com",
                "bacoltube.cyou",
                "indianporntv.net",
                "bokepnela.blogspot.com",
                "bokepmau.blogspot.com",
                "avtub.skin",
                "doodvids.blogspot.com",
                "www.playcrot.top",
                "bokepkuxyz.blogspot.com",
                "bokepbe.blogspot.com",
                "watch.porn",
                "jav-scvp.net"
            ]
        }
    ],
    "categories": [],
    "performance": {},
    "cookies": 0.000178,
    "topInitiators": [
        {
            "domain": "worstideatum.com",
            "prevalence": 0.9285714285714286
        },
        {
            "domain": "first party",
            "prevalence": 0.03571428571428571
        },
        {
            "domain": "stavegroove.com",
            "prevalence": 0.03571428571428571
        }
    ],
    "types": {
        "Fetch": 26,
        "Preflight": 26
    },
    "nameservers": [
        "ns1.pananames.com",
        "ns2.pananames.com",
        "ns3.pananames.com",
        "ns4.pananames.com"
    ]
}