{
    "domain": "omegacommerce.com",
    "owner": {},
    "source": [
        "DuckDuckGo-US"
    ],
    "prevalence": 0.000164,
    "sites": 24,
    "subdomains": [
        "search-us3",
        "search-eu1",
        "feed",
        "reports"
    ],
    "cnames": [],
    "fingerprinting": 0,
    "resources": [
        {
            "rule": "omegacommerce\\.com\\/instant\\/initjs",
            "cookies": 0,
            "fingerprinting": 0,
            "subdomains": [
                "search-us3",
                "search-eu1"
            ],
            "apis": {},
            "sites": 14,
            "prevalence": 0.0000956,
            "cnames": [],
            "responseHashes": [
                "bf69e8358229d4feea9c8d796344683a6b0e36a8be62a792d1f04fcdaddc6b6d",
                "58a257b635678e76c1b45bab3753e7d12bf50191880c197c4f537743b0aabb53",
                "e83efb960fe933b738e8bfc1499e5f8d31fca4383968435ae02a5eed74b1c4c4",
                "f9e3f7a52e6a8b5f4bdc69e1a88d20ff089ad528c84ad24147d1a71e8e914901",
                "dece3d97aac3cf7da3401469be1111cfc4a4e992405a1de13aa87a46f2beda58",
                "334f09bcb7bcf7919eb5d38383306b1e31c3fa71906f6159fcaeec727459bdd7",
                "d6a6f3715596f56ab9c5c1f3614df4be32f6364c01918e65acbf8718c5a40eb6",
                "8cef47b25a6d5dd63b06d40d5c376a75bdadbb9132ac22bf01467f9e72ed5c21",
                "aa36d83c0fd43a8bbd00bf94cae33350e436fe180ec4adf8c84c369bab330ac7",
                "2f0b02277cf6d5d2de44a637e8b620180c20a5903c72bb2289e719a45c551256",
                "6b11d50dfd70ff71373d9ef4b11cb1d01ad384db2c2d44e93b55847f131c52ec",
                "6ae1a1ef5930a693f7834f848653ad68a9c026df233d672473149ab5e4705cf9",
                "82e5edc3d3df05cb3ab831ad733a6eecb914d73c061885e0da15c7cd363adb34"
            ],
            "type": "Script",
            "firstPartyCookies": {},
            "firstPartyCookiesSent": {},
            "exampleSites": [
                "bigtree-tech.com",
                "dukesmayo.com",
                "humann.com",
                "jkboots.com",
                "shop.briggsandstratton.com",
                "shop.whitehousehistory.org",
                "sockwellusa.com",
                "store.nytimes.com",
                "store.rokland.com",
                "trudyshallmark.com",
                "us.electrastim.com",
                "www.aquariumcoop.com",
                "www.groovyguygifts.com",
                "www.gungoddess.com"
            ]
        },
        {
            "rule": "omegacommerce\\.com\\/js\\/init\\.js",
            "cookies": 0,
            "fingerprinting": 0,
            "subdomains": [
                "feed"
            ],
            "apis": {},
            "sites": 3,
            "prevalence": 0.0000205,
            "cnames": [],
            "responseHashes": [
                "d9f3ddb9999b5ec1ef9eff642306615b3a10c18480657c1a7ac9632f2245b752",
                "324efed636152118346082d3440261dc43b29bd0e0a2b8dc471faf5b5302aaec"
            ],
            "type": "Script",
            "firstPartyCookies": {},
            "firstPartyCookiesSent": {},
            "exampleSites": [
                "pawsafe.com",
                "theoodie.co.uk",
                "www.deansafe.com"
            ]
        },
        {
            "rule": "omegacommerce\\.com\\/js\\/track\\.js",
            "cookies": 0,
            "fingerprinting": 0,
            "subdomains": [
                "reports"
            ],
            "apis": {},
            "sites": 2,
            "prevalence": 0.0000137,
            "cnames": [],
            "responseHashes": [
                "e3b0c44298fc1c149afbf4c8996fb92427ae41e4649b934ca495991b7852b855"
            ],
            "type": "Script",
            "firstPartyCookies": {},
            "firstPartyCookiesSent": {},
            "exampleSites": [
                "saltandstone.com",
                "www.saltandstone.com"
            ]
        }
    ],
    "categories": [],
    "performance": {},
    "cookies": 0,
    "topInitiators": [
        {
            "domain": "first party",
            "prevalence": 0.92
        },
        {
            "domain": "yottaa.com",
            "prevalence": 0.08
        }
    ],
    "types": {
        "Script": 19
    },
    "nameservers": [
        "ns-457.awsdns-57.com",
        "ns-853.awsdns-42.net",
        "ns-1195.awsdns-21.org",
        "ns-1920.awsdns-48.co.uk"
    ]
}