{
    "domain": "omguk.com",
    "owner": {},
    "source": [
        "DuckDuckGo-US"
    ],
    "prevalence": 0.000191,
    "sites": 28,
    "subdomains": [
        "track"
    ],
    "cnames": [],
    "fingerprinting": 1,
    "resources": [
        {
            "rule": "omguk\\.com\\/la",
            "cookies": 0,
            "fingerprinting": 0,
            "subdomains": [
                "track"
            ],
            "apis": {},
            "sites": 7,
            "prevalence": 0.0000478,
            "cnames": [],
            "responseHashes": [
                "406119252c31d60534477ccd67e4882e0d5b08ff497c9a009f4af698cccc3f0b"
            ],
            "type": "Script",
            "firstPartyCookies": {},
            "firstPartyCookiesSent": {
                "_li_dcdm_c": 0.0000273280043724807
            },
            "exampleSites": [
                "kuyou.id",
                "www.cosmo.ph",
                "www.esquiremag.ph",
                "www.pep.ph",
                "www.preview.ph",
                "www.spot.ph",
                "www.yummy.ph"
            ]
        },
        {
            "rule": "omguk\\.com\\/e\\/qs\\/",
            "cookies": 0.0000752,
            "fingerprinting": 1,
            "subdomains": [
                "track"
            ],
            "apis": {
                "Document.cookie getter": 7,
                "window.localStorage": 8
            },
            "sites": 15,
            "prevalence": 0.000102,
            "cnames": [],
            "responseHashes": [
                "3c8b6767a2f3d2ad3c9f1812db99356917b2eb1d0fd73f57c48bb65f0f002c1a",
                "e3b0c44298fc1c149afbf4c8996fb92427ae41e4649b934ca495991b7852b855",
                "810a1701de4412d0eee4adf27ceb7d3e0644b3a8d9ace06456d8c222172cf3c3",
                "19c618c95e20a9f057fa8aa6e4cd886b763178c6b11ae82c20a70da00cc37cdb",
                "b064d3a13cc2dc952d7fbb8c6cc0bfd484b94684bbccb887504004a9d9b7269a",
                "b3da77401e3dae24f93f1571fc3bbd13205a8e0a0742ebfed5abf3727aefabfc",
                "c2eb1da3cf4be8f3985b6f6ee3bc318e461eea29eecb8724c6fee0ca6d986d6f",
                "485b4d381e2a07472cfc82b095c5a4fa45a725870a16adc2708e57da19e556ae",
                "769a2638b87b7404f19923f086228c45439affeaecaa53381e59b662be5a68c5",
                "5a230e5d49e3f80c0854ee82d954e98f0c0b4e709be7b18e5f33fd189b9157f1"
            ],
            "type": "Script",
            "firstPartyCookies": {},
            "firstPartyCookiesSent": {
                "IR_gbd": 0.000006832001093120175,
                "lotame_domain_check": 0.000006832001093120175
            },
            "exampleSites": [
                "luxuryescapes.com",
                "shop.samsung.com",
                "starzplay.com",
                "www.dhgate.com",
                "www.fairprice.com.sg",
                "www.fortress.com.hk",
                "www.hijup.com",
                "www.kaspersky.com",
                "www.nexford.edu",
                "www.orami.co.id",
                "www.railyatri.in",
                "www.reliancedigital.in",
                "www.tanishq.co.in",
                "www.watsons.com.ph",
                "www.xcite.com"
            ]
        },
        {
            "rule": "omguk\\.com\\/e\\/qi\\/",
            "cookies": 0.0000615,
            "fingerprinting": 0,
            "subdomains": [
                "track"
            ],
            "apis": {},
            "sites": 9,
            "prevalence": 0.0000615,
            "cnames": [],
            "responseHashes": [
                "c444cf186262fda81c5189405e36cf9c195d5c729a567a9993df69ed5e87a13a"
            ],
            "type": "Image",
            "firstPartyCookies": {},
            "firstPartyCookiesSent": {
                "IR_gbd": 0.000006832001093120175
            },
            "exampleSites": [
                "luxuryescapes.com",
                "shop.samsung.com",
                "www.fairprice.com.sg",
                "www.fortress.com.hk",
                "www.kaspersky.com",
                "www.railyatri.in",
                "www.reliancedigital.in",
                "www.tanishq.co.in",
                "www.watsons.com.ph"
            ]
        }
    ],
    "categories": [],
    "performance": {},
    "cookies": 0.0000888,
    "topInitiators": [
        {
            "domain": "googletagmanager.com",
            "prevalence": 0.5588235294117647
        },
        {
            "domain": "first party",
            "prevalence": 0.3235294117647059
        },
        {
            "domain": "trmit.com",
            "prevalence": 0.058823529411764705
        },
        {
            "domain": "adobedtm.com",
            "prevalence": 0.029411764705882353
        },
        {
            "domain": "kaspersky.de",
            "prevalence": 0.029411764705882353
        }
    ],
    "types": {
        "Script": 22,
        "Image": 9
    },
    "nameservers": [
        "ns-2009.awsdns-59.co.uk",
        "ns-462.awsdns-57.com",
        "ns-1127.awsdns-12.org",
        "ns-1005.awsdns-61.net"
    ]
}