{
    "domain": "onclckinp.com",
    "owner": {},
    "source": [
        "DuckDuckGo-US"
    ],
    "prevalence": 0.000123,
    "sites": 18,
    "subdomains": [],
    "cnames": [],
    "fingerprinting": 0,
    "resources": [
        {
            "rule": "onclckinp\\.com\\/in\\/multy",
            "cookies": 0,
            "fingerprinting": 0,
            "subdomains": [],
            "apis": {},
            "sites": 12,
            "prevalence": 0.000082,
            "cnames": [],
            "responseHashes": [
                "74234e98afe7498fb5daf1f36ac2d78acc339464f950703b8c019892f982b90b",
                "c91f01b6ae868dff6023659415271e880e6e9116fd9f7c4595585abd67f35c6e",
                "69610c79ec7234119a94b1867c4b3e126659a8078cbdcd1c12bc174b9335b4ba",
                "e3f6a1a07688d3e12a9dcdf7d7f0c5b8ca58bf27a3b5c413115602a0ba991f5a",
                "c350009cac26c030734e9b2f86c44e6f2542d5bbb1b94a2c628ae8c30442778f",
                "3b53dac5308973d5549948e084e113e007ab7d87e24692776fe87018e5c2cfb9",
                "416e2d7acfa6bdbbe19246f3f364c3d2d7fb2f3dbbdd0596a4fff4bdcb6a5e3d",
                "5727f3729cfd25c3815f75b51c3ba9a99d3f934eccd571724844ada28129dd99",
                "cb3e45b9b07b0fceb9d86c092d101decedc1e4f7b7c3787ca5a42f55b04e31e6",
                "f9e41c2fdfbee11fc9b9823bba1e340d1671aae8875eb23cb27fb19c061b3d13",
                "e7f8092dd1dc71850f254d9fd50d1297e60200fc206a3ca92bc12037faca3151"
            ],
            "type": "XHR",
            "firstPartyCookies": {},
            "firstPartyCookiesSent": {},
            "exampleSites": [
                "porntrex.tv",
                "tabootube.to",
                "vido99.com",
                "www.desimyhub.net",
                "www.javbangers.com",
                "www.leaktape.com",
                "www.porntrex.com",
                "www.porntrex.tv",
                "www.tabootube.xxx",
                "www.whoreshub.com",
                "www9.gogoanime.me",
                "x-x-x.video"
            ]
        },
        {
            "rule": "onclckinp\\.com\\/in\\/multy",
            "cookies": 0,
            "fingerprinting": 0,
            "subdomains": [],
            "apis": {},
            "sites": 12,
            "prevalence": 0.000082,
            "cnames": [],
            "responseHashes": [],
            "type": "Preflight",
            "firstPartyCookies": {},
            "firstPartyCookiesSent": {},
            "exampleSites": [
                "porntrex.tv",
                "tabootube.to",
                "vido99.com",
                "www.desimyhub.net",
                "www.javbangers.com",
                "www.leaktape.com",
                "www.porntrex.com",
                "www.porntrex.tv",
                "www.tabootube.xxx",
                "www.whoreshub.com",
                "www9.gogoanime.me",
                "x-x-x.video"
            ]
        },
        {
            "rule": "onclckinp\\.com\\/in\\/show\\/",
            "cookies": 0,
            "fingerprinting": 0,
            "subdomains": [],
            "apis": {},
            "sites": 11,
            "prevalence": 0.0000752,
            "cnames": [],
            "responseHashes": [
                "e3b0c44298fc1c149afbf4c8996fb92427ae41e4649b934ca495991b7852b855"
            ],
            "type": "Image",
            "firstPartyCookies": {},
            "firstPartyCookiesSent": {},
            "exampleSites": [
                "porntrex.tv",
                "vido99.com",
                "www.desimyhub.net",
                "www.javbangers.com",
                "www.leaktape.com",
                "www.porntrex.com",
                "www.porntrex.tv",
                "www.tabootube.xxx",
                "www.whoreshub.com",
                "www9.gogoanime.me",
                "x-x-x.video"
            ]
        }
    ],
    "categories": [],
    "performance": {},
    "cookies": 0,
    "topInitiators": [
        {
            "domain": "onclckinpg.com",
            "prevalence": 1
        }
    ],
    "types": {
        "XHR": 12,
        "Preflight": 12,
        "Image": 11
    },
    "nameservers": [
        "ns3.digitalocean.com",
        "ns1.digitalocean.com",
        "ns2.digitalocean.com"
    ]
}