{
    "domain": "opentracker.net",
    "owner": {
        "name": "Opentracker",
        "displayName": "Opentracker"
    },
    "source": [
        "DuckDuckGo-US"
    ],
    "prevalence": 0.000082,
    "sites": 12,
    "subdomains": [
        "server1",
        "script",
        "gm02f",
        "gm02e",
        "log"
    ],
    "cnames": [],
    "fingerprinting": 2,
    "resources": [
        {
            "rule": "opentracker\\.net\\/",
            "cookies": 0.0000478,
            "fingerprinting": 2,
            "subdomains": [
                "server1",
                "script"
            ],
            "apis": {
                "Navigator.prototype.appVersion": 8,
                "Document.cookie getter": 7,
                "Document.cookie setter": 7,
                "Date.prototype.getTime": 9,
                "Screen.prototype.height": 8,
                "Screen.prototype.width": 8,
                "Screen.prototype.pixelDepth": 5,
                "window.localStorage": 3,
                "Screen.prototype.colorDepth": 3
            },
            "sites": 10,
            "prevalence": 0.0000683,
            "cnames": [],
            "responseHashes": [
                "40d16c84d0dc96bd1e1a587047c68bfc4d9b27f466f7caeb2411c44f5555bdcc",
                "e3b0c44298fc1c149afbf4c8996fb92427ae41e4649b934ca495991b7852b855",
                "7c9b6ee0c49577ae81403a8df38691b13e56b33fbf3dddc257125e0a63cc2e7f",
                "70516432ca0e85ae201d5d8c740a65e3b880340950f4ee518f540452306fca77",
                "cf95d1cf894a2ff18cd16160890d2637dc7c0a9a8ffbaa0178dbb98f21df21d3",
                "9966597811c8a6d5fe9707d6ec63f0be70bc997e056396d8958f332e4d1a3b39",
                "d8d6145d4e6f3f2f7c33731ceac19aa52b622fe483dd187bd90d7023f8e04240",
                "5535f84848cb6ea005df3e917cef03e41eb9872aaac249a310b9dcd5731b6ac0",
                "0106c82633af77d0c11e7360757a248ae0e28918710cb09314e365dd9daf01fc"
            ],
            "type": "Script",
            "firstPartyCookies": {
                "machine-id": {
                    "ttl": 63072003,
                    "length": 28,
                    "prevalence": 0.00003416000546560088,
                    "uniqueness": 1
                },
                "_ots": {
                    "ttl": 1803,
                    "length": 43,
                    "prevalence": 0.000047824007651841225,
                    "uniqueness": 1
                },
                "_otui": {
                    "ttl": 63072003,
                    "length": 56,
                    "prevalence": 0.000047824007651841225,
                    "uniqueness": 1
                },
                "_otpe": {
                    "ttl": 1803,
                    "length": 52,
                    "prevalence": 0.000047824007651841225,
                    "uniqueness": 1
                }
            },
            "firstPartyCookiesSent": {},
            "exampleSites": [
                "inductiveautomation.com",
                "forum.inductiveautomation.com",
                "kenoshacountyeye.com",
                "starmicronics.com",
                "tarisio.com",
                "www.canadianappliance.ca",
                "www.parts4heating.com",
                "www.tldm.org",
                "www.trendmicro.com",
                "www.valueaddedresource.net"
            ]
        },
        {
            "rule": "opentracker\\.net\\/collect\\.jsp",
            "cookies": 0,
            "fingerprinting": 0,
            "subdomains": [
                "gm02f",
                "gm02e"
            ],
            "apis": {},
            "sites": 4,
            "prevalence": 0.0000273,
            "cnames": [],
            "responseHashes": [
                "75ea64d17237a31170ffe6d1cef300e68b129eb3a3c1c84ed099400ea3b17f9f"
            ],
            "type": "Image",
            "firstPartyCookies": {},
            "firstPartyCookiesSent": {
                "_otpe": 0.0000273280043724807
            },
            "exampleSites": [
                "inductiveautomation.com",
                "forum.inductiveautomation.com",
                "starmicronics.com",
                "www.tldm.org"
            ]
        },
        {
            "rule": "opentracker\\.net\\/",
            "cookies": 0,
            "fingerprinting": 0,
            "subdomains": [
                "log"
            ],
            "apis": {},
            "sites": 9,
            "prevalence": 0.0000615,
            "cnames": [],
            "responseHashes": [
                "756b8e02f86bc8e739229a1dec26bb1260d104efc531ab55d96cfc75f8349e71"
            ],
            "type": "Image",
            "firstPartyCookies": {},
            "firstPartyCookiesSent": {
                "machine-id": 0.00003416000546560088,
                "_ots": 0.000047824007651841225,
                "_otui": 0.000047824007651841225,
                "_otpe": 0.000020496003279360526
            },
            "exampleSites": [
                "inductiveautomation.com",
                "forum.inductiveautomation.com",
                "starmicronics.com",
                "tarisio.com",
                "www.canadianappliance.ca",
                "www.parts4heating.com",
                "www.tldm.org",
                "www.trendmicro.com",
                "www.valueaddedresource.net"
            ]
        }
    ],
    "categories": [],
    "performance": {},
    "cookies": 0.0000615,
    "topInitiators": [
        {
            "domain": "first party",
            "prevalence": 0.75
        },
        {
            "domain": "tiqcdn.com",
            "prevalence": 0.25
        }
    ],
    "types": {
        "Script": 10,
        "Image": 13
    },
    "nameservers": [
        "ns-1983.awsdns-55.co.uk",
        "ns-398.awsdns-49.com",
        "ns-611.awsdns-12.net",
        "ns-1051.awsdns-03.org"
    ]
}