{
    "domain": "orb.ee",
    "owner": {},
    "source": [
        "DuckDuckGo-US"
    ],
    "prevalence": 0.0000615,
    "sites": 9,
    "subdomains": [
        "scripts",
        "c2",
        "c3",
        "c1",
        "p.api"
    ],
    "cnames": [],
    "fingerprinting": 2,
    "resources": [
        {
            "rule": "orb\\.ee\\/tms\\.js",
            "cookies": 0.0000478,
            "fingerprinting": 1,
            "subdomains": [
                "scripts"
            ],
            "apis": {
                "Navigator.prototype.userAgent": 9,
                "Document.cookie getter": 7,
                "Date.prototype.getTime": 9,
                "Document.cookie setter": 7,
                "window.localStorage": 9
            },
            "sites": 9,
            "prevalence": 0.0000615,
            "cnames": [],
            "responseHashes": [
                "b37d8a4764665310b621707dd2807c424e32681fc63661187d6bb65699b91983",
                "11d6294b983d8f0c5fb8672ed4d0b9b66beaea6be1a46301b995e453858e2459",
                "0540c5ee393f4e3c8f39e06f456b84f9a52134b2d215df57086a877edf6b7128",
                "df5b320089d84eaba4e3cca71858e2f82cb8cbbf2d73c9597c229705f666f287",
                "7f3110f302bd6fde40ec3e6ce60330219139d19a067fc6afcdf32538178df117",
                "192a6a58ece611c51efe25817494e47fc83d814da7763fc236dc7ce7cab2b165"
            ],
            "type": "Script",
            "firstPartyCookies": {
                "_oa_vi": {
                    "ttl": 63072006,
                    "length": 144,
                    "prevalence": 0.000047824007651841225,
                    "uniqueness": 1
                },
                "_oa_optout": {
                    "ttl": 63072006,
                    "length": 28,
                    "prevalence": 0.000047824007651841225,
                    "uniqueness": 0.14285714285714285
                }
            },
            "firstPartyCookiesSent": {},
            "exampleSites": [
                "brandonford.com",
                "mullinaxford.com",
                "www.5starford.com",
                "www.beamantoyota.com",
                "www.buerklehonda.com",
                "www.fredbeans.com",
                "www.hondamarysville.com",
                "www.nucar.com",
                "www.seegertoyota.com"
            ]
        },
        {
            "rule": "orb\\.ee\\/tms\\/services\\/latest\\/leads\\.min\\.js",
            "cookies": 0,
            "fingerprinting": 0,
            "subdomains": [
                "scripts"
            ],
            "apis": {},
            "sites": 9,
            "prevalence": 0.0000615,
            "cnames": [],
            "responseHashes": [
                "b9c9c9bfc9c155dad9acece4ca9458b7ea6876d29213e149626216f16498ce39"
            ],
            "type": "Script",
            "firstPartyCookies": {},
            "firstPartyCookiesSent": {},
            "exampleSites": [
                "brandonford.com",
                "mullinaxford.com",
                "www.5starford.com",
                "www.beamantoyota.com",
                "www.buerklehonda.com",
                "www.fredbeans.com",
                "www.hondamarysville.com",
                "www.nucar.com",
                "www.seegertoyota.com"
            ]
        },
        {
            "rule": "orb\\.ee\\/collect",
            "cookies": 0.0000547,
            "fingerprinting": 0,
            "subdomains": [
                "c2",
                "c3",
                "c1"
            ],
            "apis": {},
            "sites": 8,
            "prevalence": 0.0000547,
            "cnames": [],
            "responseHashes": [
                "2689367b205c16ce32ed4200942b8b8b1e262dfc70d9bc9fbc77c49699a4f1df"
            ],
            "type": "XHR",
            "firstPartyCookies": {},
            "firstPartyCookiesSent": {},
            "exampleSites": [
                "brandonford.com",
                "mullinaxford.com",
                "www.5starford.com",
                "www.buerklehonda.com",
                "www.fredbeans.com",
                "www.hondamarysville.com",
                "www.nucar.com",
                "www.seegertoyota.com"
            ]
        },
        {
            "rule": "orb\\.ee\\/collect",
            "cookies": 0,
            "fingerprinting": 0,
            "subdomains": [
                "c2",
                "c3",
                "c1"
            ],
            "apis": {},
            "sites": 8,
            "prevalence": 0.0000547,
            "cnames": [],
            "responseHashes": [],
            "type": "Preflight",
            "firstPartyCookies": {},
            "firstPartyCookiesSent": {},
            "exampleSites": [
                "brandonford.com",
                "mullinaxford.com",
                "www.5starford.com",
                "www.buerklehonda.com",
                "www.fredbeans.com",
                "www.hondamarysville.com",
                "www.nucar.com",
                "www.seegertoyota.com"
            ]
        },
        {
            "rule": "orb\\.ee\\/page_tagging\\/tag",
            "cookies": 0,
            "fingerprinting": 0,
            "subdomains": [
                "p.api"
            ],
            "apis": {},
            "sites": 8,
            "prevalence": 0.0000547,
            "cnames": [],
            "responseHashes": [
                "3b0365623a983429eaa9195e201af33b054c8b96ffb0ea2aa51860312b9d438a"
            ],
            "type": "XHR",
            "firstPartyCookies": {},
            "firstPartyCookiesSent": {
                "lotame_domain_check": 0.000006832001093120175,
                "ipe_131438_dealer_domain": 0.000006832001093120175
            },
            "exampleSites": [
                "brandonford.com",
                "mullinaxford.com",
                "www.5starford.com",
                "www.buerklehonda.com",
                "www.fredbeans.com",
                "www.hondamarysville.com",
                "www.nucar.com",
                "www.seegertoyota.com"
            ]
        }
    ],
    "categories": [],
    "performance": {},
    "cookies": 0.0000615,
    "topInitiators": [
        {
            "domain": "first party",
            "prevalence": 0.5714285714285714
        },
        {
            "domain": "secureoffersites.com",
            "prevalence": 0.2857142857142857
        },
        {
            "domain": "datadoghq-browser-agent.com",
            "prevalence": 0.09523809523809523
        },
        {
            "domain": "googletagmanager.com",
            "prevalence": 0.047619047619047616
        }
    ],
    "types": {
        "Script": 18,
        "XHR": 16,
        "Preflight": 8
    },
    "nameservers": [
        "ns-1408.awsdns-48.org",
        "ns-2019.awsdns-60.co.uk",
        "ns-290.awsdns-36.com",
        "ns-906.awsdns-49.net"
    ]
}