{
    "domain": "particularaudience.com",
    "owner": {},
    "source": [
        "DuckDuckGo-US"
    ],
    "prevalence": 0.000178,
    "sites": 26,
    "subdomains": [
        "recs-1a",
        "recs-us-e1a",
        "cdn"
    ],
    "cnames": [],
    "fingerprinting": 2,
    "resources": [
        {
            "rule": "particularaudience\\.com\\/2\\.7\\/Config",
            "cookies": 0,
            "fingerprinting": 0,
            "subdomains": [
                "recs-1a",
                "recs-us-e1a"
            ],
            "apis": {},
            "sites": 18,
            "prevalence": 0.000123,
            "cnames": [],
            "responseHashes": [
                "61e8745c37e4e66230a19c0e289a21ebded7886be370d68d9a91b445d6089293",
                "f1fca4a34153eb1485dc5d721037e88c6c775c78ae2c722652fefadc7a0f9f4a",
                "0c864f0ae3c2cd2b46a4e0e9eddea4068741018ae8572dd119ab140ca005f2b1",
                "58e985695c097acb2be294294714ae5db1e5f684b1500ae1299b0f319f53ccf8",
                "16d5ef9e50dd8efc7772f171a695e6f1f3a0ab151b7f38f9750f41118ac43f54",
                "af02545b82c7729e5745efe19b10745d3a412d8b85790a38d9cda719884355d6",
                "17b7bbd76df4a6128c9aa44a8c821262f19ec8f962cbe7e10546d5531ae13a1b",
                "5d164b9bf4fa8cb1682bd3019c5e29f5b04af2476f052d06c573717ff6f58db4",
                "96f408d86e01cddac9b0f94d288b01d13179371e7a18624e10a54e55d38e2f90",
                "77b8082474b434de70ed51485b15510824a138c9590cec9c99c53a311a81cbeb",
                "7355d8bf7a616f7125df93437b143273acbdde283ee065c0af4995ff0c8be117",
                "6501329f98b71f282ccb2444db09461bd66697454ef4a444b71117096a916e21",
                "e654fea44c8664fdd4a9d4f07b589cbace2748a7f7afbfd6757839718ac265ce",
                "0f0e0edcf700208b51135ea66d67b244668456358139f76806f21c886c31a4e2",
                "06e4886e6bc18a42bff3e25a307c7dc871c5d303d95e964c98bc02fa9bcdf684",
                "b552e4edbc7886413d1e586bf99ed3e21d44278d5735f66756bb9a0116dcb658"
            ],
            "type": "Fetch",
            "firstPartyCookies": {},
            "firstPartyCookiesSent": {
                "_li_dcdm_c": 0.00001366400218624035,
                "IR_gbd": 0.00001366400218624035,
                "domain": 0.00001366400218624035,
                "__lotl": 0.000006832001093120175
            },
            "exampleSites": [
                "djcity.com.au",
                "raymourflanigan.com",
                "uk.airfix.com",
                "www.99bikes.com.au",
                "www.citybeach.com",
                "www.cotswoldco.com",
                "www.danmurphys.com.au",
                "www.digidirect.com.au",
                "www.holabirdsports.com",
                "www.lights4fun.co.uk",
                "www.mitre10.com.au",
                "www.petbarn.com.au",
                "www.placemakers.co.nz",
                "www.raymourflanigan.com",
                "www.retravision.com.au",
                "www.target.com.au",
                "www.thegoodguys.com.au",
                "www.wickedweasel.com"
            ]
        },
        {
            "rule": "particularaudience\\.com\\/2\\.7\\/PageView",
            "cookies": 0,
            "fingerprinting": 0,
            "subdomains": [
                "recs-1a",
                "recs-us-e1a"
            ],
            "apis": {},
            "sites": 17,
            "prevalence": 0.000116,
            "cnames": [],
            "responseHashes": [
                "e8f7b94b94fbb7d60b20cdb35c654bfc9a0d1c8937d9e18aa9e6c027d342220f",
                "3dfe2024aaf54df4ff60748ce230d4b38018c8c92a92dc87c4c04f7f5f749770",
                "11b24355b0875da95f6b1906130549ff7365cc8edf2b93d2d6653729b7762b29",
                "882f033a069b0230af2cfd3a5713d442d1520966b5ac1ab6522b2628bcc104f7",
                "1b03d95cc810d3f31fe081f69b1e1da4c406b9aa3d41b24cbd2161047a696334",
                "c95972f12e20f0ae89c083e626fa88ac82ed4e2613b15a1be41a7faa7ac91222",
                "2474192dfff3d5ed63f04e56339a9ca32e28c43eac1546741d89449d72557a46",
                "3ea7ab6322725af66b8a9eded3c122838202c70d44f4a096527433aae1b1ab50",
                "c4df7955fe20b0a2389ac55aa7028a7887d13e979abe4c231262ce81745a5b6d",
                "b15e6a03af9293e9f08d88a7f9ae8963f45d1877ae6a06b57e760a865d310d69",
                "d4f6d9f735bbeebe9a678b97b9124b5612cabea50f6eff483d0c9dfef60fb8c0",
                "088286465da4eebe4cb3143713b6dc34a398e9e30f921c46a5ba957928b5eed2",
                "523fa0e1ae31724c502a7d42d9b9786b181a1e58a3b3366336426200a613ce40",
                "3ad27291baf496d6f22cbd5052a27ff0c7dcb0b781eb75e12a9415b9182cc859"
            ],
            "type": "Fetch",
            "firstPartyCookies": {},
            "firstPartyCookiesSent": {
                "PAC": 0.00010248001639680262,
                "_li_dcdm_c": 0.00001366400218624035,
                "IR_gbd": 0.00001366400218624035,
                "domain": 0.00001366400218624035,
                "__lotl": 0.000006832001093120175
            },
            "exampleSites": [
                "djcity.com.au",
                "raymourflanigan.com",
                "www.99bikes.com.au",
                "www.citybeach.com",
                "www.cotswoldco.com",
                "www.danmurphys.com.au",
                "www.digidirect.com.au",
                "www.holabirdsports.com",
                "www.lights4fun.co.uk",
                "www.mitre10.com.au",
                "www.petbarn.com.au",
                "www.placemakers.co.nz",
                "www.raymourflanigan.com",
                "www.retravision.com.au",
                "www.target.com.au",
                "www.thegoodguys.com.au",
                "www.wickedweasel.com"
            ]
        },
        {
            "rule": "particularaudience\\.com\\/1\\.0\\/LogTrackerMessage",
            "cookies": 0,
            "fingerprinting": 0,
            "subdomains": [
                "recs-1a"
            ],
            "apis": {},
            "sites": 4,
            "prevalence": 0.0000273,
            "cnames": [],
            "responseHashes": [],
            "type": "Preflight",
            "firstPartyCookies": {},
            "firstPartyCookiesSent": {},
            "exampleSites": [
                "djcity.com.au",
                "www.retravision.com.au",
                "www.target.com.au",
                "www.wickedweasel.com"
            ]
        },
        {
            "rule": "particularaudience\\.com\\/1\\.0\\/LogTrackerMessage",
            "cookies": 0,
            "fingerprinting": 0,
            "subdomains": [
                "recs-1a"
            ],
            "apis": {},
            "sites": 4,
            "prevalence": 0.0000273,
            "cnames": [],
            "responseHashes": [
                "3fbb039bb9866c274c4f646a6fd511d034efa4c03ea01d09007fdf5455e7eb6b"
            ],
            "type": "Fetch",
            "firstPartyCookies": {},
            "firstPartyCookiesSent": {},
            "exampleSites": [
                "djcity.com.au",
                "www.retravision.com.au",
                "www.target.com.au",
                "www.wickedweasel.com"
            ]
        },
        {
            "rule": "particularaudience\\.com\\/js\\/raf\\/t\\.js",
            "cookies": 0.0000137,
            "fingerprinting": 2,
            "subdomains": [
                "cdn"
            ],
            "apis": {
                "Navigator.prototype.userAgent": 2,
                "window.localStorage": 2,
                "window.sessionStorage": 2,
                "Date.prototype.getTime": 2,
                "Screen.prototype.width": 2,
                "Screen.prototype.height": 2,
                "Navigator.prototype.connection": 2,
                "Navigator.prototype.language": 2,
                "Navigator.prototype.cookieEnabled": 2,
                "Navigator.prototype.platform": 2,
                "Navigator.prototype.vendor": 2,