{
    "domain": "path2response.net",
    "owner": {},
    "source": [
        "DuckDuckGo-US"
    ],
    "prevalence": 0.000307,
    "sites": 45,
    "subdomains": [
        "config-lookup.prod"
    ],
    "cnames": [],
    "fingerprinting": 0,
    "resources": [
        {
            "rule": "path2response\\.net\\/",
            "cookies": 0,
            "fingerprinting": 0,
            "subdomains": [
                "config-lookup.prod"
            ],
            "apis": {},
            "sites": 30,
            "prevalence": 0.000205,
            "cnames": [],
            "responseHashes": [
                "f7b94e3fcb0e0377a735c461974bc22ddcc046715f908c85da3192d171ef12d4",
                "cb2c3db136bcb02fed134ab9977414cbdd7fef80a23a3e50f811ac41c5ff757e",
                "d8d0f59d7908d7dd92241dbae76498bf0d7d02a555eb8feb735593fea4bf8837",
                "215784ecdac9b0f8335b78fa8f1a97987be0d8d899d91f3e69877b386834568a",
                "59bc3b683298836976998be6056f677208ffa8b36771b1498f46eb5d13286c65",
                "7603b222c65330dbde9fabd44d60d354a33273f3511c30acc5a1ab6c02273ccc",
                "11ea03e1db761e72d1719c3f51c9dee7bf9c0904fa25258b87bc6b24777cee1c",
                "49b3d06fd08680da3a0f76a56354a812178f2c6c687415b27fc0e3f0d699c65e",
                "57c7daf4bf8015b6acdec1868b4a33505c5063959d90fe9df757170461a10385",
                "007e2b11d94d3294477db649bd3a63cbd474721de0f63e0948416d95111eb206",
                "3b91201a626ae8e17245d6ef7c4475b452df1ce41987313341f7b1f254b608e2",
                "af44ddc0e408f89de5fc4ca9ecd5e535e2441d937eb33396746c0c58d62485cb",
                "905ae14e12f53d3a5e7e1ee54e41d2d6200ddb7d6efe404bca9856462417b71d",
                "88bbd176311c6c25d44f72afb437c34ced79483baad92a22ada87c5d147fe07b",
                "93861b1d10468c47704e735b6f24469e0c65fbdcd4bae85fde48b2199b6e156a",
                "db00d7bee198a386026e44b38c1b72b06499e877dae0c4c4f85c0a2510433b13",
                "b535b0c5b2c4b39bb867cc9260201cda22e5895f783e3f80bcd9ccc341e33e0c",
                "fa35f4ab3596fe468684aae6d82e759ea305bb4eebc53c5fff43c9cb179c0c63",
                "550137551d4a8c4ab5429ef2254c41008cdaa2160b4a37ddcc2b1e151884063e",
                "6fea5ecdc29c64a36274064635a68532c3c40dbd7006b89269af2b5460227875",
                "b4ec00b8d93946637911e61a2f211a7df9f1a4c85366e460207c2d4fff4a7c88",
                "98c23da34711cf45542435763347a3811d51f8e79a879ef35ec89c62179a97cb",
                "ea30696fe3046abfb8efb28ea53680bcc79bbda5b866b6d7cb07d7feae3ed0fa",
                "cc3372dc208ffe75c095616f771bec047ce688a2fb340e9bce0b5a089b0a664a",
                "c7c532b714c192a1f00c88390ed8f6ec8c841331e9251f1f7f2f27b66b23b748",
                "1040bcc33ce872590f337e93f9e6cd0b8e7b6e23ad9ea57f4958545f5ef8b658",
                "8cae84e3f274d5a7e3758be5333dc8b14b4f8d49b85b680a0a2b21ef26bc82cd",
                "e43adcc48c323a712130a4928cafc31fecb6cee4e8294508c5164a391e50d561"
            ],
            "type": "Fetch",
            "firstPartyCookies": {},
            "firstPartyCookiesSent": {
                "IR_gbd": 0.000020496003279360526,
                "_li_dcdm_c": 0.0000819840131174421,
                "dy_fs_page": 0.00001366400218624035
            },
            "exampleSites": [
                "kurufootwear.com",
                "www.naturallife.com",
                "www.agjeans.com",
                "www.coyuchi.com",
                "www.luluandgeorgia.com",
                "store.moma.org",
                "lagence.com",
                "www.peacockalley.com",
                "www.stio.com",
                "www.reynspooner.com",
                "tomboyx.com",
                "www.toadandco.com",
                "beyondyoga.com",
                "www.untuckit.com",
                "www.marinelayer.com",
                "cuyana.com",
                "verabradley.com",
                "www.jennikayne.com",
                "verabradleyoutlet.com",
                "evereve.com"
            ]
        },
        {
            "rule": "path2response\\.net\\/",
            "cookies": 0,
            "fingerprinting": 0,
            "subdomains": [
                "config-lookup.prod"
            ],
            "apis": {},
            "sites": 30,
            "prevalence": 0.000205,
            "cnames": [],
            "responseHashes": [],
            "type": "Preflight",
            "firstPartyCookies": {},
            "firstPartyCookiesSent": {
                "IR_gbd": 0.000020496003279360526,
                "_li_dcdm_c": 0.0000819840131174421,
                "dy_fs_page": 0.00001366400218624035
            },
            "exampleSites": [
                "www.agjeans.com",
                "www.toadandco.com",
                "beyondyoga.com",
                "kurufootwear.com",
                "www.arhaus.com",
                "www.stio.com",
                "cuyana.com",
                "www.peacockalley.com",
                "www.ayr.com",
                "verabradleyoutlet.com",
                "www.ekster.com",
                "www.luluandgeorgia.com",
                "www.rails.com",
                "verabradley.com",
                "www.coyuchi.com",
                "evereve.com",
                "society6.com",
                "www.jennikayne.com",
                "www.untuckit.com",
                "gumps.com"
            ]
        }
    ],
    "categories": [],
    "performance": {},
    "cookies": 0,
    "topInitiators": [
        {
            "domain": "first party",
            "prevalence": 1
        }
    ],
    "types": {
        "Fetch": 30,
        "Preflight": 30
    },
    "nameservers": [
        "ns-628.awsdns-14.net",
        "ns-1030.awsdns-00.org",
        "ns-116.awsdns-14.com",
        "ns-1727.awsdns-23.co.uk"
    ]
}