{
    "domain": "pbgrd.com",
    "owner": {},
    "source": [
        "DuckDuckGo-US"
    ],
    "prevalence": 0.0000888,
    "sites": 13,
    "subdomains": [
        "delivery",
        "cdn"
    ],
    "cnames": [],
    "fingerprinting": 1,
    "resources": [
        {
            "rule": "pbgrd\\.com\\/network\\/adjs\\.php",
            "cookies": 0,
            "fingerprinting": 0,
            "subdomains": [
                "delivery"
            ],
            "apis": {},
            "sites": 10,
            "prevalence": 0.0000683,
            "cnames": [],
            "responseHashes": [
                "81e9ee6dcc5614f5c9ccd00a1b63269c67f4323660b9a7c46d268300d7494479",
                "33a7999ad507e38ce09e4e152a04628d5c662376843868d7a03b2795fc05e45b",
                "9dbd447e41b7647414d2986ed4de42c75a3aabb0a8852a7216c6fa8feba86ccf",
                "b2118c0fe5d34728f024cf410fe6ae675d1f5de84eff8a8fa4eeddddc5ba9dcd",
                "635024e9c9990fd96f3c32dbfbdc55179275c55ddeecdf5c3d624a2b37e8f12b",
                "ac0f1088df29ded5fa1d99518d7c9cada4a39d81ba66dba1a9ece03e8d124935",
                "ead2b7f1da557589ac80e79b338bb59daf7e32b5f084becaa94bbec590f5ff63",
                "44f55ecfd554692ee9a7c318834b655e2d14b516f665cd9bb423c09959b4d2a7",
                "9d399f748a3ce3c9c30318a950d4574cec2d3db5af326ebffd8fbb928259645f"
            ],
            "type": "XHR",
            "firstPartyCookies": {},
            "firstPartyCookiesSent": {
                "RefTrackGroup": 0.000006832001093120175
            },
            "exampleSites": [
                "aacrjournals.org",
                "academic.oup.com",
                "bmccancer.biomedcentral.com",
                "bmcinfectdis.biomedcentral.com",
                "bmcmedicine.biomedcentral.com",
                "bmcpsychiatry.biomedcentral.com",
                "bmcpublichealth.biomedcentral.com",
                "journals.plos.org",
                "link.springer.com",
                "www.bmj.com"
            ]
        },
        {
            "rule": "pbgrd\\.com\\/v\\.js",
            "cookies": 0,
            "fingerprinting": 1,
            "subdomains": [
                "cdn"
            ],
            "apis": {
                "window.innerWidth": 1,
                "window.innerHeight": 1
            },
            "sites": 2,
            "prevalence": 0.0000137,
            "cnames": [],
            "responseHashes": [
                "f608310bc60203cea5d9043c847fcaf195fc0f0f26a60beeaeb77ac732c3edc7"
            ],
            "type": "Script",
            "firstPartyCookies": {},
            "firstPartyCookiesSent": {},
            "exampleSites": [
                "aacrjournals.org",
                "journals.plos.org"
            ]
        },
        {
            "rule": "pbgrd\\.com\\/network\\/v\\.php",
            "cookies": 0,
            "fingerprinting": 0,
            "subdomains": [
                "delivery"
            ],
            "apis": {},
            "sites": 2,
            "prevalence": 0.0000137,
            "cnames": [],
            "responseHashes": [
                "25b4ecfd3a740f29d76fe930a4cec9d41afa0cfd2bafa70ca4051bd3d5395d74"
            ],
            "type": "Ping",
            "firstPartyCookies": {},
            "firstPartyCookiesSent": {},
            "exampleSites": [
                "aacrjournals.org",
                "journals.plos.org"
            ]
        },
        {
            "rule": "pbgrd\\.com\\/network\\/logger\\.php",
            "cookies": 0,
            "fingerprinting": 0,
            "subdomains": [
                "delivery"
            ],
            "apis": {},
            "sites": 8,
            "prevalence": 0.0000547,
            "cnames": [],
            "responseHashes": [],
            "type": "Fetch",
            "firstPartyCookies": {},
            "firstPartyCookiesSent": {},
            "exampleSites": [
                "oup.com",
                "academic.oup.com",
                "bmccancer.biomedcentral.com",
                "bmcinfectdis.biomedcentral.com",
                "bmcmedicine.biomedcentral.com",
                "bmcpsychiatry.biomedcentral.com",
                "bmcpublichealth.biomedcentral.com",
                "link.springer.com"
            ]
        },
        {
            "rule": "pbgrd\\.com\\/core-bmc\\.js",
            "cookies": 0,
            "fingerprinting": 1,
            "subdomains": [
                "cdn"
            ],
            "apis": {
                "Screen.prototype.height": 5,
                "Screen.prototype.width": 5,
                "Date.prototype.getTime": 5
            },
            "sites": 5,
            "prevalence": 0.0000342,
            "cnames": [],
            "responseHashes": [
                "688247021a5f7a19df258d2a2e0fdc2be588fd38ff17a09c510a157799fc80cd"
            ],
            "type": "Script",
            "firstPartyCookies": {},
            "firstPartyCookiesSent": {},
            "exampleSites": [
                "biomedcentral.com",
                "bmcinfectdis.biomedcentral.com",
                "bmcmedicine.biomedcentral.com",
                "bmcpsychiatry.biomedcentral.com",
                "bmcpublichealth.biomedcentral.com"
            ]
        },
        {
            "rule": "pbgrd\\.com\\/core-plos\\.js",
            "cookies": 0,
            "fingerprinting": 1,
            "subdomains": [
                "cdn"
            ],
            "apis": {
                "Screen.prototype.height": 2,
                "Screen.prototype.width": 2,
                "Date.prototype.getTime": 2,
                "window.innerHeight": 2
            },
            "sites": 2,
            "prevalence": 0.0000137,
            "cnames": [],
            "responseHashes": [
                "b7335a4ef50d50aa6cd66e6cdcf72093388b15e56380bb00f6aeb5edd08a040e"
            ],
            "type": "Script",
            "firstPartyCookies": {},
            "firstPartyCookiesSent": {},
            "exampleSites": [
                "plos.org",
                "journals.plos.org"
            ]
        },
        {
            "rule": "pbgrd\\.com\\/network\\/logger\\.php",
            "cookies": 0,
            "fingerprinting": 0,
            "subdomains": [
                "delivery"
            ],
            "apis": {},
            "sites": 2,
            "prevalence": 0.0000137,
            "cnames": [],
            "responseHashes": [
                "25b4ecfd3a740f29d76fe930a4cec9d41afa0cfd2bafa70ca4051bd3d5395d74"
            ],
            "type": "Image",
            "firstPartyCookies": {},
            "firstPartyCookiesSent": {},
            "exampleSites": [
                "plos.org",
                "journals.plos.org"
            ]
        },
        {
            "rule": "pbgrd\\.com\\/core-bmj\\.js",
            "cookies": 0,
            "fingerprinting": 2,
            "subdomains": [
                "cdn"
            ],
            "apis": {
                "Screen.prototype.height": 2,
                "Screen.prototype.width": 2,
                "Date.prototype.getTime": 2,
                "window.innerWidth": 1,
                "window.innerHeight": 1
            },
            "sites": 2,
            "prevalence": 0.0000137,
            "cnames": [],
            "responseHashes": [
                "669dac3f46355b0adca806849f0b45498fd9bcb5a038396af45b08a72f3def80"
            ],
            "type": "Script",
            "firstPartyCookies": {},
            "firstPartyCookiesSent": {},
            "exampleSites": [
                "bmj.com",
                "www.bmj.com"
            ]
        }
    ],
    "categories": [],
    "performance": {},
    "cookies": 0,
    "topInitiators": [
        {
            "domain": "first party",
            "prevalence": 0.26666666666666666
        },
        {
            "domain": "doubleclick.net",