{
    "domain": "playstream.media",
    "owner": {},
    "source": [
        "DuckDuckGo-US"
    ],
    "prevalence": 0.0000888,
    "sites": 13,
    "subdomains": [
        "tg1",
        "cdn",
        "prodcdn"
    ],
    "cnames": [],
    "fingerprinting": 2,
    "resources": [
        {
            "rule": "playstream\\.media\\/api\\/adserver\\/spt",
            "cookies": 0,
            "fingerprinting": 1,
            "subdomains": [
                "tg1"
            ],
            "apis": {
                "Navigator.prototype.userAgent": 10,
                "Navigator.prototype.appVersion": 10
            },
            "sites": 10,
            "prevalence": 0.0000683,
            "cnames": [],
            "responseHashes": [
                "0b966583b46d111408e3553ececb90b3d1e6467f78b3c13c7eaf2fe80c40ff30",
                "4634c4b91de7c016107af732d14b7e1d0612e955734d20832d64f6daade95c96",
                "2d07078aff4747aee639c60ac741e5a084af06bcf0106c5a21c8b9f1447691d0",
                "c33fb3952bad35bb0abcf8c7190051ba1bf7c7a502a00a256f6a4167a4e9d775",
                "ccbd8388e48be6d7f36844da671e384b6a76bffeaf05804ad9ecdb46b95bf95a",
                "31329203e97ee4e7d7fac79273afede48e3200db112be7310a3c9b78350ca684",
                "eae7179abbd677bea3b0135da646baa26b177d32e32b232c942114e31c1ce265",
                "298c12d5ea9dcc785e43a375a14351a5f7b89c9f85f8a2e80f767a8131ef4a84",
                "543113ef275f941b33a31cd1846ebc019624d4871e77116372556ecdb6a9a0ad"
            ],
            "type": "Script",
            "firstPartyCookies": {},
            "firstPartyCookiesSent": {},
            "exampleSites": [
                "crex.live",
                "english.mathrubhumi.com",
                "taxguru.in",
                "telanganatoday.com",
                "www.bhaktibharat.com",
                "www.euston96.com",
                "www.kurzy.cz",
                "www.masrawy.com",
                "www.shaalaa.com",
                "www.telegraphindia.com"
            ]
        },
        {
            "rule": "playstream\\.media\\/logo\\.png",
            "cookies": 0,
            "fingerprinting": 0,
            "subdomains": [
                "cdn"
            ],
            "apis": {},
            "sites": 8,
            "prevalence": 0.0000547,
            "cnames": [],
            "responseHashes": [
                "c806548a811e28e57290d17f7b65fbf91ea51f5557661350fb50c8d14cf33538"
            ],
            "type": "Image",
            "firstPartyCookies": {},
            "firstPartyCookiesSent": {},
            "exampleSites": [
                "crex.live",
                "taxguru.in",
                "telanganatoday.com",
                "www.bhaktibharat.com",
                "www.euston96.com",
                "www.kurzy.cz",
                "www.shaalaa.com",
                "www.telegraphindia.com"
            ]
        },
        {
            "rule": "playstream\\.media\\/video\\.min\\.js",
            "cookies": 0,
            "fingerprinting": 2,
            "subdomains": [
                "prodcdn"
            ],
            "apis": {
                "Navigator.prototype.maxTouchPoints": 2,
                "NavigatorUAData.prototype.platform": 2,
                "Navigator.prototype.userAgent": 2,
                "Navigator.prototype.languages": 2,
                "HTMLMediaElement.prototype.canPlayType": 2,
                "MediaSource.isTypeSupported": 2
            },
            "sites": 2,
            "prevalence": 0.0000137,
            "cnames": [],
            "responseHashes": [
                "0957d68a4f0298bad4d37b150b48cbb022f62ac9b660df7056dd6194f69e4dc0"
            ],
            "type": "Script",
            "firstPartyCookies": {},
            "firstPartyCookiesSent": {},
            "exampleSites": [
                "firstpost.com",
                "www.firstpost.com"
            ]
        },
        {
            "rule": "playstream\\.media\\/crypto-js\\.min\\.js",
            "cookies": 0,
            "fingerprinting": 0,
            "subdomains": [
                "prodcdn"
            ],
            "apis": {},
            "sites": 2,
            "prevalence": 0.0000137,
            "cnames": [],
            "responseHashes": [
                "769a555de553babc35a3338f344dd7aa16260c93cea2c7db290707c90484e7cc"
            ],
            "type": "Script",
            "firstPartyCookies": {},
            "firstPartyCookiesSent": {},
            "exampleSites": [
                "firstpost.com",
                "www.firstpost.com"
            ]
        }
    ],
    "categories": [],
    "performance": {},
    "cookies": 0,
    "topInitiators": [
        {
            "domain": "first party",
            "prevalence": 0.5172413793103449
        },
        {
            "domain": "avplayer.com",
            "prevalence": 0.2413793103448276
        },
        {
            "domain": "doubleclick.net",
            "prevalence": 0.1724137931034483
        },
        {
            "domain": "fin.cz",
            "prevalence": 0.034482758620689655
        },
        {
            "domain": "googletagmanager.com",
            "prevalence": 0.034482758620689655
        }
    ],
    "types": {
        "Script": 14,
        "Image": 8
    },
    "nameservers": [
        "zelda.ns.cloudflare.com",
        "walt.ns.cloudflare.com"
    ]
}