{
    "domain": "pm-serv.co",
    "owner": {},
    "source": [
        "DuckDuckGo-US"
    ],
    "prevalence": 0.000615,
    "sites": 90,
    "subdomains": [
        "c",
        "l",
        "n"
    ],
    "cnames": [],
    "fingerprinting": 1,
    "resources": [
        {
            "rule": "pm-serv\\.co\\/sr\\/2722522032\\/SAFEFRAME\\.html",
            "cookies": 0.000437,
            "fingerprinting": 1,
            "subdomains": [
                "c"
            ],
            "apis": {
                "Date.prototype.getTime": 9,
                "window.innerWidth": 9,
                "window.innerHeight": 9,
                "Screen.prototype.height": 9,
                "Screen.prototype.width": 9,
                "Navigator.prototype.connection": 9,
                "Date.prototype.getTimezoneOffset": 9,
                "Navigator.prototype.userAgent": 6
            },
            "sites": 69,
            "prevalence": 0.000471,
            "cnames": [],
            "responseHashes": [
                "741f5da12492a3696c6bdb7e7c9a34f3f12b8d011c730fc20de8528bcfc51c76",
                "c18fd6c62c183f3d4b1bd139b85ada33c2f145242e1011002bcd29e9083acd5e",
                "77e13902e3f96321b7ee3b048db80e55a2a2fc8f571a01b2122e0e9b55d935ca",
                "19aa30f6a6fc0036482673929d4fbcec9ef4c003ae91ac9a18077f5ede3da2c8",
                "c24e1debf2c993e3d5b95f1f37efc5dec17e3062bf3a4d9f04b2cad6e9b0a544",
                "0ecb580e02936d61c709ffc884f57d078c1ffd2d146bb2c903122880d39548dc",
                "37af7f7a15e01fdd07cb71ad59ed166528c4f070df63ab4822cc36b77693a75f",
                "9f014f10fe46c3d94d37918e5c40374736fd5e976ec15dca03e42582318b7698",
                "658e1f51b9c0ecb709decf7a34cd60f36962433f55ba4869d0e4f648b7ee6ea5",
                "d75a1e06736319a22939bbfe942f944103498314b1e61b398dab0046a24ea18c",
                "08a6d03160d55f602f96a0994fbff7ac70e9c451bd7ca5839b91b286b22cb77c",
                "d949dde83c84cd7d89e533f22debae537947173f5331dd5d65c001e64aaf1539",
                "52105a60e7456846ace226be7f62bfe52838a89cc1113a6a6a26fddd48e22a6f",
                "4f362aa6b453fac74d2ec3ed8f3687480fa8883740e188336d9700e0d3ca94cc",
                "6bbf7620d0c5e340fe641db117ec6295371397df582de33461ea0544701a9b85",
                "aeabe0bd52fc40e4ab1ddce2f7d1762e4e33d576c66867b62b8522a204b08f11",
                "f710eebebe31c96da5cb5bf6d679d8c99140272dcbcd0f91ba65346b80cbfadb",
                "dd04d2269f5706d44198dfc348f7d225a189dfa83a8ec5dc402ab69ccf2dd421"
            ],
            "type": "Document",
            "firstPartyCookies": {},
            "firstPartyCookiesSent": {},
            "exampleSites": [
                "www.amtraktrains.com",
                "forum.purseblog.com",
                "wutheringwaves.gg",
                "www.whsv.com",
                "cookiesandcups.com",
                "www.irelandbeforeyoudie.com",
                "thisisreno.com",
                "www.crochetconcupiscence.com",
                "crockpotladies.com",
                "www.myfooddata.com",
                "www.cleverlysimple.com",
                "blog.treasurie.com",
                "www.emissions.org",
                "www.costcoinsider.com",
                "www.doctorsofrunning.com",
                "www.kylieminteriors.ca",
                "heygrillhey.com",
                "aerocorner.com",
                "sundayschoolzone.com",
                "topdogtips.com"
            ]
        },
        {
            "rule": "pm-serv\\.co\\/__media__\\/fonts\\/Roboto-Regular\\/Roboto-Regular\\.woff",
            "cookies": 0,
            "fingerprinting": 0,
            "subdomains": [
                "c"
            ],
            "apis": {},
            "sites": 20,
            "prevalence": 0.000137,
            "cnames": [],
            "responseHashes": [
                "c1cf6de3d2f3ad95ab6d526ca25331251a125fd39223223995fab8c8cdcdbccb"
            ],
            "type": "Font",
            "firstPartyCookies": {},
            "firstPartyCookiesSent": {},
            "exampleSites": [
                "247wallst.com",
                "a-z-animals.com",
                "emptyeasel.com",
                "forum.purseblog.com",
                "greaterlongisland.com",
                "techwithtech.com",
                "thewhiskeyjug.com",
                "thisisreno.com",
                "totaljerkface.com",
                "traveltrailerpro.com",
                "www.constellation-guide.com",
                "www.corvsport.com",
                "www.costcoinsider.com",
                "www.economicshelp.org",
                "www.gokartguide.com",
                "www.jeep392.com",
                "www.kylieminteriors.ca",
                "www.myfooddata.com",
                "www.nonamehiding.com",
                "www.whsv.com"
            ]
        },
        {
            "rule": "pm-serv\\.co\\/bql\\.php",
            "cookies": 0,
            "fingerprinting": 0,
            "subdomains": [
                "l",
                "n"
            ],
            "apis": {},
            "sites": 27,
            "prevalence": 0.000184,
            "cnames": [],
            "responseHashes": [
                "c787e9dd6dc8ea3c935f5f0f30e3b9e4a3e066b4619bb244f569883f8e318a24"
            ],
            "type": "Script",
            "firstPartyCookies": {},
            "firstPartyCookiesSent": {},
            "exampleSites": [
                "www.nutrition-charts.com",
                "www.btimesonline.com",
                "www.economicshelp.org",
                "www.sehat.com",
                "www.puppyleaks.com",
                "www.jeep392.com",
                "thewellnesswatchdog.com",
                "emptyeasel.com",
                "www.crochetconcupiscence.com",
                "www.usaspinecare.com",
                "www.md-health.com",
                "equimed.com",
                "www.healwithfood.org",
                "www.misterwhat.co.uk",
                "yourmileagemayvary.com",
                "thewhiskeyjug.com",
                "www.plasticsurgerystars.com",
                "thisisreno.com",
                "walgreens.pharmacylocationmaps.com",
                "themendingmuse.com"
            ]
        },
        {
            "rule": "pm-serv\\.co\\/bqi\\.php",
            "cookies": 0,
            "fingerprinting": 0,
            "subdomains": [
                "l"
            ],
            "apis": {},
            "sites": 10,
            "prevalence": 0.0000683,
            "cnames": [],
            "responseHashes": [
                "e3b0c44298fc1c149afbf4c8996fb92427ae41e4649b934ca495991b7852b855"
            ],
            "type": "Image",
            "firstPartyCookies": {},
            "firstPartyCookiesSent": {
                "_li_dcdm_c": 0.000020496003279360526
            },
            "exampleSites": [
                "clearcolondiet.com",
                "emptyeasel.com",
                "equimed.com",
                "myhealthbox.eu",
                "www.btimesonline.com",
                "www.economicshelp.org",
                "www.healwithfood.org",
                "www.jeep392.com",
                "www.nutrition-charts.com",
                "www.plasticsurgerystars.com"
            ]
        },
        {
            "rule": "pm-serv\\.co\\/__media__\\/fonts\\/Roboto-Bold\\/Roboto-Bold\\.woff",
            "cookies": 0,
            "fingerprinting": 0,
            "subdomains": [
                "c"
            ],
            "apis": {},
            "sites": 16,
            "prevalence": 0.000109,
            "cnames": [],
            "responseHashes": [
                "abaf06dea5a93b9d3679a5a88137d3e29674c9171630ae86f9999617097fe1bd"
            ],
            "type": "Font",
            "firstPartyCookies": {},
            "firstPartyCookiesSent": {},