{
    "domain": "pmsrv.co",
    "owner": {},
    "source": [
        "DuckDuckGo-US"
    ],
    "prevalence": 0.000109,
    "sites": 16,
    "subdomains": [
        "c",
        "analytics"
    ],
    "cnames": [],
    "fingerprinting": 1,
    "resources": [
        {
            "rule": "pmsrv\\.co\\/v1\\/analytics\\.js",
            "cookies": 0.0000615,
            "fingerprinting": 1,
            "subdomains": [
                "c"
            ],
            "apis": {
                "window.localStorage": 9,
                "Document.cookie getter": 8,
                "window.sessionStorage": 9,
                "Document.cookie setter": 8
            },
            "sites": 9,
            "prevalence": 0.0000615,
            "cnames": [],
            "responseHashes": [
                "c41c2e4373443fa459b6c8d582138fbd918ab4b0f123071c5c1e0e52eeadc184",
                "186750379debf59b94f16b8ec88fc05cf65c49d8efd11694dd789c5aabd997aa",
                "3b066021f45a08ab6d598d939390da3d09529bee6cde86da94f8123a9168ef29",
                "54d1a74ad7f50f0fb6466ff67bcac47166d07b37235eb81a001810f5644b5855",
                "c4abfb764ed255fc428660a65ff61eb38ca36cbc2d83fdfea4bc6bb1e1f08d3c",
                "cf0dcc10f1de29d6e5e7c7f742144d97fea5cd186343a56bd58431c3f0731a52",
                "d405513ce02e515b57fce97d91b33125c28f38cc49ea79fda484f5ee084b6448",
                "7f060bf4c4c59a5f62d6f5cfc0585e10fa8e4b6b86ae7f0f3ef414c5d7a15ea9"
            ],
            "type": "Script",
            "firstPartyCookies": {
                "_pmedia_sid": {
                    "ttl": null,
                    "length": 36,
                    "prevalence": 0.0000546560087449614,
                    "uniqueness": 1
                }
            },
            "firstPartyCookiesSent": {
                "_li_dcdm_c": 0.000020496003279360526,
                "source": 0.000006832001093120175,
                "IR_gbd": 0.000006832001093120175
            },
            "exampleSites": [
                "cargurus.com",
                "medicareguide.com",
                "smartasset.com",
                "www.cargurus.com",
                "www.drscholls.com",
                "www.invisalign.com",
                "www.medicalert.org",
                "www.springboard.com",
                "www.thezebra.com"
            ]
        },
        {
            "rule": "pmsrv\\.co\\/v1\\/tracking\\.js",
            "cookies": 0,
            "fingerprinting": 0,
            "subdomains": [
                "analytics"
            ],
            "apis": {},
            "sites": 9,
            "prevalence": 0.0000615,
            "cnames": [],
            "responseHashes": [
                "31969a9254d2e57b3a58d33f19c2247cc20e4cd982e79eb8d2eb05f5f94682a3",
                "e3b0c44298fc1c149afbf4c8996fb92427ae41e4649b934ca495991b7852b855"
            ],
            "type": "Script",
            "firstPartyCookies": {},
            "firstPartyCookiesSent": {
                "_li_dcdm_c": 0.000020496003279360526,
                "source": 0.000006832001093120175,
                "IR_gbd": 0.000006832001093120175
            },
            "exampleSites": [
                "cargurus.com",
                "medicareguide.com",
                "smartasset.com",
                "www.cargurus.com",
                "www.drscholls.com",
                "www.invisalign.com",
                "www.medicalert.org",
                "www.springboard.com",
                "www.thezebra.com"
            ]
        },
        {
            "rule": "pmsrv\\.co\\/v2\\/acvr3",
            "cookies": 0,
            "fingerprinting": 0,
            "subdomains": [
                "c"
            ],
            "apis": {},
            "sites": 9,
            "prevalence": 0.0000615,
            "cnames": [],
            "responseHashes": [
                "e3b0c44298fc1c149afbf4c8996fb92427ae41e4649b934ca495991b7852b855"
            ],
            "type": "Image",
            "firstPartyCookies": {},
            "firstPartyCookiesSent": {
                "_pmedia_sid": 0.00006148800983808158,
                "_li_dcdm_c": 0.000020496003279360526,
                "subid": 0.000006832001093120175,
                "source": 0.000006832001093120175,
                "IR_gbd": 0.000006832001093120175
            },
            "exampleSites": [
                "cargurus.com",
                "medicareguide.com",
                "smartasset.com",
                "www.cargurus.com",
                "www.drscholls.com",
                "www.invisalign.com",
                "www.medicalert.org",
                "www.springboard.com",
                "www.thezebra.com"
            ]
        },
        {
            "rule": "pmsrv\\.co\\/v2\\/track",
            "cookies": 0,
            "fingerprinting": 0,
            "subdomains": [
                "analytics"
            ],
            "apis": {},
            "sites": 2,
            "prevalence": 0.0000137,
            "cnames": [],
            "responseHashes": [
                "e3b0c44298fc1c149afbf4c8996fb92427ae41e4649b934ca495991b7852b855"
            ],
            "type": "Image",
            "firstPartyCookies": {},
            "firstPartyCookiesSent": {
                "_pmedia_sid": 0.00001366400218624035
            },
            "exampleSites": [
                "invisalign.com",
                "www.invisalign.com"
            ]
        }
    ],
    "categories": [],
    "performance": {},
    "cookies": 0.000109,
    "topInitiators": [
        {
            "domain": "googletagmanager.com",
            "prevalence": 0.6666666666666666
        },
        {
            "domain": "first party",
            "prevalence": 0.23809523809523808
        },
        {
            "domain": "osano.com",
            "prevalence": 0.09523809523809523
        }
    ],
    "types": {
        "Script": 18,
        "Image": 11
    },
    "nameservers": [
        "ns-968.awsdns-57.net",
        "ns-1427.awsdns-50.org",
        "ns-1948.awsdns-51.co.uk",
        "ns-106.awsdns-13.com"
    ]
}