{
    "domain": "podiums.link",
    "owner": {},
    "source": [
        "DuckDuckGo-US"
    ],
    "prevalence": 0.000116,
    "sites": 17,
    "subdomains": [],
    "cnames": [],
    "fingerprinting": 0,
    "resources": [
        {
            "rule": "podiums\\.link\\/widget\\/context\\/",
            "cookies": 0,
            "fingerprinting": 0,
            "subdomains": [],
            "apis": {},
            "sites": 13,
            "prevalence": 0.0000888,
            "cnames": [],
            "responseHashes": [
                "a34a28f6b1e0c18d776f202e23e301fa117b4acebacfc862dfce3cce269c38aa",
                "637752fe61d334846f9821e22e2107f18e981197c75ea4f21a4c15837ce065a3",
                "00bba135c93055106c238ce6c004974da55a9909ad07ef261d43f2c2297803df",
                "2027f1ccfe04f50a94065fb385a87a5adb84d269e4266b8602fc1e87dbc62628",
                "f7019ba490ea09c23df6987b207aee6d3981b6bef597c3df10c61f5cc5b8e6e6",
                "d654f44b66d236f86a47d2e4739de078742d5a9a3e57df51b83d32f82ced2399",
                "e7b0bc066f90a016ae61f8e958f91911f2a51b163754007833567e1d8144c94d",
                "eabc9103f510ab4015f79b5e6f6f1dbefd8563f6783ac82f4c1d11650c782791",
                "967bca2475c72b6d62142e00e6018708e86701e0df5079b7946096b70051dbb9",
                "0ec975cff10c211cf8f80f5810ffa2b5f64ffc83607ff664fc5d6b6d00be0ee2",
                "021f76b218256b3e2543138db45758f3500cd8ca49f9c2d11bb83ef3e3e9afac"
            ],
            "type": "Fetch",
            "firstPartyCookies": {},
            "firstPartyCookiesSent": {},
            "exampleSites": [
                "awfulannouncing.com",
                "brobible.com",
                "cryptoslate.com",
                "elections2024.thehill.com",
                "entertainment-focus.com",
                "nextimpulsesports.com",
                "ngoisao.vnexpress.net",
                "sonichits.com",
                "thoughtnova.com",
                "www.motorbiscuit.com",
                "www.realclearhistory.com",
                "www.soapsindepth.com",
                "www.totalprosports.com"
            ]
        },
        {
            "rule": "podiums\\.link\\/widget\\/context\\/",
            "cookies": 0,
            "fingerprinting": 0,
            "subdomains": [],
            "apis": {},
            "sites": 13,
            "prevalence": 0.0000888,
            "cnames": [],
            "responseHashes": [],
            "type": "Preflight",
            "firstPartyCookies": {},
            "firstPartyCookiesSent": {},
            "exampleSites": [
                "awfulannouncing.com",
                "brobible.com",
                "cryptoslate.com",
                "elections2024.thehill.com",
                "entertainment-focus.com",
                "nextimpulsesports.com",
                "ngoisao.vnexpress.net",
                "sonichits.com",
                "thoughtnova.com",
                "www.motorbiscuit.com",
                "www.realclearhistory.com",
                "www.soapsindepth.com",
                "www.totalprosports.com"
            ]
        }
    ],
    "categories": [],
    "performance": {},
    "cookies": 0,
    "topInitiators": [
        {
            "domain": "podcastswaves.com",
            "prevalence": 1
        }
    ],
    "types": {
        "Fetch": 13,
        "Preflight": 13
    },
    "nameservers": [
        "ns-1735.awsdns-24.co.uk",
        "ns-628.awsdns-14.net",
        "ns-341.awsdns-42.com",
        "ns-1321.awsdns-37.org"
    ]
}