{
    "domain": "polaranalytics.com",
    "owner": {},
    "source": [
        "DuckDuckGo-US"
    ],
    "prevalence": 0.000383,
    "sites": 56,
    "subdomains": [
        "api-production",
        "cdn-production"
    ],
    "cnames": [],
    "fingerprinting": 0,
    "resources": [
        {
            "rule": "polaranalytics\\.com\\/pixel",
            "cookies": 0,
            "fingerprinting": 0,
            "subdomains": [
                "api-production"
            ],
            "apis": {},
            "sites": 29,
            "prevalence": 0.000198,
            "cnames": [],
            "responseHashes": [
                "f8f92693113d6801550d2293a08e35d6f05269bd0fe12fe053ae3a8123067d57",
                "e851d3b70aae8c2e3ed0017f3920746bd92c130d32ea9df3c384d5b19178555f",
                "c04b08d3ad07ca0834f0dedc84154d21ff3f76763e155c5560994bac3f4e4eba",
                "42d8ed53693beaeaf471d001cbd198a1181eb5f0bd508797dda5388f7bcb2edf",
                "7481febb4441bdf17db12a55384b0ca8d8b2542cbe3891d70020866e41e8c623",
                "9781c0e8709c6ee4c07202bdc8e54b7c9ad664837611f33c00ac4714f391cb62",
                "d11cb1381636f8e095138b1f849ca89d39bb8fa3ddb84e369624ea2baf264b38",
                "d5c625fae087b844bb04e7396ed1f3c9095c3aaeeda52ebfdab2ec87b1b3d0f1",
                "537dca797366a04bdbb791fd9f5eb13cacd2f8797c1b2276358669cc5f85e9f9",
                "058b81d6b32dfee09f751f7d709103c2bdd640716698f13b017d60a5a8076af0",
                "cd73a4829c12e5540a33989971a04f3913623c8bed27ce7c26cf44e13885ee0a",
                "bb36a4a05b3bf198cb237a6ad54a88a83250c6d574bd9716273500d0016a15c9",
                "519e0bfaba70d9f82b238a378e727c13d2328181747d4d4331c6781b1aa6e19d",
                "eeae9b5f63f2c3c56b0b7ba4e4275bb72ea98047c7e3dd2ab9dba5adfa0ac2bc",
                "410ab506be15ed59fc9d256c5a97c31811061b0b09d33f9efc053b85602358f1",
                "2066795d391fc34ff3756c1f9afc6f25f8e3a320d31de584508efcfb20ea5034",
                "0700db2970c31bd957e6661336a2b1cf8b4519918b443284f1f965c180cae304",
                "80e92f3333ec2f3f2c3dd46ee4b15eaa290de88cf29c5419e8b6b2bb7ffe61a1",
                "e9e868132cb08a4c0e2e34c869e97b37074600d049cc8f62d950b6ed68077f58",
                "0fbaa814174dc6d33a2aff8cc809b90034475418c45d2d63ef53c8f948ca5b57",
                "d8a07fe9d65611017a00903c76b306049df51842513c89917d2ecd576db9fdc5",
                "90b8dc7ea173ecfcfb79c2874291c359a1313d384c6d142d3931d0f290ea3e0f",
                "4b35ff4fa9a980dd3d2a4e2bf8d7e7c40f250cf16bb3f38514dd58527c80b041",
                "9e511adf3257acd9c6875cc9342eda29fabe9e442fe8646e4151f836bcd50458",
                "a03ed2ccdc79dd56ecb5fc407d46d7826b2fa10f9e231ffe1eb13bb8ed7494aa",
                "0bf6296dd9475cc1c4fa693f1ef3176b8646cbd316d876860805ac212bf1430d",
                "daecc17eb19bf3c046161199f9533d38687e13678d019f7ec4c26677c2f22d49"
            ],
            "type": "Fetch",
            "firstPartyCookies": {},
            "firstPartyCookiesSent": {},
            "exampleSites": [
                "www.2modern.com",
                "www.singer.com",
                "viiahemp.com",
                "www.outbacktrading.com",
                "www.safeandvaultstore.com",
                "blackwing602.com",
                "frame-store.com",
                "misen.com",
                "www.chesshouse.com",
                "shopdoen.com",
                "www.fashioneyewear.com",
                "www.quadlockcase.eu",
                "www.gazelle.com",
                "www.roadid.com",
                "tryarmra.com",
                "buy.gazelle.com",
                "www.movieposters.com",
                "us.electrastim.com",
                "www.spyder.com",
                "loogguitars.com"
            ]
        },
        {
            "rule": "polaranalytics\\.com\\/pixel",
            "cookies": 0,
            "fingerprinting": 0,
            "subdomains": [
                "api-production"
            ],
            "apis": {},
            "sites": 41,
            "prevalence": 0.00028,
            "cnames": [],
            "responseHashes": [],
            "type": "Preflight",
            "firstPartyCookies": {},
            "firstPartyCookiesSent": {},
            "exampleSites": [
                "us.electrastim.com",
                "www.pfaltzgraff.com",
                "www.roadid.com",
                "buy.gazelle.com",
                "www.fashioneyewear.com",
                "www.americanduchess.com",
                "www.mikasa.com",
                "cellcore.com",
                "mood.com",
                "misen.com",
                "shopdoen.com",
                "www.gazelle.com",
                "madamsew.com",
                "www.2modern.com",
                "samsungpartsusa.com",
                "colorfulstandard.com",
                "www.safeandvaultstore.com",
                "frame-store.com",
                "www.quadlockcase.eu",
                "samsungparts.com"
            ]
        },
        {
            "rule": "polaranalytics\\.com\\/pap\\.txt",
            "cookies": 0,
            "fingerprinting": 0,
            "subdomains": [
                "cdn-production"
            ],
            "apis": {},
            "sites": 19,
            "prevalence": 0.00013,
            "cnames": [],
            "responseHashes": [
                "5f2e18ac6bb6bc071d49316151f8b2bea37b8e64962cbae0cb5a3c23ac9aff5d"
            ],
            "type": "XHR",
            "firstPartyCookies": {},
            "firstPartyCookiesSent": {},
            "exampleSites": [
                "lgparts.com",
                "madamsew.com",
                "mood.com",
                "samsungparts.com",
                "samsungpartsusa.com",
                "shopdoen.com",
                "slnt.com",
                "thefeed.com",
                "www.2modern.com",
                "www.americanduchess.com",
                "www.chesshouse.com",
                "www.fashioneyewear.com",
                "www.mikasa.com",
                "www.outdoorvoices.com",
                "www.pfaltzgraff.com",
                "www.roadid.com",
                "www.safeandvaultstore.com",
                "www.splashwines.com",
                "www.toynk.com"
            ]
        },
        {
            "rule": "polaranalytics\\.com\\/pixel",
            "cookies": 0,
            "fingerprinting": 0,
            "subdomains": [
                "api-production"
            ],
            "apis": {},
            "sites": 19,
            "prevalence": 0.00013,
            "cnames": [],