{
    "domain": "prcdn.co",
    "owner": {},
    "source": [
        "DuckDuckGo-US"
    ],
    "prevalence": 0.000123,
    "sites": 18,
    "subdomains": [
        "i",
        "t",
        "s",
        "r"
    ],
    "cnames": [],
    "fingerprinting": 2,
    "resources": [
        {
            "rule": "prcdn\\.co\\/img",
            "cookies": 0.0000752,
            "fingerprinting": 0,
            "subdomains": [
                "i",
                "t"
            ],
            "apis": {},
            "sites": 13,
            "prevalence": 0.0000888,
            "cnames": [],
            "responseHashes": [
                "21c1ed0e366e4087f33649cfe1e26ed3c79b366c3547a0e06e6bdd67d235b7a0",
                "6b599f28f69ae5551b380524993178e6caeb7ff4f1204390b3cb48e79561662d",
                "a56ac6b5f233ec16675cb018293b2c75721cb0b155a346400681835bb76893f5",
                "60f1d5ac08398a197db87156e398085536d8222e05efa2c47fefc19b44f9d955",
                "e3b0c44298fc1c149afbf4c8996fb92427ae41e4649b934ca495991b7852b855",
                "7b7622aa0d9b0c73cb056dcd874a1f07c37cb4755f5556d2bbed15db27d816c6",
                "eeb0e8f7d812111c768fe8e67c1d0722426ae8084002bb6823c9c1db8f89bee4",
                "f9ea9d9ec7c9760cdd2bfb6a2f91b22f0cbcef57c8c1f3deb785348da7693511",
                "f866f03c4d942489a02b8086e8289e8d31bb18c28efcbb625cf724715f98d8e8",
                "1fdf90858c950afb92e6ba603ad0527d0c533f11e48642a580c579298ea933cb",
                "9c8c765e4d10c47fef21a9ddca6412d7ff211224d03551c00332d373dda20ca8"
            ],
            "type": "Image",
            "firstPartyCookies": {},
            "firstPartyCookiesSent": {},
            "exampleSites": [
                "calgaryherald.com",
                "denvergazette.com",
                "edmontonjournal.com",
                "gazette.com",
                "guardian.pressreader.com",
                "montrealgazette.com",
                "nationalpost.com",
                "ottawacitizen.com",
                "vancouversun.com",
                "windsorstar.com",
                "www.eluniverso.com",
                "www.pressreader.com",
                "www.santafenewmexican.com"
            ]
        },
        {
            "rule": "prcdn\\.co\\/se2skyservices\\/res\\/",
            "cookies": 0.00000683,
            "fingerprinting": 0,
            "subdomains": [
                "s"
            ],
            "apis": {},
            "sites": 2,
            "prevalence": 0.0000137,
            "cnames": [],
            "responseHashes": [
                "d96758d99e6f2ebcac29fb1b7d09199fd6f3a4796eda3010f98d4214b7fa4406"
            ],
            "type": "Fetch",
            "firstPartyCookies": {},
            "firstPartyCookiesSent": {},
            "exampleSites": [
                "pressreader.com",
                "guardian.pressreader.com"
            ]
        },
        {
            "rule": "prcdn\\.co\\/se2skyservices\\/layout\\/",
            "cookies": 0.00000683,
            "fingerprinting": 0,
            "subdomains": [
                "s"
            ],
            "apis": {},
            "sites": 2,
            "prevalence": 0.0000137,
            "cnames": [],
            "responseHashes": [
                "981c5b13d5d1cd69c28bf71fcd035a1ed45a0c507af605273fbdf954fba0cc32"
            ],
            "type": "Fetch",
            "firstPartyCookies": {},
            "firstPartyCookiesSent": {},
            "exampleSites": [
                "pressreader.com",
                "guardian.pressreader.com"
            ]
        },
        {
            "rule": "prcdn\\.co\\/res\\/en-us\\/g3416\\/t469320015\\/2\\/WebResource\\.ashx",
            "cookies": 0.00000683,
            "fingerprinting": 0,
            "subdomains": [
                "r"
            ],
            "apis": {},
            "sites": 2,
            "prevalence": 0.0000137,
            "cnames": [],
            "responseHashes": [
                "109432b7c01d93cced1f81b8d23176e2b9f59f85ba33e6052b05edf1801802cf"
            ],
            "type": "Stylesheet",
            "firstPartyCookies": {},
            "firstPartyCookiesSent": {},
            "exampleSites": [
                "pressreader.com",
                "www.pressreader.com"
            ]
        },
        {
            "rule": "prcdn\\.co\\/scripts\\/release\\/3\\.42\\.1\\/app\\.build\\.min\\.js",
            "cookies": 0.0000137,
            "fingerprinting": 3,
            "subdomains": [
                "r"
            ],
            "apis": {
                "window.localStorage": 2,
                "window.sessionStorage": 2,
                "Navigator.prototype.userAgent": 2,
                "window.innerWidth": 2,
                "window.innerHeight": 2,
                "Screen.prototype.width": 2,
                "Screen.prototype.height": 2,
                "window.devicePixelRatio": 2,
                "Navigator.prototype.platform": 2,
                "window.indexedDB": 2,
                "HTMLMediaElement.prototype.canPlayType": 2,
                "Screen.prototype.colorDepth": 2,
                "Navigator.prototype.doNotTrack": 2,
                "Document.cookie setter": 2,
                "Document.cookie getter": 2,
                "Date.prototype.getTime": 2,
                "Date.prototype.getTimezoneOffset": 2,
                "Navigator.prototype.appVersion": 2,
                "window.outerWidth": 2,
                "window.outerHeight": 2,
                "Navigator.prototype.onLine": 2,
                "PerformanceTiming.prototype.navigationStart": 2,
                "Element.prototype.getClientRects": 1
            },
            "sites": 2,
            "prevalence": 0.0000137,
            "cnames": [],
            "responseHashes": [
                "07369b863c7ab2d6cc52b44d11c715f605a5fc56f708386dd2adaf6d3b171932"
            ],
            "type": "Script",
            "firstPartyCookies": {
                "cookietest": {
                    "ttl": -1731713177,
                    "length": 1,
                    "prevalence": 0.00001366400218624035,
                    "uniqueness": 0.5
                },
                "sbjs_migrations": {
                    "ttl": null,
                    "length": 17,
                    "prevalence": 0.00001366400218624035,
                    "uniqueness": 0.5
                },
                "sbjs_current_add": {
                    "ttl": null,
                    "length": 130,
                    "prevalence": 0.00001366400218624035,
                    "uniqueness": 1
                },
                "sbjs_first_add": {
                    "ttl": null,
                    "length": 130,
                    "prevalence": 0.00001366400218624035,
                    "uniqueness": 1
                },
                "sbjs_current": {
                    "ttl": null,
                    "length": 139,
                    "prevalence": 0.00001366400218624035,
                    "uniqueness": 0.5
                },
                "sbjs_first": {
                    "ttl": null,
                    "length": 139,
                    "prevalence": 0.00001366400218624035,
                    "uniqueness": 0.5
                },
                "sbjs_udata": {
                    "ttl": null,
                    "length": 211,
                    "prevalence": 0.00001366400218624035,
                    "uniqueness": 0.5
                },
                "sbjs_session": {
                    "ttl": 1802,
                    "length": 84,
                    "prevalence": 0.00001366400218624035,
                    "uniqueness": 1
                },
                "ai_user": {
                    "ttl": 31536000,
                    "length": 47,
                    "prevalence": 0.00001366400218624035,
                    "uniqueness": 1
                },
                "ai_session": {
                    "ttl": 1800,
                    "length": 50,