{
    "domain": "preordernowapp.com",
    "owner": {},
    "source": [
        "DuckDuckGo-US"
    ],
    "prevalence": 0.000157,
    "sites": 23,
    "subdomains": [
        "app"
    ],
    "cnames": [],
    "fingerprinting": 0,
    "resources": [
        {
            "rule": "preordernowapp\\.com\\/get_preloaded_data",
            "cookies": 0,
            "fingerprinting": 0,
            "subdomains": [
                "app"
            ],
            "apis": {},
            "sites": 17,
            "prevalence": 0.000116,
            "cnames": [],
            "responseHashes": [
                "e223acffaf2d32d04bf3dbc5791b9dd91a18172af2a3803f3fcb38c605b3e246",
                "d06062c7b8cd303c806c523ebc3a11aaaf242c8333e3575aba457826a7324440",
                "18e1883e5028a907d8e8d44671af11ce225d5c63d10e03e18ecf2f9c3e59e2ba",
                "b899bedd9af8e1a245b54abe22d7889e3077ebaf7ec5ec4518a7c4bbc2120114",
                "3f2d229ca6e9b3db80352331a4a24f432f2341eb21d4991eedda71b5bb069e87",
                "8efbff281bb9fb538a5212f9a3414f07056ed76329502a531cbec1ba29ada334",
                "9bc2b8872140362621362ee2167cae4e63c000b9b016f1b9fab77f3fec8e9122",
                "18524cdb7ca1bca9861a9870157e733570425ae628007d949117fa4091c9a962",
                "a05df4ad6c73cd810667193089f4f1ca9684d9a94effd30b7c72490fffb77281",
                "76ed0fa92e0d673576e6f7eb2b2db11ec0682c8de24f7e28a5689d280f411184",
                "ff43f78896195ddf0e583751c656302c4ad4f191b76ca4296d19e1db4401719d",
                "de111f5fbfa269ce6e98407ddec525f29aa8524aafacb552110a0d6ef720dac3",
                "418d3ff8175a8dcfbd42d899ddb9c8f1e62ba68f0e9db91838fcd281ddd93105",
                "6967b09609f3d7366826c688b079ca50079a46e473f5d8cdbfc0018e4e656c90",
                "904470ed2123b5097b7c13b569f5c90ef296fcd934ef15a061ce6354f7e26e26",
                "eebc084ef842fe99dcf486878e40654f3e5da84ae7b75dfc622415b9588675b8"
            ],
            "type": "XHR",
            "firstPartyCookies": {},
            "firstPartyCookiesSent": {},
            "exampleSites": [
                "316publishing.com",
                "allprogenerators.com",
                "citizensofhumanity.com",
                "freereincoffee.com",
                "graphtech.com",
                "locknlube.com",
                "lolablankets.com",
                "moskomoto.com",
                "neoprocycling.com",
                "northspore.com",
                "spartina449.com",
                "stitchinheaven.com",
                "tengtoolsusa.com",
                "whiteduckoutdoors.com",
                "www.duromaxpower.com",
                "www.thesoutherntrapper.com",
                "www.vaerwatches.com"
            ]
        },
        {
            "rule": "preordernowapp\\.com\\/widget\\/settings",
            "cookies": 0,
            "fingerprinting": 0,
            "subdomains": [
                "app"
            ],
            "apis": {},
            "sites": 5,
            "prevalence": 0.0000342,
            "cnames": [],
            "responseHashes": [
                "0d3a2ee048210b8352b5be19589bb1db621d0551b6bf83ec696b0a9581286660",
                "4f53cda18c2baa0c0354bb5f9a3ecbe5ed12ab4d8e11ba873c2f11161202b945"
            ],
            "type": "XHR",
            "firstPartyCookies": {},
            "firstPartyCookiesSent": {},
            "exampleSites": [
                "northspore.com",
                "stitchinheaven.com",
                "tengtoolsusa.com",
                "www.duromaxpower.com",
                "www.vaerwatches.com"
            ]
        }
    ],
    "categories": [],
    "performance": {},
    "cookies": 0,
    "topInitiators": [
        {
            "domain": "first party",
            "prevalence": 0.967741935483871
        },
        {
            "domain": "minmaxify.com",
            "prevalence": 0.03225806451612903
        }
    ],
    "types": {
        "XHR": 22
    },
    "nameservers": [
        "ali.ns.cloudflare.com",
        "amit.ns.cloudflare.com"
    ]
}