{
    "domain": "presspatron.com",
    "owner": {},
    "source": [
        "DuckDuckGo-US"
    ],
    "prevalence": 0.0000888,
    "sites": 13,
    "subdomains": [
        "dashboard"
    ],
    "cnames": [],
    "fingerprinting": 1,
    "resources": [
        {
            "rule": "presspatron\\.com\\/dev\\/banner",
            "cookies": 0,
            "fingerprinting": 1,
            "subdomains": [
                "dashboard"
            ],
            "apis": {
                "Document.cookie getter": 3
            },
            "sites": 9,
            "prevalence": 0.0000615,
            "cnames": [],
            "responseHashes": [
                "916b2a586256a10ca6524283ff1227e83e78e9ab66230e39570db452853d7cdc",
                "a4996ddca9a6da51c286a17a65a960cb2a98a2c87a90876bf25a0af733e13f4c",
                "ac176e382b0cd98cbfa58615a993898fff6757d1eef24c4a364f52d673f3d737",
                "465e6daf0d12e7dd71ef2199ee7155e90d532bd5f349be968ed8fbdc01f67d47",
                "77d8b6fc453c8ef936da39361d99d8150b1c0f249003799b3f99730df839e797",
                "0ea8a37698c23a7139a581a1bcc632695e14196d7ef8527f545757ed50eb26fa",
                "56188f087287d3ff0d977d06dfeb217651b23bd7c520167199da76f50f339b23",
                "bfa2986342f538c463b2e02474483c6edbec4b5b28cd5e8134c32e9573b97779"
            ],
            "type": "Script",
            "firstPartyCookies": {},
            "firstPartyCookiesSent": {},
            "exampleSites": [
                "coronadotimes.com",
                "ctnewsjunkie.com",
                "timesofsandiego.com",
                "we-ha.com",
                "www.aap.com.au",
                "www.eatortoss.com",
                "www.interest.co.nz",
                "www.northcentralpa.com",
                "www.theurbanlist.com"
            ]
        },
        {
            "rule": "presspatron\\.com\\/websites\\/285\\/custom_button",
            "cookies": 0,
            "fingerprinting": 0,
            "subdomains": [
                "dashboard"
            ],
            "apis": {},
            "sites": 2,
            "prevalence": 0.0000137,
            "cnames": [],
            "responseHashes": [
                "171e33f241c168b01d03d2478adf4116b81943c051f430fdf817e37e5dd63d50"
            ],
            "type": "Document",
            "firstPartyCookies": {},
            "firstPartyCookiesSent": {},
            "exampleSites": [
                "eatortoss.com",
                "www.eatortoss.com"
            ]
        }
    ],
    "categories": [],
    "performance": {},
    "cookies": 0.0000273,
    "topInitiators": [
        {
            "domain": "first party",
            "prevalence": 0.9230769230769231
        },
        {
            "domain": "adlightning.com",
            "prevalence": 0.07692307692307693
        }
    ],
    "types": {
        "Script": 9,
        "Document": 2
    },
    "nameservers": [
        "ns-65.awsdns-08.com",
        "ns-1519.awsdns-61.org",
        "ns-633.awsdns-15.net",
        "ns-1630.awsdns-11.co.uk"
    ]
}