{
    "domain": "producthunt.com",
    "owner": {},
    "source": [
        "DuckDuckGo-US"
    ],
    "prevalence": 0.000212,
    "sites": 31,
    "subdomains": [
        "api"
    ],
    "cnames": [],
    "fingerprinting": 0,
    "resources": [
        {
            "rule": "producthunt\\.com\\/widgets\\/embed-image\\/v1\\/featured\\.svg",
            "cookies": 0,
            "fingerprinting": 0,
            "subdomains": [
                "api"
            ],
            "apis": {},
            "sites": 9,
            "prevalence": 0.0000615,
            "cnames": [],
            "responseHashes": [
                "dc1eb1801796e17dae62f0b072c01e74e6db73e2c0e7003ac5eff728b915a4ef",
                "9f60e327ebfb1fd708e7a3972773579ba628db92c6759ad260e7f38e40a95999",
                "e615fc42e59c85ce634d01d9b02a69fd9695950853e25930d6f2120de7e41354",
                "49a0e38c0e57e35eda49d690d71dd6b658ae361343d6f20559900c127d46dd48",
                "20daed35777674f6fd00f42bddcadbc84e24a50f60d6b92d041ba0f45ee87628",
                "9db0ab6b288e367bd973e9078fce8ce6c7e4866ff96ab29da89f5c453717188d",
                "9eb17b40d9fe456d7c247fc08123b8ea7d08ffb1a75a6f5d7d3f8ebde21d1f45",
                "41bbeb2d4881516f398f505fa1d5f4e9cf101181c85d455c3411dc82d40ccdbf"
            ],
            "type": "Image",
            "firstPartyCookies": {},
            "firstPartyCookiesSent": {},
            "exampleSites": [
                "contentdetector.ai",
                "gpacalculate.com",
                "minimax-ai.org",
                "starwalk.space",
                "vmake.ai",
                "www.freewordcloudgenerator.com",
                "www.hotsymbol.com",
                "www.junia.ai",
                "www.neuralframes.com"
            ]
        },
        {
            "rule": "producthunt\\.com\\/widgets\\/embed-image\\/v1\\/top-post-badge\\.svg",
            "cookies": 0,
            "fingerprinting": 0,
            "subdomains": [
                "api"
            ],
            "apis": {},
            "sites": 12,
            "prevalence": 0.000082,
            "cnames": [],
            "responseHashes": [
                "c8b360a8e8a0c818d8f23d1914826495fb75192290a29b9ac0d4f0fb58be0aa3",
                "b2f26ade9b605ae3d0a214ba5e3e97c0f4e7c70a892916b9f13750d139c6e879",
                "ace9aee427fe07854caedd0d2ffd441018a06db5a769a48c9b2c6c1120bb3f16",
                "2d6d4fe27cb4852c9765a73397c2397885cddb302e50b2573feff4ae3fcf4da9",
                "3a159a235abefd5afb8a5e90285a04c80cb5215c515fd16b6aa8c9dd77af823e",
                "3aa7145eafaeff1b1cbcc323357469a9f4f0f7709052765fb0f7bc94c245b1d9",
                "45e513b41f653ceee8abee169ba22d8324bc58e7ffa1f83913c503f423b9a5a7"
            ],
            "type": "Image",
            "firstPartyCookies": {},
            "firstPartyCookiesSent": {},
            "exampleSites": [
                "coolors.co",
                "fathom.video",
                "posemy.art",
                "projectionlab.com",
                "sigmaos.com",
                "throne.com",
                "tweethunter.io",
                "vizard.ai",
                "www.onecal.io",
                "www.readthistwice.com",
                "www.streak.com",
                "www.submagic.co"
            ]
        },
        {
            "rule": "producthunt\\.com\\/widgets\\/embed-image\\/v1\\/product_rating\\.svg",
            "cookies": 0,
            "fingerprinting": 0,
            "subdomains": [
                "api"
            ],
            "apis": {},
            "sites": 2,
            "prevalence": 0.0000137,
            "cnames": [],
            "responseHashes": [
                "131187b4368a600263219731b795265bb5cb05470be56fbdce37ac764a27bb4a"
            ],
            "type": "Image",
            "firstPartyCookies": {},
            "firstPartyCookiesSent": {},
            "exampleSites": [
                "framer.com",
                "www.remove.bg"
            ]
        }
    ],
    "categories": [],
    "performance": {},
    "cookies": 0,
    "topInitiators": [
        {
            "domain": "first party",
            "prevalence": 0.9375
        },
        {
            "domain": "pixocial.com",
            "prevalence": 0.0625
        }
    ],
    "types": {
        "Image": 23
    },
    "nameservers": [
        "alexis.ns.cloudflare.com",
        "tia.ns.cloudflare.com"
    ]
}