{
    "domain": "protoawegw.com",
    "owner": {},
    "source": [
        "DuckDuckGo-US"
    ],
    "prevalence": 0.000116,
    "sites": 17,
    "subdomains": [
        "api-protected"
    ],
    "cnames": [],
    "fingerprinting": 0,
    "resources": [
        {
            "rule": "protoawegw\\.com\\/v2\\/player\\/performer\\/get",
            "cookies": 0,
            "fingerprinting": 0,
            "subdomains": [
                "api-protected"
            ],
            "apis": {},
            "sites": 12,
            "prevalence": 0.000082,
            "cnames": [],
            "responseHashes": [
                "3c2459e40c3f56c3f09132f668a1f640357f8fe397b315b5961cecc386d5856b",
                "e8c983c3f028b952d9522a709edb9bb1dd55d82098d281be4738517cfe4eb937",
                "085cd9b03de2b63f1a7682538de38b8e013a4b1bf95aa14c567ecdcaf214cfc8",
                "37a816568d37e3a7927654a37a135e8c4e7c9ad83e1afdf82b0da477186a672f",
                "1e97f3517e4a6acf0f27958f6b9f625c7c9540608287c22b9cc00546f88dd011",
                "6b17df7b05de9255bdc78ead971c3637a586a72763847ee13ca1bc1fd1f325e8",
                "fb034d3eb4b9f4c242a6cf3f1b0e274d52c9d7b525a52100da31476b7d2740a4",
                "d99d04f41742a0bcb34b4ebece57c35d6e7b2b3b0b3cab6ae1b23cde66f9f76f",
                "cb9ca2c8d83ba1446fcbb52f53f2329c7a3eb0e02c1c88642a0743eb85c5154c",
                "b5747f566f22b7c09064ea3d42d673c8c56245648ea6fc8e5d47f5e8022d1e1f",
                "3f8c7db0d6734069b10a60c8bf69413cb6dab129195ef8ab91be3332d256959f"
            ],
            "type": "Fetch",
            "firstPartyCookies": {},
            "firstPartyCookiesSent": {},
            "exampleSites": [
                "celeb-stalker.com",
                "mobile.odir.org",
                "pornstarbyface.com",
                "tabootube.to",
                "www.adam4adam.com",
                "www.camhub.cc",
                "www.crazywebcams.com",
                "www.famousboard.com",
                "www.onlynude.men",
                "www.shemalewiki.com",
                "www.tabootube.xxx",
                "www.webcamexchange.com"
            ]
        },
        {
            "rule": "protoawegw\\.com\\/v2\\/player\\/performer\\/search",
            "cookies": 0,
            "fingerprinting": 0,
            "subdomains": [
                "api-protected"
            ],
            "apis": {},
            "sites": 2,
            "prevalence": 0.0000137,
            "cnames": [],
            "responseHashes": [
                "11ebceae3c2a97d6631d99d0b21672de6ae8b0e4f4f5769622bc9f6d386b5eff"
            ],
            "type": "Fetch",
            "firstPartyCookies": {},
            "firstPartyCookiesSent": {},
            "exampleSites": [
                "3movs.xxx",
                "www.3movs.com"
            ]
        }
    ],
    "categories": [],
    "performance": {},
    "cookies": 0,
    "topInitiators": [
        {
            "domain": "ptwmstcnt.com",
            "prevalence": 0.9459459459459459
        },
        {
            "domain": "jsmsat.com",
            "prevalence": 0.05405405405405406
        }
    ],
    "types": {
        "Fetch": 14
    },
    "nameservers": [
        "ns4.eurodns.com",
        "ns3.eurodns.com",
        "ns1.eurodns.com",
        "ns2.eurodns.com"
    ]
}