{
    "domain": "provesrc.com",
    "owner": {},
    "source": [
        "DuckDuckGo-US"
    ],
    "prevalence": 0.000116,
    "sites": 17,
    "subdomains": [
        "cdn",
        "client-api"
    ],
    "cnames": [],
    "fingerprinting": 1,
    "resources": [
        {
            "rule": "provesrc\\.com\\/provesrc\\.js",
            "cookies": 0.0000752,
            "fingerprinting": 1,
            "subdomains": [
                "cdn"
            ],
            "apis": {
                "window.localStorage": 12,
                "Document.cookie getter": 12,
                "Date.prototype.getTime": 12,
                "window.sessionStorage": 12,
                "Navigator.prototype.userAgent": 12,
                "Document.cookie setter": 11
            },
            "sites": 12,
            "prevalence": 0.000082,
            "cnames": [],
            "responseHashes": [
                "d76489e3717e5da9e2780588fa2e0e54bc4fb9df5dfbfa6fb636fbd62c7ca74a"
            ],
            "type": "Script",
            "firstPartyCookies": {
                "psuid": {
                    "ttl": 161715210,
                    "length": 36,
                    "prevalence": 0.00007515201202432193,
                    "uniqueness": 1
                },
                "ps5bc7e650b319260a6c162244": {
                    "ttl": 1865425,
                    "length": 18,
                    "prevalence": 0.000006832001093120175,
                    "uniqueness": 1
                },
                "ps62b0e11cdc6c8a319a0e806d": {
                    "ttl": 2373703,
                    "length": 18,
                    "prevalence": 0.000006832001093120175,
                    "uniqueness": 1
                },
                "ps-goals": {
                    "ttl": null,
                    "length": 138,
                    "prevalence": 0.000047824007651841225,
                    "uniqueness": 1
                },
                "ps5f19a5018e096e1f34f2adfd": {
                    "ttl": 553071,
                    "length": 18,
                    "prevalence": 0.000006832001093120175,
                    "uniqueness": 1
                },
                "ps6323848f4751dd064a6923aa": {
                    "ttl": 2474584,
                    "length": 18,
                    "prevalence": 0.000006832001093120175,
                    "uniqueness": 1
                },
                "ps665f20d30abdf65135041cd9": {
                    "ttl": 2410089,
                    "length": 18,
                    "prevalence": 0.000006832001093120175,
                    "uniqueness": 1
                },
                "ps616909d5582d604070f77f6f": {
                    "ttl": 2395080,
                    "length": 18,
                    "prevalence": 0.000006832001093120175,
                    "uniqueness": 1
                },
                "ps64c325482a06e36848ddb6a3": {
                    "ttl": 671477,
                    "length": 18,
                    "prevalence": 0.000006832001093120175,
                    "uniqueness": 1
                },
                "ps6149b60e4f01ee542bf0358c": {
                    "ttl": 665610,
                    "length": 18,
                    "prevalence": 0.000006832001093120175,
                    "uniqueness": 1
                },
                "ps5d12681df5056e361c173782": {
                    "ttl": 1954582,
                    "length": 18,
                    "prevalence": 0.000006832001093120175,
                    "uniqueness": 1
                },
                "ps652ccc069d08267b94b31a6d": {
                    "ttl": 726124,
                    "length": 18,
                    "prevalence": 0.000006832001093120175,
                    "uniqueness": 1
                },
                "ps5c7d24ed6d66d14f8e4f9e14": {
                    "ttl": 2402384,
                    "length": 18,
                    "prevalence": 0.000006832001093120175,
                    "uniqueness": 1
                }
            },
            "firstPartyCookiesSent": {},
            "exampleSites": [
                "cptsdfoundation.org",
                "medshadow.org",
                "myspicesage.com",
                "novicedefense.com",
                "shop.moen.com",
                "stoneandtileshoppe.com",
                "www.cleanwaterstore.com",
                "www.lowesprotectionplus.com",
                "www.sellyourmac.com",
                "www.shibariacademy.com",
                "www.springwellwater.com",
                "www.thealinker.com"
            ]
        },
        {
            "rule": "provesrc\\.com\\/account\\/configuration",
            "cookies": 0,
            "fingerprinting": 0,
            "subdomains": [
                "client-api"
            ],
            "apis": {},
            "sites": 12,
            "prevalence": 0.000082,
            "cnames": [],
            "responseHashes": [],
            "type": "Preflight",
            "firstPartyCookies": {},
            "firstPartyCookiesSent": {},
            "exampleSites": [
                "cptsdfoundation.org",
                "medshadow.org",
                "myspicesage.com",
                "novicedefense.com",
                "shop.moen.com",
                "stoneandtileshoppe.com",
                "www.cleanwaterstore.com",
                "www.lowesprotectionplus.com",
                "www.sellyourmac.com",
                "www.shibariacademy.com",
                "www.springwellwater.com",
                "www.thealinker.com"
            ]
        },
        {
            "rule": "provesrc\\.com\\/account\\/configuration",
            "cookies": 0.0000547,
            "fingerprinting": 0,
            "subdomains": [
                "client-api"
            ],
            "apis": {},
            "sites": 8,
            "prevalence": 0.0000547,
            "cnames": [],
            "responseHashes": [
                "1e0ed5d3cf71aaadac565250acf4e777dfc7df2622e82da5957b04e2998dbc5f",
                "0a38bff62df9dd6a77027d182a784eac32f755d4a3baff57fc46c99e16dd20aa",
                "d546b67f32e8b36c6a833ea2b09dc5542157bd18ae5ccdf9b4911f35e80055ea",
                "8ac05ff55be86a642311bad6b32b6bf28b5e8ea34aba25a6e81efa4b051139bf",
                "5dbfca3a0f109522f601d589ff36c084fa1c4d2534a8a0f0ef18a528598ea91b",
                "de825f0269f3963fff3ab0f54c5d19b52152475f416602b77253190d7e34d428",
                "71be63725caf15c02c079cde38d4cd9bb7caf314549da36aa61fd30754190734"
            ],
            "type": "Fetch",
            "firstPartyCookies": {},
            "firstPartyCookiesSent": {},
            "exampleSites": [
                "cptsdfoundation.org",
                "medshadow.org",
                "shop.moen.com",
                "www.cleanwaterstore.com",
                "www.lowesprotectionplus.com",
                "www.sellyourmac.com",
                "www.shibariacademy.com",
                "www.springwellwater.com"
            ]
        },
        {
            "rule": "provesrc\\.com\\/notifications\\/get",
            "cookies": 0,
            "fingerprinting": 0,
            "subdomains": [
                "client-api"
            ],
            "apis": {},
            "sites": 7,
            "prevalence": 0.0000478,
            "cnames": [],
            "responseHashes": [
                "9a066038069e6cf79c663f6080e6ce0a24e97f73d65dd5caf8ed2829feed5669",
                "56e61a56bc8483ccb3b3dec401e3533523d4837e178eded2f2c814b283cbd86a",
                "4f53cda18c2baa0c0354bb5f9a3ecbe5ed12ab4d8e11ba873c2f11161202b945",
                "0b7f79399590ce2fa2afc4c7cfe7504bb746b5e82b515bf98c6d34344b28de91",
                "f71d1909d0a550ebca50b6e7569bef18cb01f6f86fb0e30a80dc12edf55eee91",
                "b391f12684bc65b809bb64c6c93baa37832e3022dce8c38c77e7c361d2e4933a"
            ],
            "type": "Fetch",
            "firstPartyCookies": {},