{
    "domain": "provenpixel.com",
    "owner": {},
    "source": [
        "DuckDuckGo-US"
    ],
    "prevalence": 0.000178,
    "sites": 26,
    "subdomains": [
        "upx"
    ],
    "cnames": [],
    "fingerprinting": 0,
    "resources": [
        {
            "rule": "provenpixel\\.com\\/shopify\\.js\\.php",
            "cookies": 0,
            "fingerprinting": 0,
            "subdomains": [
                "upx"
            ],
            "apis": {},
            "sites": 13,
            "prevalence": 0.0000888,
            "cnames": [],
            "responseHashes": [
                "3f895822a5e22c0870d315efe1250314743156b789da7eb042ecaa4c41ea3a58",
                "e4ff9f90cbc955124dd5a89d215504285f0ccf10a3a63f686f821640c2638939",
                "5e4dec58ecd8a9a1d4695f87df6c55732ed0273f9195f73e648aa33d16f7b379",
                "4065f6b28eb570d0f3ce84277a72c9917c3d03cabe419f1664cac03b6285f477",
                "4b465292e8a31ca278790acab46dc5bcaa621ee22f4c2584e08a9f5353689401",
                "1fb9a494c305e11eb5d03a78ffd5e235d0cf99726f2868b1a35e8e7ceaaa0723",
                "4690a9ab23012baa2a8ea69841a9d836000d780be53511cff30b37432df13a0a",
                "54f08d9b9cdc87c71375bcbe93183745f550421268540c0cf977f22b85253b31",
                "c99abf09e2f444f65d1482fc0b1361757e9ba30094698d5a70a52ac2e104809e",
                "693513a6b7f9b7c8303a13eb1cac4cb27c6d36ddad2808491c540f6bb5ff2a8f",
                "97fd89a734f1115c295626efe2740678ce763c644a615a8af7622f6206103b46",
                "e74dc2750eae23057d026444eca77481e0bd4786831cd4899ad9819e5c184381"
            ],
            "type": "Script",
            "firstPartyCookies": {},
            "firstPartyCookiesSent": {},
            "exampleSites": [
                "blackbuffalo.com",
                "bornprimitive.com",
                "medterracbd.com",
                "petermanningnyc.com",
                "stateandliberty.com",
                "www.bareminerals.com",
                "www.bnbtobacco.com",
                "www.eightvape.com",
                "www.ekster.com",
                "www.juicedbikes.com",
                "www.lauramercier.com",
                "www.roadid.com",
                "www.smokecartel.com"
            ]
        },
        {
            "rule": "provenpixel\\.com\\/ujs\\.php",
            "cookies": 0.000102,
            "fingerprinting": 0,
            "subdomains": [
                "upx"
            ],
            "apis": {},
            "sites": 15,
            "prevalence": 0.000102,
            "cnames": [],
            "responseHashes": [
                "d55fd39f1c75a899eb3f29f3ea6189c1a2c90f0052059af407273f845a38686d",
                "8c07337addf5fa952214b958b550819a3cd8e6089f38f9dbe61f18c1cf97930f",
                "15037fbf21eb776041df2d884faaef5cdc82518eda45daf07568dfa725b92cc1",
                "6f92b3dfc00654d6e6f380536496133a2955e9d8b6d14916f63fb845ac4a9ede",
                "5ed70d64743f3fc2c337366ea78ee39bae6f5c7daacbee25048ecc6ce6802e8f",
                "6dfa93105ee482c0c056ae877efc6a462432096ea268b5f7442ae088f12b51db",
                "ea7ea767eef5f43c8ef00a538959d9fc795a2550360b43672c77b69189ec29e7",
                "4cda07a6cd8f8e56beff0536e4b2c846332034b589113bea15ef14c0e68c3fd0",
                "d5a45f1f0a3e2f037e551acce7156a72125254f6854d8f8f2465635ba2ad466c",
                "70ec8471a8b060c5a434446b4291dfd552c8aaac23f2916db170833feea018ec"
            ],
            "type": "Script",
            "firstPartyCookies": {},
            "firstPartyCookiesSent": {},
            "exampleSites": [
                "blackbuffalo.com",
                "bornprimitive.com",
                "medterracbd.com",
                "petermanningnyc.com",
                "stateandliberty.com",
                "strapsco.com",
                "www.bareminerals.com",
                "www.bnbtobacco.com",
                "www.eightvape.com",
                "www.ekster.com",
                "www.guns.com",
                "www.juicedbikes.com",
                "www.lauramercier.com",
                "www.roadid.com",
                "www.smokecartel.com"
            ]
        },
        {
            "rule": "provenpixel\\.com\\/backpx\\.php",
            "cookies": 0.000041,
            "fingerprinting": 0,
            "subdomains": [
                "upx"
            ],
            "apis": {},
            "sites": 6,
            "prevalence": 0.000041,
            "cnames": [],
            "responseHashes": [
                "e963e7196beb9123059ec3534b042ebcd1ef0a470fa568bfbebfeab2f33c4fda"
            ],
            "type": "Image",
            "firstPartyCookies": {},
            "firstPartyCookiesSent": {},
            "exampleSites": [
                "petermanningnyc.com",
                "strapsco.com",
                "www.ekster.com",
                "www.guns.com",
                "www.lauramercier.com",
                "www.smokecartel.com"
            ]
        },
        {
            "rule": "provenpixel\\.com\\/adpx\\.php",
            "cookies": 0,
            "fingerprinting": 0,
            "subdomains": [
                "upx"
            ],
            "apis": {},
            "sites": 2,
            "prevalence": 0.0000137,
            "cnames": [],
            "responseHashes": [
                "8f97ed70d5a09c40db370f681b4a02e3286b2425c654d2e0b2b622e4abb3d79a"
            ],
            "type": "Script",
            "firstPartyCookies": {},
            "firstPartyCookiesSent": {},
            "exampleSites": [
                "strapsco.com",
                "www.guns.com"
            ]
        },
        {
            "rule": "provenpixel\\.com\\/mage\\.js\\.php",
            "cookies": 0,
            "fingerprinting": 0,
            "subdomains": [
                "upx"
            ],
            "apis": {},
            "sites": 2,
            "prevalence": 0.0000137,
            "cnames": [],
            "responseHashes": [
                "e3b0c44298fc1c149afbf4c8996fb92427ae41e4649b934ca495991b7852b855"
            ],
            "type": "Script",
            "firstPartyCookies": {},
            "firstPartyCookiesSent": {},
            "exampleSites": [
                "we-vibe.com",
                "www.we-vibe.com"
            ]
        }
    ],
    "categories": [],
    "performance": {},
    "cookies": 0.000164,
    "topInitiators": [
        {
            "domain": "first party",
            "prevalence": 0.7352941176470589
        },
        {
            "domain": "yottaa.com",
            "prevalence": 0.17647058823529413
        },
        {
            "domain": "reamaze.com",
            "prevalence": 0.058823529411764705
        },
        {
            "domain": "googletagmanager.com",
            "prevalence": 0.029411764705882353
        }
    ],
    "types": {
        "Script": 32,
        "Image": 6
    },
    "nameservers": [
        "ns-122.awsdns-15.com",
        "ns-1368.awsdns-43.org",
        "ns-1673.awsdns-17.co.uk",
        "ns-738.awsdns-28.net"
    ]
}