{
    "domain": "qrserver.com",
    "owner": {},
    "source": [
        "DuckDuckGo-US"
    ],
    "prevalence": 0.0000752,
    "sites": 11,
    "subdomains": [
        "api"
    ],
    "cnames": [],
    "fingerprinting": 0,
    "resources": [
        {
            "rule": "qrserver\\.com\\/v1\\/create-qr-code\\/",
            "cookies": 0,
            "fingerprinting": 0,
            "subdomains": [
                "api"
            ],
            "apis": {},
            "sites": 8,
            "prevalence": 0.0000547,
            "cnames": [],
            "responseHashes": [
                "7652aa3e6f332e6cccfab8c4b4abc58350274d75236c3e24c0358db679bf4fa4",
                "076998db320173d62ea0a90b635e0b3e9ee9dc926912acfd8119ee5c219d6b1a",
                "d4f6d35ecdaf36d64eefa66adc78d4a648734f431ad293309707c96290173b5a",
                "51f6f24dedd3f2334170bb1bf52d35a2dcf480cbca795e8827b90e702b491108",
                "fcb3f0e8a42f0e00dfa08b0edb86906cf3398c96b7ce87d510c9f6056f0c2cbd",
                "45d4d2aa86fdb17dc221bc92584c7f2aac88083e9699a6f7413d70dd24529179",
                "fc366ac96bb3fe3224511f40c52589c3f78da2b22d3a9a2805a9e1f17ef7c585"
            ],
            "type": "Image",
            "firstPartyCookies": {},
            "firstPartyCookiesSent": {
                "lotame_domain_check": 0.000006832001093120175
            },
            "exampleSites": [
                "encyclopediaofalabama.org",
                "encyclopediaofarkansas.net",
                "extension.umn.edu",
                "frontstretch.com",
                "hiiker.app",
                "pfaf.org",
                "phimhdmoi.net",
                "www.hmdb.org"
            ]
        }
    ],
    "categories": [],
    "performance": {},
    "cookies": 0,
    "topInitiators": [
        {
            "domain": "first party",
            "prevalence": 1
        }
    ],
    "types": {
        "Image": 8
    },
    "nameservers": [
        "ns1.first-ns.de",
        "robotns3.second-ns.com",
        "robotns2.second-ns.de"
    ]
}