{
    "domain": "relaido.jp",
    "owner": {},
    "source": [
        "DuckDuckGo-US"
    ],
    "prevalence": 0.000219,
    "sites": 32,
    "subdomains": [
        "api",
        "sync",
        "tracker.v2",
        "cdn"
    ],
    "cnames": [],
    "fingerprinting": 1,
    "resources": [
        {
            "rule": "relaido\\.jp\\/bid\\/v1\\/sprebid",
            "cookies": 0.000178,
            "fingerprinting": 0,
            "subdomains": [
                "api"
            ],
            "apis": {},
            "sites": 28,
            "prevalence": 0.000191,
            "cnames": [],
            "responseHashes": [
                "656ccd32bdbf0d16909936bf7dd74c76ff0d750f1a1f0792dbc85d9f4c1f35f9",
                "2d43ed6084127e52268cb951d8a4dc38c81a576c7e536accddca4498ab1bb27e",
                "8ac6e82b840e765ff0e308cf27746f7baa1d561e28d3f640498e9d9d29930c51",
                "b18ebb04a507f4a85ed4d08e01d2b791e146fc4d1e3d0853f1760f824c7a72b7",
                "88a030fb69212f6e0add605ca8772e94010abb962d6d1f3f34281897b681d753",
                "a2e331942ac250405e3109fad922fa2d2d8af4e8f4a42753cabc9cb84f4dd6e8",
                "86986611a0f56345f7b64a79e5f4fea042fee70cbf0ec2878c93cb0f090964cb",
                "bf0a8d7641456b6458fba6ef257ebb5940a25ae0a9e75e15bd1b8ff252e999f5",
                "0dee8597644e5b5a0f0f618a6416e951dff203195d263ac04198015cb52d1c64",
                "2365aad84cef54b719b310b8b432abefdd8a08cf7bcc377676904a90dd6c63e3",
                "682c0339cefc46afabfc18acb4c35f3e08bbccd831074dce96f87900a2cf9c42",
                "093c23eb628b31be53c2b7dcfc433e237eabe744c214f00c23f832a2bf36e38b",
                "5260a8115f52368429b8d17adfd88cd0885897315bf6d5de0ed11e2597520d10",
                "6322ebf28dfe7b7bb1d87276034ea5243d344e88d712fbfbc43f87e1bdc9743a",
                "9eaea0c32d4a92ebdfa1fcc2555dea753a3e89d975912e4defaa2d41d49389fd",
                "a4ab74007a914b0dc060077177d07a6664e5cb3fc75ea91c513d5519da548287",
                "fb98565910d0d00b444b4b94db50385b773044370d789a087716d7789a86668c",
                "28e318945bb73e75e1843ce7ae70ca49852b917ea499a3022659872d9b446553",
                "5f5368a56a1b87a7f8349d2817f0fb3866efa77141aa8ad83269930988421a89",
                "3dce6e38194df966f6288c0aecbcfd0e02ab9cdd058fdbe775b4f7d40ed742db",
                "8ef41dbad286ec2abfbbff4a82933e1933bca80c73fc0d194a1683c58fb35bbc",
                "3eea9a556af5bbaa5e8441a3ae060207b4fce97028eb57f5686b91eef767ca27"
            ],
            "type": "Fetch",
            "firstPartyCookies": {},
            "firstPartyCookiesSent": {},
            "exampleSites": [
                "bunshun.jp",
                "dc.watch.impress.co.jp",
                "news.mynavi.jp",
                "gendai.media",
                "mamastar.jp",
                "k-tai.watch.impress.co.jp",
                "impress.co.jp",
                "mi-mollet.com",
                "av.watch.impress.co.jp",
                "www.watch.impress.co.jp",
                "erecipe.woman.excite.co.jp",
                "toyokeizai.net",
                "game.watch.impress.co.jp",
                "rank-king.jp",
                "www.huffingtonpost.jp",
                "president.jp",
                "pc.watch.impress.co.jp",
                "mayonez.jp",
                "forest.watch.impress.co.jp",
                "www.jprime.jp"
            ]
        },
        {
            "rule": "relaido\\.jp\\/tr\\/v1\\/prebid\\/timeout\\.gif",
            "cookies": 0,
            "fingerprinting": 0,
            "subdomains": [
                "api"
            ],
            "apis": {},
            "sites": 19,
            "prevalence": 0.00013,
            "cnames": [],
            "responseHashes": [
                "1866961a029c65376fefb7f2ba1e6187e09ff50ea58d97dedfd72c197947d002"
            ],
            "type": "Image",
            "firstPartyCookies": {},
            "firstPartyCookiesSent": {
                "lotame_domain_check": 0.00001366400218624035,
                "sc_c50": 0.000006832001093120175
            },
            "exampleSites": [
                "impress.co.jp",
                "av.watch.impress.co.jp",
                "bunshun.jp",
                "dc.watch.impress.co.jp",
                "forest.watch.impress.co.jp",
                "game.watch.impress.co.jp",
                "gendai.media",
                "internet.watch.impress.co.jp",
                "k-tai.watch.impress.co.jp",
                "motor-fan.jp",
                "news.mynavi.jp",
                "president.jp",
                "select.mamastar.jp",
                "toyokeizai.net",
                "trilltrill.jp",
                "web.gekisaka.jp",
                "www.asahi.com",
                "www.huffingtonpost.jp",
                "www.watch.impress.co.jp"
            ]
        },
        {
            "rule": "relaido\\.jp\\/tr\\/v1\\/prebid\\/sync\\.html",
            "cookies": 0,
            "fingerprinting": 0,
            "subdomains": [
                "api"
            ],
            "apis": {},
            "sites": 28,
            "prevalence": 0.000191,
            "cnames": [],
            "responseHashes": [
                "fa9e044483a8fcd26c715ac8308dc8d658e640c078aa764825bbcc58cef469ad",
                "5c9808014d87cacadf3c35c2a3ebce6d0ad09d20862e1cfa43106f393c15dbdb",
                "5181927fec3cb2e078b9f7e5b1b5bb4b79be2dafb4f7cfceb8a20f8161e77812",
                "8cbf24d889256cf642f037e824c6f095a46e25b0b07897ca8078e8358143ad15",
                "84b43031a35cdc6c8c1ee956ccb0547d91852890728f39b0d78b2d04801a00c0",
                "0f53259559b8b482b2e31033d91a0bc8a0d9ee6672b76b0cbb7b164f8c5f8b43",
                "d23a9b1679d47abee2b21565eaae3b5af04807b891d6c5b383b39713909cfe1a",
                "4653282c6d9e0dc86489602b328a98139209791a93be8f00d9dae1439db43d65",
                "67d37c035535fd432e9164479c10967485257036b2fc48873fa1e2ff61936e85",
                "13f206f5fefb0427f0b64333a4fdd7834e9f1d7bfdbaa48ff53bac370ae08b86",
                "3f68adb86f1493a4dd32940d936ffb3ae460e43cc57f97151fb59adf9221c675",
                "838ae3344e016399f42ac0af017420479ce28d35ee5fd80e05e8de485eb4fe3c",
                "7f5e423ee732d8a7297cc5c7906b81d21e19a79fa28a9bedf20019d5fbc16209",
                "752537ff9a34efd545d3a09e589b7b0db39450b8e92b6eb5990ba8d99ca51d30",
                "5a9c06e2cd3292ab4be23ba7a8bb8eece6b6d6b80e86049fe5baeeadbc49c7c7",
                "476b73324c674c25c889eb218eea56d64e835f726255787fb6347cf5c05fefc7"
            ],
            "type": "Document",
            "firstPartyCookies": {},
            "firstPartyCookiesSent": {
                "relaido_uuid": 0.00014347202295552367,
                "_rld_u": 0.0000273280043724807
            },
            "exampleSites": [
                "gendai.media",
                "forest.watch.impress.co.jp",
                "www.jprime.jp",
                "car.motor-fan.jp",
                "web.gekisaka.jp",
                "k-tai.watch.impress.co.jp",
                "motor-fan.jp",
                "av.watch.impress.co.jp",
                "toyokeizai.net",
                "dc.watch.impress.co.jp",
                "rank-king.jp",
                "www.asahi.com",
                "game.watch.impress.co.jp",
                "mamastar.jp",
                "www.huffingtonpost.jp",
                "www.watch.impress.co.jp",
                "mayonez.jp",
                "select.mamastar.jp",
                "impress.co.jp",
                "pc.watch.impress.co.jp"
            ]
        },
        {
            "rule": "relaido\\.jp\\/sync\\.js",
            "cookies": 0.0000547,
            "fingerprinting": 1,
            "subdomains": [
                "sync"
            ],
            "apis": {
                "Navigator.prototype.product": 8,
                "Navigator.prototype.userAgent": 8,
                "Document.cookie getter": 8,
                "Document.cookie setter": 8
            },