{
    "domain": "retagro.com",
    "owner": {},
    "source": [
        "DuckDuckGo-US"
    ],
    "prevalence": 0.0000752,
    "sites": 11,
    "subdomains": [],
    "cnames": [],
    "fingerprinting": 3,
    "resources": [
        {
            "rule": "retagro\\.com\\/init",
            "cookies": 0.0000615,
            "fingerprinting": 2,
            "subdomains": [],
            "apis": {
                "Document.cookie getter": 9,
                "Date.prototype.getTime": 9,
                "Document.cookie setter": 9,
                "window.sessionStorage": 9,
                "window.innerWidth": 9,
                "window.innerHeight": 9,
                "window.outerWidth": 9,
                "window.outerHeight": 9,
                "window.localStorage": 1
            },
            "sites": 10,
            "prevalence": 0.0000683,
            "cnames": [],
            "responseHashes": [
                "47fbefad09053ebc7f86404d56750ec9a52a0c2079833c9456114aac7ef27475",
                "ba2b9f90e0d89e67b323826428092a44594585159dc77422bffd5c78b76b7090",
                "04219fb06fda4bb85186e7600fc81c837c72af95e65b4594d5f879d0f4949fd7",
                "1cc119b6cf23f646b509b799dc69e0bfb7d5be89942394ab8d3c16b7e6d91dca",
                "0543310b1c4c699f5d43866f3b52e9de4e8067066e864dd5e163d33ba82e025d",
                "599413c5300b51393610247f979cf79b34885592c9b4c1d1245f828c3bc1fdcc",
                "c524caeb245c3e2d9dc0ffb37103a5a435f9790bbb5a10aebcf7de0f8d54b9f7",
                "cf575fde1cfef98cec1d8753a29c0f219ca013b5ede9b970da35d247ec0aa152",
                "0b976d0bee90d761be5dbbd33cc290adae95a26fdb45481aa5e932f95749849a"
            ],
            "type": "Script",
            "firstPartyCookies": {
                "analytic_id": {
                    "ttl": 466560012,
                    "length": 16,
                    "prevalence": 0.00006148800983808158,
                    "uniqueness": 1
                }
            },
            "firstPartyCookiesSent": {},
            "exampleSites": [
                "4f.com.pl",
                "premier.one",
                "profi.ru",
                "skillbox.ru",
                "www.chitai-gorod.ru",
                "www.drogariasaopaulo.com.br",
                "www.leroymerlin.com.br",
                "www.lojadomecanico.com.br",
                "www.movavi.com",
                "www.paguemenos.com.br"
            ]
        },
        {
            "rule": "retagro\\.com\\/analytics",
            "cookies": 0,
            "fingerprinting": 0,
            "subdomains": [],
            "apis": {},
            "sites": 9,
            "prevalence": 0.0000615,
            "cnames": [],
            "responseHashes": [
                "e3b0c44298fc1c149afbf4c8996fb92427ae41e4649b934ca495991b7852b855"
            ],
            "type": "Script",
            "firstPartyCookies": {},
            "firstPartyCookiesSent": {
                "analytic_id": 0.00006148800983808158,
                "GTMUtmSource": 0.000006832001093120175,
                "AwinChannelCookie": 0.000006832001093120175
            },
            "exampleSites": [
                "premier.one",
                "profi.ru",
                "skillbox.ru",
                "www.chitai-gorod.ru",
                "www.drogariasaopaulo.com.br",
                "www.leroymerlin.com.br",
                "www.lojadomecanico.com.br",
                "www.movavi.com",
                "www.paguemenos.com.br"
            ]
        }
    ],
    "categories": [],
    "performance": {},
    "cookies": 0.0000683,
    "topInitiators": [
        {
            "domain": "citydsp.com",
            "prevalence": 1
        }
    ],
    "types": {
        "Script": 19
    },
    "nameservers": [
        "ns1.firstvds.ru",
        "ns2.firstvds.ru"
    ]
}