{
    "domain": "revinate.com",
    "owner": {},
    "source": [
        "DuckDuckGo-US"
    ],
    "prevalence": 0.000109,
    "sites": 16,
    "subdomains": [
        "twi"
    ],
    "cnames": [],
    "fingerprinting": 1,
    "resources": [
        {
            "rule": "revinate\\.com\\/JavascriptPhoneNumber\\/js\\.aspx",
            "cookies": 0,
            "fingerprinting": 1,
            "subdomains": [
                "twi"
            ],
            "apis": {
                "Document.cookie getter": 14
            },
            "sites": 14,
            "prevalence": 0.0000956,
            "cnames": [],
            "responseHashes": [
                "a08ab1ebdfab731312f19e9f697649d526965c2835eeb956e9bba16633fb48b4",
                "a838e5a9ab900d8f7e40fe6fdf500b475b716a4370ea9c7f142c13c694ac2b6c",
                "eba605b3a0748842170138b1258983aad7bd98f17e5a78a1468d4e2320617b78",
                "a05790cd13a51981d9ea08ceffc88434e6f6719d412b887d25477cc6e8b62642",
                "1bcadbbb8f1cbda9455e47cefeba535d29ef45edc2a1fb483e0feaedfa42f10e",
                "7bc70b155303885980e7c3d4a726e518d11f5939448c63a5fb338cfadc85915c",
                "4f4cb54bc7e1a54be448d6a3f505042242ee305f2a128bbefa34ecac3a886f19",
                "39b77ec2e994b85df5347d3e678bbe890e7a7d727685f4b6f5aa26502f32e7a4",
                "5c1460d050b0b5afeac225cb0a675d034ea1f7dba17b8bba3e4c7dec5b7519f5",
                "e240bf860029d577a0448cc0b15ee36cae12ae510de639dd5c00d9ebf1e179ef",
                "400bc36c094041e011be137d037ac40e9a15095a4dc2c4ab59231fcc3709d7ad",
                "e81b2dcecd9bafaca6e986e980220d6aa62fa50a0c050f042d3f7e34de5f352d",
                "ee985b75b142f38b16eae612c817dcb545374f5016bda8e0d6d06a0159e0381c"
            ],
            "type": "Script",
            "firstPartyCookies": {},
            "firstPartyCookiesSent": {},
            "exampleSites": [
                "aubergeresorts.com",
                "bandondunesgolf.com",
                "kiawahresort.com",
                "www.aspensnowmass.com",
                "www.cdaresort.com",
                "www.doncesar.com",
                "www.kohlerwisconsin.com",
                "www.miravalresorts.com",
                "www.mohonk.com",
                "www.nemacolin.com",
                "www.sundanceresort.com",
                "www.telluride.com",
                "www.thebreakers.com",
                "www.zehnders.com"
            ]
        }
    ],
    "categories": [],
    "performance": {},
    "cookies": 0,
    "topInitiators": [
        {
            "domain": "first party",
            "prevalence": 1
        }
    ],
    "types": {
        "Script": 14
    },
    "nameservers": [
        "ns-77.awsdns-09.com",
        "ns-816.awsdns-38.net",
        "ns-1751.awsdns-26.co.uk",
        "ns-1524.awsdns-62.org"
    ]
}