{
    "domain": "rss2json.com",
    "owner": {},
    "source": [
        "DuckDuckGo-US"
    ],
    "prevalence": 0.000116,
    "sites": 17,
    "subdomains": [
        "api"
    ],
    "cnames": [],
    "fingerprinting": 0,
    "resources": [
        {
            "rule": "rss2json\\.com\\/v1\\/api\\.json",
            "cookies": 0,
            "fingerprinting": 0,
            "subdomains": [
                "api"
            ],
            "apis": {},
            "sites": 12,
            "prevalence": 0.000082,
            "cnames": [],
            "responseHashes": [
                "63521d2344b00d18b753b86bf24a1fb3ee683984619cdaafb0f7b9899d352daa",
                "761ca3e453faf7ebae93a164a562978e110d2704a062313e0b3362ba6173896d",
                "a49f99f5a4668a188f6fbb7899268f4b80b18fb90df7aae6c17924948e47fd79",
                "229b810f08824df8e6b06c4ec6d2fd558cbb4659c04cf9faec2b426603366d22",
                "c84a59b158a70119fab4598b08dd21cfc27e84f1fb4e371e2498eb0e19b51c87",
                "df584bd11defdb19af73be2130764ed3f8ed8bcd74610209c9c1c8a30c53919a",
                "31e1f8ad3ed52568141797137d10b2675fdd1ab4a94b9db2019345814bf4f8a7",
                "37a7c25fdd0f23860f49b7b391b19fb8695ef5877fe81fbe5a8312db2bf5cd22",
                "8ddcf61e9070fd710bd31707ee76244193ebcdb87a2f665f93160a27fbf6e304",
                "b259fa6bc2dd4145b44dc53e9c37d283554e7b12e969c1b573a60088d141e43c"
            ],
            "type": "XHR",
            "firstPartyCookies": {},
            "firstPartyCookiesSent": {},
            "exampleSites": [
                "famiboards.com",
                "forum.corsair.com",
                "learn.adafruit.com",
                "rapidradios.com",
                "vintagemachinery.org",
                "www.matrixgames.com",
                "www.nwmissouri.edu",
                "www.planetemu.net",
                "www.slcc.edu",
                "www.slitherine.com",
                "www.upmchealthplan.com",
                "www.vintagemachinery.org"
            ]
        },
        {
            "rule": "rss2json\\.com\\/v1\\/api\\.json",
            "cookies": 0,
            "fingerprinting": 0,
            "subdomains": [
                "api"
            ],
            "apis": {},
            "sites": 2,
            "prevalence": 0.0000137,
            "cnames": [],
            "responseHashes": [
                "9a5ee11ac96c2ba764cf95ef35eca3543a7d843be9e9c8c2faf9f9245befecf1"
            ],
            "type": "Fetch",
            "firstPartyCookies": {},
            "firstPartyCookiesSent": {},
            "exampleSites": [
                "novelai.net",
                "www.rideuta.com"
            ]
        }
    ],
    "categories": [],
    "performance": {},
    "cookies": 0,
    "topInitiators": [
        {
            "domain": "ajax.googleapis.com",
            "prevalence": 0.673469387755102
        },
        {
            "domain": "first party",
            "prevalence": 0.22448979591836735
        },
        {
            "domain": "invisioncic.com",
            "prevalence": 0.061224489795918366
        },
        {
            "domain": "jquery.com",
            "prevalence": 0.04081632653061224
        }
    ],
    "types": {
        "XHR": 12,
        "Fetch": 2
    },
    "nameservers": [
        "dawn.ns.cloudflare.com",
        "ben.ns.cloudflare.com"
    ]
}