{
    "domain": "scorestream.com",
    "owner": {},
    "source": [
        "DuckDuckGo-US"
    ],
    "prevalence": 0.000137,
    "sites": 20,
    "subdomains": [],
    "cnames": [],
    "fingerprinting": 0,
    "resources": [
        {
            "rule": "scorestream\\.com\\/apiJsCdn\\/widgets\\/embed\\.js",
            "cookies": 0,
            "fingerprinting": 0,
            "subdomains": [],
            "apis": {},
            "sites": 12,
            "prevalence": 0.000082,
            "cnames": [],
            "responseHashes": [
                "7045c61804b60873fa82197c53a562488dc56df663b8a11b458a3fb74f9bd2d1"
            ],
            "type": "Script",
            "firstPartyCookies": {},
            "firstPartyCookiesSent": {},
            "exampleSites": [
                "elkhornmediagroup.com",
                "hogville.net",
                "hometownnewsnow.com",
                "www.brproud.com",
                "www.cbs42.com",
                "www.counton2.com",
                "www.eastoregonian.com",
                "www.expressnews.com",
                "www.fox44news.com",
                "www.hometownstations.com",
                "www.ksal.com",
                "www.wgil.com"
            ]
        },
        {
            "rule": "scorestream\\.com\\/widgets\\/scoreboards\\/horz",
            "cookies": 0.0000956,
            "fingerprinting": 0,
            "subdomains": [],
            "apis": {},
            "sites": 14,
            "prevalence": 0.0000956,
            "cnames": [],
            "responseHashes": [
                "3ee4597c614bed8f56a9c4b574607fdcf03c08986156f7f288703d46c0e79364",
                "8be6f4332465e80de9f38375560213e74d54a09f204f5620542cb4152d298a8d",
                "1bcc1440cc9042e7cf5c1bdf6022cfc36a8675e5aff051e54a9a598b3efdd544",
                "44a7b18c7b30e4663b58b13b9e2513350672dfefdd745541bfca75ef4820db83",
                "5abffdc68929f0d128d3f7dde570e69b1f6f627fb6551caca37ecc8e7f722eae",
                "85d1e3e6d63a9c1f26cb8916fa51186e585200ef6cece24b97a897982edf9bb4",
                "bcd3c75dad10c65cd5a7061dde8d43f8d3c652de31b48bde5ca37cfe9118fafd",
                "ebdffffb546dcbb5eb9b4a2f6847e41254bb13d89bc0f893f80de21e5e903614",
                "e4c4983dc3035b7a56c62394e596d1dcce1e27ac2be3ce650366f7a04bb186a7",
                "ca613d9c35d8848527fee36985fe91f4d78b58da05d2f51ffa0cc3b5075c8333",
                "8c639afb215396eda9336a5fa5aa11371e5b05bf8f82e24122f2550b180a70b3",
                "e64ac33c5bb540daad61d02445ef47291e12c1052d67493ce69116895c0aee33",
                "f19cf65fa3f25b0801a16b01168ae6f7549d170acfa02ed9cc3bccc075bcf6a7"
            ],
            "type": "Document",
            "firstPartyCookies": {},
            "firstPartyCookiesSent": {},
            "exampleSites": [
                "elkhornmediagroup.com",
                "floridahsfootball.com",
                "geauxpreps.com",
                "hogville.net",
                "starlocalmedia.com",
                "www.brproud.com",
                "www.counton2.com",
                "www.eastoregonian.com",
                "www.expressnews.com",
                "www.hometownstations.com",
                "www.kboi.com",
                "www.ksal.com",
                "www.wgil.com",
                "www.wtaj.com"
            ]
        },
        {
            "rule": "scorestream\\.com\\/api",
            "cookies": 0,
            "fingerprinting": 0,
            "subdomains": [],
            "apis": {},
            "sites": 20,
            "prevalence": 0.000137,
            "cnames": [],
            "responseHashes": [
                "c3bbc737286bf63ade1a47f7b9e4b8c313afc5623665187f84f81c104115dcb3",
                "00053a3951e2bd4a42e3c4d272fb5d642f051c136641ac539a476516a62889c0",
                "cdf1215dd2bdab04ff401bedb6c7d814237c3df6369f0463588f7966a92a8cef",
                "e193d941fb6afdd2a5e55a53dcc4c4cc991664d421eab1b0db92b236a7f0f4ab",
                "3c1b3c54ed88fa3e53bda400b8a79be71e055210642759af29d6c2595487d621",
                "19e37957d039167856225acc68a44da7a3030a490b98e10f45b5e0a979b51590",
                "d2086790b1d7ae64347b5abbe8f2c755f1ef3f9e28b9358f73703185c4a0d36c",
                "2ff842e1291680d7fec6ea02eee3ecb9c4754e370185975420814870fce22594",
                "b0b988721b3d1280a7fbb92d6de6a14afdb9bfaef8917b8e41f9903d706478ca",
                "0d284408e427f6219a06f7a61345504807b0fcc87c0900a3b1b84571ae9a9379",
                "38769ff937ff6151b139b2522f5e68ba8a805fc8c46c9145bcb02707ee1dd623",
                "3b9dcf1dfe3f23d7d8a87217646e1b87a8fa85591b5d923a567d0338974c693d",
                "ebba5d69a9e0c1160e549af23abd3e9e20b1d5dd2d6b3ea74402109518b6d7c2",
                "37b81a3e2a6c47d86530e88a764c0e5db74e70f5e64fd7e8f0921b95830c6a16",
                "af766402394c6b37350a42a0131e95188ea1c6ff76fbdf32ccb228a9024193f3",
                "6e849c3e859811bbb9e2b30fc9c7efa157f5e194a2e3169ab1c4a9c3d243246b"
            ],
            "type": "XHR",
            "firstPartyCookies": {},
            "firstPartyCookiesSent": {},
            "exampleSites": [
                "elkhornmediagroup.com",
                "floridahsfootball.com",
                "geauxpreps.com",
                "hogville.net",
                "hometownnewsnow.com",
                "starlocalmedia.com",
                "wjon.com",
                "www.brproud.com",
                "www.cbs42.com",
                "www.centraloregondaily.com",
                "www.counton2.com",
                "www.eastoregonian.com",
                "www.expressnews.com",
                "www.fox44news.com",
                "www.hometownstations.com",
                "www.kboi.com",
                "www.ksal.com",
                "www.myleaderpaper.com",
                "www.wgil.com",
                "www.wtaj.com"
            ]
        },
        {
            "rule": "scorestream\\.com\\/api",
            "cookies": 0,
            "fingerprinting": 0,
            "subdomains": [],
            "apis": {},
            "sites": 5,
            "prevalence": 0.0000342,
            "cnames": [],
            "responseHashes": [],
            "type": "Preflight",
            "firstPartyCookies": {},
            "firstPartyCookiesSent": {},
            "exampleSites": [
                "hogville.net",
                "hometownnewsnow.com",
                "www.cbs42.com",
                "www.fox44news.com",
                "www.wgil.com"
            ]
        },
        {
            "rule": "scorestream\\.com\\/widgets\\/scoreboards\\/vert",
            "cookies": 0.0000478,
            "fingerprinting": 0,
            "subdomains": [],
            "apis": {},
            "sites": 8,
            "prevalence": 0.0000547,
            "cnames": [],
            "responseHashes": [
                "dea8f38e0f67d4ec8102d5d2cc9b083954d77bb55648fcb41dd1ac6e3178e83a",
                "efd161d91a0e8620754b562e1a7c18ed76d21f98b6730125880d8a96c945fa53",
                "33f87440edafc4a920ba8b68dec002225fcc09f76d40cf4d8526930de84cad3b",
                "2bdbc89e122972e0637e6bed202638e76e05eefe95f16aed325aa76bbd33a202",
                "1194651a2c39691269518fcb041139a8b8c91fc5fc8aff05687542e61c20b899",
                "4679fe55893cfd1ed89a12e3df67bd6c72c63d95f9d1b9207f070678f6dded5a"
            ],
            "type": "Document",
            "firstPartyCookies": {},
            "firstPartyCookiesSent": {},
            "exampleSites": [
                "hogville.net",
                "hometownnewsnow.com",
                "wjon.com",
                "www.cbs42.com",
                "www.centraloregondaily.com",
                "www.fox44news.com",
                "www.myleaderpaper.com",
                "www.wgil.com"
            ]
        }
    ],
    "categories": [],
    "performance": {},
    "cookies": 0.000137,
    "topInitiators": [
        {
            "domain": "cloudflare.com",