{
    "domain": "scriptengine.net",
    "owner": {},
    "source": [
        "DuckDuckGo-US"
    ],
    "prevalence": 0.000143,
    "sites": 21,
    "subdomains": [
        "livewishlist"
    ],
    "cnames": [],
    "fingerprinting": 0,
    "resources": [
        {
            "rule": "scriptengine\\.net\\/api\\/apps-config",
            "cookies": 0.000123,
            "fingerprinting": 0,
            "subdomains": [
                "livewishlist"
            ],
            "apis": {},
            "sites": 18,
            "prevalence": 0.000123,
            "cnames": [],
            "responseHashes": [
                "eacb40ae40b3e158311d042eefd7867e73a59a827034432568e7514fd6783475",
                "21b160dcb9ed3e5e53701fb675dfcf22dd2fe7be5c8277f6e45f5aed7a36d3b5",
                "833bf881442a3d9010718a85bfaf10ef9df09c1caba8cc191b84d20c8f5cac29",
                "7ec55edf2649840e7cf3b9175f330cb38360a87753e74838e50fe7f9b55a12de",
                "bd60dfb0b83f9bd38535163abae8ca46dba84a06faed5d27d442e85bee0e7523",
                "e295d9b19f065ba8676f5697174679b3e13ae04326ab0b010df43bf106fc0676",
                "6345fb8d8f0ceda730e567d32dfb78445ae477f34f12bb2ca885317ca10f9e87",
                "5fc3668c1e96d2632c37614990ca50137aedefa941caeda090605f841d91af66",
                "c9dea4ca56a269e4c976343e5867fe74a8c322eaf0e49aaaffd79c426df640ac",
                "2b4618372ad3e1af43fdaba677ab68ac80482d005a2ad42f24964b2d389939d3",
                "caf8fa2757f864fb1b3d2f5ce5fd08377165b10e87831e9f5ca1ed9bb30ebc37",
                "902d52d71006ffb3ec500e8d994ecc4d335ef2e32a8dd3c9bcd0dde7b20cfc94",
                "1d355976699aed5a7e265fecb105ed8598faa22a0255b33e28a36bc27ab4d9aa",
                "28c571784b688688d19eaef0b1259f83c10aec4aab0646d341ee2d90db020f7a",
                "a363da756940a4749576a07b03c01332d6ee769c80c99a8e18c7734cec8b0d7c",
                "c4406ae9c0be43fac4c9bdbc21e8144e5b1d087f59a8f89da23ce42d45c7ddd3",
                "c3ef2958ed40fe294b74ad9f1101bcad143bbf1007967f0b741315f86c063732"
            ],
            "type": "Fetch",
            "firstPartyCookies": {},
            "firstPartyCookiesSent": {},
            "exampleSites": [
                "altenew.com",
                "buildasoil.com",
                "dibruno.com",
                "fabricmartfabrics.com",
                "lectricebikes.com",
                "mahoneswallpapershop.com",
                "nikolbeauty.com",
                "pyrodrone.com",
                "signwarehouse.com",
                "store.177milkstreet.com",
                "www.armitron.com",
                "www.colorescience.com",
                "www.flytanium.com",
                "www.johnderian.com",
                "www.ranchogordo.com",
                "www.sculpey.com",
                "www.toolpilot.ai",
                "www.vanguardmil.com"
            ]
        },
        {
            "rule": "scriptengine\\.net\\/api\\/apps-config",
            "cookies": 0.000123,
            "fingerprinting": 0,
            "subdomains": [
                "livewishlist"
            ],
            "apis": {},
            "sites": 18,
            "prevalence": 0.000123,
            "cnames": [],
            "responseHashes": [],
            "type": "Preflight",
            "firstPartyCookies": {},
            "firstPartyCookiesSent": {},
            "exampleSites": [
                "altenew.com",
                "buildasoil.com",
                "dibruno.com",
                "fabricmartfabrics.com",
                "lectricebikes.com",
                "mahoneswallpapershop.com",
                "nikolbeauty.com",
                "pyrodrone.com",
                "signwarehouse.com",
                "store.177milkstreet.com",
                "www.armitron.com",
                "www.colorescience.com",
                "www.flytanium.com",
                "www.johnderian.com",
                "www.ranchogordo.com",
                "www.sculpey.com",
                "www.toolpilot.ai",
                "www.vanguardmil.com"
            ]
        }
    ],
    "categories": [],
    "performance": {},
    "cookies": 0.000143,
    "topInitiators": [
        {
            "domain": "first party",
            "prevalence": 0.7391304347826086
        },
        {
            "domain": "shopify.com",
            "prevalence": 0.2608695652173913
        }
    ],
    "types": {
        "Fetch": 18,
        "Preflight": 18
    },
    "nameservers": [
        "aron.ns.cloudflare.com",
        "yisroel.ns.cloudflare.com"
    ]
}