{
    "domain": "sexfortokens.com",
    "owner": {},
    "source": [
        "DuckDuckGo-US"
    ],
    "prevalence": 0.00041,
    "sites": 60,
    "subdomains": [
        "go"
    ],
    "cnames": [],
    "fingerprinting": 0,
    "resources": [
        {
            "rule": "sexfortokens\\.com\\/api\\/models",
            "cookies": 0.000301,
            "fingerprinting": 0,
            "subdomains": [
                "go"
            ],
            "apis": {},
            "sites": 45,
            "prevalence": 0.000307,
            "cnames": [],
            "responseHashes": [
                "659272b15f4c1ec4b5e4276ac17818b1c0a6f986311304f5218fbe10e383359b",
                "d1344eb0569ab332410abcf494c0a80dcb13bb20f684a7c5bc5464d3c4ea28df",
                "b7f2cb164a55f66bc27bc300dc9ddbb6082c8bf4c78c1a91da54f44a116050c9",
                "ed5e09f33c6b7d1cc465d226a35048adb2b74db25ad978056a56092261062279",
                "7be506c1b9d5f9883ab88c0e4cf51b4ad2970be8e0d7f7a8767a163c1b43ba79",
                "be6392ba84571cf442d042279dba2e61e9fe421066c1debebd5934292f84af2b",
                "b5265aeb13a12f21052e4cbd2c70d7ae3e2d7365f3c1e14a79bfb680119698d6",
                "b20ae62317931662c227d9c39733955e291e595cb8a1fcbdd4d1089b68674cb4",
                "8d9d7328d50ba0332a3ed7eb61602a707079cd1324af3c0e80e954166539ed59",
                "fbae2742dd8e99aa75742ff24deadd6aa563f5e23f8e2b75b74b35f25741792f",
                "bba2af5a26bc95aa86358a69719d759aeba6316d229f4711934050254c324256",
                "1ac6a9c20147091136d13060ec5e6eb9ef303b01df401a908737ac11ffd0500b",
                "f16a74a7f7b14e21112d4f5c806d4993d7b2aba04c0be10ad5d4459995360690",
                "39675fef967e3662c943fcb11dd23a8732587e603434a57ff121e2d228fe8b1d",
                "6811f1ee2d92887432282608817086edf33f500fe357bcf758abb9f0c9913c9e",
                "3ec2ee5738db35c619a5650037c6ebdcfb2869533ae449688cd88c9ba22466ca",
                "551de16bf29a6222e9a40cbfbb6587ebce7c449de815b5aca49e0d5ad791dba8",
                "6f0c08511641361624d4a2366fe53897cb2264ec73db281a1dfe596dab9e7b3e",
                "3226bf63688fde0bd26559ec2d94cba429c292d1a4be7686bf4eb8e152ae6738",
                "44ef9026898c26361fde1c6373ca3f322aba98a7e1968dcbabfa82a952f82332",
                "2d4b921794cf908bbfe763e52e2a3ecbd3d164dfd9b7178e05022a516474c519",
                "0d56d716ae15063f70ad8255492fcf1798459fc59a9e4c54a1374290fe4a7b40",
                "efaef307685889d52ef5faa14548fb677736185989bc5706a1053da674dfe0e4",
                "09d739aa4a60605e556a03083f31392baad2dd80289e33015e465dfc595bc8ed",
                "68486c572793d8f089cdd9d3de43d3559655eb512acc43eba1cf256ace2b3ec1",
                "ba56a7a62e17e52ce041073243fe63334d7c52f76510417dcc1b634203dadc70",
                "95be4234ac7823dc303c64ea350e3854b85d1be39cb578de5a05b40dcdb35c54",
                "f8990ad7e5517ef570c320567adbc78da7aa645f16408dce8e9678b3e10d1a97",
                "1611a50b3763f51605e4a9f1a3876562509cb71690e9e45adc456765024b9e53",
                "e4ea2f07155847d15c5074b069a1a7e35925b9265ae99d373cd53dd69e4e70e3",
                "f1081807248896364c19c3c5925c56786d072d2ae8dee74366f2bf569dd61cb8",
                "8b8703f86f6151166b33a9006f06100a0638931b19b3c8e53fcade9e019645d3",
                "3b5d2ff0afb95c07a0575a6f5c129d816b60d09ce1517d7a0d7feeae0084b58e",
                "d0f5a21ebf4f27e862220941e5a648fc0c9a8a2545f0a19aaa5e599289de75a3",
                "26e1b1a601b965de76ea02eed4f780a8d206132b17233149e6613d53d6ee0be5",
                "a7cb6e709a9caf9b17ce694afda52a80ef87f33e349093c991a2b21b767897a7",
                "db9f5d33c3a1bc929ce6bab3dcb065a0df374cc1fa147ca93457c893bd71000b",
                "0ae9e9dbb1d0caf0d2a92e352a7eebb26a11bdbbb038a9b783fd463ccd5f76dd",
                "6a82f866be300fe4aeaeadcea86a1a2f6bad0aa533ca2bc02f3fbcb4dc5309ef",
                "ed0fa91c18c7a71a23e93d89f67d4e36a20efe840dd15d2ed49f5c896f4be964",
                "40f81b97d56e09b301361e3002a018f58dc0a2c9c0c1d86026e1d831f59b0f6d",
                "46667e8633c57a2a14bdfe23e262b7172d66e08904639141e0fb1898a3304885",
                "40db254797ae2f35217be032f6651cc3b84146e179166599fbc651308fc15f32"
            ],
            "type": "Fetch",
            "firstPartyCookies": {},
            "firstPartyCookiesSent": {},
            "exampleSites": [
                "fr.pornhub.com",
                "m.tnaflix.com",
                "nhentai.net",
                "g.xtapes.to",
                "shooshtime.com",
                "upornia.com",
                "hentaizap.com",
                "hentaienvy.com",
                "sexmex.top",
                "www.pornoktube.com",
                "www.trendyxxx.com",
                "www.gosexpod.com",
                "daftsex.net",
                "cn.pornhub.com",
                "jizzbunker.com",
                "rt.pornhub.com",
                "www.xfreehd.com",
                "pornzog.com",
                "vjav.com",
                "es.pornhub.com"
            ]
        },
        {
            "rule": "sexfortokens\\.com\\/app\\/domain-checker\\/get-check",
            "cookies": 0.000307,
            "fingerprinting": 0,
            "subdomains": [
                "go"
            ],
            "apis": {},
            "sites": 45,
            "prevalence": 0.000307,
            "cnames": [],