{
    "domain": "sf-syn.com",
    "owner": {},
    "source": [
        "DuckDuckGo-US"
    ],
    "prevalence": 0.000109,
    "sites": 16,
    "subdomains": [
        "b"
    ],
    "cnames": [],
    "fingerprinting": 0,
    "resources": [
        {
            "rule": "sf-syn\\.com\\/badge_js",
            "cookies": 0,
            "fingerprinting": 0,
            "subdomains": [
                "b"
            ],
            "apis": {},
            "sites": 12,
            "prevalence": 0.000082,
            "cnames": [],
            "responseHashes": [
                "1ac8de6b0db70385843f32e4345a7999b635dd7afa46ebcee38568cd1aa591ab",
                "faa4bab002944defbe193f1306bba8243b16b382a15c86e5cafcee4802144cc0",
                "f7310bae32cf8593dddb59c9c35031dae98015306d2af36b3db39b7be58f5735",
                "f5cb20cda4cb19f0965f7a56db518dca279402a475d2ce82c4edd0e63741116c",
                "3d217d20bfab0e076bf0962604ecdd37521eddbb552d899c6ad6e66d07ac36d9",
                "a92896b77a2a807c029ad02bc516e15cafb3006ac6b0c56834046c77d84f8443",
                "77f3bd174038cde6ddeaf584448cf1bb5bfa4d61bc046f5d76e7db8cc742a539",
                "55226e1d98c1c9daca00a82b8f74a992b7d984e170b6c589f37310d468adf8da",
                "e04f5ce762b99ca85c7913c7fb7256f842ec99e5498db5a0519c7293e7439ffa",
                "6e1d0316b52490bfeaa94625e744438e3cc6ca61fa88cc90322152b989928442",
                "d86d372790e391836036f7dd26d79006529e2b16a1ec06a59276331840590755"
            ],
            "type": "Script",
            "firstPartyCookies": {},
            "firstPartyCookiesSent": {},
            "exampleSites": [
                "aichattings.com",
                "atomicwallet.io",
                "dealroom.net",
                "hearham.com",
                "saturncloud.io",
                "truckstop.com",
                "wsjt.sourceforge.io",
                "www.coreldraw.com",
                "www.emclient.com",
                "www.helpwire.app",
                "www.pdfforge.org",
                "zenledger.io"
            ]
        },
        {
            "rule": "sf-syn\\.com\\/badge_img\\/2971200\\/light-partner",
            "cookies": 0,
            "fingerprinting": 0,
            "subdomains": [
                "b"
            ],
            "apis": {},
            "sites": 2,
            "prevalence": 0.0000137,
            "cnames": [],
            "responseHashes": [
                "d33a379fe8c1cd06c4ecc604aab2d198687d704feebee276de21966263ce5775"
            ],
            "type": "Image",
            "firstPartyCookies": {},
            "firstPartyCookiesSent": {},
            "exampleSites": [
                "emclient.com",
                "www.emclient.com"
            ]
        },
        {
            "rule": "sf-syn\\.com\\/badge_img\\/3091984\\/leader-fall-black",
            "cookies": 0,
            "fingerprinting": 0,
            "subdomains": [
                "b"
            ],
            "apis": {},
            "sites": 2,
            "prevalence": 0.0000137,
            "cnames": [],
            "responseHashes": [
                "dceecc7954e8e9600c2bc797a9788b5506b13717e959d184adc940569fe6a945"
            ],
            "type": "Image",
            "firstPartyCookies": {},
            "firstPartyCookiesSent": {},
            "exampleSites": [
                "helpwire.app",
                "www.helpwire.app"
            ]
        },
        {
            "rule": "sf-syn\\.com\\/badge_img\\/3091984\\/top-performer-spring-black",
            "cookies": 0,
            "fingerprinting": 0,
            "subdomains": [
                "b"
            ],
            "apis": {},
            "sites": 2,
            "prevalence": 0.0000137,
            "cnames": [],
            "responseHashes": [
                "3c31258aa7a1d752f1b9489a05724b23fa5d8c583c2cad12d2d3f52b85101898"
            ],
            "type": "Image",
            "firstPartyCookies": {},
            "firstPartyCookiesSent": {},
            "exampleSites": [
                "helpwire.app",
                "www.helpwire.app"
            ]
        },
        {
            "rule": "sf-syn\\.com\\/badge_img\\/3091984\\/leader-summer-black",
            "cookies": 0,
            "fingerprinting": 0,
            "subdomains": [
                "b"
            ],
            "apis": {},
            "sites": 2,
            "prevalence": 0.0000137,
            "cnames": [],
            "responseHashes": [
                "128a0abaea2910ceb5fdda19a7c4c583a0328543c74b8b17d98768f9a5ceda74"
            ],
            "type": "Image",
            "firstPartyCookies": {},
            "firstPartyCookiesSent": {},
            "exampleSites": [
                "helpwire.app",
                "www.helpwire.app"
            ]
        },
        {
            "rule": "sf-syn\\.com\\/badge_img\\/3082783\\/top-performer-winter-white",
            "cookies": 0,
            "fingerprinting": 0,
            "subdomains": [
                "b"
            ],
            "apis": {},
            "sites": 2,
            "prevalence": 0.0000137,
            "cnames": [],
            "responseHashes": [
                "ecfb991e4537c67187aa8abc8b05ba65a66144c9132003a5c2db4bd93e671afd"
            ],
            "type": "Image",
            "firstPartyCookies": {},
            "firstPartyCookiesSent": {},
            "exampleSites": [
                "pdfforge.org",
                "www.pdfforge.org"
            ]
        }
    ],
    "categories": [],
    "performance": {},
    "cookies": 0,
    "topInitiators": [
        {
            "domain": "first party",
            "prevalence": 1
        }
    ],
    "types": {
        "Script": 12,
        "Image": 10
    },
    "nameservers": [
        "simon.ns.cloudflare.com",
        "mira.ns.cloudflare.com"
    ]
}