{
    "domain": "shgapi.com",
    "owner": {},
    "source": [
        "DuckDuckGo-US"
    ],
    "prevalence": 0.000102,
    "sites": 15,
    "subdomains": [
        "social"
    ],
    "cnames": [],
    "fingerprinting": 0,
    "resources": [
        {
            "rule": "shgapi\\.com\\/api\\/products",
            "cookies": 0,
            "fingerprinting": 0,
            "subdomains": [],
            "apis": {},
            "sites": 11,
            "prevalence": 0.0000752,
            "cnames": [],
            "responseHashes": [],
            "type": "Preflight",
            "firstPartyCookies": {},
            "firstPartyCookiesSent": {},
            "exampleSites": [
                "avidarmor.com",
                "bearpaw.com",
                "huxwrx.com",
                "mdttac.com",
                "saddlebackleather.com",
                "shop.decoart.com",
                "store.focusonthefamily.com",
                "true-precision.com",
                "www.delallo.com",
                "www.tastefullysimple.com",
                "www.thewoodturningstore.com"
            ]
        },
        {
            "rule": "shgapi\\.com\\/api\\/products",
            "cookies": 0.0000752,
            "fingerprinting": 0,
            "subdomains": [],
            "apis": {},
            "sites": 11,
            "prevalence": 0.0000752,
            "cnames": [],
            "responseHashes": [
                "947e36a22ca6f1dbb9e953d0bcc9706cb821b49094a27cab35b35c47a4e5a897",
                "cd9f2c1646581d937a67037990ba5d70702bcf646e8474eb53ab53bbd33c86d2",
                "7bbce90089b734859f68d520a809e74bb7532f563c93a3ac51839b49fc2a369e",
                "33753c5b0f5d950c5e005be43ca3c3880e21dd79736b212fc3648827b031a2e6",
                "12c19ecf99587362de2844680f353a1301cc61dae17f19752dae1c6cba97cae5",
                "57006543fb08b441732c40a95d8d7a6fa4917d630765371ac35177489ffdb53d",
                "8f30a4696cf03ec329327ef65bf2368ff21cdd9debbc75544052752a9e0cbe13",
                "3f83f2bcbba6cd3e1b315a384a4fc890b745f234d301036f5f9598a937089a86",
                "1ca9a0c9ec982f54bfd4a3472d14e39c743a182c0b730856fe017daf86602795",
                "99a223978db11960a9775492578c2a894672de3787aafabda51fbd81f0ab64ec"
            ],
            "type": "XHR",
            "firstPartyCookies": {},
            "firstPartyCookiesSent": {},
            "exampleSites": [
                "avidarmor.com",
                "bearpaw.com",
                "huxwrx.com",
                "mdttac.com",
                "saddlebackleather.com",
                "shop.decoart.com",
                "store.focusonthefamily.com",
                "true-precision.com",
                "www.delallo.com",
                "www.tastefullysimple.com",
                "www.thewoodturningstore.com"
            ]
        },
        {
            "rule": "shgapi\\.com\\/api\\/instagram\\/posts",
            "cookies": 0.0000342,
            "fingerprinting": 0,
            "subdomains": [
                "social"
            ],
            "apis": {},
            "sites": 5,
            "prevalence": 0.0000342,
            "cnames": [],
            "responseHashes": [
                "13ed211fc5761d3a4e30d3eda145dc9afd8fcd624969345ec6baee8d3b8f13c7",
                "bc5590245ce29ba6c6011c6611bcf2937834d70614dec07cf14333a1e2edcb48",
                "3e1055de092814ebed7ff6caa3de04440a610f0e14a94fdc6fdb53f35c41ead2",
                "1f6397c1be3de215a32eab849c75a1562676a3d59d0096a4e0f26e4faec5420e"
            ],
            "type": "XHR",
            "firstPartyCookies": {},
            "firstPartyCookiesSent": {},
            "exampleSites": [
                "avidarmor.com",
                "goosecreekcandle.com",
                "lieblingsgarn.de",
                "nutricost.com",
                "shop.decoart.com"
            ]
        }
    ],
    "categories": [],
    "performance": {},
    "cookies": 0.000102,
    "topInitiators": [
        {
            "domain": "bigcommerce.com",
            "prevalence": 0.6875
        },
        {
            "domain": "first party",
            "prevalence": 0.3125
        }
    ],
    "types": {
        "Preflight": 11,
        "XHR": 16
    },
    "nameservers": [
        "wesley.ns.cloudflare.com",
        "nina.ns.cloudflare.com"
    ]
}