{
    "domain": "shoplift.ai",
    "owner": {},
    "source": [
        "DuckDuckGo-US"
    ],
    "prevalence": 0.00115,
    "sites": 169,
    "subdomains": [
        "app"
    ],
    "cnames": [],
    "fingerprinting": 0,
    "resources": [
        {
            "rule": "shoplift\\.ai\\/api\\/v0\\/events",
            "cookies": 0,
            "fingerprinting": 0,
            "subdomains": [
                "app"
            ],
            "apis": {},
            "sites": 95,
            "prevalence": 0.000649,
            "cnames": [],
            "responseHashes": [
                "c64da72781f0e59de9364e6603dc0b4f7059de2e3d82cfe731eecd456f7e79c1",
                "f5413d1c3717a20a6a2aa6d24b49b1c17257f45150ed6cf82ce06f693fd2ca62",
                "0c7101a58ead8d1223c261a103ff4f91a6ea0ab4a4a1ec0945ae200e00eec833",
                "85c97a7fcd4f1bc972af428d3c73ad2cf6e5151107c4b18ad4225a0250e128ca",
                "05f0c9daccb82badb3e8702244e9e4d4354b0d4502d095c49a4d766a8893bb78",
                "81bcd6185ae9566c8f5604eb864ab608499e279c6d66053fba203240c712664a",
                "e5fcda10e3593725a378304ae5824c921c1b9d9c69788c3014a11602babfab83",
                "9a5a93e523c52d92e292a7b9a07b94bcf44092419d3554ee794b6534e80618e0",
                "d753131fe7cb57414b759f96b9088ab5c5796848ce8c90a19c0c823ae6532868",
                "52542ac0d51dbcda6c02a300f5bfc0e0d21fd10dde5fe3f61ebe67063cb1efe3",
                "6e58d9e4a39fb8039123a6c9cc2fa9c92e92b08a6591f219dd03f9a465ff2a55",
                "ffbb5806ea2184dcc7e50320469eeb84ac532a4cb16827e6082e129730b813be",
                "74b2781a9e386c5c57519bfdf956519c252e23a471b9efc97eb298af1c2f8777",
                "be9768179303db39d0a3768b16d9b84e1b3d8d6e0e4b2ddc16942b4607c23a0e",
                "c1ee4381c115b4a417203b2e7dacc6cecc32200e08be8c851e09dc7a4e76c9e2",
                "747e1f536a87137b2e4a17920239da293efe1cb17c4ef401b6cb422bf8e4f469",
                "0d5b229517462eff12e15c7c56ebe1db2c485070c010ce3aa5a8ee6cef79c9ff",
                "4c38caae25aebe2e3dba37de2d0fcd374c16b82e7f1175ac395189524ae7b80d",
                "f6e0fc466ece416b0494c35381e2819eb5fed0aeef9c43f422de9f0eb6028d2a",
                "80ffe9bbd03335d0c1971d473ef81e0d20a06f29f5321d18d3f7b41fac01848a",
                "4f2e9e1c6e2f62828faac7e04398c4375bdfd697ca3e0e09a1b865a2e51ad334",
                "124f1144deeac57b79b9ea67cf467e9a4a252c30385c116d4491dba111843cb2",
                "3d580993b2e1e0bfdfeca89d3a414b819e31f49f002646f8e81e61d0735fca68",
                "f91f110df3e63f6c2374970c93b4471b50ff7f49ebbb86cc7a1a1b3b0a5b119d",
                "a9182c0c76d1e2526419266c166fefc697b48ecb5ea722dbd51c4f6c4787d5b3",
                "7460205b087a0ffbc510b49eecc9d46c41f91816af0b5afe9d8e1ce4ea90a9b9",
                "86b56a19243f158f361f0da05efccbfd744cfd42b22286f264126c61b275fca9",
                "a4ee0297de5a692e8a47e22018a1adf54d8285786b42fe7d7f5c63ff862fb115",
                "868914874e26cd9c0c5e471ebf276983ebdbe1c9cb8d13cb6c70ec211a946de5",
                "3b79fc5d0965a1d52dad9c5565e1e57d137013fe61f834d870f1667e376f8b4f",
                "fe63a14b405c6775ee5fa2801fab085abf21b44833129fda50f5974f99b3f129",
                "c129c0985d6dcc4f24bb0ff0e1926e9e5a974a02ba6fc7fd4370d40906374cd9",
                "a194bba55fcb08d48ac2d0c0cfe5ccd0395523972ba5068f002bbe3e128c03c4",
                "35a32d0b5460babd4f1e9349811f1a7534fd6ff7292c370d9ca6d5bd229261df",
                "d96027052df5c52d94caa4415d862ae3605f21696ba60f9a575fa39838a4e5e8",
                "1b29d63517f02563ecbb50c23931c0d10c2e992421c24e1645b5dd186dbb234f",
                "59cd79599eb955b70d7a276f484112cc7f96bce96645c10fafa702cdd2ed8ad3",
                "98d9a84af7ed3cbbb628acf622d43ded67491ed73d2c1086d29dfd19ca14496f",
                "de182e217fb747700f1c08794b46db4cc65253162425c15d879518b368c80a2e",
                "7ee475dcb656c26033deb66da5e4cac1f0c4393beea6f89a58d5f88ae266d7e0",
                "779ae895ab62b6f6b1b1a14f5ef3d8d8d3c7c0b48f1928c9f267fdba48b64ede",
                "25fb960388044bb70f98cacbc5753b08ce09349986de87e1e9f742f53acc2cd4",
                "ebae176c9ade0a2a3c644b21e31238b5359f9c1a81eb0da6e7fcf3753876dd12",
                "0a6ad25e4e493f5fdd86964fb8d6f59fd0a612c94dd0e291488832a59450b2b7",
                "86e7178170201ef069e1dd4ff07a8b4c4e6ceebff0af97b78d3c34ae445ee510",
                "4cc5c2ad3a491396decb59b600aa1b39aa0bc101758ee225b4a4a79644825ea4",
                "b61e9003ca37a17cfa4dc7d7c11f90f8fa011b9de1969fbcd65c5556c73b5b28",
                "3f0c26e5ee39d9e06d713776c9ed0691d7e36103f121c68db9e8fb7473493f57",
                "ee85dd1fd59f425a41a80a2bc3ca05d2775429597f51e9687dad2a13803812b2",
                "7ff4593488ce33b7dd9a5829e2d389b52f293226082d89fd0decca06797c115d",
                "b45686ea723eaf68af99939c64eae2007c422ad5b4d6adb2f088759fb6f8638c",
                "3d1268de5e3f181f2e2567f3c2e9ae2f43400d211edea5f7c4a04bde1ce4139b",
                "adc1f43aaea7f363c1f325a040b754b3f6fe002fad37319426b54b3af81b2b33",
                "0cda926603c3da852a6624d75f98196a838670d06867916506fe1cff573ab921",
                "ce9d0b32b7cc756c65e8c67739ee76bcdaad69d1efea20a2fa65ef7d24bf2ece",
                "335cddcb84d759ba68ad60f1ec7976db4f631a93edf423023059c773a41754b6",
                "c09ee2d4ea8126388d70cb9923a1721b7406f51532406becf5a2b62bbe663bc4",
                "e34dfee635125c1493efbef84cc5f4e0cc62edd963ec04d8a03f902b8996cb18",
                "7c7620a6d67be65bf19f8c7c6bfe980f7c9b2e265628667c9b708a5717d3a907",
                "7c1371011881378596c9c550ab3eabc8e7cedf8e0109da0563eedbca08813566",
                "3b583a7746bc1517357e65be5c7ccf2c77578af03aadba423006076ccad6fcc7",
                "003e2e568626e1fffcef14d8fd63840564a6b531464a066d2af5fd0d2ad028b6",
                "37586f119dff876fe2dbe63a6014114dba4130efa233bbbb99c56de29a0abd76",
                "a349d7b3c30c446af6eb40b107d50c5cdc5930810fdc9b33e4eddc4d35e0fdb5",
                "3aa41be1c6f7f74b4b6a56e4fa6d2abf6e70b161b620ead8c3dbf09b9e306c84",
                "d964469152f3d4f7b212e320bfba3fcc3aaabe8279b6b1ef69fb30df23082aef",
                "65f0cfe9a4a46b1a7dbd001aaadfca764ed83632493e0075fd3c19669e6fc1a9",
                "8af6c6ba5990ac3d927d14973567c530e596fcd75dc0dc75a4958ef576e1f1a1",
                "a79be418dd44634aff9c09e48a219b119e176330efd2d31f8019a194c134ecd6",
                "0809f4860e611e2a55f2728f62effc4c7814d1fb5cd4a7e831121475aa3e269e",
                "3a84419a10bea126e700ec8b4c4e947304c1e7a29817105196acb0e7b28db3ff",
                "fc47852addce30ba3f636b13f90e5a24ebe42f12f3d09db4821fd63e228c2b6d",
                "66e90bb3e409fc66b8e866b51374846efe08fdb1a212c418a84e550aabb35be4",
                "56eddd9b4d4a433f61c9fa697633e074c9769c5a5cac3d61f356a06b7de0eed9",
                "8e1100b3445a1eded11af0d60df1f4f33426d82ff52f861eabfef9b309258e9d",
                "dafecee7ef3d75b8176dfc6628750542a87504eb138a1ab1dd9fe7c86e84194d",
                "7c7d760320621ad6442e0e2528c2c89882149352af3f6cba09586c8d1496f74d",
                "5e3053f79dee624c1ca23ac914f106a11801da63272d3664f2b8938d6d181ef9",
                "d72243c79bb8ea78657fae0f9bf4f4123861f6abfa3bfb9f58abe48022296102",
                "870de49479a334bccf4e07168c95f2413f8eb5f18f3841e4c920e686287dfd3d",
                "88242fccc2cf53de7a4796239eb15a043dd164155bb8b3fda6e6c4d4d9386a9c",
                "72d505f0d211a08cf72ff7011cdcc07899773e7ff064f16a0a3427d31a3cb396",
                "b57aae4e7a55ce527fb22824c364325a4a5254630d51c17c841048e305fb8861",
                "bc41dad68b4d3afa89e78fa01395a36b560aac48157ba711633e6d24bc7cb679",
                "fe52db33bd9aa159677e49405ddcae15502bb46228aaeb217e0ebdc6e25b9889",
                "8d3362c747e525e963ee78d4cdd714c0bc2eca8771e4b0ddc81bcaacf586f2f6",
                "cc83c11ebad73c8078227664037fc25c83f97f48176cae78b53f7f6b8e0cd8a3",
                "c54bc6e075f257c72e027875266cb6e616b61c0c284053718ec41a392d30aceb",
