{
    "domain": "signalintent.com",
    "owner": {},
    "source": [
        "DuckDuckGo-US"
    ],
    "prevalence": 0.000307,
    "sites": 45,
    "subdomains": [
        "embed"
    ],
    "cnames": [],
    "fingerprinting": 2,
    "resources": [
        {
            "rule": "signalintent\\.com\\/js\\/embedded\\.js",
            "cookies": 0,
            "fingerprinting": 0,
            "subdomains": [
                "embed"
            ],
            "apis": {},
            "sites": 35,
            "prevalence": 0.000239,
            "cnames": [],
            "responseHashes": [
                "4d710aa63eab971a371b4a1dd08fdacc8cff9e08e012a753d12efb342ba98fb3",
                "f3fcbc0f35d382f17553f4496952551404fe3391d298cd94cca1bd0b7cdd0114",
                "3c01a2c082db173d6fae6ef905572bed2507c8aea114486287f788d1846bd7c7",
                "895b40e0449bb23c47c45bd9af804e4a77457192c48df5f139cffac9a6f99dae",
                "900c989a4a93884bac146832318fd7086bd14e92a6542089232f9f600cc7f4aa",
                "b910fb17304443c8fbf072bad6650b831037755879d4799d807ad16cd1d3a561",
                "207cadd0ebd79ce0290159367e352938276842890219ee44fdf69a6d7f3616e4",
                "a8e75cf3af9a4d212e3c1da459ec4c4f5e21925025e58f136944e888fdb08b6c",
                "cc604f760abbfaaed62e90c3c6b439283a40208e33ebf1844cbd6350830a96bb",
                "4b0d5157738e4c3782ff06bd4f41adc45ffab160ef69078427e4a9540f1c8d1a",
                "05056a2a507b5b08943349cb7394b491f830a107b4335e55f337f0fab479b1d1",
                "6d4572db5e5a83e63a30f46d3f602616b83fc2bfdc5209b4979fc4789b9b2997",
                "7599583a4eb4d11afd7fe5478fcc56e7464d6985da86d061754bda9b1e9380f1",
                "aa1512012743bc519929e5bbe6bc55a92840a5bd317c706e26a8b0428f8f397f",
                "3a8728e3a6b36493bb11c68e81c50cf9a0e780b3eb2b8b8dd01a2dbf0b71080f",
                "3716744af11eaa0518e4b1b01dc19d73ec8268234c69b4492cb44d380fdac23d",
                "9b8533194d96c9ca8d9531e5d69855f0dc553eb2a692a498cc6d89c569389f08",
                "6e1840f8492f756694b2dc5bdc4560449fcb904d37a2fbf74cea29ebfc015d9d",
                "14517662449cbd35480f9ed0e6ed12f56da1eb28ead8891866b7a08e51576e96",
                "0529c274cbe1c8cdcaaf72577c78ee0fddd4285ae4993125f9d0aaf22ac95d7f",
                "ea75bf3169d9090b3cee79e085e10eedbdfb760f3af4e0fa074fdde52cf6d8f8",
                "c862ade1111bb239bd3596a8d93229b4f0357912733ea1024063e0b717c1b089",
                "5498262a23d2df621ea0765a9b9ce119ed008768bf5036d1e082a5b74cfb8986",
                "5ea2a32e00454bc90ce652c45aaa7b5b7f42b674e6599e51ffe5752c862cb31b",
                "dd62193ce6bf509ad657d10a53a61ac0e310ac1e2de5804079c70f34cec1ad82",
                "f4294d3bd078fe30e1efcae13094f3099b6ceea33e71a53e3b57be4f065b8d83",
                "99f463e910565543039e6c7f9c0a2d99114a1ef62efa6419ca5e1d7d056cabdd",
                "850a9bcc4967b036afd138639f9229f0f2bc0f0cde23e31f0ab69625b0babace",
                "2a9719f4804fe92f5d736f15ae76637eb87d2484f9373cbf2463c84be4c5fabc",
                "ba6559a767cee95065bdd24bc66b10ed465335a4d671d9088885cae35d3fd2de",
                "3ffa54e8e5ce193af65460f6e9e0b335471bc081fede6072ed9ccc3a08c4c2cf",
                "889c4956c2bf092f7c4e1b5a53bab59faca96493cf05e3ac228ec1fb4127c5d3",
                "1e7761f99f1a71338f9ff1b42fff8bd76ef782a8f5f7f5c42d2d0daa1e992207",
                "936f5f573699756fd61537e708aef583cd8923b80035ec7380a2434a27d17765"
            ],
            "type": "Script",
            "firstPartyCookies": {},
            "firstPartyCookiesSent": {},
            "exampleSites": [
                "unitedfcu.com",
                "www.achievacu.com",
                "www.cuone.org",
                "www.iccu.com",
                "www.wecu.com",
                "www.soundcu.com",
                "www.bankwithunited.com",
                "www.gtefinancial.org",
                "www.affinityfcu.com",
                "www.dupaco.com",
                "allincu.com",
                "www.communityfirstfl.org",
                "www.vystarcu.org",
                "www.sunflowerbank.com",
                "www.amerisbank.com",
                "www.midflorida.com",
                "www.chevronfcu.org",
                "clearwatercreditunion.org",
                "www.valley.com",
                "www.everwisecu.com"
            ]
        },
        {
            "rule": "signalintent\\.com\\/embedded\\/main\\.16134198c0fe22158052\\.js",
            "cookies": 0.000191,
            "fingerprinting": 2,
            "subdomains": [
                "embed"
            ],
            "apis": {
                "Navigator.prototype.userAgent": 30,
                "Event.prototype.timeStamp": 30,
                "window.localStorage": 30,
                "Navigator.prototype.product": 30,
                "Navigator.prototype.appVersion": 30,
                "Navigator.prototype.vendor": 30,
                "Date.prototype.getTime": 30,
                "Document.cookie setter": 28,
                "Document.cookie getter": 28,
                "Navigator.prototype.onLine": 29,
                "window.innerWidth": 1,
                "Navigator.prototype.language": 1,
                "Intl.DateTimeFormat.prototype.resolvedOptions": 1
            },
            "sites": 30,
            "prevalence": 0.000205,
            "cnames": [],
            "responseHashes": [
                "3a855e49b30622a0f8b24fd278b028c2b8043c427435db0d3633836f87a6f981"
            ],
            "type": "Script",
            "firstPartyCookies": {
                "ajs_anonymous_id": {
                    "ttl": 31536005,
                    "length": 36,
                    "prevalence": 0.000006832001093120175,
                    "uniqueness": 1
                }
            },
            "firstPartyCookiesSent": {},
            "exampleSites": [
                "www.dupaco.com",
                "clearwatercreditunion.org",
                "www.nw.bank",
                "www.soundcu.com",
                "www.whitefishcu.com",
                "www.towerfcu.org",
                "fccu.org",
                "www.scfederal.org",
                "www.amerisbank.com",
                "www.gecu.com",
                "unitedfcu.com",
                "allincu.com",
                "landmarkcu.com",
                "www.cccu.com",
                "www.everwisecu.com",
                "www.sunflowerbank.com",
                "www.iccu.com",
                "www.midflorida.com",
                "www.newrez.com",
                "www.fibt.com"
            ]
        },
        {
            "rule": "signalintent\\.com\\/embedded\\/main\\.f84d1e7e9ac017d1d62d\\.css",
            "cookies": 0,
            "fingerprinting": 0,
            "subdomains": [
                "embed"
            ],
            "apis": {},
            "sites": 30,
            "prevalence": 0.000205,
            "cnames": [],
            "responseHashes": [
                "8539d2aeb1d7111a05a87c63a19e40e92191eeb0c729c741a4f45375dfdc5968"
            ],
            "type": "Stylesheet",
            "firstPartyCookies": {},
            "firstPartyCookiesSent": {},