{
    "domain": "smct.co",
    "owner": {
        "name": "SMARTER CLICK TECHNOLOGY LTD",
        "displayName": "SMARTER CLICK"
    },
    "source": [
        "DuckDuckGo-US"
    ],
    "prevalence": 0.000711,
    "sites": 104,
    "subdomains": [
        "events",
        "ep",
        "ls"
    ],
    "cnames": [],
    "fingerprinting": 1,
    "resources": [
        {
            "rule": "smct\\.co\\/tm\\/",
            "cookies": 0,
            "fingerprinting": 1,
            "subdomains": [],
            "apis": {
                "window.sessionStorage": 38,
                "window.localStorage": 9
            },
            "sites": 53,
            "prevalence": 0.000362,
            "cnames": [],
            "responseHashes": [
                "ea7ec6c2f393ba344db01d3128f8b65f83824334031da0c868e45f7d187d68fe",
                "79628dca0b39f6f83dec9fc998a480436e7f7cfeb1bdf2e0c017296287e6291b",
                "aea62ab8d921783d8a5dc02d303daf6c84e57dadfdc39d3cdb96a2d5f32bad6f",
                "162bd0f508d874e0959ed0c0e4ce1ce38b1478ea82574bec06cc0324fb43052a",
                "cc2225e69bbe509d75dcf590aaae4e567b56cd5756455f220a4f74afb5c75999",
                "060841a262c3efba6fb601637e663198a35a269db1c6194a85219c36f18d2346",
                "c55f013bbd70632cf800a1aaed9f681e169f1cf8e518f02776a7190872c621ff",
                "ff2e57b65916838878f1af7662fd53e8c34dbcaf14f2da64592612d2c80e5fda",
                "e35505128d9ee133d3e2936c35e440b9e53079bc9b304abbe78e7a4037c0e6ae",
                "b3e51d7ff36cca6edc17e43c3129a31ba42c9e937ff4b8cf409afb4f201ee7da",
                "16bf3f003e1781d44d42f3eb9348018e06d3bc64289d960d470432e72dbb2305",
                "6b71c61ee5cb5e5c8faf542aa65f690a6f0c533a3baea7cc0a38f69b71b700f7",
                "a73a0880ef4d13000bb04a5cfefb90ca91fa013fb860ec590ca3a3949d67a4b0",
                "bd81eb66c88c04860ad57c00b7dcb4cf5f0930ed11821484b49542253fcd4aae",
                "78b1726a9cdf807b32e3b5798690a3497c8e3b0697d3ab11191841e695f87fd9",
                "6502a69a1c89e232b018fa79faff2b81250874f34a04d13d51abb97555a11270",
                "4a9e46299d068808b22f3a664ea643b90143db65a81716d269078ab47440868c",
                "b93a57fab27940b4d91df4e17926510e63b81a4bf7e3fc1f09dd1c52113249b2",
                "8e83247eda17dfe6e9bff9c2e567ea10c910873569f7f9f3166b995e78d329ce",
                "5cc361ec63c771306ca7d3910d3a74e40aa7baa927e27370bc924b48da6a7de2",
                "113ddc2ecf42c8506b9bab4c5250161b374b82f86274b787c0a268ae7286a540",
                "235f386ac19a0a406f048206912bce143f2b8c6d3d47a8fa5b5930d886d25a10",
                "837049717ee77b58f0a01ca5fd22f46de021f50cb9d175d6ae96b02967eee6bf",
                "df979e44ccf888c37e13c2667b36c71b415195ec78d8a4e27b9c12ee32627cb5",
                "bd3a3f7039754b87fee285c6fb3265f1f03c9828fd2ef0307b782415acbd5a56",
                "0a019399542cc091f9348183e0d71a8d3c9a21b22b5e44c52d18be8eab9fd065",
                "35f821bc57680410719dbb11647917595152881ad4a4803a445e0ce62045fa25",
                "122456f9ffa666ce9fe1e1e49951a7bd925d77debe7c7395e3eefad595b6dbd8",
                "c66983063356589abd7f85f582b0d551e426228e08dcffb67d8a9bbff5f8b7f5",
                "beb65b107cfaa81fbe4b853198c9c8bb7002d101ce4c8be2a2d9adeb8d22fcaa",
                "47860ada723c53f6ddfd410482f0bf9b1a67c00870ce0452f8af6b47a8facf52",
                "5b9d8757f0331da0d81032c3f8a32a69a01c730e0bae55fe0a81553b45b5a106",
                "e81cfd033c3043042908215a8c7458dc46b62df16aae46b98a0c8c75e8afd2f3",
                "1e9cca57b00c114ca8192d2946970c278e54ea15a69420e3570d9c8a805d8b88",
                "83ed3558c5694e7b8abb273d52483da95cde95cb2b1bb6ae80d7bd8c2f31b836",
                "ba80bdb896be451d027698f1b305b76523f1b5687874769cd4d39358dc1aa771",
                "1312bab9e329a348555d53239ab4b327e181a819a2314197f95f1349b54f6682",
                "9edbd861b59e2611adbf65e4cb56edffd97bcb250f1f63002e7625029416ba78",
                "e532c84faa7d91c90a610dcf3d35ab9ab99b334768ca3406550a236515e6021c",
                "24b28a786a090bbb2cdb0897aae28b1588e85281cea7d87da582fcda37be4f32",
                "27e3975dc3021bc8479efb7c68df68228594b767ed87e4ff32d190a524864f0c",
                "df470cf3d857399d8ce348f9f492bbf22e6b636b02186e55ea66e0fa740a1b6d",
                "d8fa5c989f0a42bce286795a08ef9c2359e47fa138954786895f7dbaa12f95c0",
                "063d1a2e6eaafb2a3f0c023eb0bd8bacb61884cbf1e8dc2317192611a237da6d",
                "5702bf5e02bf5f299672f854b766b1ae37285cf8536beba6c3c223fe411998f0"
            ],
            "type": "Script",
            "firstPartyCookies": {},
            "firstPartyCookiesSent": {
                "IR_gbd": 0.00003416000546560088
            },
            "exampleSites": [
                "www.parcel2go.com",
                "merch.mahanow.org",
                "hylands.com",
                "www.catbirdnyc.com",
                "www.eyeglasses.com",
                "outandbackoutdoor.com",
                "www.gloriousgaming.com",
                "stingersolutions.com",
                "www.eufy.com",
                "www.santander.com.br",
                "www.admiremyskin.com",
                "www.forevernew.com.au",
                "insulation4us.com",
                "www.leedsbradfordairport.co.uk",
                "classiccars.com",
                "support.tablotv.com",
                "www.backtothefuturemusical.com",
                "www.thehomesecuritysuperstore.com",
                "www.hotel-bb.com",
                "www.clippervacations.com"
            ]
        },
        {
            "rule": "smct\\.co\\/event",
            "cookies": 0,
            "fingerprinting": 0,
            "subdomains": [
                "events"
            ],
            "apis": {},
            "sites": 21,
            "prevalence": 0.000143,
            "cnames": [],
            "responseHashes": [
                "63f31f9a5988f712d22db3ca02b89ba5603b65abffe69cb8d7900bbf21264b34"
            ],
            "type": "Image",
            "firstPartyCookies": {},
            "firstPartyCookiesSent": {
                "smc_uid": 0.00010248001639680262,
                "_li_dcdm_c": 0.000006832001093120175
            },
            "exampleSites": [
                "curiositystream.com",
                "www.eufy.com",
                "www.hamiltonwatch.com",
                "abbavoyage.com",
                "outandbackoutdoor.com",
                "www.princetonreview.com",
                "www.outdooredge.com",
                "www.trivago.com",
                "classiccars.com",
                "www.madeiramadeira.com.br",
                "www.catbirdnyc.com",
                "www.wildsecrets.com",
                "www.backtothefuturemusical.com",
                "www.mudpie.com",
                "www.parcel2go.com",
                "www.xcaret.com",
                "eufy.com",
                "www.kabum.com.br",
                "hylands.com",
                "www.thehomesecuritysuperstore.com"
            ]
        },
        {
            "rule": "smct\\.co\\/bb-ep\\/",
            "cookies": 0,
            "fingerprinting": 0,
            "subdomains": [
                "ep"
            ],
            "apis": {},
            "sites": 2,
            "prevalence": 0.0000137,
            "cnames": [],
            "responseHashes": [],
            "type": "XHR",
            "firstPartyCookies": {},
            "firstPartyCookiesSent": {},
            "exampleSites": [
                "celestyal.com",
                "www.jobtestprep.com"
            ]
        },
        {
            "rule": "smct\\.co\\/tm",
            "cookies": 0,
            "fingerprinting": 1,
            "subdomains": [],
            "apis": {
                "window.sessionStorage": 17,
                "window.localStorage": 7,
                "window.name": 2,
                "Date.prototype.getTime": 1
            },
            "sites": 32,
            "prevalence": 0.000219,