{
    "domain": "sskzlabs.com",
    "owner": {},
    "source": [
        "DuckDuckGo-US"
    ],
    "prevalence": 0.000369,
    "sites": 54,
    "subdomains": [
        "pbjs"
    ],
    "cnames": [],
    "fingerprinting": 0,
    "resources": [
        {
            "rule": "sskzlabs\\.com\\/bid",
            "cookies": 0,
            "fingerprinting": 0,
            "subdomains": [
                "pbjs"
            ],
            "apis": {},
            "sites": 31,
            "prevalence": 0.000212,
            "cnames": [],
            "responseHashes": [
                "31d68ebcc10a9ab980c8cd88bd8773cf10ee9c5077032c556c29f318521ff916",
                "da3be228045df9d162f99363b6cbb8d4815887572480419d4a26520121aca222",
                "e48a00b05f7428f34a95b09455edf3e7cef01bf61ee6b17b1690dd6c40f0aad4",
                "c5075b0f1a73f3c02465501be8fa03712799a56ec7594bb9bf29965543cc8d38",
                "edb7bfdf187a3269aab104f59f77f4293cc5f43b3f11a84f7a71df06177fb912",
                "8cf686616ec551c154020bd430d1b00f9e6307877dbb5e654dca8cf41fc21690",
                "0dd2d931f00d6ef5ff45be3963c1d8551492683c0be952759e570d5d593115a5",
                "46e1e0c8d7c9e41d816b875b03922ad3a043c6e9550a24b8b691214a27243314",
                "0b641853b56f7779c8b25ff3ee289e2b42427483fd54e4af17a701819aa6f0da",
                "c082a51a44152f6d70c088a36c3465ceb76dfe5cab4ee89cabe07c379e913438",
                "bb45c9264420e8cba3282de34ff3ac3bddf9638666e7d21dfa9ea8fb132590a9",
                "db8b184b011ea1125464685e2e33641b211c735a1e20b5e4df93cdd117e32914",
                "4392e446ce4f6cc500c512b0414a18fcd17622c236056f6a8c5470f9abb04cb2",
                "fb68f686588a7400e4f0ec50df397ed498df8f7cc655d8f81331f56e6ef1f7b2",
                "609516d868a02236c7f13e7ba65136b392dbef28024e732331f8cbed693f4aa3",
                "012e008d7e890e856561faa377db8066cff76254c2b2b7eb9fb463a968e1738c",
                "200c39882cc8810969e15dc36ca13f654dea56bc9f73c5d149a50928ba592757",
                "bdb09b2cae73d450f3c9fd5aceeb48409dab625342e42d06f64359acb520decc",
                "00fa5b2cddb7bc5fa6aa011c4138546cb3bd34a8e034348b0a8d2738aa58e5be",
                "be0d0178059f0c5e13de6f4261465385dba0bc83e9e2651b4303312d189f18f3",
                "3b7d30a8bb887426719aa0bb6fe9b995e8457035a92fea5bbfb0de342cf727c3",
                "b61103edb5d5a9e8933f3a2c2c8901de9fd37003dd1a276ec58f53471ec340c9"
            ],
            "type": "Fetch",
            "firstPartyCookies": {},
            "firstPartyCookiesSent": {},
            "exampleSites": [
                "www.tvguide.co.uk",
                "linternaute.com",
                "it.ccm.net",
                "www.bolsamania.com",
                "www.filmtv.it",
                "us.soccerway.com",
                "sante.journaldesfemmes.fr",
                "ccm.net",
                "www.frasicelebri.it",
                "cuisine.journaldesfemmes.fr",
                "www.caradisiac.com",
                "de.ccm.net",
                "www.linternaute.com",
                "www.programme-tv.com",
                "bricolage.linternaute.com",
                "droit-finances.commentcamarche.com",
                "www.entertainmentdaily.com",
                "thetab.com",
                "salud.ccm.net",
                "uk.soccerway.com"
            ]
        },
        {
            "rule": "sskzlabs\\.com\\/notify",
            "cookies": 0,
            "fingerprinting": 0,
            "subdomains": [
                "pbjs"
            ],
            "apis": {},
            "sites": 42,
            "prevalence": 0.000287,
            "cnames": [],
            "responseHashes": [
                "71afeefb6b4fb9d568dbcf67259b9d6323c46ef88e8f7dfc818d1edf963cb664",
                "da3be228045df9d162f99363b6cbb8d4815887572480419d4a26520121aca222",
                "17b9d2cd92128dc32e84deeaa21a739b6b6bc27d81f70b652d01e95963455e92",
                "0379b7567ba1ccac41300cfafaae527d2ed7b3a534a354f5751ee7131c8c5c81",
                "20946c150159330e8051fa3f0f089b68664e7befeedfa481ab01eadf246d414f",
                "edb7bfdf187a3269aab104f59f77f4293cc5f43b3f11a84f7a71df06177fb912",
                "82d604e37b4011a048c116edc4a32b7d66a000a2f0c40f764af48561161dcb48",
                "0dd2d931f00d6ef5ff45be3963c1d8551492683c0be952759e570d5d593115a5",
                "d96e716788dbe4c2f054b5921b490052261e8e307bda663a7313398499b0bd10",
                "0b641853b56f7779c8b25ff3ee289e2b42427483fd54e4af17a701819aa6f0da",
                "9bc7ddc2ffd1ccd182767b35e94dc5623417c25f92214b4c685aa15fb3505559",
                "34ccb9cc074c2dfd16e430441a63404ff98cabc663a527d3fb3aecc0ed03475a",
                "cf6f49a487b8902c3b9b8aa9fc1d78ee1b97afbffcd6f2fd5366a3d4cdb62da8",
                "bb45c9264420e8cba3282de34ff3ac3bddf9638666e7d21dfa9ea8fb132590a9",
                "d0647bb41ce73fa82c9cb4f2dc178bd9b8f149992caefb740dc6262f13f9fb44",
                "c2a74b57a1ec2c1010fe8c875cb47673a8100e5e2335336f1b274d3d4206098c",
                "19e78e1818d0f370f6d15f7ddf714cb0eca1dcb84cd5a175d63a3dafa1483193",
                "e79d7d7e8db181e09e42b9103d69e9feb0bf7625904f6a7d10c108eb33a04c29",
                "adb336100a52a90b92bd1171a3ee11dade473def8e307879bf0ca78a548f40a2",
                "8c8ff3cb973dee86b788bdab49f0f1954da380a8396eb418b3f416670bc582ab",
                "6c8a8145e770129e621058a0afc938ba6b64557cd01d47eb3490312596cdab49",
                "914682e2f84cd33294a86d43bab5eb8f3bf57e48c6005bbfce319a7b274707cd",
                "7030867514191e013d70c9736fa80b298944617e7b9bd3c3acda810707991cdc",
                "1bfb0ae8a53647f9686ce29df297880b47851fad196c7565cc99ba2075b66d1c",
                "7ff5b1a12d42084139b5624fec88ddd38237a815d75b19cd14e5712db722a171",
                "f2d7f18c259a6f989011c438a91b71a0d28c3b307535fdf1e990402bfac605df",
                "d285fe2569c2150c71c0af67fcfa6bcefaceab52f520a9d55bc3001c1b9aeed8",
                "0dbcc15ede34858cd30d316264f727bf96b8738079d7f8c0394ad884a30933b5",
                "29c1c5dbcfc9cebcdfc4dfb1741d2336d0815b0f93d858a7a33bc77be9e3caed",
                "ca4e64718c815442c1c9f703b894662bc6e4678ddd85d601951a89d04f5466f1",
                "9c00a88290589d2df08114178aab4c16a0f86739a1223b9c556e2e20634386f1",
                "7cb814b4f308ca401f9accce1578ad50c8353f011b2a521d3165fcdeedb6e7b5",
                "15db340d8b0ae2537778ff95feeed56b205e4b50c8132a619d5666424de37232",
                "6a39ad5e3785b4d59620cd1d52a1c167ad80a80fc13562833c8d564aa0faffd6",
                "5b8a70db5c6d80949f16229f885da12e77721fbdcb9a0af58ef868bc24827f69",
                "ea2d6b5ad0a21794b974e8383a477299dffa13b360ae8575d2e10302538de7e0",
                "104d0958bb8de8413016c9991bb053293880eeea2b2b7787ac64119f6ae8c3da",
                "0da69a44097955b7ebb3a46e9b48f3c906d94d07d27a41901c06bd99c2088896",
                "6275f8952a27ffa91cbc910d7b86b96b87e84075c72699833363e84dd61bd14c"
            ],
            "type": "XHR",
            "firstPartyCookies": {},
            "firstPartyCookiesSent": {},
            "exampleSites": [
                "www.bolsamania.com",
                "www.journaldunet.fr",
                "classics.honestjohn.co.uk",
                "es.ccm.net",
                "bricolage.linternaute.com",
                "portalebambini.it",
                "themanc.com",
                "linternaute.com",
                "www.50plus.de",
                "www.lacoccinelle.net",
                "www.cnetfrance.fr",
                "www.caradisiac.com",
                "www.commentcamarche.net",
                "www.followfollow.com",
                "sante.journaldesfemmes.fr",
                "www.grin.com",
                "www.linternaute.com",
                "wrestletalk.com",
                "www.programme-tv.com",
                "salud.ccm.net"
            ]
        }
    ],
    "categories": [],
    "performance": {},
    "cookies": 0,