{
    "domain": "stilyoapps.com",
    "owner": {},
    "source": [
        "DuckDuckGo-US"
    ],
    "prevalence": 0.000239,
    "sites": 35,
    "subdomains": [
        "www"
    ],
    "cnames": [],
    "fingerprinting": 0,
    "resources": [
        {
            "rule": "stilyoapps\\.com\\/reconvert\\/reconvert_script_tags\\.php",
            "cookies": 0,
            "fingerprinting": 0,
            "subdomains": [
                "www"
            ],
            "apis": {},
            "sites": 26,
            "prevalence": 0.000178,
            "cnames": [],
            "responseHashes": [
                "41e80f8ae26eef8c4efbaca88ea9171ac62f8fa5af8f62b6921556ec9c03d54d",
                "2d3808382ba17f23a5e26afdc8add42a10b0829eeb16053bf6cc4c99de9dcd4b",
                "31cafa00dcc12ae0f9a9f67856b75a967432091abe2708a9acc993a837856327",
                "278a42f061c11a58ca4f4b358c295bd7bbdf2b5d2c0617de990da20c9baed157",
                "f7e5002d91a6c785b288da31562a6ecb5b94e5ccaf26593353edf36701689cb7",
                "d3a8c88369df142f5c8328644ac586009d8361ad33816a9ba85b334d00af86f4",
                "3447042702aea4447b0376fb446fb12195beab829dd71e5f23dda8b8230efb1e",
                "f54c5ce312d104b4e2340b3538b333113fe2c633c37f0380c985ccb6444c2dd7",
                "f8e71f9c2e4099784c49968f7cb255dc907cc3a550e2616d9a8f33249198ad11",
                "bb5ee7bfec3976853f3be718e6ec9b4676c543da253c8215b003d316e4c44bfa",
                "4d74265c5fb2fafb1be555a0e0947866f1a6497e2681b2036fff687b5ce2a3dd",
                "032b889493a39464d8faf38938150d67ec63e6ce9d98ced1c43ea756f13f68b1",
                "46dccc4664bae6051ca36160a012b8e5c48c80299f68b083be552be2362b58cf",
                "c1752b7887fced3e8dd54b8ca87dad9a599dbe61446de2add3bfcb1ef1fdc29b",
                "f90387d56df3608cce8cae088b062438d06541f9649538d645f0adbee4a881fa",
                "06e00e02026033528e4d937f98c8d6f12497a56348772a8bf2cbf1450e01b476",
                "0e59b8ee7aa7fd99ee52a08f4c108a85095008ada634b4f1a21f88042dabed16",
                "248692fe781e2ecb11bac94d0e909d857f307dbca9f4c32b9080d83738d921f6",
                "2d1637d9743cdac341a6ec527b5a0b54b13ea76d422f4cbfbfa4249a57a2bccf",
                "503c9a68d2700dc2accb6a7d95ce441cac42bd7ca494846726bbe6716c72bf72",
                "53b14ba3832d7fc4fbdd55aa4ab2f31f4832065352a043e62d21f10f8845a3e4",
                "55e66733881cfc095f8354c800c592bf166991c1fa9f18375fea809244f44db2",
                "84a9bd71d4938480532ad4c3acc808773ec084f197b08ef7650763f32b5a6ab8",
                "69d31e7caf68a182be8167a164329f577c0d3354eaeeffb073e960d41c96d64a",
                "397f728ffb94fd693f012b0e9cb87d086bcbc2ba47ab262597aa61db4e1354ea"
            ],
            "type": "XHR",
            "firstPartyCookies": {},
            "firstPartyCookiesSent": {},
            "exampleSites": [
                "super7.com",
                "republicannations.com",
                "heysunday.com",
                "www.masteringthemix.com",
                "kateminimalist.com",
                "solgaard.co",
                "augasonfarms.com",
                "kizik.com",
                "peachybbies.com",
                "shop.moen.com",
                "qualityliquorstore.com",
                "www.cardosystems.com",
                "www.holistapet.com",
                "www.sakerplus.com",
                "fanarch.com",
                "www.carandtruckremotes.com",
                "sunwarrior.com",
                "rncstore.com",
                "homezonefurniture.com",
                "www.rivbike.com"
            ]
        }
    ],
    "categories": [],
    "performance": {},
    "cookies": 0,
    "topInitiators": [
        {
            "domain": "first party",
            "prevalence": 0.9230769230769231
        },
        {
            "domain": "noibu.com",
            "prevalence": 0.05128205128205128
        },
        {
            "domain": "avada.io",
            "prevalence": 0.02564102564102564
        }
    ],
    "types": {
        "XHR": 26
    },
    "nameservers": [
        "ns-207.awsdns-25.com",
        "ns-927.awsdns-51.net",
        "ns-1048.awsdns-03.org",
        "ns-1627.awsdns-11.co.uk"
    ]
}