{
    "domain": "superfiliate-cdn.com",
    "owner": {},
    "source": [
        "DuckDuckGo-US"
    ],
    "prevalence": 0.000485,
    "sites": 71,
    "subdomains": [],
    "cnames": [],
    "fingerprinting": 1,
    "resources": [
        {
            "rule": "superfiliate-cdn\\.com\\/storefront\\.js",
            "cookies": 0,
            "fingerprinting": 1,
            "subdomains": [],
            "apis": {
                "Navigator.prototype.userAgent": 45,
                "Document.cookie getter": 43,
                "window.localStorage": 17,
                "Date.prototype.getTime": 1
            },
            "sites": 49,
            "prevalence": 0.000335,
            "cnames": [],
            "responseHashes": [
                "d3ecfacf9f5a6311eb1c81bf248c0750fd8cf5047bf4e45ec234180d985e6e7f",
                "973cd9d9313b0b6a6d53ccc1b5914bc37e0eda06599edb51d90030aa3afd5bf8",
                "e56d989a524b94f0389db1663033134a04dcaff975ba8a30b8d4defdf68ca368",
                "0327d6bfde3d93edbf1deee360bb1764e3f6df399099c505734917c8177cfc8e",
                "9b2455260fbcb35c105117472d44bc3c4c7ce42fce9472a33886a0f3eeca7bce",
                "b05466566e2270e327d319ab80229a57a19d683d9776d908162837fb1472e191",
                "d19b4f6b926944e90b052397e08e70e344d2d9d6939d4d2077f7ed782d86820d",
                "2bf746ab004563ac5b5d30998f96627459a7df68ac5869e8fd57336bab91f925",
                "fbb34c9c53bff83a59ab72402c9fe6871e34671298c77b26b36672c8c236313e",
                "0c71202eb5d36722cb0dac80a4aeb10b7eb2671beb61c30b232bee3a0d666ed5",
                "8e40cee5cfadde5c049c01ed1e52113de9dc2995ccd6d00cf214988d6692b19a",
                "60126d44c6f9450ee6bf4623745224cfdb5a291ededfceca900a734c736799c8",
                "8a283a1a800ef6b150af5c6aa8d6b69ea29e818ac691c1ab54a456a495b63811",
                "16bf1bfd5bb8f1fa151ea730c6515091fde14c64bafda52576e0b657b8055df3",
                "e3b0c44298fc1c149afbf4c8996fb92427ae41e4649b934ca495991b7852b855",
                "5811f4ee9f381601a36c7b64fbc6037a9be00aeffe5f7fab46e6f941395b6040",
                "b564b801176432118839770f83e9fe637610430ac8e1557288de67d327203a4f",
                "b772032206bbf45b8a2917c07da22ea75148d27dcea6a6d248938306b8b0abef",
                "b885750f61c30d9aede36bf577edf58c051c946aecbc6b00884cbc56951e3b9f",
                "599418dad264cfd529537c4dd0985db6ea036779b7512bf65fe016e16f262b1a",
                "cc912f94e5f56e7b2e963d62adf561a1517ebd6c2d9563ea4f212b2d912fd69e",
                "02ce2dc53d3565f0c8ea5102940d7bc07e1253b748f771cf4bcf236aa1f549c8",
                "e717d8f94ce48b70052eeb0e95799c92190f951b514bd3464dfbb3b592cf35e3",
                "3a206a986bfe5b69bcae1c8b8f0460e4fc87337bf0a81deaf227682dd7ccfdbf",
                "23c7978307f7a0f0cdb4a315a95d75d1de3bf3a90ce39805aaef29061dad292e",
                "22dbf9b32c01f596b58fde042c2e7db5e1e464f410ce4a74180236a2245169df",
                "048bff86b535ee6c90c356ae49e09a791b044d53368d4cc1c5612077339397bc",
                "de830adf2f57f0cbb2ca4949fb2580ff06736f2f95691b8871ba0f3292ffe01e",
                "2f89d84fd85f439d5178f3d4a274125409b019655fa9037c1b7b31f2e17e294c",
                "4353ea0ce1043f2bd17ebe65b9baab7304d3286008d261ff18b02b04794265f9",
                "9c250248415922f28bad15dd03c8a0ea3ac96b0923a2e2caaf19eec24ca67a26",
                "200fc7253691c63706c9f204151202c9bc69d2f78cab80475b60d18fc1dc4660",
                "0f053bc7e342430e763851bb806f69620f288796870f8d0db8fc621c1c51b63a",
                "fc09874840a2b7eb4c9150ea50d00cd16cd446b8f5fb4cc75d2524085069e7fb",
                "86104addf6da8beb29e4552385130e5a4aed75af6eb5ec450a96d774aff2e241",
                "cb452d43c1b3b8dead0ffe789597501147cf6b493bc6c72c5840c443902fac39",
                "774d973246d4fa183e6e3eeae1b422b34ea015b65b0f55474d33b8e4ae561ceb",
                "05a0c4e62138ca8c15beeb73f217d900609be25ab6995713806276807523ad14",
                "959ce33a974bd9d00532ae9ea61422c13839ffe86cac6f1849df8d5f54f55cf5",
                "c09942973d1dc94062b67506d71aed4eab215642e86d44f1f9cb8b2d5f11ca88",
                "0ce814ef71bc2036ef925f204ed8e8190418bb7ed52faee79295db8b04e12cbc",
                "638eaac9e776506cd11ea98ac38d9984e9042745288208bba42fd9229871d22a",
                "773dc86a2c90d64d5516de04ab34963f5911737cccc5a2d5f1e8774ca08ece28",
                "452d9ce42495df019fbb06bc3e9a15808a304d528afe18fafca7fda927853b95",
                "cbb316ca30ef83d8d835b38751199636caf759b0db5f46e28cbbd785cf0cc462",
                "1f3f2311cf90441c7c66ed763efcb18e73d1bfc9fe18da914190e1129b3d28c7",
                "0a59b8e1dc98a2ee59d7c8b5bb77fb7e84e62227ab7ed4e6702f19ec51b5c898"
            ],
            "type": "Script",
            "firstPartyCookies": {},
            "firstPartyCookiesSent": {},
            "exampleSites": [
                "medterracbd.com",
                "lectricebikes.com",
                "aloha.com",
                "simonpearce.com",
                "stopboxusa.com",
                "cozyearth.com",
                "tryarmra.com",
                "aroma360.com",
                "allbirds.com",
                "lucy.co",
                "www.trueclassictees.com",
                "giadzy.com",
                "drinkolipop.com",
                "www.simplemodern.com",
                "trueclassictees.com",
                "tryfum.com",
                "www.newtonbaby.com",
                "us.manucurist.com",
                "blueprint.bryanjohnson.com",
                "moonbrew.co"
            ]
        }
    ],
    "categories": [],
    "performance": {},
    "cookies": 0,
    "topInitiators": [
        {
            "domain": "first party",
            "prevalence": 0.9473684210526315
        },
        {
            "domain": "yottaa.com",
            "prevalence": 0.02631578947368421
        },
        {
            "domain": "osano.com",
            "prevalence": 0.02631578947368421
        }
    ],
    "types": {
        "Script": 49
    },
    "nameservers": [
        "glen.ns.cloudflare.com",
        "nelci.ns.cloudflare.com"
    ]
}