{
    "domain": "taboolamedia.com",
    "owner": {},
    "source": [
        "DuckDuckGo-US"
    ],
    "prevalence": 0.000704,
    "sites": 103,
    "subdomains": [
        "cs",
        "us-east-1-cs-rtb"
    ],
    "cnames": [],
    "fingerprinting": 0,
    "resources": [
        {
            "rule": "taboolamedia\\.com\\/sync-iframe",
            "cookies": 0.00056,
            "fingerprinting": 0,
            "subdomains": [
                "cs"
            ],
            "apis": {},
            "sites": 101,
            "prevalence": 0.00069,
            "cnames": [],
            "responseHashes": [
                "2472154fa90d9b7f5c5a17b3cf49e4e0e07487f91da965d7b12dcd88f66130a4",
                "45b247e253f4f2239d40c5ee280f5407bcc27e0e272aa4f84efe53fa9f97231d",
                "9168bbb7e4eaebfc3201714720a2220c1d8ae4d2d03f79371de2391815de6518",
                "20243641a950640170197252ed964aab2e8f1756b5d23df1c84c8f9a08e6fbde",
                "7c08b190c3ee581623f5c233b47f5142da4a02ce56fd2e3d12cdfd876b08cd09",
                "28a71dc0344adc415a0cc0ebb1223babc67a3af5701dd87a5dd20df26c1fca89",
                "edf44af5d58037fe8b513822641e5d8eb2d1d7b3129b8ad2e3e914f4b3b7a6e1",
                "df7c693989770cd97d200d68c8ec72c18fd94ac2de14451e82162488da67ddef",
                "e2f46de489cfe3cd165cb56dd9e381f67f941043d114db79d95466f839a31e3e",
                "07de34ef5dee440c7b392e5ee5986b5c35fe886167594595f208dcb43e4a7149",
                "ad68830ceb6fee527c0647eae76074d3d1e900c5be54df36044c35cf217de389",
                "bd838effde37d058aac75312e2840dfaa9fc9c7f6a08491c338d4ba6b26d4535",
                "68366557c176b333fb66df771430e987c5819c95753937be2170ea4675f095a8",
                "1d4f728b74f1d956a279b6b160fb9b8b1e5da56506fa30a69daba866550e7900",
                "b9f9ea8144710e155dcbd873c08b70a3c2b71cdf68b6f344bf922ff4d8f31341",
                "890f698059bff58b3edc9cc4e1b3ec3a0b4c62ffe7d175eb2b8cee26060846e1",
                "a9a2d66683942f8a01ada34b8ba61d1fed67beb100bb804b2fd43c382aedb6f5",
                "001fdaabbe037a084a1ec8e42504d42251c80c9a23db722bc92117564fa84e0d",
                "a9f98596ade03682b2da533f0f90aa316cfe3db6601acfe8dc77247851bd12f5",
                "2e2b3febaac7a55c91082dfecc7ae4e3b72abb5916e5db3d9edb867c5f721498",
                "d1644b67c64a94dfa74d23813d590886994b478a0e32482d80229c0d16ca4612",
                "5b6ede1e7b2bf6d51506eeb73329fa1be24932314363fbebb1f522afa4475b31"
            ],
            "type": "Document",
            "firstPartyCookies": {},
            "firstPartyCookiesSent": {},
            "exampleSites": [
                "www.wbng.com",
                "www.glennbeck.com",
                "www.wikicelebs.com",
                "www.onenewspage.com",
                "tvshowsace.com",
                "www.25newsnow.com",
                "www.firstalert4.com",
                "www.wndu.com",
                "rpp.pe",
                "elblogdelnarco.com",
                "www.tudoreceitas.com",
                "www.kcrg.com",
                "mixed.de",
                "filmyfocus.com",
                "www.bibleblender.com",
                "www.wwnytv.com",
                "www.vicnews.com",
                "smoothiex12.blogspot.com",
                "www.valleynewslive.com",
                "newatlas.com"
            ]
        },
        {
            "rule": "taboolamedia\\.com\\/cs",
            "cookies": 0,
            "fingerprinting": 0,
            "subdomains": [
                "us-east-1-cs-rtb"
            ],
            "apis": {},
            "sites": 24,
            "prevalence": 0.000164,
            "cnames": [],
            "responseHashes": [
                "e3b0c44298fc1c149afbf4c8996fb92427ae41e4649b934ca495991b7852b855"
            ],
            "type": "Document",
            "firstPartyCookies": {},
            "firstPartyCookiesSent": {},
            "exampleSites": [
                "www.wsaz.com",
                "k2digitizers.com",
                "tvshowsace.com",
                "www.tudoreceitas.com",
                "www.westernmassnews.com",
                "www.northernnewsnow.com",
                "bigislandnow.com",
                "www.glennbeck.com",
                "www.chronline.com",
                "www.foxsports.com",
                "www.valleynewslive.com",
                "www.firstalert4.com",
                "www.wifr.com",
                "www.americanheritage.com",
                "salinapost.com",
                "www.onenewspage.com",
                "www.ktiv.com",
                "www.25newsnow.com",
                "www.wikicelebs.com",
                "whitepagescanada.ca"
            ]
        },
        {
            "rule": "taboolamedia\\.com\\/cs",
            "cookies": 0,
            "fingerprinting": 0,
            "subdomains": [
                "us-east-1-cs-rtb"
            ],
            "apis": {},
            "sites": 23,
            "prevalence": 0.000157,
            "cnames": [],
            "responseHashes": [
                "e3b0c44298fc1c149afbf4c8996fb92427ae41e4649b934ca495991b7852b855"
            ],
            "type": "Image",
            "firstPartyCookies": {},
            "firstPartyCookiesSent": {},
            "exampleSites": [
                "www.americanheritage.com",
                "www.25newsnow.com",
                "www.northernnewsnow.com",
                "www.kcrg.com",
                "tvshowsace.com",
                "bigislandnow.com",
                "www.westernmassnews.com",
                "www.firstalert4.com",
                "www.wsaz.com",
                "www.tudoreceitas.com",
                "www.valleynewslive.com",
                "www.wikicelebs.com",
                "www.wndu.com",
                "www.chronline.com",
                "www.glennbeck.com",
                "whitepagescanada.ca",
                "www.onenewspage.com",
                "meiwakucheck.com",
                "www.wifr.com",
                "www.elpais.com.co"
            ]
        }
    ],
    "categories": [],
    "performance": {},
    "cookies": 0.000574,
    "topInitiators": [
        {
            "domain": "taboola.com",
            "prevalence": 0.8992248062015504
        },
        {
            "domain": "pubmatic.com",
            "prevalence": 0.10077519379844961
        }
    ],
    "types": {
        "Document": 125,
        "Image": 23
    },
    "nameservers": [
        "ns-1158.awsdns-16.org",
        "ns-1704.awsdns-21.co.uk",
        "ns-536.awsdns-03.net",
        "ns-57.awsdns-07.com"
    ]
}