{
    "domain": "tagalys.com",
    "owner": {},
    "source": [
        "DuckDuckGo-US"
    ],
    "prevalence": 0.000102,
    "sites": 15,
    "subdomains": [
        "api-r3",
        "api-r4"
    ],
    "cnames": [],
    "fingerprinting": 0,
    "resources": [
        {
            "rule": "tagalys\\.com\\/v1\\/popular_searches",
            "cookies": 0,
            "fingerprinting": 0,
            "subdomains": [
                "api-r3"
            ],
            "apis": {},
            "sites": 4,
            "prevalence": 0.0000273,
            "cnames": [],
            "responseHashes": [
                "a7518b5d9c9a5f6c15b1779023ada139f615212be802a44e596e1b1f3f08c553",
                "420d8de6bd67921baf912a94080035d196d37622fbc5f7c3ad69b1628cef53ba",
                "0c11b026f1c5e0e2fac5d1f6f5cf28e0fadec34fa47c56273526c391376fa81f"
            ],
            "type": "XHR",
            "firstPartyCookies": {},
            "firstPartyCookiesSent": {},
            "exampleSites": [
                "bluebungalow.com.au",
                "lego.bricksmegastore.com",
                "speckproducts.com",
                "zildjian.com"
            ]
        },
        {
            "rule": "tagalys\\.com\\/v1\\/analytics\\/events\\/track",
            "cookies": 0,
            "fingerprinting": 0,
            "subdomains": [
                "api-r3",
                "api-r4"
            ],
            "apis": {},
            "sites": 10,
            "prevalence": 0.0000683,
            "cnames": [],
            "responseHashes": [
                "993c2d2b6e9eb078b3804c25d762bf17685817638ab0d57d368bcdce54cd2867",
                "70b949621ee04e1b0ed7ed1680d1965206e78447f039bc5d63296b74b2956a26",
                "7887972d30178dbfd726cb72a82683ee494de5ada6919c8977bcd4ff61a08b2e",
                "23de49b159bb1fc596286b9918478e48f633e36ae33b8d13b182d50391e9427f",
                "28e3329ffc2d025a5bb8162eda0b1ec6ea0e7e9410c384e85fd465827002082f",
                "1a4c3817cf0f16817384455adbf082f4a5350a4f2b9058c87884278e6a088771",
                "6de5071daad00f16491a35796f3164cee74dc464cb7ba9282c182a5298dd2637",
                "8ace254320ea6233a368674c7e45fe4a2b37e102f349dbc04454ea5da2df420b",
                "af1a3bfb46331fd86c586fd5c1c20356a24debf4b0230eb6247fa3d638aece18"
            ],
            "type": "XHR",
            "firstPartyCookies": {},
            "firstPartyCookiesSent": {},
            "exampleSites": [
                "bluebungalow.com.au",
                "evereve.com",
                "lego.bricksmegastore.com",
                "optcorp.com",
                "representclo.com",
                "skims.com",
                "speckproducts.com",
                "timex.com",
                "www.pavers.co.uk",
                "www.strandbags.com.au"
            ]
        },
        {
            "rule": "tagalys\\.com\\/v1\\/analytics\\/cart_token\\/track",
            "cookies": 0,
            "fingerprinting": 0,
            "subdomains": [
                "api-r3"
            ],
            "apis": {},
            "sites": 3,
            "prevalence": 0.0000205,
            "cnames": [],
            "responseHashes": [
                "e7520084556acfc47edfb6da4caead66506a3d473cc05e9b4d7dc8a0f0ac162c"
            ],
            "type": "XHR",
            "firstPartyCookies": {},
            "firstPartyCookiesSent": {},
            "exampleSites": [
                "representclo.com",
                "speckproducts.com",
                "www.marcellanyc.com"
            ]
        }
    ],
    "categories": [],
    "performance": {},
    "cookies": 0,
    "topInitiators": [
        {
            "domain": "first party",
            "prevalence": 0.8148148148148148
        },
        {
            "domain": "bluebungalow.com",
            "prevalence": 0.07407407407407407
        },
        {
            "domain": "amazonaws.com",
            "prevalence": 0.07407407407407407
        },
        {
            "domain": "shopify.com",
            "prevalence": 0.037037037037037035
        }
    ],
    "types": {
        "XHR": 17
    },
    "nameservers": [
        "ns19.domaincontrol.com",
        "ns20.domaincontrol.com"
    ]
}