{
    "domain": "tangooserver.com",
    "owner": {},
    "source": [
        "DuckDuckGo-US"
    ],
    "prevalence": 0.000116,
    "sites": 17,
    "subdomains": [
        "ban"
    ],
    "cnames": [],
    "fingerprinting": 1,
    "resources": [
        {
            "rule": "tangooserver\\.com\\/audit\\.aspx",
            "cookies": 0,
            "fingerprinting": 1,
            "subdomains": [
                "ban"
            ],
            "apis": {
                "window.localStorage": 2
            },
            "sites": 13,
            "prevalence": 0.0000888,
            "cnames": [],
            "responseHashes": [
                "8148673d08284375cf1d4a14b479dd87822b506154fb74e18eda4c9b850be08a",
                "eaa3b5392f338b472666107e22227228c4b188bca4947e390f8fb901f0cc70d7",
                "963261f533737aa79fa31d0cf2f65b9aeff4f903ea56b2770d5c851a66117a2d",
                "98911c9791ecfbd5a09e0df87db06295896aa1530b71f8315646c9bb63e8b931",
                "17bee9405d56ec0c798cfd3df91e1dd28dd7e593781fe20fb8bf0c7530f69d49",
                "938aee906577c7aedfe33650896ea57d90a1ad6760d28eeaba2538bd9ce74cba",
                "93de76ef45ae8c1b46e4a3e369269e283ca90b612023e289fbd75da26a352140",
                "8d0047bead96e69db6d056deac0306e02bb6e16d1244c57eed70405f2a742c3f",
                "dab406dfb5a9975dfb28cf6878ae16951b5bbec7e7de01d84a700175124f9c9b",
                "1eb91217450966cd27477c3c8401385f30ac5bbc5221f8f5cf505b8d476b8202",
                "d549bd3a582c950a58a105e2a9f9f54190e24d6567addbf610a4744f30f01a49",
                "34e14114f24e6f8dca52fe9553085f40f55c881f3a87faed02d8443f4f055a76"
            ],
            "type": "Script",
            "firstPartyCookies": {},
            "firstPartyCookiesSent": {},
            "exampleSites": [
                "farmacialoreto.it",
                "reolink.com",
                "reverb.com",
                "support.reolink.com",
                "www.brewdog.com",
                "www.france-mineraux.fr",
                "www.head.com",
                "www.jobtestprep.com",
                "www.meaco.com",
                "www.roman.co.uk",
                "www.seetickets.com",
                "www.trivago.com",
                "www.vivaticket.com"
            ]
        },
        {
            "rule": "tangooserver\\.com\\/rtb\\/google\\/cookiematch\\.aspx",
            "cookies": 0.0000273,
            "fingerprinting": 0,
            "subdomains": [
                "ban"
            ],
            "apis": {},
            "sites": 4,
            "prevalence": 0.0000273,
            "cnames": [],
            "responseHashes": [
                "bc7efe8ad3de4cc250681257e031486a50a33b71883f3ec0f5845f6b9f5b8d82",
                "c404febe665a49db43fee62b7632f645ca012aa50b2f87c4457b19a20e7d8f24"
            ],
            "type": "Document",
            "firstPartyCookies": {},
            "firstPartyCookiesSent": {},
            "exampleSites": [
                "france-mineraux.fr",
                "www.france-mineraux.fr",
                "www.soundtrap.com",
                "www.uksoccershop.com"
            ]
        }
    ],
    "categories": [],
    "performance": {},
    "cookies": 0.0000205,
    "topInitiators": [
        {
            "domain": "mainadv.com",
            "prevalence": 0.8095238095238095
        },
        {
            "domain": "logico3c.com",
            "prevalence": 0.14285714285714285
        },
        {
            "domain": "tangoo.it",
            "prevalence": 0.047619047619047616
        }
    ],
    "types": {
        "Script": 13,
        "Document": 4
    },
    "nameservers": [
        "liz.ns.cloudflare.com",
        "rob.ns.cloudflare.com"
    ]
}