{
    "domain": "tapnative.com",
    "owner": {},
    "source": [
        "DuckDuckGo-US"
    ],
    "prevalence": 0.000191,
    "sites": 28,
    "subdomains": [
        "content",
        "health",
        "dmp",
        "c",
        "cdn",
        "ads"
    ],
    "cnames": [],
    "fingerprinting": 1,
    "resources": [
        {
            "rule": "tapnative\\.com\\/tn\\/",
            "cookies": 0.0000478,
            "fingerprinting": 1,
            "subdomains": [
                "content"
            ],
            "apis": {
                "window.localStorage": 7,
                "Document.cookie getter": 7,
                "Document.cookie setter": 7,
                "Date.prototype.getTime": 7
            },
            "sites": 7,
            "prevalence": 0.0000478,
            "cnames": [],
            "responseHashes": [
                "cce3a7a587cb15d696f8bebba0e767bad024d0bb4ee0741823770af5c586d5b3",
                "0f9cd39e3ef2cf7b0c3a69d706b12e4e44528e6c401f076a925e868b333f11e5",
                "e237e53af2d2b59afc94391941ed99ca88ec59254545b1c8af05da1636e73d03",
                "4c08ec792e10c8408084d321ee4fbf44f03c3083962531b1a4bbea0691bbddbd",
                "0dd75267fe2c6e03406cd966d8aad8f292b1041e979219b3f9cd25d60e87675b",
                "dd00b75f5fff123084d90ae7bd946141233831986bf587c43ee4dad1697d334d"
            ],
            "type": "Script",
            "firstPartyCookies": {
                "adx_profile_guid": {
                    "ttl": 382062428,
                    "length": 39,
                    "prevalence": 0.00004099200655872105,
                    "uniqueness": 1
                },
                "adx_retargeting_ide": {
                    "ttl": 86407,
                    "length": 1,
                    "prevalence": 0.000047824007651841225,
                    "uniqueness": 0.14285714285714285
                }
            },
            "firstPartyCookiesSent": {
                "lotame_domain_check": 0.00001366400218624035,
                "_li_dcdm_c": 0.000006832001093120175
            },
            "exampleSites": [
                "dermnetnz.org",
                "www.healingwell.com",
                "www.healio.com",
                "www.intechopen.com",
                "www.pollen.com",
                "www.theepochtimes.com",
                "www.upstyledaily.com"
            ]
        },
        {
            "rule": "tapnative\\.com\\/adx-dir-d\\/ads-1p\\/",
            "cookies": 0.0000478,
            "fingerprinting": 0,
            "subdomains": [
                "health"
            ],
            "apis": {},
            "sites": 7,
            "prevalence": 0.0000478,
            "cnames": [],
            "responseHashes": [
                "e3b0c44298fc1c149afbf4c8996fb92427ae41e4649b934ca495991b7852b855"
            ],
            "type": "Script",
            "firstPartyCookies": {},
            "firstPartyCookiesSent": {
                "adx_profile_guid": 0.000047824007651841225,
                "lotame_domain_check": 0.00001366400218624035,
                "_li_dcdm_c": 0.000006832001093120175
            },
            "exampleSites": [
                "dermnetnz.org",
                "www.healingwell.com",
                "www.healio.com",
                "www.intechopen.com",
                "www.pollen.com",
                "www.theepochtimes.com",
                "www.upstyledaily.com"
            ]
        },
        {
            "rule": "tapnative\\.com\\/adx-tag-manager\\/container",
            "cookies": 0,
            "fingerprinting": 0,
            "subdomains": [
                "dmp"
            ],
            "apis": {},
            "sites": 9,
            "prevalence": 0.0000615,
            "cnames": [],
            "responseHashes": [
                "948236fbc340cd276e6894d916bd08976673d7d696daa0dde1e29254a0e0522d",
                "c799683c426968e093663a4d47f23e38ab175f59edcef20cff60f26da0f03785",
                "fd7edcb3be79944520f6f878d328bea512fbc21b7efc2ac524297a9661cfa72f",
                "65abb802ae8d176d648003f15ce1b5f832ff34ad0aff9987011de7174a1598af",
                "8f16c81586bc985449ba43c86d99246ffb7346ac27835cefd7abb215ab432fe3",
                "47ec873bc0a16612b2daedf5dadd25f77682245745629689446bd2fe301ad8f4",
                "6cf48d5b3701361773836ca3844bfeab6355505491fee8272af00afc3432b5b1",
                "443335e51654e168c65af761afdef4eb820ab1da050d026d8f240c5db1027ff1"
            ],
            "type": "Document",
            "firstPartyCookies": {},
            "firstPartyCookiesSent": {},
            "exampleSites": [
                "diabetes.org",
                "diabetesfoodhub.org",
                "diabetesjournals.org",
                "globalrph.com",
                "www.aad.org",
                "www.healingwell.com",
                "www.intechopen.com",
                "www.pdr.net",
                "www.urologyhealth.org"
            ]
        },
        {
            "rule": "tapnative\\.com\\/adxcommon\\/tag",
            "cookies": 0,
            "fingerprinting": 0,
            "subdomains": [
                "dmp"
            ],
            "apis": {},
            "sites": 8,
            "prevalence": 0.0000547,
            "cnames": [],
            "responseHashes": [
                "e3b0c44298fc1c149afbf4c8996fb92427ae41e4649b934ca495991b7852b855"
            ],
            "type": "Image",
            "firstPartyCookies": {},
            "firstPartyCookiesSent": {},
            "exampleSites": [
                "webmd.com",
                "reviews.webmd.com",
                "symptoms.webmd.com",
                "www.additudemag.com",
                "www.emedicinehealth.com",
                "www.medicinenet.com",
                "www.rxlist.com",
                "www.webmd.com"
            ]
        },
        {
            "rule": "tapnative\\.com\\/js\\/adx_intext\\.js",
            "cookies": 0.0000137,
            "fingerprinting": 1,
            "subdomains": [
                "c"
            ],
            "apis": {
                "Date.prototype.getTime": 2,
                "Document.cookie setter": 2,
                "window.localStorage": 2,
                "Document.cookie getter": 2
            },
            "sites": 2,
            "prevalence": 0.0000137,
            "cnames": [],
            "responseHashes": [
                "5fb6496e2f3afec729708f8a1d337f742c1b51ae1a33d36a21e84187fececf3f"
            ],
            "type": "Script",
            "firstPartyCookies": {
                "adx_retargeting_ide": {
                    "ttl": 86409,
                    "length": 1,
                    "prevalence": 0.00001366400218624035,
                    "uniqueness": 0.5
                },
                "adx_profile_guid": {
                    "ttl": 382058776,
                    "length": 39,
                    "prevalence": 0.00001366400218624035,
                    "uniqueness": 1
                }
            },
            "firstPartyCookiesSent": {},
            "exampleSites": [
                "healingwell.com",
                "www.healingwell.com"
            ]
        },
        {
            "rule": "tapnative\\.com\\/logo-tapnative\\.png",
            "cookies": 0,
            "fingerprinting": 0,
            "subdomains": [
                "cdn"
            ],
            "apis": {},
            "sites": 2,
            "prevalence": 0.0000137,
            "cnames": [],
            "responseHashes": [
                "21b22369497023302f44334f657458f66032eddc2210e9428afb2424e185ef20"
            ],
            "type": "Image",
            "firstPartyCookies": {},
            "firstPartyCookiesSent": {},
            "exampleSites": [
                "healingwell.com",
                "www.healingwell.com"
            ]
        },
        {
            "rule": "tapnative\\.com\\/like\\.jpg",
            "cookies": 0,
            "fingerprinting": 0,