{
    "domain": "tctm.xyz",
    "owner": {},
    "source": [
        "DuckDuckGo-US"
    ],
    "prevalence": 0.000307,
    "sites": 45,
    "subdomains": [
        "105544",
        "517876",
        "322195",
        "519412",
        "500908",
        "219994",
        "457813",
        "500710",
        "508690",
        "220816",
        "514939",
        "114280",
        "503602",
        "323845",
        "442030",
        "444982",
        "474281",
        "451468",
        "416923",
        "514018",
        "505579",
        "420529",
        "517171",
        "418234",
        "422470",
        "421195",
        "437896",
        "512989",
        "455659",
        "421390",
        "427945",
        "415519",
        "499018",
        "510862",
        "424171"
    ],
    "cnames": [],
    "fingerprinting": 1,
    "resources": [
        {
            "rule": "tctm\\.xyz\\/t\\.js",
            "cookies": 0.000246,
            "fingerprinting": 1,
            "subdomains": [
                "105544",
                "517876",
                "322195",
                "519412",
                "500908",
                "219994",
                "457813",
                "500710",
                "508690",
                "220816",
                "514939",
                "114280",
                "503602",
                "323845",
                "442030",
                "444982",
                "474281",
                "451468",
                "416923",
                "514018",
                "505579",
                "420529",
                "517171",
                "418234",
                "422470",
                "421195",
                "437896",
                "512989",
                "455659",
                "421390",
                "427945",
                "415519",
                "499018",
                "510862"
            ],
            "apis": {
                "Document.cookie getter": 32,
                "Navigator.prototype.userAgent": 32,
                "window.localStorage": 32,
                "Date.prototype.getTime": 32,
                "Document.cookie setter": 32,
                "window.innerWidth": 10,
                "window.innerHeight": 10
            },
            "sites": 36,
            "prevalence": 0.000246,
            "cnames": [],
            "responseHashes": [
                "e027ab6af165fca8bde71c674caf03f874c25dd46e199a96f277df38614f495a",
                "607bd04e3358609b75a91247f441cf17d85c1589ea8acfb757e4d4bc3dbd6a20",
                "aaec1ee89ec5a7f0942068f9ec1f3790c9b49d67b4970ad3dfa78ea39c55693b",
                "573912cdf95fb77fe776aea5812de53ca0b2163a84c7f0a941b9703f95e5bcf4",
                "debcdeadaaa5858550c6c72504f28622932cc6e6298956efdc7a251bf063e241",
                "34e14f6fee7b692f08f684623a14df016690ace0aa3fa1bb697a17cf2047df19",
                "54052c0132deccfbf2d3fe80135c1c0e3155a5e155a3177a091331244ec4bd0a",
                "e63ed20b09aa5e5089b3bdabff30ed4376e06a7c6406cf04b55677245c686719",
                "3fc8031a0510fe58356fa4d1b6c7868b6f5c447e4bbd76081ff07659b72ee14f",
                "fc3cb78b1e19df098f82d3e393a3e4395542c46c46ef0c4c2b1b0d6226147e96",
                "88b8eb60278cab4b36bf64b0df991dc931007462659030c781f8cd71bcd8d65a",
                "9939615972e5cb66e3199e07aafe1d891b220329149b746dc0eb1c8da5180b0d",
                "4a0ad5e6db30850438c4132b7a31c8ae65175d5ac438e77cf0233a9f1d13d5a6",
                "d0ef47582c28caa08742a418902e91b576ac6715720ce62fccbc4f2434a7a6b3",
                "8f30be864664e58d5a23ff7ad3650342e886f29d473c373eb6407508601e6ece",
                "7a3ebe18d891110c604f16b437ebffd64b9a904625b9fc0544e25ce534aae1ee",
                "28e5c62ec16414ca8e6ccf6de52bebf79d66f032172ea05c3cc70774d136390a",
                "2b9c5a03446a47bd9c9a191b6827912000e41c7e00725ac69a1726985519150d",
                "de270797f64ad41095795cecbe5e5b1042620c69c22910125fee2cc1a0011c3a",
                "4df612e46da9b79e4a2e27ca78891ff690423db7932afb6f93bbd80b71fd3294",
                "c3c0bebb4e059a37607884807503d1b8143b2f7d34ef2ec8999cc00d914ff7f0",
                "05c6b40ff6300aa60b52f02ab1692b32839fdbcec752497fcc7767e714c65700",
                "dc5bd744ee82248408ef0b88722a3fc332b8b44b3fb3431e108a6d06287aa80f",
                "582c9d6344b9628e33625dd071c715fbab8037c2e7a673ee4edb85256c4348e3",
                "7ba84a3337dbd9161e6b9e5cddad49be919685627fe3c55bf52b59e899dbec36",
                "1c08fdcd060cb1d9d3ebcf341b9cc9114e6e26c15ad129bb745719e18f6ebef6",
                "01ba4719c80b6fe911b091a7c05124b64eeece964e09c058ef8f9805daca546b",
                "3df5515b8a2ddcf99cd3a7ba722a311ce93dcfff3bb10a12f9a3fba686bcadb8",
                "ac5b54ee41b8cffcbf13c80d99721dd0e507d612a87d7ecbf994477700adca9a",
                "834e81fa5a4350b13600aa07c057f841b74cc32d6bd7b8302375d8204afe42b1",
                "c6b34eaa8418658ec3c50c30ff5c6676b15c985acadb3de1b8cd71b20f2806f2",
                "9c43b6c92732e7fb223326b79c17862e2f2ea6f774ec2c11828cffbd563008e9",
                "18a8cf96d858f8256d7cccf2f285fd804608bbb41f2bd38394491ceb180e75ae"
            ],
            "type": "Script",
            "firstPartyCookies": {
                "__ctmid": {
                    "ttl": 2592003,
                    "length": 24,
                    "prevalence": 0.0002186240349798456,
                    "uniqueness": 1
                }
            },
            "firstPartyCookiesSent": {},
            "exampleSites": [
                "www.beamantoyota.com",
                "mainclinicsupply.com",
                "www.addictionresource.net",
                "www.crystalcruises.com",
                "www.servicemasterrestore.com",
                "www.bayhealth.org",
                "murphybeddepot.com",
                "bunkielife.com",
                "guardianprotection.com",
                "www.northwood.edu",
                "www.snydersfurniture.com",
                "outdoornativitysets.com",
                "www.smartcu.org",
                "geha.com",
                "www.nghs.com",
                "www.medalsofamerica.com",
                "www.superiorcu.com",
                "www.benjaminfranklinplumbing.com",
                "www.tireoutlet.com",
                "www.geha.com"
            ]
        },
        {
            "rule": "tctm\\.xyz\\/p\\.js",
            "cookies": 0.000102,
            "fingerprinting": 0,
            "subdomains": [
                "105544",
                "517876",
                "519412",
                "500908",
                "219994",
                "424171",
                "114280",
                "503602",
                "451468",
                "416923",
                "514018",
                "418234",
                "415519",
                "499018"
            ],
            "apis": {},
            "sites": 15,
            "prevalence": 0.000102,
            "cnames": [],