{
    "domain": "thecontentserver.com",
    "owner": {},
    "source": [
        "DuckDuckGo-US"
    ],
    "prevalence": 0.000307,
    "sites": 45,
    "subdomains": [
        "cd",
        "cds",
        "tr"
    ],
    "cnames": [],
    "fingerprinting": 1,
    "resources": [
        {
            "rule": "thecontentserver\\.com\\/player\\.js",
            "cookies": 0,
            "fingerprinting": 0,
            "subdomains": [
                "cd"
            ],
            "apis": {},
            "sites": 33,
            "prevalence": 0.000225,
            "cnames": [],
            "responseHashes": [
                "740d4834fa15d612864e5250329323f6faded252dbb2eb349f9bd6d602f855e3",
                "327b770bd899a297fb56ee38d717c09e0b00b30690395bd10603e0cb0bb38874",
                "a0de6300ecc7eedfae8fe60bce7c4d49135c3b80e6158f8c33dfe0fcee505b1b",
                "df82562bd764b3d00bdce7834cb28daaa6bb59ecdaa290b1f9cf399dc36526d6",
                "3a901389a5dfa8887e5f904ca2b95eb6436e3817575902abaca2773a36328230",
                "4ab4006569c5445e80e99891b0c884b844fa4d11b465d4ec1ffdbcc2dd084713",
                "6c7fffb88021f2aec25b9355edbe2b4a60816669fb1025276507ee9c9322f65a",
                "96ae0905413a8668799978180cf19d652ff46ab671cc163e0b70a803366376cd",
                "9da4b9a5e39363cf13dbc8f64b34d1a4f92b193607469fef55f37f3f50dc5e33",
                "a0206fc93132d3760f503031f43d667a3dd3478f5d862551d0cacaed0160ff23",
                "994744d92eb989e22cc505bb4e15ed1451a9ef6b9209ac4586d1c5474b9fc7b6",
                "2a2c7124b9305ec0568b7a2d4d84cd4b0179286ba05cdfb21b5b5f663652afbd",
                "7643b96c8fd4eb987e108c513f40b828034d08549c5ba741beb2c8fbd02cca89",
                "844f75cebbc0fe01349714971772edf33a75f5ba6f120a549b776ddeeb3bbf90",
                "96b3294f095515f3b2011a8aff4883bdeb29620f299bd9e6549307db694958f4",
                "044916d96eeb2ca27b60a78b737a369befaef08898e1e8c05a3ad638b53c45d5",
                "e3488343595ca91ebb8e086c1d6d6501a923c35d64790f091cd01235d8503a60",
                "2175f13485469c63bb0b8021004616bd5cd92dc553eb185a092f36c56c44d29d",
                "e17faefaaff6999d6f16df67f59a5ff3c350ad4e980bb9c3c03d141defc9972e",
                "6b10b6aaf380b11ed15b4ef8623f928be59ed355c4e5f0e7a6ae759e70a7fb05",
                "53cfdeb65bab67bea75f2bfb2f70294ee559b8e0dc0a998b597ca18bcb6bde73",
                "88abcafa3a718e0e79e58c83c39ea72429da90541f7c77a58f7d2637d9316184",
                "30b6c1ef37a864525f7e0795436ee44f8f3d7653b714e9d253c2fc8757636074",
                "fae280b75d7dc332312b29f21c72ca6cbf2e764fe8d8b26736999ade2ba256c0",
                "f4db2a2ff903e51860d26a9758516aad9e2bc5207e10cdf0e94c075b4a82c20e",
                "d1c68156cf4ba20cbcaa2a08d5e79cc9e1be7d9a1f3c1189d7da879efe744470",
                "51501e164de8db50e29564807cb68b6ebf39b40ba030e66547c8f0f1646c1e21",
                "046ae26208f39e032f99a4b9ae0aa75cf40c22af1da98ab9f86ba8b1ef940b4e",
                "d1fcd16f9d3fe4f48ddcd1a87f434ae2f4a8f509f8e73aa0b5c8d69c6c791fa4"
            ],
            "type": "Script",
            "firstPartyCookies": {},
            "firstPartyCookiesSent": {},
            "exampleSites": [
                "www.huffingtonpost.com",
                "www.star-telegram.com",
                "www.thestate.com",
                "www.idahostatesman.com",
                "www.kansas.com",
                "www.centredaily.com",
                "www.huffingtonpost.co.uk",
                "www.sunherald.com",
                "www.mercedsunstar.com",
                "www.thenewstribune.com",
                "www.miamiherald.com",
                "www.islandpacket.com",
                "www.mcclatchydc.com",
                "www.kentucky.com",
                "www.fresnobee.com",
                "www.bellinghamherald.com",
                "www.bnd.com",
                "www.myrtlebeachonline.com",
                "bellinghamherald.com",
                "www.huffpost.com"
            ]
        },
        {
            "rule": "thecontentserver\\.com\\/p\\/544200\\/elLoader\\.js",
            "cookies": 0,
            "fingerprinting": 1,
            "subdomains": [
                "cds"
            ],
            "apis": {
                "Navigator.prototype.userAgent": 5
            },
            "sites": 33,
            "prevalence": 0.000225,
            "cnames": [],
            "responseHashes": [
                "c2d2cb5e64e2d1fdbd312d724e5d49359a55a2d90373099d56d83853e2e5385a"
            ],
            "type": "Script",
            "firstPartyCookies": {},
            "firstPartyCookiesSent": {},
            "exampleSites": [
                "www.huffingtonpost.com",
                "www.theolympian.com",
                "www.sunherald.com",
                "www.kentucky.com",
                "www.miamiherald.com",
                "www.modbee.com",
                "www.huffingtonpost.co.uk",
                "www.bradenton.com",
                "www.fresnobee.com",
                "www.bellinghamherald.com",
                "www.myrtlebeachonline.com",
                "www.mcclatchydc.com",
                "www.heraldonline.com",
                "www.huffpost.com",
                "www.bnd.com",
                "www.thestate.com",
                "www.centredaily.com",
                "www.star-telegram.com",
                "www.kansas.com",
                "www.kansascity.com"
            ]
        },
        {
            "rule": "thecontentserver\\.com\\/p\\/544200\\/player\\.js",
            "cookies": 0,
            "fingerprinting": 1,
            "subdomains": [
                "cds"
            ],
            "apis": {
                "Navigator.prototype.userAgent": 30
            },
            "sites": 33,
            "prevalence": 0.000225,
            "cnames": [],
            "responseHashes": [
                "b3d6399fc815488c5f1beea19a011d45c0f21a692ce1e21c2ac33e3968995012"
            ],
            "type": "Script",
            "firstPartyCookies": {},
            "firstPartyCookiesSent": {},
            "exampleSites": [
                "www.huffingtonpost.com",
                "www.mcclatchydc.com",
                "bellinghamherald.com",
                "www.charlotteobserver.com",
                "www.kentucky.com",
                "www.elnuevoherald.com",
                "www.sunherald.com",
                "www.myrtlebeachonline.com",
                "www.kansascity.com",
                "www.newsobserver.com",
                "www.bradenton.com",
                "www.centredaily.com",
                "www.islandpacket.com",
                "www.tri-cityherald.com",
                "www.ledger-enquirer.com",
                "www.thestate.com",
                "www.sacbee.com",
                "www.mercedsunstar.com",
                "www.thenewstribune.com",
                "www.huffingtonpost.co.uk"
            ]
        },
        {
            "rule": "thecontentserver\\.com\\/tr\\/si",
            "cookies": 0,
            "fingerprinting": 0,
            "subdomains": [
                "cd",
                "tr"
            ],
            "apis": {},
            "sites": 12,
            "prevalence": 0.000082,
            "cnames": [],
            "responseHashes": [
                "e3b0c44298fc1c149afbf4c8996fb92427ae41e4649b934ca495991b7852b855"
            ],
            "type": "Image",
            "firstPartyCookies": {},
            "firstPartyCookiesSent": {},