{
    "domain": "threewoodslose.com",
    "owner": {},
    "source": [
        "DuckDuckGo-US"
    ],
    "prevalence": 0.000082,
    "sites": 12,
    "subdomains": [],
    "cnames": [],
    "fingerprinting": 0,
    "resources": [
        {
            "rule": "threewoodslose\\.com\\/services\\/",
            "cookies": 0,
            "fingerprinting": 0,
            "subdomains": [],
            "apis": {},
            "sites": 12,
            "prevalence": 0.000082,
            "cnames": [],
            "responseHashes": [
                "9914c8848bded14917077fbfb02b7296a463d33b45dda26fb10929a53c740224",
                "77066458306d270ed26fb79f7fbc595add92d6604e2cb1ac701f9086fd4d6014",
                "1ed735b8d011831d7b32d2452df59712f0ed2efbf153d22a6f7496ac1d7df35f",
                "1b49dec957b7c4d0039d0da1ea546308322bdccaf6c10345a303407d9c5825b4",
                "385e5396557bd6169c8b6f07ef887fe997ed18593b0f710f786bcad443f930d1",
                "1a3cf99242f7683bc9c91767943ab79bfb7ec21db04e363d559fbea51f55e87c",
                "677079c3617b49c74266182d31cb261c4c84560b984e6bd29632387c13bbd3d5",
                "3d8e5f8bcd90a7836ee6063e031abc0e9df5977fb8e0ca78e9a146f6442f2c8d",
                "1f6844ba8647d6b655206a8b342ed41e7875fa1afc4ca6b130afa94d0e532571",
                "71daaaed598bbe02a8e3a2227087081dedcb2e2fd80d73ec3bc35652c9280cb1",
                "9b21599ef13130ec137bc3fd9169826ad4993ff4c203876fbc9174bf640e7c69"
            ],
            "type": "Script",
            "firstPartyCookies": {},
            "firstPartyCookiesSent": {},
            "exampleSites": [
                "babushky.club",
                "chohanpohan.com",
                "domashka.site",
                "eropic.cc",
                "pornoanal.me",
                "pornoanal.top",
                "pornokran.cc",
                "pornopyanie.xyz",
                "sexdom.club",
                "siski.name",
                "topdevka.com",
                "xcelebs.ru"
            ]
        }
    ],
    "categories": [],
    "performance": {},
    "cookies": 0,
    "topInitiators": [
        {
            "domain": "first party",
            "prevalence": 1
        }
    ],
    "types": {
        "Script": 12
    },
    "nameservers": [
        "dns2.registrar-servers.com",
        "dns1.registrar-servers.com"
    ]
}