{
    "domain": "thunderhead.com",
    "owner": {
        "name": "Thunderhead.com Limited",
        "displayName": "Thunderhead.com"
    },
    "source": [
        "DuckDuckGo-US"
    ],
    "prevalence": 0.00015,
    "sites": 22,
    "subdomains": [
        "na5.cdn",
        "ap1.cdn",
        "eu2.cdn",
        "na5",
        "eu2"
    ],
    "cnames": [],
    "fingerprinting": 1,
    "resources": [
        {
            "rule": "thunderhead\\.com\\/one\\/rt\\/js\\/one-tag\\.js",
            "cookies": 0.0000342,
            "fingerprinting": 1,
            "subdomains": [
                "na5.cdn",
                "ap1.cdn",
                "eu2.cdn",
                "na5"
            ],
            "apis": {
                "Document.cookie getter": 5,
                "window.localStorage": 5,
                "window.sessionStorage": 4,
                "Document.cookie setter": 5
            },
            "sites": 12,
            "prevalence": 0.000082,
            "cnames": [],
            "responseHashes": [
                "8e74ecbe08eab26b0e68f9e937be678f69911e9ef700a14c9ddc4d8e9d58554f",
                "209809419acc6c223d8250e4e12ee659c4ad368809c7f925d067f085c58a6e8a",
                "7b2de78178ba38338a847ffe12d382d103621b5897167dc770d3ace6c282ef85",
                "85a5f6b7dc067c0a810951792ff6e155ef596c2685e48e06ef7b989327633ded",
                "8a1ae93ba581e938638671acf452834b1d0abee18859969e3fdaf98aa31e1745",
                "3755f7004aa25e81cfd88044c93bcbc29e98b3007641e16444fcbab5e0af06c8",
                "8c8eb06869520d503b7775de069910fa9b5a6e46c127f4e4eaa5042049c5dbd1",
                "7ee6ebc1d168b9e6a9ffda5de3570c2b0b9adea57b8943a64e9c9597ddc0be9f",
                "3b29e8b6b27c851eb9f865f93228ff01d8aeef89b02b726f293e77c5ee2b3ef5",
                "c36b9c53bfb3fb0f075269ef5247746bd16b4f9ee2d9f5da6ce67aa1915880f1"
            ],
            "type": "Script",
            "firstPartyCookies": {
                "_one_NDQ0MDAx": {
                    "ttl": 62985612,
                    "length": 36,
                    "prevalence": 0.00001366400218624035,
                    "uniqueness": 1
                },
                "_one_ODgxNTEy": {
                    "ttl": 62985606,
                    "length": 36,
                    "prevalence": 0.000006832001093120175,
                    "uniqueness": 1
                },
                "_one_OTkwNTEy": {
                    "ttl": 62985624,
                    "length": 36,
                    "prevalence": 0.000006832001093120175,
                    "uniqueness": 1
                },
                "_one_ODAwMg": {
                    "ttl": 62985608,
                    "length": 36,
                    "prevalence": 0.000006832001093120175,
                    "uniqueness": 1
                }
            },
            "firstPartyCookiesSent": {},
            "exampleSites": [
                "denverpioneers.com",
                "landroverusa.com",
                "luxuryescapes.com",
                "store.ubisoft.com",
                "umassathletics.com",
                "utrockets.com",
                "www.arsenal.com",
                "www.goodwood.com",
                "www.landrover.co.uk",
                "www.landroverusa.com",
                "www.prucenter.com",
                "www.telstra.com.au"
            ]
        },
        {
            "rule": "thunderhead\\.com\\/one\\/rt\\/web\\/v1\\/ONE-IUCWDQONNP-1547",
            "cookies": 0.0000137,
            "fingerprinting": 0,
            "subdomains": [
                "na5"
            ],
            "apis": {},
            "sites": 2,
            "prevalence": 0.0000137,
            "cnames": [],
            "responseHashes": [
                "ca3a69ca1805e0827beb76b651430d295db551a97ace185e60c945dcc270f127"
            ],
            "type": "XHR",
            "firstPartyCookies": {},
            "firstPartyCookiesSent": {},
            "exampleSites": [
                "landroverusa.com",
                "www.landroverusa.com"
            ]
        },
        {
            "rule": "thunderhead\\.com\\/one\\/rt\\/web\\/v1\\/ONE-IUCWDQONNP-1547\\/error",
            "cookies": 0,
            "fingerprinting": 0,
            "subdomains": [
                "na5"
            ],
            "apis": {},
            "sites": 2,
            "prevalence": 0.0000137,
            "cnames": [],
            "responseHashes": [
                "7fff1569ea68ef52782ba25b0cf3934627f7a4fc1e8e22f4652de959c5f97978"
            ],
            "type": "Image",
            "firstPartyCookies": {},
            "firstPartyCookiesSent": {
                "_one_NDQ0MDAx": 0.00001366400218624035
            },
            "exampleSites": [
                "landroverusa.com",
                "www.landroverusa.com"
            ]
        },
        {
            "rule": "thunderhead\\.com\\/one\\/rt\\/web\\/v1\\/ONE-ZR8RN9UNYV-2060",
            "cookies": 0.0000137,
            "fingerprinting": 0,
            "subdomains": [
                "na5"
            ],
            "apis": {},
            "sites": 2,
            "prevalence": 0.0000137,
            "cnames": [],
            "responseHashes": [
                "6060c99b60ebef738245ade64c37c3d51ffc13f9c9483d993515912c58d44aa6"
            ],
            "type": "XHR",
            "firstPartyCookies": {},
            "firstPartyCookiesSent": {},
            "exampleSites": [
                "att.com",
                "www.firstnet.com"
            ]
        },
        {
            "rule": "thunderhead\\.com\\/one\\/rt\\/web\\/v1\\/ONE-7AJCZLVBIX-3096",
            "cookies": 0.0000137,
            "fingerprinting": 0,
            "subdomains": [
                "eu2"
            ],
            "apis": {},
            "sites": 2,
            "prevalence": 0.0000137,
            "cnames": [],
            "responseHashes": [
                "163d75cdcb9fd2153444f57c74eafa5125bc52ee5b942bb628d6223f94a01a48"
            ],
            "type": "XHR",
            "firstPartyCookies": {},
            "firstPartyCookiesSent": {},
            "exampleSites": [
                "goodwood.com",
                "www.goodwood.com"
            ]
        },
        {
            "rule": "thunderhead\\.com\\/one\\/rt\\/web\\/v1\\/ONE-3Z6OD78HWB-1680",
            "cookies": 0.0000137,
            "fingerprinting": 0,
            "subdomains": [
                "eu2"
            ],
            "apis": {},
            "sites": 2,
            "prevalence": 0.0000137,
            "cnames": [],
            "responseHashes": [
                "153d651673b23aeccc21fd99e91a82afdeb6d0a69b19bc0d42cc35dc2e5d95e0"
            ],
            "type": "XHR",
            "firstPartyCookies": {},
            "firstPartyCookiesSent": {
                "_li_dcdm_c": 0.00001366400218624035,
                "_one_OTkwNTEy": 0.000006832001093120175
            },
            "exampleSites": [
                "landrover.co.uk",
                "www.landrover.co.uk"
            ]
        }
    ],
    "categories": [],
    "performance": {},
    "cookies": 0.0000752,
    "topInitiators": [
        {
            "domain": "first party",
            "prevalence": 0.28125
        },
        {
            "domain": "googletagmanager.com",
            "prevalence": 0.25
        },
        {
            "domain": "transcend-cdn.com",
            "prevalence": 0.1875
        },
        {
            "domain": "btttag.com",
            "prevalence": 0.15625
        },
        {
            "domain": "adobedtm.com",
            "prevalence": 0.0625
        },
        {
            "domain": "azure.com",
            "prevalence": 0.0625
        }
    ],
    "types": {
        "Script": 12,
        "XHR": 8,
        "Image": 2
    },
    "nameservers": [
        "ns-316.awsdns-39.com",
        "ns-1880.awsdns-43.co.uk",
        "ns-1531.awsdns-63.org",
        "ns-586.awsdns-09.net"
    ]
}