{
    "domain": "trackwilltrk.com",
    "owner": {},
    "source": [
        "DuckDuckGo-US"
    ],
    "prevalence": 0.000499,
    "sites": 73,
    "subdomains": [
        "r"
    ],
    "cnames": [],
    "fingerprinting": 0,
    "resources": [
        {
            "rule": "trackwilltrk\\.com\\/s1\\/9fd95b99-f88f-4693-b956-e7985beff03b",
            "cookies": 0,
            "fingerprinting": 0,
            "subdomains": [
                "r"
            ],
            "apis": {},
            "sites": 3,
            "prevalence": 0.0000205,
            "cnames": [],
            "responseHashes": [
                "b7278c8c112326c39cff3436defb0a01aec1a53f887d4a67017682044d39ad52",
                "6ab83069198b1e81e2761e8ec0f78ce8aa4378258d295380573cf823699571a1"
            ],
            "type": "Document",
            "firstPartyCookies": {},
            "firstPartyCookiesSent": {},
            "exampleSites": [
                "2w51.com",
                "richardlipsey.com",
                "wonderwallfilm.com"
            ]
        },
        {
            "rule": "trackwilltrk\\.com\\/s1\\/7df8ce6c-a2f6-4abf-a26a-d1a3f8c86c25",
            "cookies": 0,
            "fingerprinting": 0,
            "subdomains": [
                "r"
            ],
            "apis": {},
            "sites": 2,
            "prevalence": 0.0000137,
            "cnames": [],
            "responseHashes": [
                "b84b9676c9646328ea9ab8ead3694f8d4fccf96c358f5ddd0cbe6899a68ec001"
            ],
            "type": "Document",
            "firstPartyCookies": {},
            "firstPartyCookiesSent": {},
            "exampleSites": [
                "spankbang.com",
                "lbw1.spankbang.com"
            ]
        },
        {
            "rule": "trackwilltrk\\.com\\/s1\\/75c0e507-8b96-41c4-9015-f760805d7d15",
            "cookies": 0,
            "fingerprinting": 0,
            "subdomains": [
                "r"
            ],
            "apis": {},
            "sites": 5,
            "prevalence": 0.0000342,
            "cnames": [],
            "responseHashes": [
                "856dcb9bef7d7cee76f74c8017072132677999128bef710e3407a3400cce08ae",
                "7e2e3b3d5465f2ab203e496cbaa3828c23a5b693fc5f56ab99d5886a5a67c2bb",
                "187595f129ecb9829644df87f52c16495403ff60eaaef167b748fa5009632cc2",
                "a773a2224e1d62eabd1a8f5a6d4995e7d31f4049329de7c0184100e42a7ac6a7"
            ],
            "type": "Document",
            "firstPartyCookies": {},
            "firstPartyCookiesSent": {},
            "exampleSites": [
                "contoseroticoscnn.com",
                "kisscos.net",
                "mycomicsxxx.com",
                "pornmedium.com",
                "www.vintagepornfun.com"
            ]
        },
        {
            "rule": "trackwilltrk\\.com\\/s1\\/a07e547b-49b9-41f3-9d4b-f6343c4a8d0b",
            "cookies": 0,
            "fingerprinting": 0,
            "subdomains": [
                "r"
            ],
            "apis": {},
            "sites": 2,
            "prevalence": 0.0000137,
            "cnames": [],
            "responseHashes": [
                "dc9d7bf46fdabf2f3ad52cca13b6e4d8247ba0aa4c725e902b764339c4acab7a"
            ],
            "type": "Document",
            "firstPartyCookies": {},
            "firstPartyCookiesSent": {},
            "exampleSites": [
                "contoseroticoscnn.com",
                "www.vintagepornfun.com"
            ]
        },
        {
            "rule": "trackwilltrk\\.com\\/s1\\/77bfbe5f-6905-4fda-a773-92d45909d527",
            "cookies": 0,
            "fingerprinting": 0,
            "subdomains": [
                "r"
            ],
            "apis": {},
            "sites": 2,
            "prevalence": 0.0000137,
            "cnames": [],
            "responseHashes": [
                "9a058f4a38e996575da6432dfa1b1e73f8a4728037dd0471567d1fb89b84d6e7"
            ],
            "type": "Document",
            "firstPartyCookies": {},
            "firstPartyCookiesSent": {},
            "exampleSites": [
                "javtiful.com",
                "lwsg2.javtiful.com"
            ]
        },
        {
            "rule": "trackwilltrk\\.com\\/s1\\/0d7a90d5-ccd8-4fcb-ad1d-6aed63ba079d",
            "cookies": 0,
            "fingerprinting": 0,
            "subdomains": [
                "r"
            ],
            "apis": {},
            "sites": 2,
            "prevalence": 0.0000137,
            "cnames": [],
            "responseHashes": [
                "3b517167e72e89acd73b956d1fff802b5e9b84b8d50da5d4c764ffdb688deae1"
            ],
            "type": "Document",
            "firstPartyCookies": {},
            "firstPartyCookiesSent": {},
            "exampleSites": [
                "lewdninja.com",
                "new.lewd.ninja"
            ]
        },
        {
            "rule": "trackwilltrk\\.com\\/s1\\/b6ae1ede-cfc1-41dd-ad16-aeb1c71a5f89",
            "cookies": 0,
            "fingerprinting": 0,
            "subdomains": [
                "r"
            ],
            "apis": {},
            "sites": 2,
            "prevalence": 0.0000137,
            "cnames": [],
            "responseHashes": [
                "2573334f83adbb40fd302ad653c741148b9a618fff52119dd120921bb427d89f"
            ],
            "type": "Document",
            "firstPartyCookies": {},
            "firstPartyCookiesSent": {},
            "exampleSites": [
                "lewdninja.com",
                "new.lewd.ninja"
            ]
        },
        {
            "rule": "trackwilltrk\\.com\\/s1\\/bc21a4fe-5e9b-4936-a844-b3e5f04c4cdc",
            "cookies": 0,
            "fingerprinting": 0,
            "subdomains": [
                "r"
            ],
            "apis": {},
            "sites": 3,
            "prevalence": 0.0000205,
            "cnames": [],
            "responseHashes": [
                "84d75416db00acc6813f81af715c9a46863dd1b1098992c5c52beaaa9b7f1484",
                "0de15b542cc40f9cdad4d4123fa8c3d759e7d922f9cc3eb62501a3bc366ab138"
            ],
            "type": "Document",
            "firstPartyCookies": {},
            "firstPartyCookiesSent": {},
            "exampleSites": [
                "thisav.com",
                "missav.com",
                "myav.com"
            ]
        },
        {
            "rule": "trackwilltrk\\.com\\/s1\\/5a68c44a-0419-42b8-957c-12e68bd3c761",
            "cookies": 0,
            "fingerprinting": 0,
            "subdomains": [
                "r"
            ],
            "apis": {},
            "sites": 3,
            "prevalence": 0.0000205,
            "cnames": [],
            "responseHashes": [
                "e515f5c013d75ca81f67ea246c5659c7e1e713da0512336cbc2dc754530847a8",
                "57135b53e28a693c19b9894caf750959ba8edf7c043f3aa07531c42cc526ad36"
            ],
            "type": "Document",
            "firstPartyCookies": {},
            "firstPartyCookiesSent": {},
            "exampleSites": [
                "hacgn.eu.org",
                "skb-nyaa.hacgn.eu.org",
                "sukebei.nyaa.si"
            ]
        },
        {
            "rule": "trackwilltrk\\.com\\/s1\\/82c2ec55-26aa-42f9-9f4c-32f7465e75e9",
            "cookies": 0,
            "fingerprinting": 0,
            "subdomains": [
                "r"
            ],
            "apis": {},
            "sites": 3,
            "prevalence": 0.0000205,
            "cnames": [],
            "responseHashes": [
                "b2a350929d4ddb27ab4dedd4f7460b1904adc2031c1c69afc21eef8b682eb365"
            ],
            "type": "Document",
            "firstPartyCookies": {},
            "firstPartyCookiesSent": {},