{
    "domain": "trafsupr.com",
    "owner": {},
    "source": [
        "DuckDuckGo-US"
    ],
    "prevalence": 0.000232,
    "sites": 34,
    "subdomains": [
        "d",
        "s"
    ],
    "cnames": [],
    "fingerprinting": 1,
    "resources": [
        {
            "rule": "trafsupr\\.com\\/d\\/",
            "cookies": 0,
            "fingerprinting": 0,
            "subdomains": [
                "d"
            ],
            "apis": {},
            "sites": 16,
            "prevalence": 0.000109,
            "cnames": [],
            "responseHashes": [
                "e71fbc069b39fd3560ea1e7912a6cce658107425838766d7195b91e5b3c6bc31",
                "1140c9facf9b816cc8607725667f161e17a345944a0838bc4e19ddf076cd7df9",
                "0dd02b62ae88189bf9bc6d742b74f9a40eabd52aea03ae58eac5696ed6e91aa4",
                "12bd221cd915c255e60925c0a916eaf10e6ec33fc1e308335af3f7d72bf015b5",
                "c2b6ab7630b0f4bb07d4f42bb13c8b2a56340efe85cd4c8237c4347354f59487",
                "0e7991e29bb27a5155495088eb41305ca546eb3d960d6e2a425e4e3aff6a7c23",
                "8e69e94ad1a1745aaeea4125565b37d224e7f10da25589d20f701f0f2928adf1",
                "0aaf772ef450ea26c0289de21b57d937527d43dc886c00378f398c684de4216c",
                "17d8716057221f51b53c11116c99b2d00ae5fbb2fa1778ece177b8bf0a983b8e",
                "07bdc3498bb6942622b755bd085992dccd8112d0590d6b8a3180d6db5230d576",
                "6c36bbff5a0e405c8fbfb3dbf9b07fe98cc763138381f335e7e40b7f4ff83903",
                "aab8fa90bd3be02743342f2b01af1f5aba474eb9e473692beda33f602d55c35b",
                "d15eae3519f963066e0335d385aa5446cdac1b2c062ab54e681146c4bd942be7",
                "ee6e7d6a2d009d6b0315eb204f15ffaf2adb4eff84652bc182f5765f8e04f2e0"
            ],
            "type": "XHR",
            "firstPartyCookies": {},
            "firstPartyCookiesSent": {},
            "exampleSites": [
                "bobsvagene.club",
                "britbuster.com",
                "chatropolis.com",
                "cumception.com",
                "datawav.club",
                "fastpic.top",
                "femdomizetube.com",
                "forum.ttnudes.com",
                "javsolo.net",
                "sexosintabues30.com",
                "sickjunk.com",
                "strugglefuck.com",
                "trueamaters.com",
                "www.chatropolis.com",
                "www.femdomtb.com",
                "xxgasm.com"
            ]
        },
        {
            "rule": "trafsupr\\.com\\/d\\/n\\/iframe",
            "cookies": 0,
            "fingerprinting": 1,
            "subdomains": [
                "d"
            ],
            "apis": {
                "Document.cookie getter": 3,
                "Notification.permission": 4
            },
            "sites": 5,
            "prevalence": 0.0000342,
            "cnames": [],
            "responseHashes": [
                "84d9972981e5464a2b8051b66681f9f9e11a34188cdb9e7e49e5af9132531f22",
                "f10f8e6312bf0e8ebdfe3c19b8c641b534150573764c77942d4588de77cc19c9",
                "483f4d55a504a71d0810d5c1531bee96594d4d59f2346f54e40fdc4a248dd901",
                "3c7a5bd396e4188d62d9702d4510590d078e3b04ca0a4fe8dc72849c94c6d21b"
            ],
            "type": "Document",
            "firstPartyCookies": {},
            "firstPartyCookiesSent": {},
            "exampleSites": [
                "bobsvagene.club",
                "cumception.com",
                "datawav.club",
                "fastpic.top",
                "sexosintabues30.com"
            ]
        },
        {
            "rule": "trafsupr\\.com\\/prplugs\\/0\\/1281095\\/240x180\\.jpg",
            "cookies": 0,
            "fingerprinting": 0,
            "subdomains": [
                "s"
            ],
            "apis": {},
            "sites": 2,
            "prevalence": 0.0000137,
            "cnames": [],
            "responseHashes": [
                "e68ea86f3d8c01f958c46809d6d729daa55c3b75b9d2c9a4d4c8dfe302f18ff8"
            ],
            "type": "Image",
            "firstPartyCookies": {},
            "firstPartyCookiesSent": {},
            "exampleSites": [
                "bobsvagene.club",
                "datawav.club"
            ]
        },
        {
            "rule": "trafsupr\\.com\\/prbanners\\/2019\\/03\\/29\\/KtMS3Ui41xw9NUALEtNKcp7wnR2h2F\\.jpeg",
            "cookies": 0,
            "fingerprinting": 0,
            "subdomains": [
                "s"
            ],
            "apis": {},
            "sites": 2,
            "prevalence": 0.0000137,
            "cnames": [],
            "responseHashes": [
                "30306057c629b28c40d850a8bd49f7249f3eb48d28997471317c1bcaa317222f"
            ],
            "type": "Image",
            "firstPartyCookies": {},
            "firstPartyCookiesSent": {},
            "exampleSites": [
                "bobsvagene.club",
                "xxgasm.com"
            ]
        },
        {
            "rule": "trafsupr\\.com\\/t\\.php",
            "cookies": 0.00015,
            "fingerprinting": 0,
            "subdomains": [
                "d"
            ],
            "apis": {},
            "sites": 22,
            "prevalence": 0.00015,
            "cnames": [],
            "responseHashes": [
                "e3b0c44298fc1c149afbf4c8996fb92427ae41e4649b934ca495991b7852b855"
            ],
            "type": "Image",
            "firstPartyCookies": {},
            "firstPartyCookiesSent": {},
            "exampleSites": [
                "forum.ttnudes.com",
                "pornotelegram.com",
                "www.chatropolis.com",
                "redxgifs.com",
                "sickjunk.com",
                "datawav.club",
                "cumception.com",
                "bobsvagene.club",
                "myscatporn.com",
                "www.femdomtb.com",
                "femdomizetube.com",
                "strugglefuck.com",
                "britbuster.com",
                "fastpic.top",
                "scatxxxporn.com",
                "trueamaters.com",
                "javsolo.net",
                "freescatporntube.com",
                "www.perverttube.com",
                "chatropolis.com"
            ]
        },
        {
            "rule": "trafsupr\\.com\\/prbanners\\/2021\\/01\\/17\\/fXHeVzYRDFEQsoF47ZbJdgvCBHkWcw\\.gif",
            "cookies": 0,
            "fingerprinting": 0,
            "subdomains": [
                "s"
            ],
            "apis": {},
            "sites": 4,
            "prevalence": 0.0000273,
            "cnames": [],
            "responseHashes": [
                "ef7f71445a98747ae680aa027e7765e70a134a02a4b6e262928dadeb46544a11"
            ],
            "type": "Image",
            "firstPartyCookies": {},
            "firstPartyCookiesSent": {},
            "exampleSites": [
                "britbuster.com",
                "sexosintabues30.com",
                "trueamaters.com",
                "www.femdomtb.com"
            ]
        },
        {
            "rule": "trafsupr\\.com\\/prplugs\\/0\\/1257981\\/120x90\\.jpg",
            "cookies": 0,
            "fingerprinting": 0,
            "subdomains": [
                "s"
            ],
            "apis": {},
            "sites": 2,
            "prevalence": 0.0000137,
            "cnames": [],
            "responseHashes": [
                "9ce7c32508cf0fb4ee296a916c1cb1366d8b423605175049a52120266ccea213"
            ],
            "type": "Image",
            "firstPartyCookies": {},
            "firstPartyCookiesSent": {},
            "exampleSites": [
                "strugglefuck.com",
                "trueamaters.com"
            ]
        },
        {
            "rule": "trafsupr\\.com\\/prplugs\\/0\\/1281085\\/120x90\\.jpg",
            "cookies": 0,
            "fingerprinting": 0,
            "subdomains": [
                "s"
            ],
            "apis": {},
            "sites": 2,