{
    "domain": "trbo.com",
    "owner": {
        "name": "Trbo GmbH",
        "displayName": "Trbo"
    },
    "source": [
        "DuckDuckGo-US"
    ],
    "prevalence": 0.000171,
    "sites": 25,
    "subdomains": [
        "api-v4",
        "collect",
        "static"
    ],
    "cnames": [],
    "fingerprinting": 2,
    "resources": [
        {
            "rule": "trbo\\.com\\/r\\.php",
            "cookies": 0,
            "fingerprinting": 0,
            "subdomains": [
                "api-v4"
            ],
            "apis": {},
            "sites": 17,
            "prevalence": 0.000116,
            "cnames": [],
            "responseHashes": [
                "de4c74ee6ef9590f8577c1244aa9291e76363ae0d17ea8e168b8a166af427824",
                "144d7afa41f18e9735a0272ed27288b98e9e235e9f6a021757991579f14c5ac4",
                "08ebbd47b3906c6eb8babd522c0658051ecce22df04323befa8e78f0c68f41c6",
                "c9357b6bb39aa9fb8de248e5f82d643fcd043ef5d047ee1fda6c2f0098018c60",
                "0b4f90da184390cfc65a538c05e24cf3f9ddafe0a22bc65b4bbbc58671d9c9ef",
                "699cb368e126ffea6eaf20f1545eebc8e1654e53cd5b23336cb80e4eedeca3ab",
                "ddad5d5d1243d43612488685b8c33f146cdd1ccc2ee5ff829b422470f8591004",
                "d753feb51b47eca4b50aa87269d41f90a9874bc159da02969a407aa449cfd237",
                "ba4f3bd0bb4bcc41378dee6a7857c69cf7d81ef5522e2d661041363a02d2af5a",
                "c543040ebf81bd4b86f40ecf4e3320a8eff35d296b4d1103347b2d6e8ba82e0b",
                "abe7a1cbfca84dc161d0c2250b0a1a6be757bba8fbcd49b02dd04ea1319f11bd",
                "ba2ef0e8a1be7e36d9a6ec6d5f683b0e283851562e48c4d6c466159a1c9f84c4",
                "6352e490c39a703e5aedacb406066e4b81241a6bfda37be7a9871d14f1809ccc",
                "1f0d7c7d2671a8b077cd83482432f2895315617fa70ef8ef675c4e66ef688e14",
                "136253f0c751f2ffe101840989e8bec2d43f6992481ba6b205971588e630fb8a",
                "d4ecdde90928bd0a0c32d3e877c0abd8819f2db748db95076dbe08494c25cb46"
            ],
            "type": "Script",
            "firstPartyCookies": {},
            "firstPartyCookiesSent": {
                "trbo_usr": 0.0000819840131174421,
                "trbo_session": 0.0000819840131174421,
                "utm_source": 0.000006832001093120175,
                "utm_medium": 0.000006832001093120175,
                "utm_campaign": 0.000006832001093120175,
                "icVarSave": 0.000006832001093120175,
                "trbo_didfi_oxman_b": 0.000006832001093120175
            },
            "exampleSites": [
                "gir.co",
                "kapten-son.com",
                "megabad.com",
                "shop.rewe.de",
                "thomaskinkade.com",
                "trueshotammo.com",
                "www.apollo.de",
                "www.baer-schuhe.de",
                "www.calumetphoto.de",
                "www.eis.de",
                "www.hsv.de",
                "www.jellybelly.com",
                "www.lodenfrey.com",
                "www.rewe.de",
                "www.satisfyer.com",
                "www.stihl.fr",
                "www.stihl.de"
            ]
        },
        {
            "rule": "trbo\\.com\\/c\\.php",
            "cookies": 0,
            "fingerprinting": 0,
            "subdomains": [
                "collect"
            ],
            "apis": {},
            "sites": 7,
            "prevalence": 0.0000478,
            "cnames": [],
            "responseHashes": [
                "25b4ecfd3a740f29d76fe930a4cec9d41afa0cfd2bafa70ca4051bd3d5395d74"
            ],
            "type": "Image",
            "firstPartyCookies": {},
            "firstPartyCookiesSent": {
                "trbo_usr": 0.0000273280043724807,
                "trbo_session": 0.0000273280043724807
            },
            "exampleSites": [
                "gir.co",
                "kapten-son.com",
                "shop.rewe.de",
                "www.moemax.de",
                "www.rewe.de",
                "www.xxxlesnina.hr",
                "www.xxxlutz.at"
            ]
        },
        {
            "rule": "trbo\\.com\\/limps\\.php",
            "cookies": 0,
            "fingerprinting": 0,
            "subdomains": [
                "collect"
            ],
            "apis": {},
            "sites": 3,
            "prevalence": 0.0000205,
            "cnames": [],
            "responseHashes": [
                "25b4ecfd3a740f29d76fe930a4cec9d41afa0cfd2bafa70ca4051bd3d5395d74"
            ],
            "type": "Image",
            "firstPartyCookies": {},
            "firstPartyCookiesSent": {
                "trbo_usr": 0.00001366400218624035,
                "trbo_session": 0.00001366400218624035
            },
            "exampleSites": [
                "gir.co",
                "thomaskinkade.com",
                "www.baer-schuhe.de"
            ]
        },
        {
            "rule": "trbo\\.com\\/conv\\.php",
            "cookies": 0,
            "fingerprinting": 0,
            "subdomains": [
                "collect"
            ],
            "apis": {},
            "sites": 2,
            "prevalence": 0.0000137,
            "cnames": [],
            "responseHashes": [
                "25b4ecfd3a740f29d76fe930a4cec9d41afa0cfd2bafa70ca4051bd3d5395d74"
            ],
            "type": "Image",
            "firstPartyCookies": {},
            "firstPartyCookiesSent": {
                "trbo_usr": 0.00001366400218624035,
                "trbo_session": 0.00001366400218624035
            },
            "exampleSites": [
                "kapten-son.com",
                "thomaskinkade.com"
            ]
        },
        {
            "rule": "trbo\\.com\\/plugin\\/trbo_12482_f3e6db1f28f1a188d3c0cfe3a1c76758\\.js",
            "cookies": 0.0000137,
            "fingerprinting": 2,
            "subdomains": [
                "static"
            ],
            "apis": {
                "Date.prototype.getTime": 2,
                "window.localStorage": 2,
                "Document.cookie getter": 2,
                "Document.cookie setter": 2,
                "Navigator.prototype.userAgent": 2,
                "window.innerWidth": 2,
                "window.innerHeight": 2,
                "Navigator.prototype.plugins": 2,
                "Navigator.prototype.appVersion": 2,
                "window.sessionStorage": 2
            },
            "sites": 2,
            "prevalence": 0.0000137,
            "cnames": [],
            "responseHashes": [
                "a91e9f0fbf650ad0fe87cf44077b61ab0b19c3c9c5bfa15d99ac5ac3f319fbf2"
            ],
            "type": "Script",
            "firstPartyCookies": {
                "trbo_osi": {
                    "ttl": -1731659019,
                    "length": 1,
                    "prevalence": 0.00001366400218624035,
                    "uniqueness": 0.5
                },
                "trbo_usr": {
                    "ttl": 94608013,
                    "length": 32,
                    "prevalence": 0.00001366400218624035,
                    "uniqueness": 1
                },
                "trbo_session": {
                    "ttl": 1813,
                    "length": 10,
                    "prevalence": 0.00001366400218624035,
                    "uniqueness": 1
                },
                "trbo_us_2d5a9d0e7d09022233d81f1f9b6f091f": {
                    "ttl": 94608013,
                    "length": 212,
                    "prevalence": 0.000006832001093120175,
                    "uniqueness": 1
                },
                "trbo_sess_4050600765": {
                    "ttl": 1813,
                    "length": 128,
                    "prevalence": 0.000006832001093120175,
                    "uniqueness": 1
                },
                "trbo_us_c9bd946e61ba969b86dbddc5f5c60722": {
                    "ttl": 94608012,
                    "length": 212,