{
    "domain": "truemed.com",
    "owner": {},
    "source": [
        "DuckDuckGo-US"
    ],
    "prevalence": 0.0000683,
    "sites": 10,
    "subdomains": [
        "app",
        "mp"
    ],
    "cnames": [],
    "fingerprinting": 2,
    "resources": [
        {
            "rule": "truemed\\.com\\/widget\\/identity-iframe",
            "cookies": 0.0000615,
            "fingerprinting": 0,
            "subdomains": [
                "app"
            ],
            "apis": {},
            "sites": 9,
            "prevalence": 0.0000615,
            "cnames": [],
            "responseHashes": [
                "72cb99590e31d9a62686dbf09394b2c6237fafa0b904371f4f98db211547b79b",
                "8705130126a8ade5560d67d43a316f82ab05b6f406c3a3d86a643d6e666ab083",
                "bd0bbe8157c5ff963e4220208e5db718b0d4b2dbb23f29ad58dfaaffbe551d37",
                "f214b93171bec205a31e26b459c3dcb83b75815a561cccb58fb6a12b8e35fb4f",
                "ded87c8b6314020d33b09d714b7bfc8589ae4e5334a96d4a9f2181898e913ac3",
                "6ae2d4f03c318193aeeff7735ab3dda26257326014c2911e36efc4058381b5bb",
                "2d0b5e8ebe2f9540236094ae2910e3990541bf9fb19f3baf76bb29dcefb6757d",
                "5086a043cf6450e6b1181a8313604f1d0c769dd7136d200b4a3b252978637888"
            ],
            "type": "Document",
            "firstPartyCookies": {},
            "firstPartyCookiesSent": {},
            "exampleSites": [
                "bidetking.com",
                "dosedaily.co",
                "gruns.co",
                "hoogahealth.com",
                "mysaunaworld.com",
                "nakednutrition.com",
                "thelumebox.com",
                "www.equipfoods.com",
                "www.everydaydose.com"
            ]
        },
        {
            "rule": "truemed\\.com\\/_next\\/static\\/css\\/c3bfb88e8691e7d1\\.css",
            "cookies": 0,
            "fingerprinting": 0,
            "subdomains": [
                "app"
            ],
            "apis": {},
            "sites": 9,
            "prevalence": 0.0000615,
            "cnames": [],
            "responseHashes": [
                "f8900f78d1176fcffe72ba05ccf61c759fcad53ed52e5dc59edd933cfe2c7d1e"
            ],
            "type": "Stylesheet",
            "firstPartyCookies": {},
            "firstPartyCookiesSent": {},
            "exampleSites": [
                "bidetking.com",
                "dosedaily.co",
                "gruns.co",
                "hoogahealth.com",
                "mysaunaworld.com",
                "nakednutrition.com",
                "thelumebox.com",
                "www.equipfoods.com",
                "www.everydaydose.com"
            ]
        },
        {
            "rule": "truemed\\.com\\/_next\\/static\\/chunks\\/webpack-f1aaee74cc20fa68\\.js",
            "cookies": 0,
            "fingerprinting": 0,
            "subdomains": [
                "app"
            ],
            "apis": {},
            "sites": 9,
            "prevalence": 0.0000615,
            "cnames": [],
            "responseHashes": [
                "987e018bdb1688af7fa61a6825c518c23de9efe67eb0ebef00ba36230a33fab6"
            ],
            "type": "Script",
            "firstPartyCookies": {},
            "firstPartyCookiesSent": {},
            "exampleSites": [
                "bidetking.com",
                "dosedaily.co",
                "gruns.co",
                "hoogahealth.com",
                "mysaunaworld.com",
                "nakednutrition.com",
                "thelumebox.com",
                "www.equipfoods.com",
                "www.everydaydose.com"
            ]
        },
        {
            "rule": "truemed\\.com\\/_next\\/static\\/chunks\\/framework-1cbeb4551fcd1d40\\.js",
            "cookies": 0,
            "fingerprinting": 0,
            "subdomains": [
                "app"
            ],
            "apis": {},
            "sites": 9,
            "prevalence": 0.0000615,
            "cnames": [],
            "responseHashes": [
                "6ea8ebd419d9afd1ad393fe7373c4bb8b1afa06c211f39b6ca445a0aa0283e5d"
            ],
            "type": "Script",
            "firstPartyCookies": {},
            "firstPartyCookiesSent": {},
            "exampleSites": [
                "bidetking.com",
                "dosedaily.co",
                "gruns.co",
                "hoogahealth.com",
                "mysaunaworld.com",
                "nakednutrition.com",
                "thelumebox.com",
                "www.equipfoods.com",
                "www.everydaydose.com"
            ]
        },
        {
            "rule": "truemed\\.com\\/_next\\/static\\/chunks\\/main-96d9c3207679ee87\\.js",
            "cookies": 0,
            "fingerprinting": 1,
            "subdomains": [
                "app"
            ],
            "apis": {
                "Event.prototype.timeStamp": 8
            },
            "sites": 9,
            "prevalence": 0.0000615,
            "cnames": [],
            "responseHashes": [
                "e72ac3d8493d4ef5e0146dd3bc26a54dd7218daf1335cf0c3012ba5e26bbd3ce"
            ],
            "type": "Script",
            "firstPartyCookies": {},
            "firstPartyCookiesSent": {},
            "exampleSites": [
                "bidetking.com",
                "dosedaily.co",
                "gruns.co",
                "hoogahealth.com",
                "mysaunaworld.com",
                "nakednutrition.com",
                "thelumebox.com",
                "www.equipfoods.com",
                "www.everydaydose.com"
            ]
        },
        {
            "rule": "truemed\\.com\\/_next\\/static\\/chunks\\/pages\\/_app-820e1565dc63f2f3\\.js",
            "cookies": 0.0000205,
            "fingerprinting": 2,
            "subdomains": [
                "app"
            ],
            "apis": {
                "PerformanceTiming.prototype.navigationStart": 3,
                "Navigator.prototype.product": 3,
                "Navigator.prototype.userAgent": 3,
                "window.localStorage": 3,
                "Date.prototype.getTime": 4,
                "Document.cookie getter": 3,
                "Document.cookie setter": 3,
                "Screen.prototype.height": 3,
                "Screen.prototype.width": 3,
                "Navigator.prototype.vendor": 3
            },
            "sites": 4,
            "prevalence": 0.0000273,
            "cnames": [],
            "responseHashes": [
                "399bdbcb6eb304fff8dff350fc5d4f20cd2a4807e78aa1d0e32f43122df8e54b"
            ],
            "type": "Script",
            "firstPartyCookies": {},
            "firstPartyCookiesSent": {},
            "exampleSites": [
                "bidetking.com",
                "gruns.co",
                "hoogahealth.com",
                "thelumebox.com"
            ]
        },
        {
            "rule": "truemed\\.com\\/_next\\/static\\/chunks\\/pages\\/widget\\/identity-iframe-ce3ad0fd0a2f0431\\.js",
            "cookies": 0,
            "fingerprinting": 0,
            "subdomains": [
                "app"
            ],
            "apis": {},
            "sites": 9,
            "prevalence": 0.0000615,
            "cnames": [],
            "responseHashes": [
                "14a0128c40a86cc3aa8127f42d6e59433fe50dc3000829f47b32695a6682ebc3"
            ],
            "type": "Script",
            "firstPartyCookies": {},
            "firstPartyCookiesSent": {},
            "exampleSites": [
                "bidetking.com",
                "dosedaily.co",
                "gruns.co",
                "hoogahealth.com",
                "mysaunaworld.com",
                "nakednutrition.com",
                "thelumebox.com",
                "www.equipfoods.com",
                "www.everydaydose.com"
            ]
        },
        {
            "rule": "truemed\\.com\\/_next\\/static\\/CJ4WlHskmqRcThUa9FjPp\\/_buildManifest\\.js",
            "cookies": 0,