{
    "domain": "tukioswebsites.com",
    "owner": {},
    "source": [
        "DuckDuckGo-US"
    ],
    "prevalence": 0.00015,
    "sites": 22,
    "subdomains": [
        "manage2",
        "cdn"
    ],
    "cnames": [],
    "fingerprinting": 0,
    "resources": [
        {
            "rule": "tukioswebsites\\.com\\/api\\/v1\\/obituaries",
            "cookies": 0,
            "fingerprinting": 0,
            "subdomains": [
                "manage2"
            ],
            "apis": {},
            "sites": 20,
            "prevalence": 0.000137,
            "cnames": [],
            "responseHashes": [
                "bb61b79d079b3a0441d4baff6960a61b0561c47c87bb08f3b20704a087d8cf4c",
                "8bf77f49364337d891737b5abcc8bf056187918c41c44078cb46782e8b51bd06",
                "45f113fdb7687558c035f602e4000759fc59a8ee5d4790fafcb2d5b644674818",
                "f11d414f985c53149444ebeef51266339b95707522d23405c8f575a9e3467bfe",
                "3b6d52f64b51c5341a51de4525ffe3672602658560caa559801ec8fcdbac470f",
                "8986c44b1c836b552b0632eff2163850bc90342b7a317b523db8dc1960657620",
                "ef70ecee1c337a3fff2624294d702d2daa7b9edefce6ad7f5d6999161240f4e7",
                "8b271114f9718cf0054a200a168f873e0fe59cbe5677911028dbcf36b3d6a524",
                "f75469ea6ae0f6df593506924110b3301f5cb99610a9389e40d2164a0da7cc00",
                "8914a529fefab49a8ba78baa20cff39206265e280d19feadab26186940552080",
                "88238b1bd052b3f5ab235657f0f47fa95a3e832fd386653a822d85df57c58fce",
                "289c08bd7ec04829ab52f89781e676536401083cf53da6f091f82612b4e352ef",
                "8ac24d322adbe7fedc530422458e5d5e5aaf8134c5add08e3741adf09f83f05a",
                "0e2e6f0104b4fe0d663d9a159ad1edabbc9fc40ea9fbb89bb30f755672ca0b63",
                "4efbd1a42880dfe68c317ff839b71838aa6f9fe59de872e5c765cfbf7610bfa4",
                "2a1b991cb0dc665dca94685e07d54a79bb0ac6d06b76d3099b26d738c06431b2",
                "a942f442677b9ea31efe8869ecf81f0c6a03fc6c38a4202e309c576d2a6fd03c",
                "8fcd1cf27b0be6e3d60da757b26631a5f9bb5d6f19f3310a699dc1ab8ca24774",
                "700cb73cbf2e0f2f93e28ee07b1fae985722b0ef80402258974a28adcd6586be"
            ],
            "type": "XHR",
            "firstPartyCookies": {},
            "firstPartyCookiesSent": {},
            "exampleSites": [
                "keohane.com",
                "www.amundsonfuneralhome.com",
                "www.baue.com",
                "www.boxwellbrothers.com",
                "www.bradshawfuneral.com",
                "www.cressfuneralservice.com",
                "www.donohuefuneralhome.com",
                "www.eastgatefuneral.com",
                "www.flannerbuchanan.com",
                "www.frenchfunerals.com",
                "www.hayworth-miller.com",
                "www.horancares.com",
                "www.lindquistmortuary.com",
                "www.mankatomortuary.com",
                "www.moodyfuneralservices.com",
                "www.mulhearnfuneralhome.com",
                "www.newcomerdayton.com",
                "www.pellerinfuneralhome.com",
                "www.rose-neath.com",
                "www.wichmannfuneralhomes.com"
            ]
        },
        {
            "rule": "tukioswebsites\\.com\\/api\\/v1\\/obituaries",
            "cookies": 0,
            "fingerprinting": 0,
            "subdomains": [
                "manage2"
            ],
            "apis": {},
            "sites": 20,
            "prevalence": 0.000137,
            "cnames": [],
            "responseHashes": [],
            "type": "Preflight",
            "firstPartyCookies": {},
            "firstPartyCookiesSent": {},
            "exampleSites": [
                "keohane.com",
                "www.amundsonfuneralhome.com",
                "www.baue.com",
                "www.boxwellbrothers.com",
                "www.bradshawfuneral.com",
                "www.cressfuneralservice.com",
                "www.donohuefuneralhome.com",
                "www.eastgatefuneral.com",
                "www.flannerbuchanan.com",
                "www.frenchfunerals.com",
                "www.hayworth-miller.com",
                "www.horancares.com",
                "www.lindquistmortuary.com",
                "www.mankatomortuary.com",
                "www.moodyfuneralservices.com",
                "www.mulhearnfuneralhome.com",
                "www.newcomerdayton.com",
                "www.pellerinfuneralhome.com",
                "www.rose-neath.com",
                "www.wichmannfuneralhomes.com"
            ]
        },
        {
            "rule": "tukioswebsites\\.com\\/api\\/v1\\/testimonials",
            "cookies": 0,
            "fingerprinting": 0,
            "subdomains": [
                "manage2"
            ],
            "apis": {},
            "sites": 12,
            "prevalence": 0.000082,
            "cnames": [],
            "responseHashes": [
                "c2517fb350cecc56f15ca4b31c748ef7fa6e13db8624b37659fd4f4d94f28dbc",
                "530da49b40367bac2c1ed50017ecc7ec8255f82809cb152f055431d66021b3bc",
                "3ce5ed1a5d63dfe825ff6afafb977e30d93841694496457c27747cb080e6ff77",
                "b32800a8dcf5f7af5e0395d2ee0e7beb7ab0a410a31cd80d9167e35897a355d6",
                "8084dfc31045f9c0e785bf28b2bdbf460b11f54fe40dd1db245fd816ac6c1e14",
                "7464ea329afe40404a7df703fbf9369893e998823f52ff9c74d317d0b278e1f0",
                "305c47c778be121217d1810b7d926b7f3f4a3cc4ee09a6785ccf0af0b3310d3e",
                "c503d5e3a4afd68c42a587090695d0f0d72d73bdf4b95513c86871240d53b9a9",
                "fa1701492b1846385b8c433caf211927c40e71192dd82fe3a22219771a501bb2",
                "fcddfa2abe34cf6fc83abda135cef13ac9b4a1d9cff74f9cc32eadf75ec800a4",
                "8bcc9636f7206244529921303f6515ead055699e21ba986663f343c9467b5572"
            ],
            "type": "XHR",
            "firstPartyCookies": {},
            "firstPartyCookiesSent": {},
            "exampleSites": [
                "keohane.com",
                "www.bradshawfuneral.com",
                "www.companionfunerals.com",
                "www.eastgatefuneral.com",
                "www.hayworth-miller.com",
                "www.horancares.com",
                "www.lindquistmortuary.com",
                "www.mankatomortuary.com",
                "www.maxsass.com",
                "www.mulhearnfuneralhome.com",
                "www.rose-neath.com",
                "www.wichmannfuneralhomes.com"
            ]
        },
        {
            "rule": "tukioswebsites\\.com\\/api\\/v1\\/testimonials",
            "cookies": 0,
            "fingerprinting": 0,
            "subdomains": [
                "manage2"
            ],
            "apis": {},
            "sites": 12,
            "prevalence": 0.000082,
            "cnames": [],
            "responseHashes": [],
            "type": "Preflight",
            "firstPartyCookies": {},
            "firstPartyCookiesSent": {},
            "exampleSites": [
                "keohane.com",
                "www.bradshawfuneral.com",
                "www.companionfunerals.com",
                "www.eastgatefuneral.com",
                "www.hayworth-miller.com",
                "www.horancares.com",
                "www.lindquistmortuary.com",
                "www.mankatomortuary.com",
                "www.maxsass.com",
                "www.mulhearnfuneralhome.com",
                "www.rose-neath.com",
                "www.wichmannfuneralhomes.com"
            ]
        },
        {
            "rule": "tukioswebsites\\.com\\/images\\/no-image\\.jpg",
            "cookies": 0,
            "fingerprinting": 0,
            "subdomains": [
                "manage2"
            ],
            "apis": {},
            "sites": 2,
            "prevalence": 0.0000137,
            "cnames": [],