{
    "domain": "twinrdsyte.com",
    "owner": {},
    "source": [
        "DuckDuckGo-US"
    ],
    "prevalence": 0.000335,
    "sites": 49,
    "subdomains": [
        "cdn"
    ],
    "cnames": [],
    "fingerprinting": 2,
    "resources": [
        {
            "rule": "twinrdsyte\\.com\\/preroll\\.engine",
            "cookies": 0.000109,
            "fingerprinting": 0,
            "subdomains": [],
            "apis": {},
            "sites": 16,
            "prevalence": 0.000109,
            "cnames": [],
            "responseHashes": [
                "a71702232a771b558b12f8c0012a15f5652b500fd2e33464d283406cee36754d",
                "dcc1026c8fcb1774afa8dce7364df850c21e341a23c1e41e74c78eef3476d517",
                "ea3ad3b3c749a9537fd8c42511ffd6a3924a689490582ee42bc510abfb2b39d4",
                "1072c17351a1e409b95713779a2cf4b691db80cb855ed9bc30cefcc3c7c4116f",
                "1e06cdebf3a8c92248dc5d53421ab9772ea39d8fea49f692916997f9faf574a9",
                "71c5b381256da107c2dff9ff90f83e888b78ff42212eea35cb7293e97e4a470b",
                "a4c8dba226eee84f16336a10f33ad05aa9aaa6ba6bdefd46c799559775820f43",
                "07b211844acc1ebec744ace7034b9bc9722f31414385e096a8776534478716fc",
                "132187cd8bc147d6b87fd95c579eab7c9a95d099afb7178993168897e996ddaa",
                "37dfc3be500c7ba4c57fc8c97f753fb5169053b91878d2540f3fea9149c7e0ad",
                "ccd9bb543a388264b1030177e11913e781ef1092af603305b537443d46f650db",
                "0e29d8ad854fa506cc05052c07654fc446ea45e262f16197f4212e577b7c271c",
                "836262c4dd412bc0679a0091d6c0fcfbc810ad5240cd88d8d3f5b83c66c82d16",
                "784b4cab5316c8ae2913fa5697f98782094d904b812ec259d3b06c78c022d39f",
                "3c02524b334b6adafe5378e9d8d676d2616cd8c03ab1df6e48d80ac3d769c626"
            ],
            "type": "Fetch",
            "firstPartyCookies": {},
            "firstPartyCookiesSent": {},
            "exampleSites": [
                "bdsmup.net",
                "bokepcuy.skin",
                "chaturflix.cam",
                "femdomup.net",
                "footstockings.com",
                "masalafun.com",
                "retroporn.cc",
                "thicca.com",
                "www.luscious.net",
                "www.masalafun.com",
                "www.pornworms.com",
                "www.trendyxxx.com",
                "www.xxxziz.com",
                "www.yespornplease.sexy",
                "x-gay.tube"
            ]
        },
        {
            "rule": "twinrdsyte\\.com\\/Scripts\\/infinity\\.js\\.aspx",
            "cookies": 0.00000683,
            "fingerprinting": 2,
            "subdomains": [
                "cdn"
            ],
            "apis": {
                "Navigator.prototype.userAgent": 11,
                "Navigator.prototype.platform": 12,
                "window.localStorage": 11,
                "Document.cookie getter": 11,
                "Date.prototype.getTimezoneOffset": 13,
                "Navigator.prototype.mimeTypes": 12,
                "window.innerWidth": 11,
                "window.innerHeight": 11,
                "Screen.prototype.width": 11,
                "Screen.prototype.height": 11,
                "window.sessionStorage": 4,
                "Document.cookie setter": 1,
                "window.screenLeft": 1,
                "window.screenTop": 1
            },
            "sites": 13,
            "prevalence": 0.0000888,
            "cnames": [],
            "responseHashes": [
                "300eef760222804f8a7e21e7c1c1d19c687b5d4cadacaf341359985b3eb2edf6",
                "5c095e53e268c91dc3663ab30c314a7c7c286a2d985d732909e9b9ef5181b3dc",
                "9916a36abff421cfdf0e2726a3c6d2f4df6f1c473905fb9008f9916f03256fc5",
                "6138b961879096c79b8acf8772e9a29db68be45c40d5ce3dd611ed01cd47a131",
                "5cc96dbde178474316e353ee97a5a73cb328a01d199dc96ca78e84e77ad3fa7b",
                "4889de1a1179c5f6e7bd74d05d70cbd529a27fe711cd3f121e9eced894518185",
                "b980d278cce1c370004c9518e20a591da0325e4b1654ad9570a79414955cbef5",
                "db925dcd1b98f603801b7d294b7da6031e5fdd614bb0d95d2abd18400a13dfaa",
                "86b130692179347c73f54d8c7c1596bb7bb84fd6776819aa9ce51d9a149a0437",
                "df19d53ecc4f618bdd996da8ab1e42ba1435672b168d60b523a7d81838bb6c9c"
            ],
            "type": "Script",
            "firstPartyCookies": {
                "g36FastPopSessionRequestNumber": {
                    "ttl": null,
                    "length": 1,
                    "prevalence": 0.000006832001093120175,
                    "uniqueness": 1
                }
            },
            "firstPartyCookiesSent": {},
            "exampleSites": [
                "bondagevalley.cc",
                "fr.sex.com",
                "it.sex.com",
                "javsubbed.net",
                "javx.org",
                "kambikathakal.org",
                "pornone.com",
                "vintage-erotica-forum.com",
                "www.boobieblog.com",
                "www.nudecelebforum.com",
                "www.planetsuzy.org",
                "www.sex.com",
                "www.thenipslip.com"
            ]
        },
        {
            "rule": "twinrdsyte\\.com\\/Tag\\.engine",
            "cookies": 0.0000888,
            "fingerprinting": 0,
            "subdomains": [],
            "apis": {},
            "sites": 13,
            "prevalence": 0.0000888,
            "cnames": [],
            "responseHashes": [
                "0552381f1d5ebfbe2e2872483699bb46f26603fd1aaf0d579035df2f4d7ef1a6",
                "3996a5222b073e3e77a8f6a5ad6b4e5d02f5166a39299c5121c6085886cfab53",
                "5af4e2e98684a81ffbc62ea7ea07835494dd214db999016d863fd695675e946e",
                "5fe4630a64504ccf3946ff16d5122f7eec3ff1674beec411000fdccf8445e694",
                "696a00fd0cf747b10886522a45de16d9fdd6eeae0208b85e6841dec48f299115",
                "bf6affb3dd0b1c45f09e855387117a774e24902440f971af74b4e685a6a51974",
                "40dc3e4f46439ce0c136403e3524a7c40563874e4dbdcb4c39cbd15846551fa4",
                "d734fb6e3dcdc491ca06d398833336dfae83320f02c0983fdbb19c708aeb191c",
                "b52b2cf99613f58bb02257cc26e61d2aeb79a3562ebef9a7bb06ea36b82c8426",
                "2f66fd7bb611441c150f8296ccacdfb325c239d139efd0167a917df55ca1392d",
                "c8a5cedc1d21d818370fadb8e0a29d00ce9f02a125a15b1baa2a23a6e6e286a7"
            ],
            "type": "Script",
            "firstPartyCookies": {},
            "firstPartyCookiesSent": {},
            "exampleSites": [
                "bondagevalley.cc",
                "fr.sex.com",
                "it.sex.com",
                "javsubbed.net",
                "javx.org",
                "kambikathakal.org",
                "pornone.com",
                "vintage-erotica-forum.com",
                "www.boobieblog.com",
                "www.nudecelebforum.com",
                "www.planetsuzy.org",
                "www.sex.com",
                "www.thenipslip.com"
            ]
        },
        {
            "rule": "twinrdsyte\\.com\\/Scripts\\/MediaScripts\\/b\\.js",
            "cookies": 0,
            "fingerprinting": 1,
            "subdomains": [
                "cdn"
            ],
            "apis": {
                "Navigator.prototype.userAgent": 4,
                "Date.prototype.getTime": 4
            },
            "sites": 4,
            "prevalence": 0.0000273,
            "cnames": [],
            "responseHashes": [
                "b7e61067a212deb6afc647fa5e6f8b5e158232cedc38d45f69ec5cb3f67a76d8"
            ],
            "type": "Script",
            "firstPartyCookies": {},
            "firstPartyCookiesSent": {},