{
    "domain": "twinrdack.com",
    "owner": {},
    "source": [
        "DuckDuckGo-US"
    ],
    "prevalence": 0.000328,
    "sites": 48,
    "subdomains": [
        "cdn"
    ],
    "cnames": [],
    "fingerprinting": 2,
    "resources": [
        {
            "rule": "twinrdack\\.com\\/Scripts\\/infinity\\.js\\.aspx",
            "cookies": 0,
            "fingerprinting": 2,
            "subdomains": [
                "cdn"
            ],
            "apis": {
                "Navigator.prototype.userAgent": 20,
                "Navigator.prototype.platform": 20,
                "window.localStorage": 19,
                "Document.cookie getter": 19,
                "Date.prototype.getTimezoneOffset": 20,
                "Navigator.prototype.mimeTypes": 20,
                "window.innerWidth": 19,
                "window.innerHeight": 19,
                "Screen.prototype.width": 20,
                "Screen.prototype.height": 20
            },
            "sites": 20,
            "prevalence": 0.000137,
            "cnames": [],
            "responseHashes": [
                "435f3d0c32ef271d5be3006cf7d70d01f2fc70d728edf46be344b0aaf156a9e3",
                "1a60fbc4c7a627f633e85325ace7721639643e318367a19ab926a3c65a300f0f",
                "a34b6e59f76228ea7c278e110744373c3e7aa888bb92bbf2b3d58696b40c2905",
                "d2781f8beaeffc386d999d17716ae55fa1abfb466525b96f08a81930e0c0e2d2",
                "3e2e279473aff6e639ea3ca8ff35b2ebe607632ba618d1b18c8d8a786c232ec0",
                "87bcff133f377090099ac75e493707e2d4806776146a87eb308cf7031c71da7d",
                "69e369bd40221b3fc5d9f67b4e06ee514987ebaddf4b7dc977e12ee80a57aeb9",
                "c8fc594a56475faac74141422097f802c8d1f4cb88e885d1b3f6c4fc7014c76d",
                "b0d3643a3d4b1674ed0a92f5589ba0b7264ba6a36208ee1658b1ea2c3e3760b6",
                "c49c1898ce46168db229e8a6de2846b164ab324308d34dbad100dae3cdf89ddd",
                "804e3af820cde8d69610c37c6abc8b0b9e05f94f202bc560f0bf8cfa86501058",
                "2e5968d0100f2d1f257144019e2486b5052b336218e8394a89a26ee758407816",
                "0f1b963567a160184a464ceeb4032c84f79bc4f6789fb397f7ee8995a6394a21",
                "5fc3242d6547d51b29529faff80f251fee067fa9df55d77d94e9cf8e4db28ed3"
            ],
            "type": "Script",
            "firstPartyCookies": {},
            "firstPartyCookiesSent": {},
            "exampleSites": [
                "ok.xxx",
                "de.perfektdamen.co",
                "de.pornhat.com",
                "es.ok.xxx",
                "fr.ok.xxx",
                "fr.perfectgirls.xxx",
                "fr.pornhat.com",
                "hello.porn",
                "max.porn",
                "ok.porn",
                "okxxx1.com",
                "okxxx2.com",
                "pornstars.tube",
                "porntrex.tv",
                "www.perfectgirls.xxx",
                "www.perfektdamen.co",
                "www.pornhat.com",
                "www.pornhat.one",
                "www.porntrex.com",
                "www.porntrex.tv"
            ]
        },
        {
            "rule": "twinrdack\\.com\\/Tag\\.engine",
            "cookies": 0.000137,
            "fingerprinting": 0,
            "subdomains": [],
            "apis": {},
            "sites": 20,
            "prevalence": 0.000137,
            "cnames": [],
            "responseHashes": [
                "775d2ca738d115be64c95cc7c69fda6648167dbadcdc25c985e501726d4f8913",
                "33e77a97461482e34e9f6d368efa15942c8fcd0474bc793469ae20fd295400c3",
                "9866d84bea34180650fa526babb33ead3f50e1819f17ccbc4ab9041f0f2d8450",
                "e40b7fc1a29c74b0289d17091a18ac5b7dcc76ffdf078aaf215dadb4c8ef890f",
                "d78883bfa882f0848774558b6fb2ac6a1ac90f6544202bf59e0b684db86b9846",
                "899a9e84f5b15469ee0e46cb3cb34faf1574b2aad123b14f9c5e0b302d93a718",
                "0946539f7fc91737ba9a703a39d98b0d76b9b635ee19cca4e5970dea77557a5f",
                "7b66cc24e7659f3ad3ef0c00caf4b76147b7a6c430de825411bf347503dffce6",
                "ab787bc9a29776dec0ba0ebc82b785cdadbdb56ce8d3941d47124e33601f519c",
                "a27f5c842d7fb99c15bb1688af0b794475771c4deb6bda848a8e5ce8636d5be0",
                "29a2d58853a2225298baeb2018a93c04df22235d77efccad6ecd3ef6f286ec73",
                "38fa06307c77b82383c04801079358a8a62a8ea176c861e12b5973f6ab4c42b3",
                "056a28f2ab542a682deb50cdc946824195399519556ea43d77cb85e3130749e9",
                "ee0a76565b4089e2cdb03a1b6b12e314b950aef5d8aa4e663a6313f56b24e98f",
                "eca6ad161582d52d91a5e0dfbca35ff6ed6079c4b3e3c8baee65e775f660f62f",
                "4d3e8e6d8353e822623dc40bda84109ee139f9549fca4f53b110a15af1468950",
                "293767b7701f2d26781b3a9ff5a3aa0acace0b8644a415017e8b29f76cffe3cb",
                "9cb5fa68e16f75964aab388b5222a49b53a4daf0e653fd664d30743e1d3cc799",
                "34d30d0070d44a2612578ba879e118e6f6c60b3b0ea1e78a96aab4650e628590"
            ],
            "type": "Script",
            "firstPartyCookies": {},
            "firstPartyCookiesSent": {},
            "exampleSites": [
                "ok.xxx",
                "de.perfektdamen.co",
                "de.pornhat.com",
                "es.ok.xxx",
                "fr.ok.xxx",
                "fr.perfectgirls.xxx",
                "fr.pornhat.com",
                "hello.porn",
                "max.porn",
                "ok.porn",
                "okxxx1.com",
                "okxxx2.com",
                "pornstars.tube",
                "porntrex.tv",
                "www.perfectgirls.xxx",
                "www.perfektdamen.co",
                "www.pornhat.com",
                "www.pornhat.one",
                "www.porntrex.com",
                "www.porntrex.tv"
            ]
        },
        {
            "rule": "twinrdack\\.com\\/Scripts\\/MediaScripts\\/i\\.js",
            "cookies": 0,
            "fingerprinting": 1,
            "subdomains": [
                "cdn"
            ],
            "apis": {
                "Event.prototype.timeStamp": 20,
                "Element.prototype.getClientRects": 20
            },
            "sites": 20,
            "prevalence": 0.000137,
            "cnames": [],
            "responseHashes": [
                "4015ba110673ef57b3ac773a48a0b4c806e88b7f061c98fb2d858f9048bbd439"
            ],
            "type": "Script",
            "firstPartyCookies": {},
            "firstPartyCookiesSent": {},
            "exampleSites": [
                "ok.xxx",
                "de.perfektdamen.co",
                "de.pornhat.com",
                "es.ok.xxx",
                "fr.ok.xxx",
                "fr.perfectgirls.xxx",
                "fr.pornhat.com",
                "hello.porn",
                "max.porn",
                "ok.porn",
                "okxxx1.com",
                "okxxx2.com",
                "pornstars.tube",
                "porntrex.tv",
                "www.perfectgirls.xxx",
                "www.perfektdamen.co",
                "www.pornhat.com",
                "www.pornhat.one",
                "www.porntrex.com",
                "www.porntrex.tv"
            ]
        },
        {
            "rule": "twinrdack\\.com\\/preroll\\.engine",
            "cookies": 0.0000547,
            "fingerprinting": 0,
            "subdomains": [],
            "apis": {},
            "sites": 8,
            "prevalence": 0.0000547,
            "cnames": [],