{
    "domain": "typesense.net",
    "owner": {},
    "source": [
        "DuckDuckGo-US"
    ],
    "prevalence": 0.00013,
    "sites": 19,
    "subdomains": [
        "06dxqa9tiyshlok1p.a1",
        "7ko1pans8v9zfd4bp-1.a1",
        "bajc2td3pou5fs7mp.a1",
        "etmzpxgvnid370fyp.a1",
        "uwgznbyxacr8hj1pp.a1",
        "prqm05oz4jnhgek9p-1.a1",
        "gk6e3zbyuntvc5dap.a1",
        "xczkhpt94lod37gqp.a1",
        "jm23gvrnod76ulwzp-1.a1",
        "78b3rjsu2f4hgzlyp-2.a1"
    ],
    "cnames": [],
    "fingerprinting": 0,
    "resources": [
        {
            "rule": "typesense\\.net\\/multi_search",
            "cookies": 0,
            "fingerprinting": 0,
            "subdomains": [
                "06dxqa9tiyshlok1p.a1",
                "7ko1pans8v9zfd4bp-1.a1",
                "bajc2td3pou5fs7mp.a1",
                "etmzpxgvnid370fyp.a1",
                "uwgznbyxacr8hj1pp.a1",
                "prqm05oz4jnhgek9p-1.a1",
                "gk6e3zbyuntvc5dap.a1",
                "xczkhpt94lod37gqp.a1",
                "jm23gvrnod76ulwzp-1.a1",
                "78b3rjsu2f4hgzlyp-2.a1"
            ],
            "apis": {},
            "sites": 11,
            "prevalence": 0.0000752,
            "cnames": [],
            "responseHashes": [
                "f1e78fd3b9ad65942e618a2d8b291c57b3a68c5eb1dbd944a0b70d9e7c12877d",
                "ff046bfcbab8dbd0d8bb20e5d2c0adf3ead06eb6782e6127d1d7540f45596324",
                "b2b663411393184b78c97b9bfd99947fe30b72088d91273f8a234b2a44980af6",
                "38e227d8d6fb34fddd546b7e396d7467d853c5c300b49759d26e73b858e80962",
                "fb2c95650d19d7d2bd34ebb7f3abdf8768d09c48ae767eb744e9a7a46096f323",
                "86f6c4774e2e04a4f5c47f3c605e86d13b337f4bb6f3eea3995edbdcecb290c2",
                "c127a6c4a0b16e41ff191ab7458317e4d84aab4bf8f23b899758576de2203876",
                "030192f8aba12d029da1b79931d87333060aad82b6ea804c8993c84731122737",
                "a8a81bec65a3a9759556f1278660d78dc8e8a2ab7e920c0c08d1bd2bd01d684f",
                "26ca8af574ee59bb465e30b639d4deb31e7136e8203f5daa44de27d97a10fd45"
            ],
            "type": "XHR",
            "firstPartyCookies": {},
            "firstPartyCookiesSent": {},
            "exampleSites": [
                "nightcafe.studio",
                "dictionary.justia.com",
                "iwantclips.com",
                "spicychat.ai",
                "support.straighttalk.com",
                "support.tracfone.com",
                "www.bolius.dk",
                "www.datadoghq.com",
                "www.mac.bid",
                "www.mikeholt.com",
                "www.sparkydirect.com.au"
            ]
        }
    ],
    "categories": [],
    "performance": {},
    "cookies": 0,
    "topInitiators": [
        {
            "domain": "first party",
            "prevalence": 0.5333333333333333
        },
        {
            "domain": "rollbar.com",
            "prevalence": 0.16666666666666666
        },
        {
            "domain": "jsdelivr.net",
            "prevalence": 0.13333333333333333
        },
        {
            "domain": "justatic.com",
            "prevalence": 0.06666666666666667
        },
        {
            "domain": "sentry-cdn.com",
            "prevalence": 0.06666666666666667
        },
        {
            "domain": "d1g0anzmct8mgm.cloudfront.net",
            "prevalence": 0.03333333333333333
        }
    ],
    "types": {
        "XHR": 11
    },
    "nameservers": [
        "ns-1990.awsdns-56.co.uk",
        "ns-792.awsdns-35.net",
        "ns-202.awsdns-25.com",
        "ns-1041.awsdns-02.org"
    ]
}