{
    "domain": "ui-avatars.com",
    "owner": {},
    "source": [
        "DuckDuckGo-US"
    ],
    "prevalence": 0.000212,
    "sites": 31,
    "subdomains": [
        "eu"
    ],
    "cnames": [],
    "fingerprinting": 0,
    "resources": [
        {
            "rule": "ui-avatars\\.com\\/api\\/",
            "cookies": 0,
            "fingerprinting": 0,
            "subdomains": [
                "eu"
            ],
            "apis": {},
            "sites": 29,
            "prevalence": 0.000198,
            "cnames": [],
            "responseHashes": [
                "fb46d4ef06224e8f409012afcefd155c541f34177ee4305ca41d4af88832d38f",
                "2eef4474d4d31553a0ce75a05f37d4e32bb58d2c642e6aeb3637e5bfb7b597c5",
                "4ccfd55a9fd9a7282a2e5c3252b7a2ef799c7e6dd39fd299d4d68db2d708fd67",
                "bcd5a8d123d0626f6ae167db27d7b3ebde6aa28b9bb3b1165e9a1f7fad318b22",
                "e1311076797989dd4bab503f6f7cf119b017ed27466a0597251f6bd42ae060e2",
                "469718d94188404a92a652f3d8483c5937f7a447b8a16dcb764e835424eb1c53",
                "3f2a00043f1fcb082a5c8a42541ba8d015a3390993811f872ecb9dfab892c00f",
                "a1d8fc1a420f1d6c342e5064eff314655c1cce56bfa743f9d20764c987773d3b",
                "5ab7c5728f593cdbcb43b5e7481624a05128e61eb714c0063d1397d313c448c3",
                "4bb21e70271272c29c60e2d9d28cb748219751cdad3dde43c86dc9627de992e0",
                "7f340aaf6ae1e4ec964bfd57fade3ec7b14e73fb57dddc6bcc4fd18863eb9848",
                "77aaa51c304b8450b9f571ab3178b52a90c26775a68239b1ee0d1095562b54ad",
                "decda04fc31039c67666baff35b3031df245c199dd616f538dc2bfe3a88a1a29",
                "9411e1825b3a27df4820be00fc95365e25b684606cc3f7fa1e22a9e002e8463c",
                "99050be0ce303057324b39c55939e97b71348f0cb83fd1760dde4611195e36ba",
                "7790bfb79ca05fc4db99cac8dd300ae13760c93b8f60cdee25f398087b7288b3",
                "222bf9908846f6a7cbeb0549e09d06a243ced8f1752862af7cb08c3531f16384",
                "99be28a11d2afe6352b219f8675ae0b324f297d3ba91fb32dc0e3f2ddefbb0e9",
                "b67b85841e014e771ada7fede30e429afcd841136bf00872162df1b8b3459c4c",
                "dcfdc252eb032e1ca63a8bb963641d690bcc4960226e0ed6a5346fccc130ab83",
                "96bc56e8d72b01c7684ac1326171c52e69539e67e4cf4a52d018b86518609f98",
                "02849435db8afd439312e786b8617712219cff9bb3905a633791e5f46d64c93f",
                "affb57c3f7399f80613360c9e1fa2038e6bb4c00dc3fedf7f17e4666532f2443",
                "49ea27bc6d1edffd8efa27475a7eff9d8d136b75c9e48a210b42f91f4e0b6f01"
            ],
            "type": "Image",
            "firstPartyCookies": {},
            "firstPartyCookiesSent": {},
            "exampleSites": [
                "fullview.pl",
                "www.senior65.com",
                "archivebate.com",
                "www.kunsthaus.ch",
                "preggophilia.com",
                "www.givemethevin.com",
                "www.akkuman.de",
                "www.ourmindfullife.com",
                "hcpl.net",
                "www.thetasteofkosher.com",
                "www.ilsoftware.it",
                "www.eslbuzz.com",
                "www.unmc.edu",
                "fanscout.com",
                "musthavemods.com",
                "www.thecarnivoredietcoach.com",
                "tasteasianfood.com",
                "www.thewickednoodle.com",
                "www.iheartbrazil.com",
                "rockabilia.com"
            ]
        }
    ],
    "categories": [],
    "performance": {},
    "cookies": 0,
    "topInitiators": [
        {
            "domain": "first party",
            "prevalence": 0.372
        },
        {
            "domain": "taggbox.com",
            "prevalence": 0.36
        },
        {
            "domain": "reviewsonmywebsite.com",
            "prevalence": 0.12
        },
        {
            "domain": "tagembed.com",
            "prevalence": 0.092
        },
        {
            "domain": "thereviewsplace.com",
            "prevalence": 0.056
        }
    ],
    "types": {
        "Image": 29
    },
    "nameservers": [
        "will.ns.cloudflare.com",
        "leah.ns.cloudflare.com"
    ]
}