{
    "domain": "uncalmgermane.top",
    "owner": {},
    "source": [
        "DuckDuckGo-US"
    ],
    "prevalence": 0.000178,
    "sites": 26,
    "subdomains": [],
    "cnames": [],
    "fingerprinting": 0,
    "resources": [
        {
            "rule": "uncalmgermane\\.top\\/gd\\/70849",
            "cookies": 0.000171,
            "fingerprinting": 0,
            "subdomains": [],
            "apis": {},
            "sites": 25,
            "prevalence": 0.000171,
            "cnames": [],
            "responseHashes": [
                "608957a8c05071bab67b9c4b3f4336a1bd734587d32dcba80e3f12cf65bfeb4a",
                "be6023d5ef46b090d0878402612de4f020aa7fc685948a2632d96c9a9a0af0de",
                "6e66147bd6d203cc241cb5e8005fbee3a8771a7e342b84ada20bf6b7c1733a85",
                "20dfb9356423b25fb6cae357a176ece5dabcf5da1e7d7cebbdcd93af91c5bcc8",
                "003dbf361b6ff5dc9bc98eafe3cbf5f17293c9577874df378a9c38d1f1418911",
                "2fccacdcb233ac03b8b65e481543d9e68cf78b1a3eedc9c3f3da99286c3b7154",
                "6836610637b1561e16a180a788afa5778b7ea1ef87706e23b474ffdd0dfd9b56",
                "410e570db9a4faa7821ae8c287df0b173bf189beb541303bee360ed2f8834e80",
                "4c8c0f35231250a38c84264e0cabf9d4e9b060b1fc06adc534a5bbe4bcf177b0",
                "6ff833e4946b8676a8cebfb574e4c479e240529e123603fd16c2f9cf2ccd7297",
                "44aff0c53b5f50f6eb24052070f601e6be557ddfe20de7d9de46cbb8f029a5d8",
                "2617e7408e7c31e0778100edb966e34608ec257a0da88e3f10546d4f944fded8",
                "fdb7ee27301461122e5a77f0575522cfeaffd3c72cb024c21a29715f0ab77396",
                "45aafc7912e74677c2a5173737bf8d2d0a0520dc18bd633f8bf539efd27a43e4",
                "5e6def77049d0fdb4d926866fe2a8318fdeaa331f5a051411938993aa3a01c5e",
                "6d32e99bea9cd34a55a63970ee403dd33e15cd723667246c6ff2c7c0c32e3e30",
                "360cea19f323552364890bc1e56b8be387d2d32f20c4cd8b7b7c8216b5b8df1f",
                "212a667aca44893cd6441519c29349771d78f455dff2a3527fed3f07daaa3655",
                "c3ab62b645b1a849cf744fe3896376d44355bc351eddf0ad51ca75fade407018",
                "a0f19b050bb252a50ada3cc63696ea18c2cec4f4d3eec397203222f8907c252a",
                "fb0fd0310324c6245bb906a0873096298c34b037cc532640b4b40b814634045a",
                "14a530300ad68ce5ed5914190ab12fd1d1c967ae46a38380d135b338548e45c5",
                "0759df79021346239130c7c17d319309026e79a20bdf68c80c7cc8465830049a",
                "5be22cf3359f084a8569d9800d04757376bc58ba502bbb4fdd5723244fde6d7c"
            ],
            "type": "Fetch",
            "firstPartyCookies": {},
            "firstPartyCookiesSent": {},
            "exampleSites": [
                "bokepani.blogspot.com",
                "bokepi.com",
                "lokalpride12.blogspot.com",
                "gerahnikmat.blogspot.com",
                "bokepnela.blogspot.com",
                "bokepsam.blogspot.com",
                "www.playcrot.top",
                "jav-scvp.net",
                "areatoge.blogspot.com",
                "bokepbe.blogspot.com",
                "vokeptube.blogspot.com",
                "videobocilyandex.blogspot.com",
                "watch.porn",
                "bokepmau.blogspot.com",
                "indianporntv.net",
                "avtub.skin",
                "bokepkuxyz.blogspot.com",
                "bokepnekat.blogspot.com",
                "www.trannyvideosx.net",
                "bacoltube.cyou"
            ]
        },
        {
            "rule": "uncalmgermane\\.top\\/gd\\/70849",
            "cookies": 0,
            "fingerprinting": 0,
            "subdomains": [],
            "apis": {},
            "sites": 25,
            "prevalence": 0.000171,
            "cnames": [],
            "responseHashes": [],
            "type": "Preflight",
            "firstPartyCookies": {},
            "firstPartyCookiesSent": {},
            "exampleSites": [
                "www.trannyvideosx.net",
                "areatoge.blogspot.com",
                "watch.porn",
                "bokepbe.blogspot.com",
                "linkviralindolokal.blogspot.com",
                "jav-scvp.net",
                "indianporntv.net",
                "bokepnekat.blogspot.com",
                "bacoltube.cyou",
                "bokepnela.blogspot.com",
                "bokepkuxyz.blogspot.com",
                "bokepani.blogspot.com",
                "bokepsam.blogspot.com",
                "bokepmau.blogspot.com",
                "lokalpride12.blogspot.com",
                "avtub.skin",
                "doodvids.blogspot.com",
                "gerahnikmat.blogspot.com",
                "vokeptube.blogspot.com",
                "bokepem.blogspot.com"
            ]
        }
    ],
    "categories": [],
    "performance": {},
    "cookies": 0.000178,
    "topInitiators": [
        {
            "domain": "worstideatum.com",
            "prevalence": 0.9259259259259259
        },
        {
            "domain": "first party",
            "prevalence": 0.037037037037037035
        },
        {
            "domain": "stavegroove.com",
            "prevalence": 0.037037037037037035
        }
    ],
    "types": {
        "Fetch": 25,
        "Preflight": 25
    },
    "nameservers": [
        "ns1.pananames.com",
        "ns2.pananames.com",
        "ns3.pananames.com",
        "ns4.pananames.com"
    ]
}