{
    "domain": "unless.com",
    "owner": {},
    "source": [
        "DuckDuckGo-US"
    ],
    "prevalence": 0.000041,
    "sites": 6,
    "subdomains": [
        "e65f5aca-72b9-4ba6-9974-049f63104ecc",
        "5d347243-25ba-42c4-b444-0250e1e292b4",
        "5afe143b-5113-4dbc-ba23-76682b17668d",
        "c9c1ada6-0ebb-479c-9698-1070e971ffed",
        "30f2ae39-1647-49c6-99b2-49fadb0743bd"
    ],
    "cnames": [],
    "fingerprinting": 1,
    "resources": [
        {
            "rule": "unless\\.com\\/js\\/v5\\/latest\\/txt\\.min\\.js",
            "cookies": 0.00000683,
            "fingerprinting": 1,
            "subdomains": [
                "e65f5aca-72b9-4ba6-9974-049f63104ecc",
                "5d347243-25ba-42c4-b444-0250e1e292b4",
                "5afe143b-5113-4dbc-ba23-76682b17668d",
                "c9c1ada6-0ebb-479c-9698-1070e971ffed",
                "30f2ae39-1647-49c6-99b2-49fadb0743bd"
            ],
            "apis": {
                "window.sessionStorage": 4,
                "window.localStorage": 4,
                "Document.cookie getter": 3,
                "window.innerWidth": 2,
                "Navigator.prototype.language": 2,
                "Document.cookie setter": 1,
                "Date.prototype.getTime": 1
            },
            "sites": 5,
            "prevalence": 0.0000342,
            "cnames": [],
            "responseHashes": [
                "d9ec83321db3a7207e174159e17bb9a1283fa52e93d93b0b4ffa3e3b7235829a",
                "dd8b7484d0cc493812870b97ee16c7fac7cc11d0bac6ae62e86a53d3e3ee73bc",
                "37d2e8c7a9179bd52bc3fcb2bcc4e682089710191d0ff589736fa112a70d825c",
                "ddb698db303033f783862a88993c32d894c701035b7785505788abd7fbe99423"
            ],
            "type": "Script",
            "firstPartyCookies": {
                "unless_sid": {
                    "ttl": null,
                    "length": 36,
                    "prevalence": 0.000006832001093120175,
                    "uniqueness": 1
                },
                "unless_id": {
                    "ttl": 31536004,
                    "length": 36,
                    "prevalence": 0.000006832001093120175,
                    "uniqueness": 1
                }
            },
            "firstPartyCookiesSent": {},
            "exampleSites": [
                "housinganywhere.com",
                "kamernet.nl",
                "www.kruidvat.be",
                "www.kruidvat.nl",
                "www.letu.edu"
            ]
        }
    ],
    "categories": [],
    "performance": {},
    "cookies": 0.00000683,
    "topInitiators": [
        {
            "domain": "first party",
            "prevalence": 1
        }
    ],
    "types": {
        "Script": 5
    },
    "nameservers": [
        "ns-1497.awsdns-59.org",
        "ns-521.awsdns-01.net",
        "ns-410.awsdns-51.com",
        "ns-1843.awsdns-38.co.uk"
    ]
}