{
    "domain": "unrulyvideo.com",
    "owner": {},
    "source": [
        "DuckDuckGo-US"
    ],
    "prevalence": 0.0000752,
    "sites": 11,
    "subdomains": [
        "tg1",
        "servt",
        "player"
    ],
    "cnames": [],
    "fingerprinting": 2,
    "resources": [
        {
            "rule": "unrulyvideo\\.com\\/api\\/adserver\\/spt",
            "cookies": 0,
            "fingerprinting": 1,
            "subdomains": [
                "tg1"
            ],
            "apis": {
                "Navigator.prototype.userAgent": 7,
                "Navigator.prototype.appVersion": 7
            },
            "sites": 8,
            "prevalence": 0.0000547,
            "cnames": [],
            "responseHashes": [
                "4c5b716486024ffffaa6d73fb237ee3550786b8d14d57c977829c07afe38955b",
                "f3c1eddbd3b22e3c00b9734841c1860395f6ccea9c76de828ae72d455fac15c4",
                "8070480177d30e46f89d9347eb9527edb05b8ebcf57f16aa58d8da1df2efe526",
                "eb00c64c7bd7347f9c1f7d7e134e7d28b0e7d098cc28f6ab79c9b8e27d1c66b4",
                "d2fe94b8fd51483c9f4c8ec0889934c7e23da0f8f27118c33753ca8b0fbf36f7",
                "35b9263517d561d9eef43c698ab307109be7ff597bfefaa3e726057c91e3f499",
                "d36df222fa7e59c1b9b16834085d37f2804190a8c4f8bf4addab1493c8946571"
            ],
            "type": "Script",
            "firstPartyCookies": {},
            "firstPartyCookiesSent": {},
            "exampleSites": [
                "aish.com",
                "boingboing.net",
                "home.howstuffworks.com",
                "mamastar.jp",
                "vokka.jp",
                "www.answers.com",
                "www.driving.co.uk",
                "www.irishpost.com"
            ]
        },
        {
            "rule": "unrulyvideo\\.com\\/track",
            "cookies": 0.0000478,
            "fingerprinting": 0,
            "subdomains": [
                "servt"
            ],
            "apis": {},
            "sites": 7,
            "prevalence": 0.0000478,
            "cnames": [],
            "responseHashes": [
                "e3b0c44298fc1c149afbf4c8996fb92427ae41e4649b934ca495991b7852b855"
            ],
            "type": "Image",
            "firstPartyCookies": {},
            "firstPartyCookiesSent": {
                "lotame_domain_check": 0.000020496003279360526
            },
            "exampleSites": [
                "boingboing.net",
                "home.howstuffworks.com",
                "mamastar.jp",
                "vokka.jp",
                "www.answers.com",
                "www.driving.co.uk",
                "www.irishpost.com"
            ]
        },
        {
            "rule": "unrulyvideo\\.com\\/script\\/custom\\/unruly\\/outstream\\/j-query-3\\.7\\.1\\.min\\.js",
            "cookies": 0,
            "fingerprinting": 0,
            "subdomains": [
                "player"
            ],
            "apis": {},
            "sites": 5,
            "prevalence": 0.0000342,
            "cnames": [],
            "responseHashes": [
                "0b249325e3db2bd22697e85ec3e907a311f61c962ad9b1c9aabaca8cefc1e200"
            ],
            "type": "Script",
            "firstPartyCookies": {},
            "firstPartyCookiesSent": {},
            "exampleSites": [
                "boingboing.net",
                "mamastar.jp",
                "vokka.jp",
                "www.driving.co.uk",
                "www.irishpost.com"
            ]
        },
        {
            "rule": "unrulyvideo\\.com\\/track",
            "cookies": 0.0000273,
            "fingerprinting": 0,
            "subdomains": [
                "servt"
            ],
            "apis": {},
            "sites": 5,
            "prevalence": 0.0000342,
            "cnames": [],
            "responseHashes": [
                "e3b0c44298fc1c149afbf4c8996fb92427ae41e4649b934ca495991b7852b855"
            ],
            "type": "Ping",
            "firstPartyCookies": {},
            "firstPartyCookiesSent": {
                "lotame_domain_check": 0.000020496003279360526
            },
            "exampleSites": [
                "howstuffworks.com",
                "home.howstuffworks.com",
                "vokka.jp",
                "www.driving.co.uk",
                "www.irishpost.com"
            ]
        },
        {
            "rule": "unrulyvideo\\.com\\/script\\/6\\.1\\/player\\.js",
            "cookies": 0,
            "fingerprinting": 1,
            "subdomains": [
                "player"
            ],
            "apis": {
                "Navigator.prototype.userAgent": 3,
                "window.innerHeight": 3,
                "window.innerWidth": 3
            },
            "sites": 3,
            "prevalence": 0.0000205,
            "cnames": [],
            "responseHashes": [
                "1a7a6e0c51b2aca5a9136d051fd3930a9b9d5341d7fe936ee9493d22f1602314"
            ],
            "type": "Script",
            "firstPartyCookies": {},
            "firstPartyCookiesSent": {},
            "exampleSites": [
                "vokka.jp",
                "www.driving.co.uk",
                "www.irishpost.com"
            ]
        },
        {
            "rule": "unrulyvideo\\.com\\/script\\/6\\.1\\/AVmanager\\.js",
            "cookies": 0,
            "fingerprinting": 2,
            "subdomains": [
                "player"
            ],
            "apis": {
                "Navigator.prototype.userAgent": 3,
                "Navigator.prototype.platform": 2,
                "Screen.prototype.orientation": 2,
                "Navigator.prototype.appVersion": 2,
                "Navigator.prototype.doNotTrack": 2,
                "Navigator.prototype.vendor": 2,
                "Date.prototype.getTime": 3,
                "window.sessionStorage": 2,
                "Navigator.prototype.language": 2,
                "window.innerHeight": 3,
                "window.innerWidth": 3,
                "window.localStorage": 3,
                "Screen.prototype.width": 3,
                "Screen.prototype.height": 3
            },
            "sites": 3,
            "prevalence": 0.0000205,
            "cnames": [],
            "responseHashes": [
                "70a96a855a8ff5b7b0a945ffc272492110f8883646f333660d826e7b518ae5f6"
            ],
            "type": "Script",
            "firstPartyCookies": {},
            "firstPartyCookiesSent": {},
            "exampleSites": [
                "vokka.jp",
                "www.driving.co.uk",
                "www.irishpost.com"
            ]
        },
        {
            "rule": "unrulyvideo\\.com\\/script\\/6\\.1\\/libs\\/prebid\\/avpb9\\.16\\.0\\.js",
            "cookies": 0.0000137,
            "fingerprinting": 2,
            "subdomains": [
                "player"
            ],
            "apis": {
                "NavigatorUAData.prototype.brands": 2,
                "NavigatorUAData.prototype.platform": 2,
                "window.sessionStorage": 2,
                "Navigator.prototype.userAgent": 2,
                "Date.prototype.getTime": 2,
                "window.localStorage": 2,
                "Navigator.prototype.cookieEnabled": 2,
                "Document.cookie getter": 2,
                "Document.cookie setter": 2,
                "Screen.prototype.width": 2,
                "Screen.prototype.height": 2,
                "window.innerWidth": 2,
                "window.innerHeight": 2,
                "Navigator.prototype.doNotTrack": 2,
                "Navigator.prototype.language": 2,
                "Navigator.prototype.webdriver": 2
            },
            "sites": 3,
            "prevalence": 0.0000205,
            "cnames": [],
            "responseHashes": [
                "31b1a345723d3c3ac3eb9e1fa04dbda1819663c656820edbc7bb4b6af2b2ac88"
            ],
            "type": "Script",