{
    "domain": "userlike.com",
    "owner": {},
    "source": [
        "DuckDuckGo-US"
    ],
    "prevalence": 0.000082,
    "sites": 12,
    "subdomains": [
        "api"
    ],
    "cnames": [],
    "fingerprinting": 0,
    "resources": [
        {
            "rule": "userlike\\.com\\/api\\/um\\/chat\\/button\\/check\\/",
            "cookies": 0,
            "fingerprinting": 0,
            "subdomains": [
                "api"
            ],
            "apis": {},
            "sites": 11,
            "prevalence": 0.0000752,
            "cnames": [],
            "responseHashes": [
                "96a640fb0e70f64294e5244f59f177a41d04b14b57a4bc6ab2c4e97235607861",
                "e358722c2289d56215ecedb46d04ddd8019cb6fb063ca91c0d78787c088dc53c",
                "ddcf1b218fdbd9b79239a84555cf70375b1d3c3670bc816318efc25fa0cdc8ce",
                "c33874d5a16444421117376d6504ecd49a81240484fe0cb08646d9909b6dee86",
                "169bc318f5c482cb48cf5531a81485e7bfaf58697d597944f86503294e04b857",
                "fed28df08effd38838449a76743686f540f56d57640bd79be97003d9dfa45f79",
                "ef90133b04659a3961a9c5543aeb3a615200629e32ef585c03fdbdaf244ee02d",
                "172e06e0838fc13d98b554378f3aaac1478813c78faa81db0abc6d313b09d25b",
                "6c0a91d1760d074df8dbe44221934a3519bf0f0e174490facdc73b5401645df8"
            ],
            "type": "Fetch",
            "firstPartyCookies": {},
            "firstPartyCookiesSent": {},
            "exampleSites": [
                "badewelt-sinsheim.de",
                "www.balluff.com",
                "www.hark.de",
                "www.hoffmann-group.com",
                "www.landefeld.de",
                "www.loebbeshop.de",
                "www.mercedes-benz.fr",
                "www.mercedes-benz.es",
                "www.thenaturalsapphirecompany.com",
                "www.transa.ch",
                "www.veja-store.com"
            ]
        }
    ],
    "categories": [],
    "performance": {},
    "cookies": 0,
    "topInitiators": [
        {
            "domain": "b-cdn.net",
            "prevalence": 1
        }
    ],
    "types": {
        "Fetch": 11
    },
    "nameservers": [
        "a.myradns.net",
        "b.myradns.net",
        "c.myradns.net"
    ]
}