{
    "domain": "vfthr.com",
    "owner": {},
    "source": [
        "DuckDuckGo-US"
    ],
    "prevalence": 0.00013,
    "sites": 19,
    "subdomains": [
        "www"
    ],
    "cnames": [],
    "fingerprinting": 2,
    "resources": [
        {
            "rule": "vfthr\\.com\\/en\\/us\\/banner\\/javascript\\/html\\/zone",
            "cookies": 0,
            "fingerprinting": 1,
            "subdomains": [
                "www"
            ],
            "apis": {
                "Date.prototype.getTime": 11
            },
            "sites": 12,
            "prevalence": 0.000082,
            "cnames": [],
            "responseHashes": [
                "53c5f397f7c158266f2c757df8c918be5257467499e8df74b20020e443cd0c66",
                "c4778cd8542f3fc5654435628b459cfd0ea8d7d648e749399cc60479e6cd40b2",
                "1920505682a5bdf09a600d2bd0ccc887c130d2df7d26b545cf152ac1a7714c8e",
                "7d525eb7a6cb3b6aa1e74af732905dcae7fd7c56d969ce6a30121381731e304d",
                "3e184ba3a62b3b56290caea512d42284ad64fdfc981cf38ec946a5d10e83cb77",
                "7df1ae3073b69b738b507ea9305c0cef519c65cc7fae8c72fc71ed106fa413b5",
                "ce9c95476a88f09ec7bfefb0ba605f97fa385cdc722f6b88940d4d48ef5b95ad",
                "316e2e58ec55aaab580604e2f050145da7c283aed5b52ee70017813920ed7c8e",
                "98a992b0e33b42a107512da6bad12aa459e715368530c698f4713b5769536923",
                "bdb38ba3e865180d2462af3de7a924ca5706c93d2bb4a6fd87d0f28601e16d1e",
                "46824bad7cb98452e5eebe89c93ca9ff0bfc97d24b3b2884a62f686897a9951d"
            ],
            "type": "Document",
            "firstPartyCookies": {},
            "firstPartyCookiesSent": {},
            "exampleSites": [
                "eboblack.com",
                "isexychat.com",
                "leslez.com",
                "teenxy.com",
                "www.cherrynudes.com",
                "www.curvyerotic.com",
                "www.foxhq.com",
                "www.freexcafe.com",
                "www.hottystop.com",
                "www.pornhat.com",
                "www.pornhat.one",
                "www.primecurves.com"
            ]
        },
        {
            "rule": "vfthr\\.com\\/js\\/interactive2\\.js",
            "cookies": 0,
            "fingerprinting": 1,
            "subdomains": [
                "www"
            ],
            "apis": {
                "window.innerWidth": 9,
                "window.innerHeight": 9
            },
            "sites": 11,
            "prevalence": 0.0000752,
            "cnames": [],
            "responseHashes": [
                "94a16af23f5b8c309dc7fa05d0ea2de49f6da7de105159b46241a046e407e056"
            ],
            "type": "Script",
            "firstPartyCookies": {},
            "firstPartyCookiesSent": {},
            "exampleSites": [
                "eboblack.com",
                "leslez.com",
                "teenxy.com",
                "www.cherrynudes.com",
                "www.curvyerotic.com",
                "www.foxhq.com",
                "www.freexcafe.com",
                "www.hottystop.com",
                "www.pornhat.com",
                "www.pornhat.one",
                "www.primecurves.com"
            ]
        }
    ],
    "categories": [],
    "performance": {},
    "cookies": 0,
    "topInitiators": [
        {
            "domain": "medfoodsafety.com",
            "prevalence": 0.6444444444444445
        },
        {
            "domain": "first party",
            "prevalence": 0.3333333333333333
        },
        {
            "domain": "revive-adserver.net",
            "prevalence": 0.022222222222222223
        }
    ],
    "types": {
        "Document": 12,
        "Script": 11
    },
    "nameservers": [
        "ns-1217.awsdns-24.org",
        "ns-1841.awsdns-38.co.uk",
        "ns-538.awsdns-03.net",
        "ns-131.awsdns-16.com"
    ]
}