{
    "domain": "vidcrunch.com",
    "owner": {},
    "source": [
        "DuckDuckGo-US"
    ],
    "prevalence": 0.000102,
    "sites": 15,
    "subdomains": [
        "tg1",
        "servt",
        "serv",
        "cdn"
    ],
    "cnames": [],
    "fingerprinting": 1,
    "resources": [
        {
            "rule": "vidcrunch\\.com\\/api\\/adserver\\/spt",
            "cookies": 0,
            "fingerprinting": 1,
            "subdomains": [
                "tg1"
            ],
            "apis": {
                "Navigator.prototype.userAgent": 14,
                "Navigator.prototype.appVersion": 14
            },
            "sites": 14,
            "prevalence": 0.0000956,
            "cnames": [],
            "responseHashes": [
                "63b434c558d0f0d639275dbed7de936478227e1d99985211bbcacf00b5dcfad9",
                "aa3c69c3bc1577d5c02823813f61d9de66328e7b64ec943380fa1bed5cb42a8f",
                "6bac99f5f0d30459cee277799bd565321657af87892bc9b9288cc4e789a5e885",
                "976ca17c2c03c274eba6d1bca6d25013b7735c536a2deee04e1e7e9037170338",
                "1bcc824aabeb9d0aa1a9529f93c6432778d63f6c49c5dd9c58d91e814e6831b1",
                "710024dff1d667c3d594f563bf68603c248d3cb2e03972f712cfa7d3b2d3ea25",
                "2c8e449002660b3f2b8e98e3b3e0c255f14603d7eeab2652ac74de4b54e17fd7",
                "3e6358bfa19a422a93ac4a7aefc48623a4d7fb32a1f3d9ebf5b21d1b0affd02d",
                "e1f496fa834eaa2a92ed4353ba5f7919e35279487b77acd1142b3b936073a29a",
                "131f2ed404aff60362aa087fcb9cb62d85b8c2da4abacbf2027bd8a94eef95ca",
                "9663b6068906c9d70af16f4986e71cda9d93c0ea346b543ce852438c39e292eb",
                "feec765291a5f5968f7f8dc1ff478304b75e3f88d0cf7c8eb7a34bfd9ce9ebc0",
                "274905a9a892f6ab3fbc41a8cc124c2a1db7ecf3e7172e8e427e3ca1c798b53f"
            ],
            "type": "Script",
            "firstPartyCookies": {},
            "firstPartyCookiesSent": {},
            "exampleSites": [
                "conservativebrief.com",
                "philnews.ph",
                "techdirectarchive.com",
                "vnexpress.net",
                "www.aceshowbiz.com",
                "www.eenadu.net",
                "www.kseebsolutions.com",
                "www.learncbse.in",
                "www.lyricsondemand.com",
                "www.ncertbooks.guru",
                "www.successcds.net",
                "www.suomisanakirja.fi",
                "www.synonyymit.fi",
                "www.thedp.com"
            ]
        },
        {
            "rule": "vidcrunch\\.com\\/track",
            "cookies": 0.0000956,
            "fingerprinting": 0,
            "subdomains": [
                "servt"
            ],
            "apis": {},
            "sites": 14,
            "prevalence": 0.0000956,
            "cnames": [],
            "responseHashes": [
                "e3b0c44298fc1c149afbf4c8996fb92427ae41e4649b934ca495991b7852b855"
            ],
            "type": "Image",
            "firstPartyCookies": {},
            "firstPartyCookiesSent": {
                "lotame_domain_check": 0.0000273280043724807
            },
            "exampleSites": [
                "conservativebrief.com",
                "philnews.ph",
                "techdirectarchive.com",
                "vnexpress.net",
                "www.aceshowbiz.com",
                "www.eenadu.net",
                "www.kseebsolutions.com",
                "www.learncbse.in",
                "www.lyricsondemand.com",
                "www.ncertbooks.guru",
                "www.successcds.net",
                "www.suomisanakirja.fi",
                "www.synonyymit.fi",
                "www.thedp.com"
            ]
        },
        {
            "rule": "vidcrunch\\.com\\/api\\/adserver\\/tag\\/",
            "cookies": 0.0000752,
            "fingerprinting": 0,
            "subdomains": [
                "serv"
            ],
            "apis": {},
            "sites": 11,
            "prevalence": 0.0000752,
            "cnames": [],
            "responseHashes": [
                "39de08439080a0132ccc9e47e2d6ae9d5bd0b148a09ae6410dc2b9bbd6f8296a",
                "1606ae95c469faa2c58bee78c74b3915d393de32994004de7717e6a44b0f8b1c",
                "5e7883fa043d4908ad2c3cc2b637e7adacc9d39c44d4778d665f19636be93d14",
                "d6b1085379b4b2986e3345dff46fc5a433d04391f966697442ce9ce5964e4733",
                "d191d42729ba8c0f9a273b3bceca1f29f6cb1cda89da27801c4cb7ea75e4be40",
                "98b18247b4e9f0c8b2a951f1f13b69510ee37b1305a1ef23039b5609fa9e0851",
                "99b5377d4797242f869775b574429dbc3200fef16ee4e78d7e6000727402589f",
                "7d25dc39255fa640ac7d00bf5033b8aa3292c76b4c0de6fe0c325f6e6ed4860a",
                "ac81c474c8f32eb763ba82deb9f718104460d08b51690999b384475a59ce4e82"
            ],
            "type": "XHR",
            "firstPartyCookies": {},
            "firstPartyCookiesSent": {
                "lotame_domain_check": 0.000020496003279360526
            },
            "exampleSites": [
                "conservativebrief.com",
                "philnews.ph",
                "techdirectarchive.com",
                "www.aceshowbiz.com",
                "www.eenadu.net",
                "www.kseebsolutions.com",
                "www.learncbse.in",
                "www.lyricsondemand.com",
                "www.ncertbooks.guru",
                "www.suomisanakirja.fi",
                "www.thedp.com"
            ]
        },
        {
            "rule": "vidcrunch\\.com\\/track",
            "cookies": 0.000082,
            "fingerprinting": 0,
            "subdomains": [
                "servt"
            ],
            "apis": {},
            "sites": 12,
            "prevalence": 0.000082,
            "cnames": [],
            "responseHashes": [
                "e3b0c44298fc1c149afbf4c8996fb92427ae41e4649b934ca495991b7852b855"
            ],
            "type": "Ping",
            "firstPartyCookies": {},
            "firstPartyCookiesSent": {
                "lotame_domain_check": 0.0000273280043724807
            },
            "exampleSites": [
                "conservativebrief.com",
                "philnews.ph",
                "www.aceshowbiz.com",
                "www.eenadu.net",
                "www.kseebsolutions.com",
                "www.learncbse.in",
                "www.lyricsondemand.com",
                "www.ncertbooks.guru",
                "www.successcds.net",
                "www.suomisanakirja.fi",
                "www.synonyymit.fi",
                "www.thedp.com"
            ]
        },
        {
            "rule": "vidcrunch\\.com\\/integrations\\/vidcrunch\\.svg",
            "cookies": 0,
            "fingerprinting": 0,
            "subdomains": [
                "cdn"
            ],
            "apis": {},
            "sites": 10,
            "prevalence": 0.0000683,
            "cnames": [],
            "responseHashes": [
                "ab1382c70c0a537459c8eec56c1d9f6a66caab98eccb6b7fa057309aae36c99e"
            ],
            "type": "Image",
            "firstPartyCookies": {},
            "firstPartyCookiesSent": {},
            "exampleSites": [
                "philnews.ph",
                "techdirectarchive.com",
                "vnexpress.net",
                "www.aceshowbiz.com",
                "www.eenadu.net",
                "www.kseebsolutions.com",
                "www.learncbse.in",
                "www.lyricsondemand.com",
                "www.ncertbooks.guru",
                "www.thedp.com"
            ]
        },
        {
            "rule": "vidcrunch\\.com\\/static\\/img\\/logo_black\\.svg",
            "cookies": 0,
            "fingerprinting": 0,
            "subdomains": [],
            "apis": {},
            "sites": 4,
            "prevalence": 0.0000273,
            "cnames": [],