{
    "domain": "videocdnmetrika.com",
    "owner": {},
    "source": [
        "DuckDuckGo-US"
    ],
    "prevalence": 0.00013,
    "sites": 19,
    "subdomains": [],
    "cnames": [],
    "fingerprinting": 0,
    "resources": [
        {
            "rule": "videocdnmetrika\\.com\\/netu\\.php",
            "cookies": 0,
            "fingerprinting": 0,
            "subdomains": [],
            "apis": {},
            "sites": 19,
            "prevalence": 0.00013,
            "cnames": [],
            "responseHashes": [
                "26df7b2559493142f52744a490e2e11e1798ded3e43da6721fc290e88611c49a",
                "98e729fab5e01841eedf4014d7e8665b864f32cf401350865be27b3004f5d2b0",
                "1c25862306f41dedee1b70be802ee523061256ff4c0e4fd9971b6c341c70efc2",
                "599d2608467885a4b71474f295316fb9801de486c3b8aafb37c0b43089ca1704",
                "0aaddc435487d24b8e54201a3a2de222f4dcbd3e21e5e393face18f85f37cf57",
                "af52d39d0b16f8fae16221f127030c1d588072443aa334913bd141ac32530654",
                "8bd7d62ed22acb1b61fe0a4e959168255fd7d3fd89e22922b5e864ddb33c1b44",
                "89c053e540960c538b352c49bcd6eb80391785cccb3b17bae5548be400c0b25f",
                "5b93f8cb889000bdaab5de5a49b0c8e32e78479d3b1d014ed5de237bdef49b74",
                "ea3852cff3dacfb94f2ed0c4fa8c13009c98724340b65461efedd8ba375db0e0",
                "ef2ce2eb56410d6966e19f1509be39129b9ccb6c4d2addc956c206df4ce7fbcf",
                "e0a17fa30f2feb8b8a8e54188934de6e1afd688d308055dd2903a02f5ade50e2",
                "1eba2632190abef7f008dc4d53c3b4839fd88d10cdbbc11448008183a4e9ac25",
                "b16a7d16defd5942098420dae652a4bf21b49002489c697ac84327bc5f81bf7a",
                "cbfe723937d09cf900c88b010c26931dc8760292b73087e4b8b22f1d4acf65fe",
                "74a2c6d795a2028b691b4541094e5273a2af3912a66974388232fba173bb2728",
                "983d106e7da69ff761737d823252e2f1297b96356d3502784117feb124a1a489"
            ],
            "type": "Script",
            "firstPartyCookies": {},
            "firstPartyCookiesSent": {},
            "exampleSites": [
                "bestbondagevideos.com",
                "g.xtapes.to",
                "gayfor.us",
                "gayvidsclub.com",
                "iceporncasting.net",
                "iceporncasting.org",
                "javboys.com",
                "javheroine.com",
                "milfnuts.net",
                "mundoporn.net",
                "swingerpornfun.com",
                "v.pizjav.com",
                "voyeur-house.org",
                "www.freevideo.to",
                "www.pornhegemon.com",
                "www.siska.tv",
                "www.xvidzone.com",
                "xxvideoss.org",
                "xxxfree.watch"
            ]
        }
    ],
    "categories": [],
    "performance": {},
    "cookies": 0,
    "topInitiators": [
        {
            "domain": "hqq.to",
            "prevalence": 0.2857142857142857
        },
        {
            "domain": "first party",
            "prevalence": 0.2857142857142857
        },
        {
            "domain": "hqq.tv",
            "prevalence": 0.14285714285714285
        },
        {
            "domain": "javboys.cam",
            "prevalence": 0.047619047619047616
        },
        {
            "domain": "mptube.me",
            "prevalence": 0.047619047619047616
        },
        {
            "domain": "siska.video",
            "prevalence": 0.047619047619047616
        },
        {
            "domain": "pervyvideos.com",
            "prevalence": 0.047619047619047616
        },
        {
            "domain": "xxvideoss.net",
            "prevalence": 0.047619047619047616
        },
        {
            "domain": "pornjustx.com",
            "prevalence": 0.047619047619047616
        }
    ],
    "types": {
        "Script": 19
    },
    "nameservers": [
        "gabe.ns.cloudflare.com",
        "etta.ns.cloudflare.com"
    ]
}