{
    "domain": "vntsm.io",
    "owner": {},
    "source": [
        "DuckDuckGo-US"
    ],
    "prevalence": 0.00116,
    "sites": 170,
    "subdomains": [
        "hb"
    ],
    "cnames": [],
    "fingerprinting": 0,
    "resources": [
        {
            "rule": "vntsm\\.io\\/content\\.html",
            "cookies": 0.000697,
            "fingerprinting": 0,
            "subdomains": [
                "hb"
            ],
            "apis": {},
            "sites": 102,
            "prevalence": 0.000697,
            "cnames": [],
            "responseHashes": [
                "ce8368e5b8e9f2f066acc6284578c00021aea742c4c7c7ec2836c232a5f8b1f8",
                "a2343b734caa43200963206081593ddb138af96c4bc7423ecda83c610fc85ace",
                "e9882e06176b4edeea45821c0388c0d8396976ef7835cd6736d7a3e50c0041b8",
                "ab59b4f370610678d4431996935a3a43f98213cdc0c76b99156e71e5afde4e57",
                "439ceafefb2230ca96990623afa6ef78585a5290d3779c7604a9218401d52358",
                "920ae04f4d1972600cc43aa0f3ebf61fefe1012a398ccd404c070edfb613abc3",
                "472e400b1982746b5885ae140315398134880f0aa1bdf8eec04ba6fd6cd74865",
                "785ba9abd9923f364d97349aeb879f54e1f82721f93a6eb095b6d0776eb1fc53",
                "f859e9f76f339eeda146694f0a64bc5dd27788e5e2e3fa9608e4cdffc07c68ee",
                "65692d8e6b296977fdfccb901d5d7c73034d74ed78e0bb539cf4e484bf118e8f",
                "fb66f2a8aec5f95fd50083311182dd4ba41a67be09aef2a8c91b5a06b38e0f5d",
                "7430a01dd08fde7fa4658bfb58ae0100b75b30ed31874d6ed88ecab150522952",
                "d1baa237eb9d6fd64ed792ab6389401e74487e673e5a5c85c13bc9ba1cfb698b",
                "f5331c33c70599976a91d4d8795226634397c45a2321ed1c1298cff24938467d",
                "14b50d2f2d56cc2aad6648a2970b1e09a50c575af626984bd3bd648629a7991d",
                "46a5b6af8bdf5d4a84f2bb51d5a91e1c3e61f03f4bb5da0d6b1014f7342b9064",
                "1c6f68aa1185a7d629b2e417b7c5f59e4e02d53ccd9f8096d441aaaa49bf7abe",
                "5d6ed38eec9cddb9f3e02b9e0023037788cb69fb59bbb2e6e6f4fc79dae598af",
                "005780dd94927655aa2d42997b69d7c4f7f31f60eaf7ebf03b2f7678ea192ff5",
                "5f5c45c301bb44741d58135a7a80a6203dfc91d6930214f0202160e98feb61ac",
                "ef30e48e8a5dcbab8df96e78ef20a6c6421db97c9ddc26d2462ee0aa5694ba17",
                "a0f3fb9d4aa3aa0dc43e1a74be9dc728b8fc804bd27d449c26cc5d81337007e9",
                "9ffe2d3d14f3b93cf8d65d51dbff44992a1a270503485cac85142a9279e78b9d",
                "2687bf0d6887fa7bb63e2e276dfc17f793441fabf27aae70c4100eca9522a2c8",
                "7ef57e6e72046af310f75c18c2053dc7cca60419300d1ed545d6c9b9acdef24c",
                "e125321b8710bbb6298a9688ac59ae780f40baeca19e803b62f00d23a2ee53e7",
                "edcd34be8b0fab8b6d6ee8a3b8c25c6fcfc52caedbcb586426a089bb6aa950cf",
                "540eff09032f718a985bab5595f58639f065f544bd60977eca25e8d1d30309c2",
                "35267db60ef9aaa7ebfcfe6e9ab19a15e65227c6810e48703c9a30e81afb59d9",
                "cbc2e0de0978e6a6b4a2996e20bf61a81769e1761d5559b9d2e03bba8970e019",
                "a300f019819b90627f9e887885d72a5005fd51d640f2b7964c3e01ea2307ec67",
                "c9f5d835fedce53619df252b4a5d4cc5634f85b4765c2076a0a0e5acc29b0c4c",
                "a8a800aad7d20669bd67a69d055d03562e6eca05d578d4a1af4344e3451b58ad",
                "0c5a977d39e2ec5b0fb1fed7e8a92d77f8b6959cb63ccec010924823ffd154a9",
                "ec4fe8f63fe767dd503b2ec7a844d4c151825441338d42c9482a1d6ff605a773",
                "780d2ce5dec0317bf3d5c708ae6b41d4d7ec1fbfbe582d05a3c14f1e6e88a911",
                "02b54d9727015a85493d52e23761cb2c654e8414013a56c49ca3eb2e44e23ca2",
                "85ae221390095caef1a3063aef8f0dc7d71a94fc4a2c98af7403966727af1fa2",
                "3d68ce170760dc81ad46f449e2c787bab66a51a3b9827d92ceda951386f904d3"
            ],
            "type": "Fetch",
            "firstPartyCookies": {},
            "firstPartyCookiesSent": {},
            "exampleSites": [
                "myanimelist.net",
                "theslope.github.io",
                "www.psu.com",
                "www.mtggoldfish.com",
                "www.topdrawersoccer.com",
                "www.light.gg",
                "www.planetminecraft.com",
                "www.futbin.com",
                "fnbr.co",
                "fortnitedb.com",
                "dnd-wiki.org",
                "quasarzone.com",
                "copypastatext.com",
                "forums.spacebattles.com",
                "wzstats.gg",
                "stardew.info",
                "www.file.io",
                "metabattle.com",
                "www.lightnovelworld.com",
                "www.sammobile.com"
            ]
        }
    ],
    "categories": [],
    "performance": {},
    "cookies": 0.00116,
    "topInitiators": [
        {
            "domain": "vntsm.com",
            "prevalence": 0.8307692307692308
        },
        {
            "domain": "first party",
            "prevalence": 0.08717948717948718
        },
        {
            "domain": "adinplay.com",
            "prevalence": 0.06666666666666667
        },
        {
            "domain": "script.ac",
            "prevalence": 0.010256410256410256
        },
        {
            "domain": "ravenjs.com",
            "prevalence": 0.005128205128205128
        }
    ],
    "types": {
        "Fetch": 102
    },
    "nameservers": [
        "ns-99.awsdns-12.com",
        "ns-866.awsdns-44.net",
        "ns-1245.awsdns-27.org",
        "ns-1655.awsdns-14.co.uk"
    ]
}