{
    "domain": "vrtcal.com",
    "owner": {
        "name": "VRTCAL Markets, Inc.",
        "displayName": "VRTCAL Markets"
    },
    "source": [
        "DuckDuckGo-US"
    ],
    "prevalence": 0.00796,
    "sites": 1165,
    "subdomains": [
        "usync",
        "rtb"
    ],
    "cnames": [],
    "fingerprinting": 1,
    "resources": [
        {
            "rule": "vrtcal\\.com\\/i",
            "cookies": 0.00462,
            "fingerprinting": 1,
            "subdomains": [
                "usync"
            ],
            "apis": {
                "Document.cookie getter": 53
            },
            "sites": 694,
            "prevalence": 0.00474,
            "cnames": [],
            "responseHashes": [
                "943363f1fbfca1811b92661f29d0f9df329e253d7e11935be400205bd15c99cf",
                "f1bdf350629bb2d6e511b90ad0fb4713df2990ea796a1b0d5152e7d941e3de50",
                "9b42522cde17c57c996ccd16304f43b915658648be99ae87d746a24be073bd96",
                "0bec36755bfa5d599b1b57de7c9345580aaa0faa7518764e8201b641982a062c",
                "c83ee4c9fa38fee529887c0ae88729c1ff8f88e95db339e253eacaae12ce15a4",
                "a5ce622aa8762547d814f1a40cf203375e79a8515ef9487e42c16017a389c63f",
                "bca47c705e989f44b03d41615628c29d1101fdc805ab29975a8ce8ebbf19d511",
                "35d5a17882aa01c3970ec1e782e903c73772296597cb72949c5925b23d1649e1",
                "069cb1b94715aeed08f238f70dba18b8f2e9b523bbfb5ff525936aa6242f519c",
                "3172730849e26eadf9a794d79590b02bd7a7a478b6f90ff237987772854e02e5",
                "9fee373e3dfc42b48c4914e9aa80680ffbd950a1aee9a30755df27fa3013bb82",
                "b1be8fdc1b859b11b354fbc1da1be8f63093d001956c5ba6307b20ac3d07d7ba",
                "403f779506849945adbdddfc1a3ff356796aa23d97412c7abc4b4876d6c7e825",
                "1553d67aeb2b15e4d98b9a47539664cb8d479aed98ec1a6023f9f40638b9e91b",
                "b50f8cf480aa167b0c8f8800e661440a3e07657045777d843c5ea97fdbed1a07",
                "78e83febeb0ded8b575d1df8c43e5621aa0ffda87848d6a7d33840ba2b214101",
                "f825ddf476ab376f479792f901127a68e6dc94fb8ca0c5a6097896ca4da000d2",
                "b268ebf6b3652c417e57d005f502dd33e620b824b928b7b97ad98058d65c6353",
                "dabfbbb5af20a95e3df98dc3652a1d2584fe959233441a1d7fdf4cb30542be49",
                "ae7bfca3093e4a83544acf5ac91dac35ac7d5308a0c702e848ae277d6642378c",
                "d003800a1e4ef540092befa39a3755c4db650b923f82db768700245df8a651e7",
                "65f2745e946fbc25bc7f1dac1ca5585c4c59b6a1c6fdabac485c2dbe76f43e21",
                "5b84b2584913efb702ea1309e9c55f89ac51dd6b16ed78ec961c16e10074df83",
                "b52d9d98dd6c86d851f99581f93885f536e20ebabd24ea6d18c91460ffa9a141",
                "eb25935f7ebc86c7877568d70881c842d429505d65b51999b4724ed3b223e629",
                "5e062b04449abe6b888e4c1dbc9df05a4afe86e4ab1b5f055790b569cf669bb2",
                "f457da341629ee34716c045796beac3eb1dc089b912df6b11a866ddfa75e9cc5",
                "fbd936978aa3a5f058c8754194e61d48261125acc2d6db70323aab1317502d24",
                "d37e5e0ca2aee6d1016e62538fa28eae0e390ba29c61e61162812189b2cc0ded",
                "211d3e311c14f2bf78a6d161e2cfbfdf61578b478e461a763d45df7a5988915d",
                "1f650cfe7c7925fd12c9356e1d8c50d77fadc039f53e31c1178739d1e89337f9",
                "41ca921f2762126f8c3f328d579b492caabf0a65b761a223edb7f2e4a0d184bb",
                "9100f5e07b74555fd01fbcdcb867b33842863a64daa04c3754a80e512f217fbd",
                "33a99abd425e4b3d7a42938cc790dbffaf3b43626f807210848b08d760589208",
                "c2659cb1a6d3686e0b1bf515e730290e2d373afbd847843f11c06f129e3a87b4",
                "63ff66ef59d613b68509a230a19556edb7453554e8179433b6dd76b397c0e2d1",
                "dd16a65a65bb0f95b7202b3cbe21c247be97df90c1896ba6c5b041a50d8b802b",
                "229119da081e146582ea91eb7c48dda7ceda2f7360f069ab180522cdd2b2b8f3",
                "e8f4cd2700afc1e1bd499c1ea81d0fef4d63803e7dd938c5c5e03408264737df",
                "c19bb67849d9eee61a3628838f317c9566dc3884cc1120c991160baad11bec91",
                "9743f99d1fbb90d50a6a9a6b29aa65b05bdd678e9bdc99b4a712d1f75646a8d3",
                "b3d81344782d484d4ce51ec0380e60ccb5feb4baff09deb8f015e9b63280cae1",
                "85c68ad283af649f41adb024d7ce3bd6408d32efbed81be5c3f6e76cb92a83c6",
                "fd5dcf39927e6fd3e74436d85f185be795e398c186e4fa0f8e74e92da8cbdff2",
                "d4cc10dfbc51b9fc5bd24a8e0f921daa9f2265e94a6efe9b45b5d976a802329b",
                "9d9392b65cbb83c7a7799db0b778d2527a4b2ef7d1a5d946966f0a0d269f771e",
                "30aaee7982b4323159d320cde3e491d6e1ef6353ca82737aff76bfc0625a35db",
                "33fd116b6f758b95d93e68a98cd0a3d36b3ef025c0c5425b6384a95ef21e638b",
                "dc2356e8b79d5c496e631bb61a9edcc4276a081eebd2fb30147e397c473eac4a",
                "5b2b712672167ba2c24e3991ecad5450ec76e97634bb0652c2788482a09fd54b",
                "fb3e3c5601b58d517c8e9cc55cc743d8870bcc3ba666ea1ebe276080d00f10bf",
                "9b80195dcdcb8630336eb94335ce6d6be37491fc5982d69da409cf7420a4cc86",
                "4fbd27a93a974014613b69cae8ecee0586f78512dd3698f1f95d8c86a5a97bde",
                "86d2cb5c7a56178a1b11923d9b7e640dec6cce0ac673a9e02304bf9295318aad",
                "28f1a17afcfb6985d2979680efd084ffdd8ccf71009523bf278b3bd3c5508d8c",
                "96d2ec393061b80f4f25a47b0c0513cc8840f8efd1c731aee5e369d412ea08cb",
                "55cddafe4746577c4595c0eab9a24ca212bae0199ca63107bf92768ab2526efb",
                "01ba4719c80b6fe911b091a7c05124b64eeece964e09c058ef8f9805daca546b",
                "f347d044e4c6688f607ba954cc1f594c83bfba6ca063d82f287959c639a71230",
                "3bc9c3ea9e5caa5bb202d4da19ea4e2492c3e192b7bde9b2d96747b1d0e73e2a",
                "43cbffa07d6140a95195630dea7b2e25c32899bf982a1400b08ef93dea40ec53",
                "d2247c0ffe3151b59449114096d1a6def57d739b9cc0aeabfef93e3849e341b3",
                "1aa63c6558358d5c31784ecf8a4473c33d8c6082505373d3d921fc9fc3110827",
                "241632f2a24b7166daeec766bf85003ada12ba5d4800b5769f652b7026a2110e",
                "38fbfd7de4154efd70ee460b4326539416088d963d5556a68796f2efce45e22a",
                "a4a8790ac83757610f04f5c116a10087ad47526566923b9e7ead04398415d5af",
                "3737ed2b59466e44221df85862d2114c0b38a27be5495f975dd9ea66dfa7f2d3",
                "a3c18547bfd1efa5229b881196f81c129e2b3c0c4677096bf82a4fb4b17c1c39",
                "525d07eb90521f92091739ace3ffe9934bb3016523e4f6694e68eb67e221fd67",
                "e3aef281781d91f6c72f01175708c1cdf76a5a1feb5badbee7d5ce3e3e022738",
                "007147b5034a2498ddb6ff9e52426bbaaaffe88567b8acb7a2465c1d47857773",
                "974731c8592e717b2202af9ce21d6e5dfe310b0c3bd191854999079a7e8a0772",
                "1698b370875f722b73a1112bd9afbe438823f281c82252decbb1017983865d0a",
                "da685b146701d8a2ea0d9470ca0ef2e8a4e18c04f7ed0153aaf7ea9530d2ed18",
                "f75cb1d234281e3bc92e3f803026c61de748834b907d79b52c041d5e774042cb",
                "9c236f186481c6188c2fea9a6c0a0c8d41174056df0d8005e4f31cc946f72915",
                "ad606f80758903180843c2798eb761264fa06ab77a2f9dae5679afc4fcf28349",
                "170752c38a6314389825ddcf192614fa0039c1e2545bef8dd014e76dcd606679",
                "b11337eabeae9fbe48059a83cdb4b97ff08a73ca5b6c56819c771dcc5972b2cf",
                "8b559724fef7d57b19d2dff4b80d55e3cc63be22d449c0b2c79d4083421aca38"
            ],
            "type": "Document",
            "firstPartyCookies": {},
            "firstPartyCookiesSent": {},