{
    "domain": "wdsvc.net",
    "owner": {
        "name": "Wiland, Inc.",
        "displayName": "Wiland"
    },
    "source": [
        "DuckDuckGo-US"
    ],
    "prevalence": 0.000471,
    "sites": 69,
    "subdomains": [
        "tags"
    ],
    "cnames": [],
    "fingerprinting": 1,
    "resources": [
        {
            "rule": "wdsvc\\.net\\/controller\\.js",
            "cookies": 0.000205,
            "fingerprinting": 1,
            "subdomains": [
                "tags"
            ],
            "apis": {
                "Document.cookie getter": 25,
                "Date.prototype.getTime": 30,
                "Document.cookie setter": 25
            },
            "sites": 47,
            "prevalence": 0.000321,
            "cnames": [],
            "responseHashes": [
                "e8585be9e9ef78532aeeea624bfcac8a887eb2e9ba580cabe4f5d66f96093109",
                "c8f9dba993d69378933cd59512178520e3adb25a1b65762859633b34d9c9c269",
                "41a1d017ee6f788259a9e9bb3b6d4fe078241516022a514a68796ee5b2d64977",
                "9a39c1191f340f6ad3efcbd1fddac30bc9a6915b618562301e4114590271b774",
                "64bd243d00fa2991474336aa63fa53e8693a53093ea85ade082e18ef713877fc",
                "3b132c167832b6f5e2986e4bd749e763fe0204e04dee58d38da29d2a1bfc2d9e",
                "572d8a13107165b06ae5df4500348ea6786b44903b74fc3689da879fd1c0ee0e",
                "36448c1d6a8d2f4d8c032becd9aaff8881da138e551e5431af74c10f4b29f835",
                "1572cf2b4f576a1006777c95249596360b9989324907325d7ed023b2a2453001",
                "01ac786e1164d9b4339bf0d3a42a0a531f6dce2c672b554d79307abeda77b6c9",
                "95e695a664909dea117f0897384398dc25b2461c081a3cff73a7deffc780dce0",
                "a0980120417b70dedbb131cd02ffd1ed922c1293d9dfa9efd0abf017b6aa9356",
                "60bf510b41d31bcc255593ca067296cf4e0369f2fde8aeab94f76897c3fb9041",
                "7ef2ed9b564ff96ce562d4fcd81988149dba995540fd40569c48c10bb3bc2fc3",
                "1a126f4e17525fa180f91694524834dd34d7b3527b36dc3e47de16d2a291bebe",
                "f8d9faf77bb40f792ce2a9b6317e96606d3187f5a87f5b0401beaa51a6c605eb"
            ],
            "type": "Script",
            "firstPartyCookies": {
                "wds_random": {
                    "ttl": 94608007,
                    "length": 70,
                    "prevalence": 0.00017080002732800437,
                    "uniqueness": 1
                },
                "__WDS1": {
                    "ttl": 94608007,
                    "length": 75,
                    "prevalence": 0.0001639680262348842,
                    "uniqueness": 1
                },
                "test": {
                    "ttl": -1575612868,
                    "length": 1,
                    "prevalence": 0.000006832001093120175,
                    "uniqueness": 1
                }
            },
            "firstPartyCookiesSent": {},
            "exampleSites": [
                "www.arthritis.org",
                "kansascitysteaks.com",
                "www.smithsonianstore.com",
                "m.humanesociety.org",
                "www.thefire.org",
                "www.railstotrails.org",
                "aboutholocaust.org",
                "www.tpusa.com",
                "easternusa.salvationarmy.org",
                "mackenzieltd.com",
                "www.easterseals.com",
                "www.superiorthreads.com",
                "store.focusonthefamily.com",
                "www.frc.org",
                "www.humanesociety.org",
                "connectingthreads.com",
                "www.aicr.org",
                "www.kansascitysteaks.com",
                "www.nrdc.org",
                "www.woundedwarriorproject.org"
            ]
        },
        {
            "rule": "wdsvc\\.net\\/container\\.js",
            "cookies": 0.000205,
            "fingerprinting": 0,
            "subdomains": [
                "tags"
            ],
            "apis": {},
            "sites": 30,
            "prevalence": 0.000205,
            "cnames": [],
            "responseHashes": [
                "952bc2019f2efa7a4da3ee7c187f741071c3cff56209108ad65a757aaf3464c1",
                "b96f550ccc678f5e494df1cccf2a298ac39c7559f34fec17bfe6f8846dad5953",
                "41a1d017ee6f788259a9e9bb3b6d4fe078241516022a514a68796ee5b2d64977",
                "b8ebaa5bddf854a5a9e6885b876670eec7c628dc3cda6fa5e44d7232f02d2b60",
                "acae900686784840c607764d787423701d7a692adeca19f4721681891507764b",
                "9a39c1191f340f6ad3efcbd1fddac30bc9a6915b618562301e4114590271b774",
                "64bd243d00fa2991474336aa63fa53e8693a53093ea85ade082e18ef713877fc",
                "6f280449dd1d96becbce54c7fdae91bf47b466a620fa45b04deb303b96dbaeaf",
                "3b132c167832b6f5e2986e4bd749e763fe0204e04dee58d38da29d2a1bfc2d9e",
                "287e33d4e34ddcca6e29ce4b7a7a2fbbae09cccdf5a458bbe5ac151a3531ad14",
                "572d8a13107165b06ae5df4500348ea6786b44903b74fc3689da879fd1c0ee0e",
                "e0975fb18091c5428682f56a23a85c9d6779da597228d1827c18460163297735",
                "36448c1d6a8d2f4d8c032becd9aaff8881da138e551e5431af74c10f4b29f835",
                "1572cf2b4f576a1006777c95249596360b9989324907325d7ed023b2a2453001",
                "51f728d00bb6bdc9cbf5c8be998bb8931a25f07dfc70696ab1afe50ce538fb16",
                "6d312fb1dbd72f4329f96d58215d83f07d47af9bda5b6de1e37f0452481d1037",
                "bd8c4c7d4588fc4df0075966d191972df0818fdeaa009ce8cd531d484e2cb30d",
                "01ac786e1164d9b4339bf0d3a42a0a531f6dce2c672b554d79307abeda77b6c9",
                "20215011f0ef020e4b0f5f8f0d53780d9c395c87d9da3f394d07e48a57e115cc",
                "d0a2bac0bc6e2cedf9877c02e92c55ae66678e953ac3e25d737900838c3a4e59",
                "763fba377e4ac44b87abfd08445c8525143f1b56aaa4598f448daf61bccb065b",
                "43c18264bd3d44c82b0fca655d8b3b1ebbaf9d389794ff1f3c021a28146de646",
                "95e695a664909dea117f0897384398dc25b2461c081a3cff73a7deffc780dce0",
                "a0980120417b70dedbb131cd02ffd1ed922c1293d9dfa9efd0abf017b6aa9356",
                "60bf510b41d31bcc255593ca067296cf4e0369f2fde8aeab94f76897c3fb9041",
                "7ef2ed9b564ff96ce562d4fcd81988149dba995540fd40569c48c10bb3bc2fc3",
                "1a126f4e17525fa180f91694524834dd34d7b3527b36dc3e47de16d2a291bebe",
                "f8d9faf77bb40f792ce2a9b6317e96606d3187f5a87f5b0401beaa51a6c605eb",
                "5a18b1e01409ccce3431c475d83fef742cc2c4128f660ecd8ca8f884b7775009"
            ],
            "type": "Script",
            "firstPartyCookies": {},
            "firstPartyCookiesSent": {},
            "exampleSites": [
                "www.thefire.org",
                "mackenzieltd.com",
                "www.woundedwarriorproject.org",
                "www.aicr.org",
                "www.npca.org",
                "commemorativeairforce.org",
                "www.amfest.com",
                "m.humanesociety.org",
                "kansascitysteaks.com",
                "www.specialolympics.org",
                "www.vfw.org",
                "www.rescue.org",
                "www.mackenzieltd.com",
                "donkeyrescue.org",
                "store.focusonthefamily.com",
                "www.kennedy-center.org",
                "www.smithsonianstore.com",
                "k9sforwarriors.org",
                "easternusa.salvationarmy.org",
                "www.ncregister.com"
            ]
        },
        {
            "rule": "wdsvc\\.net\\/tpc-eval\\/",
            "cookies": 0,
            "fingerprinting": 0,
            "subdomains": [
                "tags"
            ],
            "apis": {},
            "sites": 30,
            "prevalence": 0.000205,
            "cnames": [],
            "responseHashes": [
                "b0e70b299ab9c122ad93531fa8e5309833baecd53dd55c992c538f8b33bfa22d"
            ],
            "type": "Script",
            "firstPartyCookies": {},