{
    "domain": "weserv.nl",
    "owner": {},
    "source": [
        "DuckDuckGo-US"
    ],
    "prevalence": 0.0000683,
    "sites": 10,
    "subdomains": [
        "images"
    ],
    "cnames": [],
    "fingerprinting": 0,
    "resources": [
        {
            "rule": "weserv\\.nl\\/",
            "cookies": 0,
            "fingerprinting": 0,
            "subdomains": [
                "images"
            ],
            "apis": {},
            "sites": 9,
            "prevalence": 0.0000615,
            "cnames": [],
            "responseHashes": [
                "0b4cffc379f23f2b7c08c86b20bfa787b3b124af6a7cc3f873de354436f929fd",
                "109af52197ad03b581c3c94522f8cd1033ea00d342e37ef99d698a6de8ba065a",
                "103e767d099800ea4aad1d872ce30ea09889a86f96b93d6a9cfc60ea396e0d5a",
                "c4d0cc54e0184c94df0ed28c2efd8b0c30969583ff12605cee5799b8f229afef",
                "b2e119e57f72f4ef44bdf81a8647f46cb0b99061849d58fd6fdb324e46bdfb0e",
                "2f61f51ae3ce6095020969d2746896e63726a4d787c91013835ccdee1fee6799",
                "e3b0c44298fc1c149afbf4c8996fb92427ae41e4649b934ca495991b7852b855"
            ],
            "type": "Image",
            "firstPartyCookies": {},
            "firstPartyCookiesSent": {
                "_li_dcdm_c": 0.000006832001093120175
            },
            "exampleSites": [
                "dontorrent.fashion",
                "estrenotorrent.net",
                "grantorrent.wtf",
                "nv.ua",
                "omgflix.org",
                "pediatorrent.com",
                "tvzinghd.co",
                "www.planetofthevapes.com",
                "www.popular-babynames.com"
            ]
        }
    ],
    "categories": [],
    "performance": {},
    "cookies": 0,
    "topInitiators": [
        {
            "domain": "first party",
            "prevalence": 0.7313432835820896
        },
        {
            "domain": "dontorrent.gallery",
            "prevalence": 0.26865671641791045
        }
    ],
    "types": {
        "Image": 9
    },
    "nameservers": [
        "jim.ns.cloudflare.com",
        "iris.ns.cloudflare.com"
    ]
}