{
    "domain": "wisermapp.com",
    "owner": {},
    "source": [
        "DuckDuckGo-US"
    ],
    "prevalence": 0.000102,
    "sites": 15,
    "subdomains": [
        "ns"
    ],
    "cnames": [],
    "fingerprinting": 0,
    "resources": [
        {
            "rule": "wisermapp\\.com\\/api\\/checkLimit",
            "cookies": 0,
            "fingerprinting": 0,
            "subdomains": [
                "ns"
            ],
            "apis": {},
            "sites": 12,
            "prevalence": 0.000082,
            "cnames": [],
            "responseHashes": [
                "dd41a48cea63aa28bdd2e1e851e7a32494b952e338e08e5601d983cbbcc1e232",
                "69d3bde76f14dc24abbbde212607fa7a0c97fbcd7fdf071e54af85776eccef88",
                "619aee9542a2d50067884714fbc6427171a15e3c95822cc53b650a1ba416869a",
                "0feff53bac2f73de2ac7c6b91e1d8f60f8c1c8dc113f87140ec1f40b99da8985",
                "ded9093eb27721854cbbbc99ec1d99ee0199e350cc8536dd993cb627903dae4d",
                "4e1e1d64d25c6bbd086de1e34bec2922fa77a0d6ad374b332db5fa692a9d58b9",
                "37fc8a134da6b4e1016ed1e4a1113dc9102bf4dde4214059fe75a60954cf2c20",
                "6a1f00bff96b0bf05caec314283888c8efebc70e26642b564d6f0e1d23205e1c"
            ],
            "type": "XHR",
            "firstPartyCookies": {},
            "firstPartyCookiesSent": {
                "W_GUID": 0.000047824007651841225,
                "lotame_domain_check": 0.000006832001093120175
            },
            "exampleSites": [
                "domsubliving.com",
                "in.imbesharam.com",
                "medmartonline.com",
                "myislam.org",
                "reddotcamera.net",
                "supercurioso.com",
                "us.manucurist.com",
                "www.80-lower.com",
                "www.executivetraveller.com",
                "www.garrettpopcorn.com",
                "www.gunbuilders.com",
                "www.laurenbateman.com"
            ]
        },
        {
            "rule": "wisermapp\\.com\\/api\\/warnfr",
            "cookies": 0,
            "fingerprinting": 0,
            "subdomains": [
                "ns"
            ],
            "apis": {},
            "sites": 7,
            "prevalence": 0.0000478,
            "cnames": [],
            "responseHashes": [
                "e3b0c44298fc1c149afbf4c8996fb92427ae41e4649b934ca495991b7852b855"
            ],
            "type": "XHR",
            "firstPartyCookies": {},
            "firstPartyCookiesSent": {
                "lotame_domain_check": 0.000006832001093120175
            },
            "exampleSites": [
                "domsubliving.com",
                "medmartonline.com",
                "myislam.org",
                "reddotcamera.net",
                "supercurioso.com",
                "www.executivetraveller.com",
                "www.laurenbateman.com"
            ]
        },
        {
            "rule": "wisermapp\\.com\\/api\\/getData",
            "cookies": 0,
            "fingerprinting": 0,
            "subdomains": [
                "ns"
            ],
            "apis": {},
            "sites": 8,
            "prevalence": 0.0000547,
            "cnames": [],
            "responseHashes": [
                "290113760de43833f82c9bbebc439fa62bf8b18f9df5b74c70b54a6729dd29cb",
                "27c90d7218cf9792c36256ce5d6825ce7f1bd27dce1f3be443ad517cb67db3b8",
                "7b81519d9edc900f3e6a60eb42d9653a2126248b313dba030d88f7903c01ffe6",
                "cffbaa5947599a619068a06b6258aca46fe0f2f550f2e8207b68c712e0ab1630",
                "7e89178c156d1e7485fd0b3ef94befdc2bca8f1d6e0cacb579e466f79efde672",
                "872d445f9e000eecd9e7d2225fb7894aa6bec4ebba4035900cea66c762b2dd00",
                "c492d4bb0b0c1093b4f5481df21d6adaf5efc80d514d4894939aef4d707df517"
            ],
            "type": "XHR",
            "firstPartyCookies": {},
            "firstPartyCookiesSent": {},
            "exampleSites": [
                "domsubliving.com",
                "in.imbesharam.com",
                "myislam.org",
                "reddotcamera.net",
                "supercurioso.com",
                "www.80-lower.com",
                "www.executivetraveller.com",
                "www.gunbuilders.com"
            ]
        },
        {
            "rule": "wisermapp\\.com\\/api\\/getData",
            "cookies": 0,
            "fingerprinting": 0,
            "subdomains": [
                "ns"
            ],
            "apis": {},
            "sites": 8,
            "prevalence": 0.0000547,
            "cnames": [],
            "responseHashes": [],
            "type": "Preflight",
            "firstPartyCookies": {},
            "firstPartyCookiesSent": {},
            "exampleSites": [
                "domsubliving.com",
                "in.imbesharam.com",
                "myislam.org",
                "reddotcamera.net",
                "supercurioso.com",
                "www.80-lower.com",
                "www.executivetraveller.com",
                "www.gunbuilders.com"
            ]
        }
    ],
    "categories": [],
    "performance": {},
    "cookies": 0,
    "topInitiators": [
        {
            "domain": "wisernotify.com",
            "prevalence": 0.5882352941176471
        },
        {
            "domain": "bigcommerce.com",
            "prevalence": 0.2647058823529412
        },
        {
            "domain": "first party",
            "prevalence": 0.14705882352941177
        }
    ],
    "types": {
        "XHR": 27,
        "Preflight": 8
    },
    "nameservers": [
        "ns1dnx.name.com",
        "ns2btz.name.com",
        "ns3dty.name.com",
        "ns4lny.name.com"
    ]
}