{
    "domain": "wmccd.com",
    "owner": {},
    "source": [
        "DuckDuckGo-US"
    ],
    "prevalence": 0.000499,
    "sites": 73,
    "subdomains": [],
    "cnames": [],
    "fingerprinting": 2,
    "resources": [
        {
            "rule": "wmccd\\.com\\/live-stream\\/fk\\/",
            "cookies": 0,
            "fingerprinting": 1,
            "subdomains": [],
            "apis": {
                "Date.prototype.getTime": 7,
                "window.innerHeight": 7,
                "window.innerWidth": 7
            },
            "sites": 7,
            "prevalence": 0.0000478,
            "cnames": [],
            "responseHashes": [
                "f3cb62bceb3779ccfb1b875fa00cb6e3081f170b95ae7570eec60739a5d540bd",
                "dd6f40810202e5a83e9074c397fbfb88b99d5b711bec817811f0bad2a598775a",
                "aa195d1f09b756beb97707215f9e89b4c3fcef989dc68af67fb63e851ff7c76b",
                "f65f1da39a1d06f3616d5cb4459415077f4c29af736ad3317c3d1e0e97339714",
                "21937655129275bc4f85db67a29c99228ac3082d997ebdbe916c8d4d11572588",
                "40d6758060c135dde76580cd7d4b6b746fac44a39bb5e77d2163a381c0116140"
            ],
            "type": "Document",
            "firstPartyCookies": {},
            "firstPartyCookiesSent": {},
            "exampleSites": [
                "camporn.is",
                "eroteve.com",
                "fulldp.co",
                "shooshtime.com",
                "www.forumtravesti.com.br",
                "www.smokingfetishkingdom.com",
                "www.xporn.tv"
            ]
        },
        {
            "rule": "wmccd\\.com\\/live-stream\\/",
            "cookies": 0,
            "fingerprinting": 1,
            "subdomains": [],
            "apis": {
                "Date.prototype.getTime": 10,
                "window.innerHeight": 10,
                "window.innerWidth": 10
            },
            "sites": 10,
            "prevalence": 0.0000683,
            "cnames": [],
            "responseHashes": [
                "b2deeda847213fcd1aae8bfefa07b7ee0632a3566e25609038f6b9ec914ea925",
                "6b705aee350f96b9e57df6c148f0946c88d36b23f620445e26e8d49a56318e27",
                "47672c8b9a0c0508d7a4cec1bab022b4d59975172b935d5cabdca120ca7fc252",
                "d441ed3f8baa2ec6c3b8a2dcaa6e277636bb1ad13dc5b556697cde2d0d90009d",
                "4c07479c1572dffe8dbf31100c71e985b87dd26641b2a1016fb07acf67818f50",
                "f3581b38184328dd300cf0821b251573a08176b0ab2e04a59e387cdc7833f1d8",
                "3bebdfc5685ea0ba6646fe952421d044f6d0d5313985b07d5f13496f7adc3e94",
                "51d9bdf4c9da477208aa53c34ba3700baa953c7b115a2004488eb10ab5e1d337",
                "f473ca1779030e7a67fe183bf32cf003ba04e6defc66bee603cafa8d1378a595"
            ],
            "type": "Document",
            "firstPartyCookies": {},
            "firstPartyCookiesSent": {},
            "exampleSites": [
                "celeb-stalker.com",
                "mobile.odir.org",
                "pornstarbyface.com",
                "tabootube.to",
                "www.adam4adam.com",
                "www.camhub.cc",
                "www.famousboard.com",
                "www.onlynude.men",
                "www.shemalewiki.com",
                "www.tabootube.xxx"
            ]
        },
        {
            "rule": "wmccd\\.com\\/cifra\\/script",
            "cookies": 0,
            "fingerprinting": 0,
            "subdomains": [],
            "apis": {},
            "sites": 17,
            "prevalence": 0.000116,
            "cnames": [],
            "responseHashes": [
                "44c1e2a7f8c2ba1a3e689bfb184c37783ed8a8fcf221f2f4b1cf9bcf7ba0d21b",
                "61eba190c2156d7889039a7b326219aa70c941b30a83717cb831406c7c60b416"
            ],
            "type": "Script",
            "firstPartyCookies": {},
            "firstPartyCookiesSent": {},
            "exampleSites": [
                "ok.xxx",
                "de.ok.xxx",
                "de.perfektdamen.co",
                "de.pornhat.com",
                "es.ok.xxx",
                "fr.perfectgirls.xxx",
                "fr.pornhat.com",
                "hello.porn",
                "max.porn",
                "ok.porn",
                "okxxx1.com",
                "okxxx2.com",
                "pornstars.tube",
                "www.perfectgirls.xxx",
                "www.perfektdamen.co",
                "www.pornhat.com",
                "www.pornhat.one"
            ]
        },
        {
            "rule": "wmccd\\.com\\/cifra",
            "cookies": 0,
            "fingerprinting": 1,
            "subdomains": [],
            "apis": {
                "Date.prototype.getTime": 17,
                "window.innerHeight": 17,
                "window.innerWidth": 17
            },
            "sites": 17,
            "prevalence": 0.000116,
            "cnames": [],
            "responseHashes": [
                "b65c72db0b075669159ec7cc1487a3e5dbc1e7b8ef61a5f1edf7c7e7bd7069c2",
                "2c717681119fe4fd3d73ebf6b88e0e7eca725ce75c5b4b321c91687484ccd5ab",
                "ab283a574a04034427bf2328455be36ba7e13571dfa257fe916b862b132b8aa7",
                "86d9aaf7e16089e315f5466c845ce90c5b4bc15971e49676ee647893bc343850",
                "e0b622b79311a378d047c7e6687a7d64eee13aceaf70f0665be2f8a26f5e5155",
                "258ced9e6f4c2ece3a1deb1826cd3d0d6bade65e5939fa9366e36dfb6573b5a1",
                "71102ab93994a786c11aab3691d3e90de5ba6aa8fe0c2d8a402a627fb53785a1",
                "ebbc3d0f4463a85b5ab27bf335fc16a6797a51c9207793ed99f1427609b0b102",
                "c741d6b12f76b3a605e7e65a0120fe0a6bbb831136ff6b628cf17c60cfb66dd0",
                "5ebe0a300fb696044fbe9c46f1b168aaeae7d5b685cdb67b8d81331e8df30408",
                "11fa0a0265399fcc578f32ccb5a855f3308213d645eb30d18868b2cfacd942e1",
                "7980e5a499a4e3c5d076cf0984d68d3ad5f1c5ead5dc9d8bc0ba711f1a8053d5",
                "9942a7aef9352ad7f74f3ccaf425e921b0d7c5ca79eae5c1e7ea35486c70e5c5",
                "5e6fea7703fd7aa74269b86200920a0ee2c5f2237afb06c3b9c736f496032229",
                "2fa383fb39d6ddf8d34784ec9c00eb42f135693254c81c095471752f31cc4e4c",
                "268c4758ced8326e42b11256c009731d54e9b25ba65ec8abe049dc5cfa47ac3f"
            ],
            "type": "Document",
            "firstPartyCookies": {},
            "firstPartyCookiesSent": {},
            "exampleSites": [
                "ok.xxx",
                "de.ok.xxx",
                "de.perfektdamen.co",
                "de.pornhat.com",
                "es.ok.xxx",
                "fr.perfectgirls.xxx",
                "fr.pornhat.com",
                "hello.porn",
                "max.porn",
                "ok.porn",
                "okxxx1.com",
                "okxxx2.com",
                "pornstars.tube",
                "www.perfectgirls.xxx",
                "www.perfektdamen.co",
                "www.pornhat.com",
                "www.pornhat.one"
            ]
        },
        {
            "rule": "wmccd\\.com\\/natlf\\/lf\\/ch\\/",
            "cookies": 0,
            "fingerprinting": 1,
            "subdomains": [],
            "apis": {
                "window.innerHeight": 5,
                "window.innerWidth": 5,
                "Date.prototype.getTime": 2
            },
            "sites": 5,
            "prevalence": 0.0000342,
            "cnames": [],
            "responseHashes": [
                "58509b10ef6d6f1a03a1aa02c5665fe92b1c1935ed705fbb05fd113385baf193",
                "19160d87e31cc9cb41c9231ec1bbd2abec6254b93e93c591565284ca003cf5ae",
                "a02f8f906ccc762852c5eac4bfbcec0b3790bbfc656a566c5b9868f3defd26b8",
                "a67a207cc826a3ad0673ff6741b15a7df11ca05fb18ef179db174536c082ad2d"
            ],
            "type": "Document",
            "firstPartyCookies": {},
            "firstPartyCookiesSent": {},