{
    "domain": "wpnsrv.com",
    "owner": {},
    "source": [
        "DuckDuckGo-US"
    ],
    "prevalence": 0.000273,
    "sites": 40,
    "subdomains": [
        "js"
    ],
    "cnames": [],
    "fingerprinting": 1,
    "resources": [
        {
            "rule": "wpnsrv\\.com\\/pn\\.php",
            "cookies": 0.00013,
            "fingerprinting": 1,
            "subdomains": [
                "js"
            ],
            "apis": {
                "Navigator.prototype.userAgent": 18,
                "Notification.permission": 19,
                "Document.cookie getter": 19,
                "Document.cookie setter": 19
            },
            "sites": 28,
            "prevalence": 0.000191,
            "cnames": [],
            "responseHashes": [
                "b5c0a71e77e127da8090462b75b686d7911e43521efc6b1e1143b34b702ef2dd"
            ],
            "type": "Script",
            "firstPartyCookies": {
                "pn-zone-3670315": {
                    "ttl": 3888001,
                    "length": 13,
                    "prevalence": 0.000006832001093120175,
                    "uniqueness": 1
                },
                "pn-zone-3199593": {
                    "ttl": 3888002,
                    "length": 13,
                    "prevalence": 0.0000273280043724807,
                    "uniqueness": 1
                },
                "pn-zone-3505123": {
                    "ttl": 3888005,
                    "length": 13,
                    "prevalence": 0.000006832001093120175,
                    "uniqueness": 1
                },
                "pn-zone-4809878": {
                    "ttl": 3888002,
                    "length": 13,
                    "prevalence": 0.000006832001093120175,
                    "uniqueness": 1
                },
                "pn-zone-3386671": {
                    "ttl": 3888022,
                    "length": 13,
                    "prevalence": 0.000006832001093120175,
                    "uniqueness": 1
                },
                "pn-zone-4623392": {
                    "ttl": 3888002,
                    "length": 13,
                    "prevalence": 0.000006832001093120175,
                    "uniqueness": 1
                },
                "pn-zone-3765051": {
                    "ttl": 3888003,
                    "length": 13,
                    "prevalence": 0.000006832001093120175,
                    "uniqueness": 1
                },
                "pn-zone-3898280": {
                    "ttl": 3888001,
                    "length": 13,
                    "prevalence": 0.000006832001093120175,
                    "uniqueness": 1
                },
                "pn-zone-4989144": {
                    "ttl": 3888001,
                    "length": 13,
                    "prevalence": 0.000006832001093120175,
                    "uniqueness": 1
                },
                "pn-zone-3307828": {
                    "ttl": 3888005,
                    "length": 13,
                    "prevalence": 0.000006832001093120175,
                    "uniqueness": 1
                },
                "pn-zone-4872816": {
                    "ttl": 3888006,
                    "length": 13,
                    "prevalence": 0.000006832001093120175,
                    "uniqueness": 1
                },
                "pn-zone-4119980": {
                    "ttl": 3888002,
                    "length": 13,
                    "prevalence": 0.000006832001093120175,
                    "uniqueness": 1
                },
                "pn-zone-4799970": {
                    "ttl": 3888002,
                    "length": 13,
                    "prevalence": 0.000006832001093120175,
                    "uniqueness": 1
                },
                "pn-zone-3231172": {
                    "ttl": 3888004,
                    "length": 13,
                    "prevalence": 0.000006832001093120175,
                    "uniqueness": 1
                },
                "pn-zone-4443548": {
                    "ttl": 3888003,
                    "length": 13,
                    "prevalence": 0.000006832001093120175,
                    "uniqueness": 1
                },
                "pn-zone-3278638": {
                    "ttl": 3888005,
                    "length": 13,
                    "prevalence": 0.000006832001093120175,
                    "uniqueness": 1
                }
            },
            "firstPartyCookiesSent": {},
            "exampleSites": [
                "www.pornoreino.com",
                "www.hindisexstories.cc",
                "www.baddietube.com",
                "es.pictoa.com",
                "www.madurashd.com",
                "www.jovencitas.gratis",
                "onlydesivideos.com",
                "www.sexdug.com",
                "javct.net",
                "it.pictoa.com",
                "www.imperiodefamosas.com",
                "www.pictoa.com",
                "baddiesonly.tv",
                "de.pictoa.com",
                "www.koreanporn.tube",
                "www.puritanas.com",
                "scatkings.com",
                "milkporntube.com",
                "fr.pictoa.com",
                "indiansexmms.co"
            ]
        },
        {
            "rule": "wpnsrv\\.com\\/worker\\.php",
            "cookies": 0,
            "fingerprinting": 0,
            "subdomains": [
                "js"
            ],
            "apis": {},
            "sites": 21,
            "prevalence": 0.000143,
            "cnames": [],
            "responseHashes": [
                "3a66e410eb25c0c74734c046ab31ae7eb69fb47fde0b6e235abbb58dace266bc"
            ],
            "type": "Other",
            "firstPartyCookies": {},
            "firstPartyCookiesSent": {},
            "exampleSites": [
                "de.pictoa.com",
                "celebsnudeworld.com",
                "fsiblog.info",
                "nudedesigirls.net",
                "www.pornosdeutsch.org",
                "it.pictoa.com",
                "fr.pictoa.com",
                "www.pornohut.info",
                "grigtube.com",
                "onlydesivideos.com",
                "es.pictoa.com",
                "backpagegals.com",
                "xorgasmo.com",
                "www.pictoa.com",
                "www.ratedgross.com",
                "indiansexmms.co",
                "milkporntube.com",
                "www.koreanporn.tube",
                "javct.net",
                "www.imperiodefamosas.com"
            ]
        }
    ],
    "categories": [],
    "performance": {},
    "cookies": 0.000171,
    "topInitiators": [
        {
            "domain": "first party",
            "prevalence": 1
        }
    ],
    "types": {
        "Script": 28,
        "Other": 21
    },
    "nameservers": [
        "ns2.dnsowl.com",
        "ns1.dnsowl.com",
        "ns3.dnsowl.com"
    ]
}