{
    "domain": "wsknow.net",
    "owner": {},
    "source": [
        "DuckDuckGo-US"
    ],
    "prevalence": 0.000109,
    "sites": 16,
    "subdomains": [],
    "cnames": [],
    "fingerprinting": 0,
    "resources": [
        {
            "rule": "wsknow\\.net\\/jssdk\\/track\\/",
            "cookies": 0,
            "fingerprinting": 0,
            "subdomains": [],
            "apis": {},
            "sites": 13,
            "prevalence": 0.0000888,
            "cnames": [],
            "responseHashes": [
                "654a38dd5809a8740df22e463c98a684d6214303366ef0b4ac81798797dec364",
                "73c784d45b43d7be582d9a805ac693c7d7bb1be520881e5e05b4c23428445c4b",
                "34c5d3eed945a9632938344c03da82eba21c5fd3f063b4bf515d99671d414ac3",
                "92724f717dc0706d0a045e82136eca4e0125e7f69d9c4e886a445e6f326b8b80",
                "0f626ce3f83eb2b2de9833bdaec36ca823aac7d633295e02bfbafdd313a730c5",
                "5f49e480edb2d2f8e5d3eb247a2a977ca33eef8d853753035988b55b6a43037f",
                "258c198ea6f10d325a3367adf631597003f41d04cae527f631d323f7e6ca9306",
                "5430d574e2a8427715d996924fb0e4999a67869fb67ad2417e1ec2e26bfdd289",
                "874be810a133fa89961347e55ca19db97bb1c0b1a6628939101e55be6ad21510",
                "87497dcab8c74e91c58882825d00e39b717b7f23c95ee621bcbe7a03388e3799",
                "2ef45ec4563e2971b37988b3f55b46e8814ae17d4986f3ccbcc741de0969bc07",
                "bf7d1329c85a5d2ddb79b9e83efe0a43530740988e9fd3dd96e8a33772be9c8b"
            ],
            "type": "XHR",
            "firstPartyCookies": {},
            "firstPartyCookiesSent": {},
            "exampleSites": [
                "safetydetectives.com",
                "de.safetydetectives.com",
                "de.wizcase.com",
                "deliveryrank.com",
                "fr.safetydetectives.com",
                "fr.wizcase.com",
                "ru.safetydetectives.com",
                "ru.vpnmentor.com",
                "www.safetydetectives.com",
                "www.vpnmentor.com",
                "www.websiteplanet.com",
                "www.wizcase.com",
                "zh.wizcase.com"
            ]
        }
    ],
    "categories": [],
    "performance": {},
    "cookies": 0,
    "topInitiators": [
        {
            "domain": "first party",
            "prevalence": 0.8571428571428571
        },
        {
            "domain": "dt2sdf0db8zob.cloudfront.net",
            "prevalence": 0.14285714285714285
        }
    ],
    "types": {
        "XHR": 13
    },
    "nameservers": [
        "dan.ns.cloudflare.com",
        "anna.ns.cloudflare.com"
    ]
}