{
    "domain": "xdisplay.site",
    "owner": {},
    "source": [
        "DuckDuckGo-US"
    ],
    "prevalence": 0.000102,
    "sites": 15,
    "subdomains": [],
    "cnames": [],
    "fingerprinting": 1,
    "resources": [
        {
            "rule": "xdisplay\\.site\\/inpage\\/",
            "cookies": 0.0000888,
            "fingerprinting": 1,
            "subdomains": [],
            "apis": {
                "Document.cookie getter": 13,
                "Date.prototype.getTime": 13,
                "Document.cookie setter": 13
            },
            "sites": 14,
            "prevalence": 0.0000956,
            "cnames": [],
            "responseHashes": [
                "7cfa77bbce7c26c12d48732858ff8f778a2e67d7cedd3635dcffb83c2048116f",
                "d4f4189fa830b86b8929353fc668a77ed5346858100d08b3f6b16bac67b3c147",
                "85bc18e6b1ff8ee1e62eac7a3e7ed356fa0872c01c557c151ff47e97f3ff9918",
                "942a5312f59b13b321ecd48cbe33d67d307201999b37ceeb76c3b538c72341ce",
                "f0ab437c400ae41b1549ad8cdbab2cf85832325b255b7217c072027b006a41e4",
                "05253015daccbc86a867302188180f4efc1f95ddccf99be761ab13eb0f89cd97",
                "06c24706a3fc476d84449f2be0ea079e0e3c5cd962cda58366b9ac0459aa852d",
                "974cd54ee98c2b7fa6ca48528b02a934c61072dbcab904d1aeb742a6301a9b4d",
                "12cd70dc32da264d6365d9d5e557f390e8330d2b8b6ff402294ea5a07280074c",
                "e84a8512d10d254743b879656cb99d92bd75d46e7757d930ca82ea11daa00b3b",
                "e7055644f44ff1d6c54a6ea60f5af3acf490f7311824651dc21f7ef3f532e180",
                "b9cee54bec6af4b6dc94e4866cd0577ac73c5939ee05c7df6a91a434096d55ba",
                "04d13c84aba8774a0db7efab84dc96f1df952392e27a86fae05788e93054f2de"
            ],
            "type": "Script",
            "firstPartyCookies": {
                "visit_inpage_896c694f2f36cb664872f1ff12cda7d4": {
                    "ttl": 86402,
                    "length": 1,
                    "prevalence": 0.000006832001093120175,
                    "uniqueness": 1
                },
                "visit_inpage_6b22aa10785792ba5aee9a9945e07c36": {
                    "ttl": 86402,
                    "length": 1,
                    "prevalence": 0.000006832001093120175,
                    "uniqueness": 1
                },
                "visit_inpage_7d07fff8d1a3c100a9c25aa2de5e2e42": {
                    "ttl": 86402,
                    "length": 1,
                    "prevalence": 0.000006832001093120175,
                    "uniqueness": 1
                },
                "visit_inpage_cfb777c7ff6215c83ca8d1a1411b0747": {
                    "ttl": 86401,
                    "length": 1,
                    "prevalence": 0.000006832001093120175,
                    "uniqueness": 1
                },
                "visit_inpage_2bab886e8c4f45334ac4a84e5355ac55": {
                    "ttl": 86401,
                    "length": 1,
                    "prevalence": 0.000006832001093120175,
                    "uniqueness": 1
                },
                "visit_inpage_aa80f259f2273cae45861bf31472dab9": {
                    "ttl": 86403,
                    "length": 1,
                    "prevalence": 0.000006832001093120175,
                    "uniqueness": 1
                },
                "visit_inpage_7d609b6ba2d23fad44fe531037a79144": {
                    "ttl": 86402,
                    "length": 1,
                    "prevalence": 0.000006832001093120175,
                    "uniqueness": 1
                },
                "visit_inpage_d84802d14fce29760e6a7566467a0bed": {
                    "ttl": 86403,
                    "length": 1,
                    "prevalence": 0.000006832001093120175,
                    "uniqueness": 1
                },
                "visit_inpage_a48de98e8d6c607bec7948c26f77aa11": {
                    "ttl": 86401,
                    "length": 1,
                    "prevalence": 0.000006832001093120175,
                    "uniqueness": 1
                },
                "visit_inpage_1c4f331b84393db173be39cc4aa719b2": {
                    "ttl": 86403,
                    "length": 1,
                    "prevalence": 0.000006832001093120175,
                    "uniqueness": 1
                },
                "visit_inpage_091aab68ea74cdb8433d103af80aedf0": {
                    "ttl": 86401,
                    "length": 1,
                    "prevalence": 0.000006832001093120175,
                    "uniqueness": 1
                },
                "visit_inpage_5fe71baa076a95de3714998d9c745fe6": {
                    "ttl": 86404,
                    "length": 1,
                    "prevalence": 0.000006832001093120175,
                    "uniqueness": 1
                },
                "visit_inpage_9020131fc8b916d3f9df9f8955c759e3": {
                    "ttl": 86401,
                    "length": 1,
                    "prevalence": 0.000006832001093120175,
                    "uniqueness": 1
                }
            },
            "firstPartyCookiesSent": {},
            "exampleSites": [
                "3xxx.pro",
                "freshsexvideos.com",
                "sexvideo.rodeo",
                "sexvideos.host",
                "viviporn.tv",
                "www.xnxx.fit",
                "www.xxnx.kim",
                "xmxx.live",
                "xvedio.fun",
                "xnxxcom.xyz",
                "xxx-sex.one",
                "xxx-sex.org",
                "xxxporno.cam",
                "xxxvideo.best"
            ]
        },
        {
            "rule": "xdisplay\\.site\\/outstream\\/",
            "cookies": 0.0000615,
            "fingerprinting": 1,
            "subdomains": [],
            "apis": {
                "Document.cookie getter": 9,
                "Date.prototype.getTime": 10,
                "Document.cookie setter": 9
            },
            "sites": 10,
            "prevalence": 0.0000683,
            "cnames": [],
            "responseHashes": [
                "5a151d59a4f733fd9c74ed58f2f65945315880d50564a8141451ce0d9dff5907",
                "f28c0a0b4a1137ede6384e4ec090a46da8c692f0950ae1fff796dd1633610114",
                "df85538ec59381528b9613b6182adf849f0734bd331f532d7caa11cd327e1e9d",
                "2eb3cf5f76d13833302f76e5841e3e4757a0c8b431b543d05436fb5357e23605",
                "47ec3b105a4040b990aa266ca2fa33c5c8aa9a7bc75d8700407472d60bf66470",
                "a177ad7dccea3d48244d2f3595d376ec9d7882abca69000c2af1f173f363986b",
                "ad656fb2a84f741c2bc387826c27c093c71a35c0af5e33c746143a488567a96e",
                "466559668f35cc5827357265cfd6ae5fc2e49dfedae55f9e7a80bf4edee42c7b",
                "79ee76da8de3cbcb258cdbe4c77b361b1202ada312564dc8ae58baeda46842b4"
            ],
            "type": "Script",
            "firstPartyCookies": {
                "visit_top_300x250_896c694f2f36cb664872f1ff12cda7d4": {
                    "ttl": 86402,
                    "length": 1,
                    "prevalence": 0.000006832001093120175,
                    "uniqueness": 1
                },
                "visit_top_300x250_6b22aa10785792ba5aee9a9945e07c36": {
                    "ttl": 86402,
                    "length": 1,
                    "prevalence": 0.000006832001093120175,
                    "uniqueness": 1
                },
                "visit_top_300x250_7d07fff8d1a3c100a9c25aa2de5e2e42": {
                    "ttl": 86402,
                    "length": 1,
                    "prevalence": 0.000006832001093120175,
                    "uniqueness": 1
                },
                "visit_top_300x250_cfb777c7ff6215c83ca8d1a1411b0747": {
                    "ttl": 86401,
                    "length": 1,
                    "prevalence": 0.000006832001093120175,
                    "uniqueness": 1
                },