{
    "domain": "xxxjmp.com",
    "owner": {},
    "source": [
        "DuckDuckGo-US"
    ],
    "prevalence": 0.00026,
    "sites": 38,
    "subdomains": [
        "go",
        "creative",
        "video"
    ],
    "cnames": [],
    "fingerprinting": 1,
    "resources": [
        {
            "rule": "xxxjmp\\.com\\/api\\/models\\/ts",
            "cookies": 0,
            "fingerprinting": 0,
            "subdomains": [
                "go"
            ],
            "apis": {},
            "sites": 21,
            "prevalence": 0.000143,
            "cnames": [],
            "responseHashes": [
                "4903a1eef246fc807526202701293b1c315bb0d40152f6e6cb5d5f3436fe066d",
                "bea9392349c988bb48d4b2bcce00a11b571790761dee12c95199ad0fc32ed697",
                "929a2c5d3347fa264be5ad53e6b0b030aa8b24fc20ab66da9aff8503d79afec3",
                "86c6acf9ba1439ca8933ce1e81b68f440b4cf2b3c482592506359e4c78cb535c",
                "d752dfe490bf941cc57843529eba2195182e132bc655d9016e22e8102ef3a909",
                "365730ab4a1daa3112f284fc8f5d260621655c326c7b03123c3e1bfc6bd03958",
                "f14c72653ed9481f80177eaefa4d3c093695446d10d0e68923e0b6b91a27f5d2",
                "7a483336e19b2bcae043caade7b15ce684cc19b4f0856b533f35498c214cffe3",
                "597de9e83bdd6912b0689bfaab504048d88719047e15fcf20c35336faf82a133",
                "dcab0df12415c9575feae9bc0de84c213cc5bc6862183bc30e9a07b5e1aebc9a",
                "bb63191e2a67a87a3db72f70160e3db9beedaf0600dfb016edbf0c625dcab43c",
                "f618ffa227dac94b5b649cba2374fbc736a6d48a32da111857e32edfc96c267c",
                "47eb1bac7ea40f4d5cd0bcb138aa1e18dfea9803fa966e09a8b5695e4fd45742",
                "e56e6635c5be2c0cf8b95646c39f30bcc4063bcae92374387aab7c20179c7f04",
                "23e7181bd0aa5ab7cab8e240d5eb40481232cb648f29b529a8dd39bc4199a706",
                "29c07dd32963c140130baf61f58e7a608ad4c34851afb035c113058cc2887bac",
                "b621238de07048dd7d06a9dee57a96345f854bec1ec05b11c94f9392a1581ec4",
                "fc8c6418f78a1fd6552a904d6e292b1633e37f83ba311dbb666783baedf71989",
                "611337ad82e6a61c816bf998b44e844a3f8a73d93d469e9d1fefaa9b870cc5aa",
                "a3b295ef1766bf30362561294f47688bd8422a02f4338ad559c3f06368536a1f"
            ],
            "type": "XHR",
            "firstPartyCookies": {},
            "firstPartyCookiesSent": {},
            "exampleSites": [
                "fxpornhd.com",
                "pornbuz.com",
                "chineseav.net",
                "analporngifs.com",
                "kissjav.li",
                "jjavhd.net",
                "tokyomotion.com",
                "mrjav.net",
                "onlyamateursex.com",
                "hdporner.me",
                "kimchi.tv",
                "pusatporn18.com",
                "xnxx93.com",
                "daftsex.net",
                "cutiecomics.com",
                "deepfakesporn.com",
                "javhd.icu",
                "www.amateurpussy.pics",
                "www.kissjav.li",
                "pornhits.net"
            ]
        },
        {
            "rule": "xxxjmp\\.com\\/smartpop\\/afa0924473ebc416215708dd4bc227b42d64c58d8c03749e916500cdf4e5a7f6",
            "cookies": 0.0000205,
            "fingerprinting": 0,
            "subdomains": [
                "go"
            ],
            "apis": {},
            "sites": 3,
            "prevalence": 0.0000205,
            "cnames": [],
            "responseHashes": [
                "f2cc137a105f0715fb1c7c2381bbd8f0bf8f448546f26fbd01da75af95e2299a"
            ],
            "type": "Document",
            "firstPartyCookies": {},
            "firstPartyCookiesSent": {},
            "exampleSites": [
                "gate.cc",
                "celeb.gate.cc",
                "celebgate.org"
            ]
        },
        {
            "rule": "xxxjmp\\.com\\/widgets\\/Spot\\/lib-auto\\.js",
            "cookies": 0,
            "fingerprinting": 2,
            "subdomains": [
                "creative"
            ],
            "apis": {
                "Navigator.prototype.userAgent": 4,
                "PerformanceTiming.prototype.navigationStart": 4,
                "window.innerHeight": 4,
                "window.innerWidth": 4,
                "Navigator.prototype.vendor": 4,
                "Navigator.prototype.language": 4,
                "MediaSource.isTypeSupported": 4,
                "HTMLMediaElement.prototype.canPlayType": 4
            },
            "sites": 5,
            "prevalence": 0.0000342,
            "cnames": [],
            "responseHashes": [
                "11a9c48cafb981dfe1dec94f692f0bd4d3725e0dc46109ac757062d9b0875f0d"
            ],
            "type": "Script",
            "firstPartyCookies": {},
            "firstPartyCookiesSent": {},
            "exampleSites": [
                "porntrex.tv",
                "www.gayboystube.com",
                "www.porntrex.com",
                "www.porntrex.tv",
                "www.whoreshub.com"
            ]
        },
        {
            "rule": "xxxjmp\\.com\\/config",
            "cookies": 0,
            "fingerprinting": 0,
            "subdomains": [
                "go"
            ],
            "apis": {},
            "sites": 5,
            "prevalence": 0.0000342,
            "cnames": [],
            "responseHashes": [
                "8fcc3f3fc54b895c995d98d239117546d8a0aafff35c1c1945c64c8318cbfe00",
                "ccaf08a5831b70a7b6e5aee1eb74747df10b1ff11d5da04c158582fcee82a50c",
                "258102c2731a16c5821cf55df98f2ff04a1e1db4c3c8b4a0872a2dcef8d8eb37",
                "1a6a247a6913381e26650a97db038cbd3fa0e573c35fb8bd42d8d240f13c974a"
            ],
            "type": "Fetch",
            "firstPartyCookies": {},
            "firstPartyCookiesSent": {},
            "exampleSites": [
                "porntrex.tv",
                "www.gayboystube.com",
                "www.porntrex.com",
                "www.porntrex.tv",
                "www.whoreshub.com"
            ]
        },
        {
            "rule": "xxxjmp\\.com\\/widgets\\/Spot\\/lang\\/en\\.json",
            "cookies": 0,
            "fingerprinting": 0,
            "subdomains": [
                "creative"
            ],
            "apis": {},
            "sites": 5,
            "prevalence": 0.0000342,
            "cnames": [],
            "responseHashes": [
                "065782e76dcfa6a9181cc36d69abefa429aafe2db2171b5d705a35b3fe234e3f"
            ],
            "type": "Fetch",
            "firstPartyCookies": {},
            "firstPartyCookiesSent": {},
            "exampleSites": [
                "porntrex.tv",
                "www.gayboystube.com",
                "www.porntrex.com",
                "www.porntrex.tv",
                "www.whoreshub.com"
            ]
        },
        {
            "rule": "xxxjmp\\.com\\/api\\/models",
            "cookies": 0,
            "fingerprinting": 0,
            "subdomains": [
                "go"
            ],
            "apis": {},
            "sites": 5,
            "prevalence": 0.0000342,
            "cnames": [],
            "responseHashes": [
                "d8cb72c14a252e6b5a60080d2980e75c047ca27eef98b079f67f9297f5570c70",
                "28a5c828e3b40048a9590a292d293a85c00076eab5a82b5eeebe78b308bb04b4",
                "71d8e26c8ecb0b0f80bb24adbb873d03e7c3c3359d3f9a28bfa30601cff0d615",
                "07936973df4905f6e2d97e63a48850b707b279fb5f30c60b64c437c69223ac9f"
            ],
            "type": "Fetch",
            "firstPartyCookies": {},
            "firstPartyCookiesSent": {},
            "exampleSites": [
                "porntrex.tv",
                "www.gayboystube.com",
                "www.porntrex.com",
                "www.porntrex.tv",
                "www.whoreshub.com"
            ]
        },
        {
            "rule": "xxxjmp\\.com\\/app\\/domain-checker\\/get-check",