{
    "domain": "yottaa-prod.com",
    "owner": {},
    "source": [
        "DuckDuckGo-US"
    ],
    "prevalence": 0.00015,
    "sites": 22,
    "subdomains": [
        "p2config",
        "qoerum"
    ],
    "cnames": [],
    "fingerprinting": 0,
    "resources": [
        {
            "rule": "yottaa-prod\\.com\\/api\\/v1\\/configure\\.rapid\\.js",
            "cookies": 0.000041,
            "fingerprinting": 0,
            "subdomains": [
                "p2config"
            ],
            "apis": {},
            "sites": 11,
            "prevalence": 0.0000752,
            "cnames": [],
            "responseHashes": [
                "23d214a6ad7306ca1277c3371046c2b13374ac34c6e65ed70e6a1f9aca104568",
                "4d07dc014bd2f54a836af38e32d6725d3627076279558870022115f8c1840f66",
                "2d326ffe4086038d60e69d9f1aa2bb7b0fff9ce3635b598c316ec4f026eebf72",
                "404c2c7bc54fc752ad215ff1bf55185fe819704f6dc58865b17a6896e4c34537",
                "7d2b1f955a34944324ae5d7575cb33f21432875b3a3b2b99b4f3d8b5fe96b6ce",
                "d6a79852ff2ebf04ad095b8eb0f362c64f93be256d35893beef5411602c61aa0",
                "c12f976ddccedc3ab6dc08aa236c7f6365f92644acc418fcde6fb23007ba33a3",
                "3f141c076f9898b74def4f398027000c16e08cc63dd80d4ea73edb4793d02675",
                "6f8d19b622e293caf755e85cd1d43523096c9278c003aed3abc964567d318ea3"
            ],
            "type": "XHR",
            "firstPartyCookies": {},
            "firstPartyCookiesSent": {
                "_li_dcdm_c": 0.00001366400218624035,
                "lotame_domain_check": 0.000006832001093120175
            },
            "exampleSites": [
                "footwearetc.com",
                "lotto.pch.com",
                "mauijim.com",
                "megafood.com",
                "musiciansfriend.com",
                "www.buyautoparts.com",
                "www.fossil.com",
                "www.mauijim.com",
                "www.pch.com",
                "www.svsound.com",
                "www.target.com.au"
            ]
        },
        {
            "rule": "yottaa-prod\\.com\\/log-nt\\/event",
            "cookies": 0,
            "fingerprinting": 0,
            "subdomains": [
                "qoerum"
            ],
            "apis": {},
            "sites": 13,
            "prevalence": 0.0000888,
            "cnames": [],
            "responseHashes": [
                "ca3d163bab055381827226140568f3bef7eaac187cebd76878e0b63e9e442356"
            ],
            "type": "Ping",
            "firstPartyCookies": {},
            "firstPartyCookiesSent": {},
            "exampleSites": [
                "footwearetc.com",
                "mauijim.com",
                "megafood.com",
                "musiciansfriend.com",
                "ogee.com",
                "www.buyautoparts.com",
                "www.fossil.com",
                "www.gaiaherbs.com",
                "www.jamesperse.com",
                "www.mauijim.com",
                "www.platinumperformance.com",
                "www.svsound.com",
                "www.target.com.au"
            ]
        }
    ],
    "categories": [],
    "performance": {},
    "cookies": 0.0000547,
    "topInitiators": [
        {
            "domain": "yottaa.com",
            "prevalence": 0.7941176470588235
        },
        {
            "domain": "first party",
            "prevalence": 0.17647058823529413
        },
        {
            "domain": "visually-io.com",
            "prevalence": 0.029411764705882353
        }
    ],
    "types": {
        "XHR": 11,
        "Ping": 13
    },
    "nameservers": [
        "ns-18.awsdns-02.com",
        "ns-789.awsdns-34.net",
        "ns-1315.awsdns-36.org",
        "ns-1567.awsdns-03.co.uk"
    ]
}