{
    "domain": "youradexchange.com",
    "owner": {},
    "source": [
        "DuckDuckGo-US"
    ],
    "prevalence": 0.000697,
    "sites": 102,
    "subdomains": [],
    "cnames": [],
    "fingerprinting": 0,
    "resources": [
        {
            "rule": "youradexchange\\.com\\/script\\/suurl5\\.php",
            "cookies": 0,
            "fingerprinting": 0,
            "subdomains": [],
            "apis": {},
            "sites": 57,
            "prevalence": 0.000389,
            "cnames": [],
            "responseHashes": [
                "ebb2f6d12bf96e3a6bb3749fcefb4029a1b60318805632b66e3af59e27d7c69d",
                "e22ae88a69055f84cdf32894f20cc7f462b946fc84e3140fe52325c6b2c34c73",
                "6a674db3ba7480223b4b0797a7048aee134efefa65b96ae3c30f76f8669702f2",
                "d5a25c40a7886a89e34c838c39db48bf874d86cb7d631759f27efb0ce0f76ebc",
                "25eb4cc02cf9c09c594daa9686616eaf60b65f4bc07d8bcd62a67f20fbee6cbd",
                "333c96993cacb688ed461d5ffbe4edfd01fff7893882bd89804f90992c3158e5",
                "8bfdc0b59c20ef98c14ae022a79dc4945f750ea43c029e6d2608391e664e690e",
                "5409b719f3fe998572fdcda1c15502e187cca4428d0dfdf69c455ca24923339b",
                "29c4c3311a3cfc8097ced07116932f780f150e63a6546c97d5a2015afa3a0aef",
                "6357a607550b99f4bf1169047f7193ca8191c37585eaf8d57a36ffbe656372af",
                "fcdcb1596572ca3a7b0aced4556adbf2bc33468c4033c7032d069208ef6e9de0",
                "4b535968229e584fa0e5e1996e4b949f759fe562214dbee207b367d46b6216af",
                "d58ad27064b0b2810a4cb87154381cc1f9a3410f3fa6e3ddd93e50ef863b410d",
                "9c9af452b9445685023077a9951e732c8e09da4ee3b2294fe39af593dff5c860",
                "a0a33851afb30b57e6d9b81b12c4cf3bf93738239aef1929b8c974c2372ccd86",
                "5b41788cfbd04da3e677ac322f041eadfedce1f5c64b9311a257d75ab68210e3",
                "d21bc376a1278af382e72c3bfa6d5249da68c169303c6953c48d563b77ada310",
                "9d8c7ad5df9ff8ab6797cbd58a18075e93c7ead3bff4852084bbaabb6f426bd4",
                "0d1429a5bd272fe7d3a3ed1180333f37883151f5271fcbc5d25658465ed46fd0",
                "755744e5682a337fbb9dbcf81e0d35c98b482ba34e9aa4a1c144efc9468af322",
                "fb3419a1184be7ad7f3dd5f2dcdefa6f4bc409cd2fa2e2a1210871154c9cdb05",
                "fd5b5089eee23e72482358846bc96573736b93a2eb38b3c6da5b8be093a0858f",
                "652aa04a0269a29ddd8e562b85cf95a6a444b8c6c52014d233c15f972eb32631",
                "2e11b02e65b6efe36562a9198f83ef8a0b2aef2401bd40563db806361761993d",
                "5765b1e9f4e54f4033cdbe2fd94e33663312aa1b5553d4bdbeb744e9771cf283",
                "40251ad850e4a5b39cafbbb087c40821bdbeed2544672667068f24e1e27d3cc1",
                "96ef62bd76adb5e92505c25fe11f1e2d4c3805db3fe2cf1aced1367ce99ecb77",
                "142859bd267b93ce64f726ce34cf762f11a635c36cb11a6096cb4da1ad7e7094",
                "8760195a72e12fa3cc9e13072d5f28fdf69e032a305f993236de8060fa649ac0",
                "da2750539ba746ea61513ca15c83fe9afb6363c070caff0ba1b4f6e94acd9ae6",
                "2686f57f0a481490a271110790838063a2b0738cecd099ca89678cfd6f4c746c",
                "9f2ff2698333997e7d94df14d7d4d0096097652f18f992f07ebee6fe262d2d05",
                "4bee2de4e61ebac6ab876733772b1468b108fee6b7d8d6e6fe9d265a1244ef3e",
                "a51c91158b1ed97e56e3691e49dddd7b5ce00af2159111231a1824438e4e0791",
                "87bc295dc937835bc48dede58415061d9f3d619c5e26d104a34c6fd5a75e0a25",
                "fd422a20551b9e77f5bfeda38d746da1883c52accfc73fd0713344b160a20da0",
                "839da2155857529fd9cc4370aa6339572c0da9377952cb6d24097cd7d56161ee",
                "dec50ede05f18478d1f2f92583ce69e4a194a301a243eadbb7ab5d8252bfc8d1",
                "456084ab148a3ef176446cf946dd0349b31802f8a310630c95ef4c293cf8796e",
                "8c55bc6502c35f3f9c7efe7b288e8c2380f51dd4f1d21aab36f0b5016933b89f",
                "0b8d6ff661192565354d91af197601304efcef627dfb6291a3ae6701cecc3991",
                "2b183dfebd889fce5f448777bf0a04ca52e4d726f72ad99aa504120e7a01f599",
                "f1344c5cd2157796990d62697280e3faf7c07cb2db5b3914edebead1e0f769e1",
                "5ec7c4e1548b3169a1924fcc3df1870da3eb218a7bd7c194f4333eaa3c16d897",
                "42448503e76a263082ff6eb98d01f93aab4e653e038bea6838f8c29265695dec",
                "d045c4fc49e754625b7d3c1f5f64f8afd40967ac4b2df51836fc6e34bf9fd829",
                "f4d59a2a8a841b44eb4a0e8f657ceb455ecae77306730961db3ee0b9ff965046",
                "5bafa202388b23e0dee93e22395843938e9c9e7c5ff6d7f767456241bf417da0",
                "25d13fe7b38b242f812b97bb2cae1a7bf0efef103936dc640791be74a9710617",
                "3738f3c1f0a05a55512cf751bdd20d6ff2433c60d2b7242d6918ae48f132c605",
                "d9a3ebb955cdd483217d6a67341478e98818f7088a54d9d547fddb174202eff6",
                "71cef4d69c4ba3db9bcf1b785f98d3bb2c7387f155e29339871ab1bf9b171fb2",
                "dd7808258ed198e6e18ad2b415f2f94910f24768ffb33a9d285b9ee6363ab0a3",
                "89602cf2dea0976b35a2964c78c30857eb0a09d07fcba9d14152344d8d3baf48"
            ],
            "type": "Fetch",
            "firstPartyCookies": {},
            "firstPartyCookiesSent": {
                "ref_url": 0.00004099200655872105,
                "c_ref_4769685": 0.000006832001093120175,
                "lotame_domain_check": 0.00001366400218624035,
                "c_ref_4873540": 0.000006832001093120175
            },
            "exampleSites": [
                "pinayjuicy.com",
                "s.cimalight.co",
                "www.hentaisaturn.tv",
                "web.sticker18.com",
                "sambalpuristar.in",
                "favoyeurtube.net",
                "seriecenter.cc",
                "www.influencersgonewild.org",
                "www.pelis182.com",
                "rapelust.com",
                "xxxclub.to",
                "srpacks.com",
                "seriesmega.org",
                "urdesi.com",
                "nflbite.lat",
                "leaktube.org",
                "yabancidizifilmizlesene.com",
                "boybuso.com",
                "bypass.city",
                "www.fap666.com"
            ]
        },
        {
            "rule": "youradexchange\\.com\\/script\\/push\\.php",
            "cookies": 0,
            "fingerprinting": 0,
            "subdomains": [],
            "apis": {},
            "sites": 17,
            "prevalence": 0.000116,
            "cnames": [],
            "responseHashes": [
                "ed06dd41e0455f2ff93e7a07b8529e77b1bf8a9c8dc7121c808fc8ae86e137a3",
                "52a4798b6a9a982a6df461083652118237bcd020b1f47ae990f02bd4d50d3c21",
                "f333bb75cb892cb8c86bbc97e89fa668a1833fd45872a744bf61ac14de792beb"
            ],
            "type": "Fetch",
            "firstPartyCookies": {},
            "firstPartyCookiesSent": {
                "ref_url": 0.00003416000546560088
            },
            "exampleSites": [
                "1337x.to",
                "adultcomixxx.com",
                "asukoe.xyz",
                "favoyeurtube.net",
                "fulldp.co",
                "futemax.plus",
                "hornysimp.com",
                "javenspanish.com",
                "popcorntimeonline.xyz",
                "pornosub.net",
                "srpacks.com",
                "web.sticker18.com",
                "ww1.4movierulz.llc",
                "www.1337x.to",
                "www.fap666.com",
                "www.pornseek123.com",
                "www.xxxhub123.com"
            ]
        },
        {
            "rule": "youradexchange\\.com\\/script\\/i\\.php",
            "cookies": 0,
            "fingerprinting": 0,
            "subdomains": [],
            "apis": {},
            "sites": 4,
            "prevalence": 0.0000273,
            "cnames": [],
            "responseHashes": [
                "e3b0c44298fc1c149afbf4c8996fb92427ae41e4649b934ca495991b7852b855"
            ],