{
    "domain": "zlinkp.com",
    "owner": {},
    "source": [
        "DuckDuckGo-US"
    ],
    "prevalence": 0.00028,
    "sites": 41,
    "subdomains": [
        "s"
    ],
    "cnames": [],
    "fingerprinting": 0,
    "resources": [
        {
            "rule": "zlinkp\\.com\\/tag\\.php",
            "cookies": 0.000116,
            "fingerprinting": 0,
            "subdomains": [
                "s"
            ],
            "apis": {},
            "sites": 17,
            "prevalence": 0.000116,
            "cnames": [],
            "responseHashes": [
                "e3b0c44298fc1c149afbf4c8996fb92427ae41e4649b934ca495991b7852b855"
            ],
            "type": "Image",
            "firstPartyCookies": {},
            "firstPartyCookiesSent": {},
            "exampleSites": [
                "adultgames.games",
                "doublelist.com",
                "exporntoons.net",
                "hentaiporn.com",
                "l.clips4sale.com",
                "porngames.games",
                "porngamesverse.com",
                "pornone.com",
                "virtualrealporn.com",
                "www.agentredgirl.com",
                "www.camster.com",
                "www.flirt4free.com",
                "www.krikya.io",
                "www.nextdoorstudios.com",
                "www.sexlikereal.com",
                "www.wikifeetx.com",
                "xxxgames.games"
            ]
        },
        {
            "rule": "zlinkp\\.com\\/splash\\.php",
            "cookies": 0.0000547,
            "fingerprinting": 0,
            "subdomains": [
                "s"
            ],
            "apis": {},
            "sites": 8,
            "prevalence": 0.0000547,
            "cnames": [],
            "responseHashes": [
                "b0aa58852fc6ff33be1256f586b1115b4285b749078fa75e24c57feaa719296b",
                "8b1399cbccc26ffe5a9fd08092436692c6cf085477c7df6aaa0b06f2273cf61b",
                "9db5d3a2bc220b2c113ce6d52accd6679c9294c2cd1246b56cbd287332bfd379",
                "819401b5c22e54780b411a7823cb2f316140634f3f5bf715c38cd1667dbf5a43",
                "555d4fc8480c6207f140ac62051da18431869b7361c9294b6c5c0fe215cc5a3c",
                "09f749c03dd899e1c5af733eb043ede3b005d2ea513d152234987514a2300509",
                "e7d4b5c7aa4709b6ec1191e1be7a064f65c0009c9d14315c5b6940a72e0d39c1"
            ],
            "type": "Fetch",
            "firstPartyCookies": {},
            "firstPartyCookiesSent": {},
            "exampleSites": [
                "homemade.xxx",
                "niceporn.tv",
                "www.analdin.com",
                "www.analdin.xxx",
                "www.xozilla.xxx",
                "www.xozilla.com",
                "www.xtits.xxx",
                "www.xtits.com"
            ]
        },
        {
            "rule": "zlinkp\\.com\\/vregister\\.php",
            "cookies": 0,
            "fingerprinting": 0,
            "subdomains": [
                "s"
            ],
            "apis": {},
            "sites": 7,
            "prevalence": 0.0000478,
            "cnames": [],
            "responseHashes": [
                "e3b0c44298fc1c149afbf4c8996fb92427ae41e4649b934ca495991b7852b855"
            ],
            "type": "Image",
            "firstPartyCookies": {},
            "firstPartyCookiesSent": {},
            "exampleSites": [
                "homemade.xxx",
                "www.analdin.com",
                "www.analdin.xxx",
                "www.xozilla.xxx",
                "www.xozilla.com",
                "www.xtits.xxx",
                "www.xtits.com"
            ]
        }
    ],
    "categories": [],
    "performance": {},
    "cookies": 0.00028,
    "topInitiators": [
        {
            "domain": "exoclick.com",
            "prevalence": 0.3333333333333333
        },
        {
            "domain": "adsxtits.com",
            "prevalence": 0.23333333333333334
        },
        {
            "domain": "first party",
            "prevalence": 0.15555555555555556
        },
        {
            "domain": "adxhand.name",
            "prevalence": 0.08888888888888889
        },
        {
            "domain": "adzilla.name",
            "prevalence": 0.08888888888888889
        },
        {
            "domain": "adsxtits.pro",
            "prevalence": 0.08888888888888889
        },
        {
            "domain": "embedx.name",
            "prevalence": 0.011111111111111112
        }
    ],
    "types": {
        "Image": 24,
        "Fetch": 8
    },
    "nameservers": [
        "ns2.dnsowl.com",
        "ns3.dnsowl.com",
        "ns1.dnsowl.com"
    ]
}