{
    "domain": "03cc900069.com",
    "owner": {},
    "source": [
        "DuckDuckGo-NL"
    ],
    "prevalence": 0.000903,
    "sites": 9,
    "subdomains": [
        "89ef61a2a7",
        "2f0d2783a4"
    ],
    "cnames": [],
    "fingerprinting": 0,
    "resources": [
        {
            "rule": "03cc900069\\.com\\/in\\/multy",
            "cookies": 0,
            "fingerprinting": 0,
            "subdomains": [
                "89ef61a2a7",
                "2f0d2783a4"
            ],
            "apis": {},
            "sites": 9,
            "prevalence": 0.000903,
            "cnames": [],
            "responseHashes": [],
            "type": "Preflight",
            "firstPartyCookies": {},
            "firstPartyCookiesSent": {},
            "exampleSites": [
                "chaturflix.cam",
                "enf-cmnf.com",
                "femdom-joi.com",
                "forcedcinema.net",
                "heavyfetish.com",
                "hitomi.la",
                "nude1.eu",
                "thepiratebay.org",
                "xxxi.porn"
            ]
        },
        {
            "rule": "03cc900069\\.com\\/in\\/multy",
            "cookies": 0,
            "fingerprinting": 0,
            "subdomains": [
                "89ef61a2a7",
                "2f0d2783a4"
            ],
            "apis": {},
            "sites": 9,
            "prevalence": 0.000903,
            "cnames": [],
            "responseHashes": [
                "81271fa6bcd27460474144a623e14c506787986f19785bc46c6dd36ecd5605c5",
                "50b9e29a8e430c8cb301774e577811735ec5b5b6ba4981e0a5fb3751a01c2889",
                "0c8822427b1dfa444f1d05df4a25e27156e795c5f25eb8c70e6ff9b42f49ce93",
                "fc84e4d6586529a3269d3b48621e9fa2312fe9dc4f7b0de353842f4f7d897bda",
                "83149bba3f6c5a1b35f85f390aff320659d1e3aab380edfafe5e3ec0b42fc41e",
                "f6778e02566e6c4fe3ff52e50fe0429677933cb37e7b55669b18fcfe34735664",
                "e3b0c44298fc1c149afbf4c8996fb92427ae41e4649b934ca495991b7852b855",
                "d139f930f70962dbdca74b7f767d4b745f057034529d5f541d220d607b53921f"
            ],
            "type": "XHR",
            "firstPartyCookies": {},
            "firstPartyCookiesSent": {},
            "exampleSites": [
                "chaturflix.cam",
                "enf-cmnf.com",
                "femdom-joi.com",
                "forcedcinema.net",
                "heavyfetish.com",
                "hitomi.la",
                "nude1.eu",
                "thepiratebay.org",
                "xxxi.porn"
            ]
        },
        {
            "rule": "03cc900069\\.com\\/in\\/show\\/",
            "cookies": 0,
            "fingerprinting": 0,
            "subdomains": [
                "89ef61a2a7",
                "2f0d2783a4"
            ],
            "apis": {},
            "sites": 8,
            "prevalence": 0.000803,
            "cnames": [],
            "responseHashes": [
                "e3b0c44298fc1c149afbf4c8996fb92427ae41e4649b934ca495991b7852b855"
            ],
            "type": "Image",
            "firstPartyCookies": {},
            "firstPartyCookiesSent": {},
            "exampleSites": [
                "chaturflix.cam",
                "enf-cmnf.com",
                "femdom-joi.com",
                "forcedcinema.net",
                "heavyfetish.com",
                "hitomi.la",
                "nude1.eu",
                "xxxi.porn"
            ]
        }
    ],
    "categories": [],
    "performance": {},
    "cookies": 0,
    "topInitiators": [
        {
            "domain": "c8dd7cddbb.com",
            "prevalence": 0.8823529411764706
        },
        {
            "domain": "wpushsdk.com",
            "prevalence": 0.11764705882352941
        }
    ],
    "types": {
        "Preflight": 9,
        "XHR": 9,
        "Image": 8
    },
    "nameservers": [
        "dns1.infrapu.sh",
        "dns2.infrapu.sh"
    ]
}