{
    "domain": "app-us1.com",
    "owner": {
        "name": "ActiveCampaign, Inc.",
        "displayName": "ActiveCampaign"
    },
    "source": [
        "DuckDuckGo-NL"
    ],
    "prevalence": 0.00572,
    "sites": 57,
    "subdomains": [
        "diffuser-cdn",
        "prism"
    ],
    "cnames": [],
    "fingerprinting": 1,
    "resources": [
        {
            "rule": "app-us1\\.com\\/diffuser\\/diffuser\\.js",
            "cookies": 0.00482,
            "fingerprinting": 1,
            "subdomains": [
                "diffuser-cdn"
            ],
            "apis": {
                "Navigator.prototype.userAgent": 57,
                "Document.cookie getter": 55,
                "Date.prototype.getTime": 50,
                "Document.cookie setter": 48
            },
            "sites": 57,
            "prevalence": 0.00572,
            "cnames": [],
            "responseHashes": [
                "26db36707844fa367f47c47b4b614db27a608286fe71d9ff8c3012dbe71c5499"
            ],
            "type": "Script",
            "firstPartyCookies": {
                "prism_252653769": {
                    "ttl": 2592003,
                    "length": 36,
                    "prevalence": 0.00010035122930255896,
                    "uniqueness": 1
                },
                "prism_649424205": {
                    "ttl": 2592005,
                    "length": 36,
                    "prevalence": 0.00010035122930255896,
                    "uniqueness": 1
                },
                "prism_223792303": {
                    "ttl": 2592002,
                    "length": 36,
                    "prevalence": 0.00010035122930255896,
                    "uniqueness": 1
                },
                "prism_224677043": {
                    "ttl": 2592002,
                    "length": 36,
                    "prevalence": 0.00010035122930255896,
                    "uniqueness": 1
                },
                "prism_26108950": {
                    "ttl": 2592007,
                    "length": 36,
                    "prevalence": 0.00010035122930255896,
                    "uniqueness": 1
                },
                "prism_65988392": {
                    "ttl": 2592004,
                    "length": 36,
                    "prevalence": 0.00010035122930255896,
                    "uniqueness": 1
                },
                "prism_612288176": {
                    "ttl": 2592007,
                    "length": 36,
                    "prevalence": 0.00010035122930255896,
                    "uniqueness": 1
                },
                "prism_91174134": {
                    "ttl": 2592003,
                    "length": 36,
                    "prevalence": 0.00010035122930255896,
                    "uniqueness": 1
                },
                "prism_801331591": {
                    "ttl": 2592004,
                    "length": 36,
                    "prevalence": 0.00010035122930255896,
                    "uniqueness": 1
                },
                "prism_89628454": {
                    "ttl": 2592004,
                    "length": 36,
                    "prevalence": 0.00010035122930255896,
                    "uniqueness": 1
                },
                "prism_612676876": {
                    "ttl": 2592003,
                    "length": 36,
                    "prevalence": 0.00010035122930255896,
                    "uniqueness": 1
                },
                "prism_89784424": {
                    "ttl": 2592002,
                    "length": 36,
                    "prevalence": 0.00010035122930255896,
                    "uniqueness": 1
                },
                "prism_92060354": {
                    "ttl": 2592002,
                    "length": 36,
                    "prevalence": 0.00010035122930255896,
                    "uniqueness": 1
                },
                "prism_649196995": {
                    "ttl": 2592004,
                    "length": 36,
                    "prevalence": 0.00010035122930255896,
                    "uniqueness": 1
                },
                "prism_801499191": {
                    "ttl": 2592006,
                    "length": 36,
                    "prevalence": 0.00010035122930255896,
                    "uniqueness": 1
                },
                "prism_1002898828": {
                    "ttl": 2592004,
                    "length": 36,
                    "prevalence": 0.00010035122930255896,
                    "uniqueness": 1
                },
                "prism_254250109": {
                    "ttl": 2592004,
                    "length": 36,
                    "prevalence": 0.00010035122930255896,
                    "uniqueness": 1
                },
                "prism_223717623": {
                    "ttl": 2592003,
                    "length": 36,
                    "prevalence": 0.00010035122930255896,
                    "uniqueness": 1
                },
                "prism_91030534": {
                    "ttl": 2592004,
                    "length": 36,
                    "prevalence": 0.00010035122930255896,
                    "uniqueness": 1
                },
                "prism_651007545": {
                    "ttl": 2592005,
                    "length": 36,
                    "prevalence": 0.00010035122930255896,
                    "uniqueness": 1
                },
                "prism_91885954": {
                    "ttl": 2592002,
                    "length": 36,
                    "prevalence": 0.00010035122930255896,
                    "uniqueness": 1
                },
                "prism_650008455": {
                    "ttl": 2592002,
                    "length": 36,
                    "prevalence": 0.00010035122930255896,
                    "uniqueness": 1
                },
                "prism_1000113498": {
                    "ttl": 2592004,
                    "length": 36,
                    "prevalence": 0.00010035122930255896,
                    "uniqueness": 1
                },
                "prism_89316834": {
                    "ttl": 2592002,
                    "length": 36,
                    "prevalence": 0.00010035122930255896,
                    "uniqueness": 1
                },
                "prism_1002638368": {
                    "ttl": 2592003,
                    "length": 36,
                    "prevalence": 0.00010035122930255896,
                    "uniqueness": 1
                },
                "prism_225600763": {
                    "ttl": 2592002,
                    "length": 36,
                    "prevalence": 0.00010035122930255896,
                    "uniqueness": 1
                },
                "prism_610609516": {
                    "ttl": 2592003,
                    "length": 36,
                    "prevalence": 0.00010035122930255896,
                    "uniqueness": 1
                },
                "prism_610542156": {
                    "ttl": 2592004,
                    "length": 36,
                    "prevalence": 0.00010035122930255896,
                    "uniqueness": 1
                },
                "prism_27479010": {
                    "ttl": 2592012,
                    "length": 36,
                    "prevalence": 0.00010035122930255896,
                    "uniqueness": 1
                },
                "prism_650349385": {
                    "ttl": 2592010,
                    "length": 36,
                    "prevalence": 0.00010035122930255896,
                    "uniqueness": 1
                },
                "prism_1000435698": {
                    "ttl": 2592004,
                    "length": 36,
                    "prevalence": 0.00010035122930255896,
                    "uniqueness": 1
                },
                "prism_1000214268": {
                    "ttl": 2592004,
                    "length": 36,