{
    "domain": "cq0.co",
    "owner": {},
    "source": [
        "DuckDuckGo-NL"
    ],
    "prevalence": 0.0014,
    "sites": 14,
    "subdomains": [
        "doh"
    ],
    "cnames": [],
    "fingerprinting": 0,
    "resources": [
        {
            "rule": "cq0\\.co\\/resolve",
            "cookies": 0,
            "fingerprinting": 0,
            "subdomains": [
                "doh"
            ],
            "apis": {},
            "sites": 15,
            "prevalence": 0.00151,
            "cnames": [],
            "responseHashes": [
                "6a2dc2010eff421a1e9b8e98bd74553dc603de98d365417bf65335a4dd133dd7",
                "7072a2601d45b00c4073e6a484b45f0e30c0e976ad30b1a8c008b6c6c7e92bbd",
                "141f98a723aa5dc4c586c3a57f5a5ffbdaf46c756718e24469188b764982057c",
                "3d2b8fcf5bf43862b0486c528e827841d39ba1c22e59309fd123bec1497327ae",
                "fa093d977de9bffe1b2b5571e47272cc3ff88decac35ebac15be73bd84f4b3f5",
                "75a1cc6c902934eb8af00f646431c434e8d994c808b592f6a5b7af3ebd0bac7e",
                "a251b22d350d0f710bbca49f9a972b49b5e839dc1a662dc67289e14d77fddd07",
                "6c031b59c40e880b48a5b4a464848dc3f06c10782c87d8cb4cb553fb9a232a60",
                "e8816a3d8e67475396647bd7ebc90f075432ce10328f64b707da266253141d90",
                "ef283731160cbfe1fd9ee5f58f20943d100bdff456bf107dca585a1bbeba78f1",
                "cca9d093436b2c54ea95833634554650935ad3893294532d11b85d19c2bc70bf",
                "039e25ced8fb9cefe3ce98eea13a67f75f6afd738072653e32ecff64184192a4",
                "773d12c7b868a16ea78557268b2395c0d3b65b150faa3e470c58ed314e2314dc"
            ],
            "type": "Fetch",
            "firstPartyCookies": {},
            "firstPartyCookiesSent": {
                "AUDI_ENSIGHTEN_PRIVACY_TLD-www.audi.nl": 0.00010035122930255896,
                "MAYO_CLINIC_ENSIGHTEN_PRIVACY_TLD-www.mayoclinic.org": 0.00010035122930255896
            },
            "exampleSites": [
                "go.com",
                "abcnews.go.com",
                "moviesanywhere.com",
                "nl.norton.com",
                "projects.fivethirtyeight.com",
                "www.audi.nl",
                "www.britishairways.com",
                "www.delta.com",
                "www.espn.nl",
                "www.espn.com",
                "www.johnlewis.com",
                "www.latimes.com",
                "www.marvel.com",
                "www.mayoclinic.org",
                "www.nationalgeographic.com"
            ]
        }
    ],
    "categories": [],
    "performance": {},
    "cookies": 0,
    "topInitiators": [
        {
            "domain": "first party",
            "prevalence": 0.5238095238095238
        },
        {
            "domain": "espn.com",
            "prevalence": 0.3333333333333333
        },
        {
            "domain": "audi.com",
            "prevalence": 0.047619047619047616
        },
        {
            "domain": "californiatimes.com",
            "prevalence": 0.047619047619047616
        },
        {
            "domain": "ensighten.com",
            "prevalence": 0.047619047619047616
        }
    ],
    "types": {
        "Fetch": 15
    },
    "nameservers": [
        "ns-488.awsdns-61.com",
        "ns-1857.awsdns-40.co.uk",
        "ns-1240.awsdns-27.org",
        "ns-682.awsdns-21.net"
    ]
}