{
    "domain": "dpgmedia.nl",
    "owner": {
        "name": "Ringier AG",
        "displayName": "Ringier"
    },
    "source": [
        "DuckDuckGo-NL"
    ],
    "prevalence": 0.00371,
    "sites": 37,
    "subdomains": [
        "myprivacy",
        "pg"
    ],
    "cnames": [],
    "fingerprinting": 1,
    "resources": [
        {
            "rule": "dpgmedia\\.nl\\/consent",
            "cookies": 0.00321,
            "fingerprinting": 1,
            "subdomains": [
                "myprivacy"
            ],
            "apis": {
                "Date.prototype.getTime": 32
            },
            "sites": 32,
            "prevalence": 0.00321,
            "cnames": [],
            "responseHashes": [
                "55616649d449ef98daacc85ddbd94c85e0ea6edd0aad0295881f7c640fd11750",
                "d8006d66c7f8d0abf39dad698be436d102f1683ed6e2f66997f88cd411d6c10c",
                "a7d9fe8d4647aefcd3036b82bf091257fc2adb246ccfc1ca4307da3706f2c1cd",
                "bc2890317f6ad5586dd63da76898fd938fa722ce6f85cc48081a47728b90cd9a",
                "a79ce835a3b6b05df1028c37a7c90616c5585aaed0f9c3fe845175b448e6db04",
                "6f96a19e4784877beb61bac537e89b532edb4c4d826bb64a894ef0c562654da1",
                "7648eac612fd18f6b0aae1946613fa3ec03bab16ba5535d124a157adfe9b15ea",
                "1b3638d8120aec030718f621c72e2fb788920386f0e10d5d1137dbfecd29db0f",
                "3d8dc95f9368be2c1dab6defe23f843076c65484cac939fb4bfab69cc72e00d9",
                "89528cbe6be41c92cec0d8a64e9b372a126d9413b72933bf20803829c31d086e",
                "28942b9689e3e2ed18fdcdfdbb1388eda3216d2ee163736c0e76646d3d154b09",
                "acb1325fa29f5d30b77e2c26602c706e93721d1185385ccd3b967d6d0de2cbc8",
                "7cd8b1bdb3dfed314cd606cd0b708d0ec42442fe5b618885d0635a4e9745eaed",
                "11b1f0271bb09cd7998bc374fd032bb533dba3bf1a2ec922897d598d789554ac",
                "958b19baf4aa0d9867af4c836980bea85e0433fd0d6714191328e6c850c86b3f",
                "a40a3acefaa3e1e6faef5bfd869c1de61cf1263780c9441285d068209dd306db",
                "357808596b8145a4b503a8f06213a40e08f5ae2de403d768b364f11f43bfa236",
                "36fb92059676578f7479dc9710cd38a51b4a8ac315d6945d8845ca1f0ecf7e77",
                "b5bbcab846ecfaede75854ba95e26a0615ce78d51bb34ff05df89b31e10b55f7",
                "57967bb5fedbd485cc13657485724cd2a490a5333e46d1631c280cb935a58ff9",
                "d02232c1f57806ae94d1a3c3d03e84879a3efb01010f476f34827193e8ff6551",
                "8e8896463f2e2a3ef2b978c4bb7ef3041305ebfa9d2ce863583d276eaf84ea8d",
                "a0987323d1f183afd619173e201e8423c39f1225910a6dba69b5eba7bfec9994",
                "41b66d523583ea431d65751854f1ddfc8df2725d89d46789857066e235837985",
                "fc67bbc6698b5f838036aaaff4b0ca1461646d6cc77e1045af8374fe787a90b0",
                "b488d2c5dd8cfadd134638443e2d9d9e3f044526f6a70e8716d60fab361cdeaa",
                "064da317cdad80d3a8f6f0054183642c8727bf2f95ef58082216b97b7f170105",
                "ee53da20e2143921d6999a62e0e77d51fc5901eca0f8776a3cc06bc637181e02",
                "ffca0ec0267ed71d709b93ddeac2fcf35e4d73ade515147446a7bffb47257770",
                "fd627f887624206bbff42dba27361b3c0eb4d10d49260ec7d999558456a0cba7",
                "f2aaf98cf3ff9d6cddc79dca4990b9b77fb0d5ee72739299f67d75cdd5403e40"
            ],
            "type": "Document",
            "firstPartyCookies": {},
            "firstPartyCookiesSent": {},
            "exampleSites": [
                "www.oudersvannu.nl",
                "www.nationalevacaturebank.nl",
                "alarmeringen.nl",
                "www.deondernemer.nl",
                "www.destentor.nl",
                "www.reclamefolder.nl",
                "www.flair.nl",
                "www.autotrack.nl",
                "www.nu.nl",
                "mijnomgeving.volkskrant.nl",
                "www.margriet.nl",
                "bynco.com",
                "www.pzc.nl",
                "www.bndestem.nl",
                "www.bd.nl",
                "www.volkskrant.nl",
                "www.trouw.nl",
                "qmusic.nl",
                "www.intermediair.nl",
                "www.gaspedaal.nl"
            ]
        },
        {
            "rule": "dpgmedia\\.nl\\/api\\/consent",
            "cookies": 0.00351,
            "fingerprinting": 0,
            "subdomains": [
                "pg"
            ],
            "apis": {},
            "sites": 35,
            "prevalence": 0.00351,
            "cnames": [],
            "responseHashes": [
                "b03a9d36d192bdd06ed6d0ec9527dc30b4b927465b1d76c47b4e5f8a11fddea9",
                "3168841cb914d1eb529b543c1472c0965b25c0506c6cea094459c6db4673213a"
            ],
            "type": "Fetch",
            "firstPartyCookies": {},
            "firstPartyCookiesSent": {},
            "exampleSites": [
                "www.oudersvannu.nl",
                "www.autoweek.nl",
                "alarmeringen.nl",
                "www.bd.nl",
                "www.totaaltv.nl",
                "www.flair.nl",
                "www.trouw.nl",
                "www.reclamefolder.nl",
                "www.ed.nl",
                "www.deondernemer.nl",
                "www.volkskrant.nl",
                "www.gelderlander.nl",
                "www.bndestem.nl",
                "www.vtwonen.nl",
                "www.nationalevacaturebank.nl",
                "joe.nl",
                "www.libelle.nl",
                "www.autotrack.nl",
                "www.story.nl",
                "qmusic.nl"
            ]
        },
        {
            "rule": "dpgmedia\\.nl\\/consent\\/",
            "cookies": 0.000301,
            "fingerprinting": 1,
            "subdomains": [
                "myprivacy"
            ],
            "apis": {
                "Date.prototype.getTime": 3
            },
            "sites": 3,
            "prevalence": 0.000301,
            "cnames": [],
            "responseHashes": [
                "2dbeb57f12d0c9fa6f7ac547602a0a62681d486aeca2352e48a6e854a5041f7b",
                "34e4392c34630a83eeb17d74bca75f884f0483aad39c4ea5f69c741357cc2ac3"
            ],
            "type": "Document",
            "firstPartyCookies": {},
            "firstPartyCookiesSent": {},
            "exampleSites": [
                "indebuurt.nl",
                "www.indebuurt.nl",
                "www.totaaltv.nl"
            ]
        },
        {
            "rule": "dpgmedia\\.nl\\/network-id",
            "cookies": 0.000201,
            "fingerprinting": 0,
            "subdomains": [
                "myprivacy"
            ],
            "apis": {},
            "sites": 2,
            "prevalence": 0.000201,
            "cnames": [],
            "responseHashes": [],
            "type": "Document",
            "firstPartyCookies": {},
            "firstPartyCookiesSent": {},
            "exampleSites": [
                "independer.nl",
                "www.independer.nl"
            ]
        }
    ],
    "categories": [],
    "performance": {},
    "cookies": 0.00371,
    "topInitiators": [
        {
            "domain": "dpgmedia.net",
            "prevalence": 0.9459459459459459
        },
        {
            "domain": "first party",
            "prevalence": 0.05405405405405406
        }
    ],
    "types": {
        "Document": 37,
        "Fetch": 35
    },
    "nameservers": [
        "ns1-125.akam.net",
        "use5.akam.net",
        "ns1-25.akam.net",
        "usc2.akam.net",
        "eur2.akam.net",
        "use2.akam.net",
        "eur5.akam.net",
        "eur6.akam.net"
    ]
}