{
    "domain": "enormail.eu",
    "owner": {},
    "source": [
        "DuckDuckGo-NL"
    ],
    "prevalence": 0.000702,
    "sites": 7,
    "subdomains": [
        "embed"
    ],
    "cnames": [],
    "fingerprinting": 1,
    "resources": [
        {
            "rule": "enormail\\.eu\\/assets\\/js\\/v2\\/webform-api\\.js",
            "cookies": 0.000602,
            "fingerprinting": 1,
            "subdomains": [
                "embed"
            ],
            "apis": {
                "Navigator.prototype.userAgent": 6,
                "Document.cookie getter": 6,
                "Document.cookie setter": 6
            },
            "sites": 6,
            "prevalence": 0.000602,
            "cnames": [],
            "responseHashes": [
                "38004216135ea6dbf698061d58fe147a990d56f6ad3e7f0dd326b3b5639defc6"
            ],
            "type": "Script",
            "firstPartyCookies": {
                "ENRML_d0ac859965a3cb6542cc1254e986745e": {
                    "ttl": 31536003,
                    "length": 74,
                    "prevalence": 0.00010035122930255896,
                    "uniqueness": 1
                },
                "ENRML_4a597eed24e17782834dfeb163363b1d": {
                    "ttl": 31536003,
                    "length": 74,
                    "prevalence": 0.00010035122930255896,
                    "uniqueness": 1
                },
                "ENRML_d82378e6a194058ca091700b4d93b4cd": {
                    "ttl": 31536002,
                    "length": 74,
                    "prevalence": 0.00010035122930255896,
                    "uniqueness": 1
                },
                "ENRML_8e7c7d77ce6f2acebb861df311203614": {
                    "ttl": 31536003,
                    "length": 74,
                    "prevalence": 0.00010035122930255896,
                    "uniqueness": 1
                },
                "ENRML_a67f51398ccdc31bacae93e2ffcb338a": {
                    "ttl": 31536006,
                    "length": 74,
                    "prevalence": 0.00010035122930255896,
                    "uniqueness": 1
                },
                "ENRML_e07c8b63d5705e32e12638657975eb5f": {
                    "ttl": 31536004,
                    "length": 49,
                    "prevalence": 0.00010035122930255896,
                    "uniqueness": 1
                },
                "ENRML_d9e1fa9d4a3f3fa67b497e9009b322b4": {
                    "ttl": 31536002,
                    "length": 75,
                    "prevalence": 0.00010035122930255896,
                    "uniqueness": 1
                },
                "ENRML_8bcd45fae7cb09d3e67557fda8ab53d0": {
                    "ttl": 31536002,
                    "length": 75,
                    "prevalence": 0.00010035122930255896,
                    "uniqueness": 1
                }
            },
            "firstPartyCookiesSent": {},
            "exampleSites": [
                "nugevonden.nl",
                "www.beaks.nl",
                "www.fijnuit.nl",
                "www.martinvrijland.nl",
                "www.onderneming.nl",
                "zelfboekhouden.com"
            ]
        },
        {
            "rule": "enormail\\.eu\\/assets\\/css\\/v2\\/embed\\.css",
            "cookies": 0,
            "fingerprinting": 0,
            "subdomains": [
                "embed"
            ],
            "apis": {},
            "sites": 6,
            "prevalence": 0.000602,
            "cnames": [],
            "responseHashes": [
                "b069895ec655ccfcf19a659e27c343ffe48e202e0fad35b82751cddbab87074a"
            ],
            "type": "Stylesheet",
            "firstPartyCookies": {},
            "firstPartyCookiesSent": {},
            "exampleSites": [
                "nugevonden.nl",
                "www.beaks.nl",
                "www.fijnuit.nl",
                "www.martinvrijland.nl",
                "www.onderneming.nl",
                "zelfboekhouden.com"
            ]
        },
        {
            "rule": "enormail\\.eu\\/js\\/e07c8b63d5705e32e12638657975eb5f\\.js",
            "cookies": 0,
            "fingerprinting": 0,
            "subdomains": [
                "embed"
            ],
            "apis": {},
            "sites": 2,
            "prevalence": 0.000201,
            "cnames": [],
            "responseHashes": [
                "8e1a6f0fe41372017b92f45d6f840164e83abd18aad219d01ced0ea7338eef9d"
            ],
            "type": "Script",
            "firstPartyCookies": {},
            "firstPartyCookiesSent": {},
            "exampleSites": [
                "onderneming.nl",
                "www.onderneming.nl"
            ]
        }
    ],
    "categories": [],
    "performance": {},
    "cookies": 0.000602,
    "topInitiators": [
        {
            "domain": "first party",
            "prevalence": 0.55
        },
        {
            "domain": "ajax.googleapis.com",
            "prevalence": 0.4
        },
        {
            "domain": "cookiebot.com",
            "prevalence": 0.05
        }
    ],
    "types": {
        "Script": 8,
        "Stylesheet": 6
    },
    "nameservers": [
        "ns1.savvii.nl",
        "ns3.savvii.com",
        "ns2.savvii.eu"
    ]
}