{
    "domain": "futurehybrid.tech",
    "owner": {},
    "source": [
        "DuckDuckGo-NL"
    ],
    "prevalence": 0.00321,
    "sites": 32,
    "subdomains": [
        "sommelier"
    ],
    "cnames": [],
    "fingerprinting": 0,
    "resources": [
        {
            "rule": "futurehybrid\\.tech\\/config\\/",
            "cookies": 0,
            "fingerprinting": 0,
            "subdomains": [
                "sommelier"
            ],
            "apis": {},
            "sites": 32,
            "prevalence": 0.00321,
            "cnames": [],
            "responseHashes": [
                "07bb8e1f52f8b48172a63e847b6391723b243694b3951ff72c98ac23172a73db",
                "8a0f79b46a2f61b3d39b0b095325c1bea480dac3d1435e36fea97dfe25487893",
                "42ef81f1238a753cfc6335a25e5cc1198c918f833b5ecebbbcd0aa63b81ecc96",
                "bbddecb2f738751ea1828f32ea7231a0bc993f98c06ea6b505a697bad403aad6",
                "5b24f0ed25b2410d6ddb1386f95877dbb05db3b4840718ca11eea82fb276df40",
                "0feaa2ef4479c397df3f182b48143d18e273fd2c4c35448b018c09388feb10da",
                "1a7c72f3e431b0bceb88b967aef0ac14fd7bf43d4f8434066e971b43cab5cf33",
                "c128374a5339b9421edf93f1684a43b7f8011fee29b2e63e87cbd5bf15063912",
                "9a6a2a1bd3f0e7ae21082d6094ddcea90ed04248b9af03bddd8f9fda7f63f1dc",
                "27085172478f7e6179ef0c90dd06fdb8e4a3d3609d37b2c48c538e31d22ef95b",
                "0754cd6f67b500a660884a8e113899dafbdda5910d98c3ed7f71d84cecb0cd90",
                "37f17bf06eea2f42855098ce80c5ae7f1eb587c1377fd789880dfb060e288aa4",
                "1c94bd5419202461f55fcaccd537860bbb5e9093de0cf6b1748f817e7c034583",
                "7bb79be0e6bec60d2d27327f249a0fe2186d158630c8ac91a38dec067d434d29",
                "d0d2786a348b15adfa5ccb577de009d1a4d96ea307e3112a9dbc5386fa5aa08f",
                "8a785fd8a0a8fb6a16514d6690a974e38f48ac5a0fbdeff21bb44c0a8da90cdd",
                "dd546c4eaf84092b136bb0bb9fd2da32e598bcb641f2c6c6deca31269bdeae38",
                "7e85056180c8001866929740fe47327f12b5383c34497431d3f2402e8b88fdfd",
                "3e97eae0455d083d7b01869d05e2c4c706fb1dcfb905a08f4ce831a4e2389155",
                "c82b20e4cef1ed8b975023bff605dd52ae73460f75d1b0e3b1d64e3b67da0a9f",
                "ac47f6c85ae99c358158b4b9a980ec38a3df63008a2298cb8a14b559c6ee6880",
                "54e44f2d1d7d4f4c50311e83c4caa501dab139054b4c00317e70ac7037747855",
                "7135e33ecea8a3ebebdcbfb9cb0bed7716e404728d3e920a6879962d2895239a",
                "21da242a999344bfdaffa51c61a67d0f60923da71032dbe95ef392a8b6597c44",
                "773e545aebac7c67b913c8b93791190685ee15f0acce5d4d6d99d9abe6524f72",
                "50309103f13db31e298762acdf1530db1bbb00952be12e1b112ac9aa56884a12",
                "83522a33c87e07f7d1d4e6f09bfc3c06ad3b51bf7ca775313d04282d7dfd235f",
                "7c6614381eaa6b8f8f146f7ed03b2fb71392ff088ed21f2abd33b208178ef51b",
                "390d41f2e22da65b678dbb456dcb5e070d57de726b1ad86fa1bac5fde24a7818",
                "6d80725901ad9885b39002e8c04ff856498efb6e12b951f291c765530d8b624b"
            ],
            "type": "Fetch",
            "firstPartyCookies": {},
            "firstPartyCookiesSent": {
                "NV%5FGAPREVIOUSPAGENAME": 0.00010035122930255896,
                "_li_dcdm_c": 0.00010035122930255896
            },
            "exampleSites": [
                "tomsguide.com",
                "www.newegg.com",
                "www.techradar.com",
                "www.tomsguide.com",
                "www.tomshardware.com",
                "forums.whathifi.com",
                "www.cyclingweekly.com",
                "www.loudersound.com",
                "www.pcgamer.com",
                "forums.tomshardware.com",
                "global.techradar.com",
                "www.creativebloq.com",
                "www.musicradar.com",
                "www.cyclingnews.com",
                "www.whowhatwear.com",
                "www.livescience.com",
                "www.windowscentral.com",
                "www.imore.com",
                "www.t3.com",
                "www.space.com"
            ]
        }
    ],
    "categories": [],
    "performance": {},
    "cookies": 0,
    "topInitiators": [
        {
            "domain": "futurecdn.net",
            "prevalence": 1
        }
    ],
    "types": {
        "Fetch": 32
    },
    "nameservers": [
        "ns-55.awsdns-06.com",
        "ns-786.awsdns-34.net",
        "ns-1419.awsdns-49.org",
        "ns-1705.awsdns-21.co.uk"
    ]
}