{
    "domain": "getsitectrl.com",
    "owner": {},
    "source": [
        "DuckDuckGo-NL"
    ],
    "prevalence": 0.00221,
    "sites": 22,
    "subdomains": [
        "events"
    ],
    "cnames": [],
    "fingerprinting": 0,
    "resources": [
        {
            "rule": "getsitectrl\\.com\\/api\\/v1\\/events",
            "cookies": 0,
            "fingerprinting": 0,
            "subdomains": [
                "events"
            ],
            "apis": {},
            "sites": 22,
            "prevalence": 0.00221,
            "cnames": [],
            "responseHashes": [
                "91a4095f6166fed3eb498111b09cd67e6a9ad3e09ad4c084ed1881d24d063c25",
                "582a2b986eddd2e91dfaef6a7793bd9807894b7e9df3992196a8068ca2da5a2b",
                "e2a664d185e8fd7bd52afca3fe0c8b4055c353dfd7aa24c37d69b0f599b977c5",
                "25caf579cb05715e1932ed912fb8d37104ae88435eff0dbf76b3e646d39453bc",
                "647e093fbe9ed5380de26bebb716d5664075b158d26cbe8bf589b6d781e2eb26",
                "709aede8c02fb14845c74a0eb3b70b74603a50b1eb24e82aa154e98cf979b343",
                "8a7c68713a6697b3b70e1469d8d1bc8c935c91551a36ea3f61bb4e2e3186411a",
                "83d4e3c9ea24dbb478f8e9a8920de973e0d557a9e95ccea164e7b739c83b6942",
                "a6f67a34ddf0f6ab097f48755e9750dadb9e3b5c2baae17b6963048623d99133",
                "dd4d5a38f627af265438c9df7556c9d07dcf9f7649b5fd90b7b075e87158ce38",
                "ef03fb20b00ec122ed2a3405df87c85fe1edfca7f4e2efae21540f1203921d1c",
                "f27beef4cc67070bb245c231e6f35841eb4dbf3f74311e73547338a5fae658fe",
                "3af788b478a074ebe73964483bde866680396a181de2b40711a49ef925affd25",
                "89017094b799ce677dda44317424949272f3b7693af8bd42db697ec641887450",
                "b347647fd3ac499ae4b8d29846b2ee3a549dbcb25b7eb3c3761686b895d26d67",
                "1e89ff4f5868ff0cdbd0a967886e6bf65ff33d3eb061d8e14b3557241ccdba1b",
                "364deae408a7eb4018b005e15f0ff5e069209db633a575542ce14d9ecf802d2a",
                "8b4ca2647acc953d16f7cfd6700db2d714ce2108bcedef63220c77e6a2b3f54d",
                "897d415c6d483bbcde00ed491cd740d614640b8c7f61c1d7316c002059c24674",
                "825d965e1d75d0390174ab540702fcd12092286a0ed41715675ec84435454b65",
                "d26264c89e95c8adb176dd617272b542909eff461f5fe0f4a4b19a3f27867d38"
            ],
            "type": "Fetch",
            "firstPartyCookies": {},
            "firstPartyCookiesSent": {},
            "exampleSites": [
                "www.culy.nl",
                "www.bolster.nl",
                "www.vandale.nl",
                "www.jmouders.nl",
                "degezondheidswinkel.be",
                "www.leidschdagblad.nl",
                "www.noordhollandsdagblad.nl",
                "www.hotelspecials.nl",
                "www.campercontact.com",
                "library.fiveable.me",
                "www.gooieneemlander.nl",
                "www.bedrock.nl",
                "www.renewi.com",
                "www.tomzorg.nl",
                "www.hofweb.nl",
                "www.anwalt.de",
                "www.noordhoff.nl",
                "www.parcelparcel.com",
                "www.autovisie.nl",
                "www.haarlemsdagblad.nl"
            ]
        },
        {
            "rule": "getsitectrl\\.com\\/api\\/v1\\/events",
            "cookies": 0,
            "fingerprinting": 0,
            "subdomains": [
                "events"
            ],
            "apis": {},
            "sites": 3,
            "prevalence": 0.000301,
            "cnames": [],
            "responseHashes": [
                "e3b0c44298fc1c149afbf4c8996fb92427ae41e4649b934ca495991b7852b855"
            ],
            "type": "Ping",
            "firstPartyCookies": {},
            "firstPartyCookiesSent": {},
            "exampleSites": [
                "anwalt.de",
                "www.autovisie.nl",
                "www.parcelparcel.com"
            ]
        }
    ],
    "categories": [],
    "performance": {},
    "cookies": 0,
    "topInitiators": [
        {
            "domain": "getsitecontrol.com",
            "prevalence": 0.8
        },
        {
            "domain": "first party",
            "prevalence": 0.16
        },
        {
            "domain": "prismic.io",
            "prevalence": 0.04
        }
    ],
    "types": {
        "Fetch": 22,
        "Ping": 3
    },
    "nameservers": [
        "ns-1342.awsdns-39.org",
        "ns-1552.awsdns-02.co.uk",
        "ns-420.awsdns-52.com",
        "ns-853.awsdns-42.net"
    ]
}