{
    "domain": "massariuscdn.com",
    "owner": {},
    "source": [
        "DuckDuckGo-NL"
    ],
    "prevalence": 0.00281,
    "sites": 28,
    "subdomains": [],
    "cnames": [],
    "fingerprinting": 2,
    "resources": [
        {
            "rule": "massariuscdn\\.com\\/public\\/ms_data_storage\\.html",
            "cookies": 0.00211,
            "fingerprinting": 1,
            "subdomains": [],
            "apis": {
                "Document.cookie getter": 21,
                "Document.cookie setter": 21
            },
            "sites": 27,
            "prevalence": 0.00271,
            "cnames": [],
            "responseHashes": [
                "b050972c128ee31b034ed6eaee09ac2cdf1662ce8e6e29150c4e7ffe87786ee1",
                "136078aab1a10fce883dc608063b35db212f5a381ed01382195832aa05dc01fe",
                "ece262a8baff9bc3333620e33b03958e1850d888d4479c19b40b74507a7ea606",
                "3579e01816cd5a6a02c56e0565453434f607c99a088ebd0e237477a8839b4f75",
                "89bd3ef0f077e284fbac4f3decdae4722578ad6b11a92a038685a59afd243d91",
                "6cfb70e54848864d5ab57b3e8c42f288001acebd1377203004bec3a54a1b0f9b",
                "98313e9884587b039569b940d9597e3435b2df365e1dc89eabc00c44617ede14",
                "cfa5a5d680f1d861842f8e8ba36561d8e875600f17630fabc7abd25f6c258639",
                "b23efc80f4d86a75135de75847f886b21215b3ba483b0459ced356734f039844",
                "8e7286ecdac61d2ac5a50f09440d10b3143ecd62a3d0aab2171ce3f710769296",
                "8fb072a382b37ed7f9ec111be90a33df16a6e27d5342f7fbdfb4bbf5238a2622",
                "cca3a8ce348036b88ea933e292d69d21fc65dd4a85bae6108edcf1da1877529d",
                "ae9419850a8dd667b170bb2de867971436cb7ca3f37dc4091a8fc1e29de2d03a",
                "4e5b060e0c9efe49a84b4b47608e33a16e016356d9d4bf6e1be6d73eae8682a7",
                "f3cfebeb8e88aa14c98a1a3a69dec4b83955f18c19c3c7027cfcdaa465e5f889",
                "6518c714bc5efd49ff1a5de21135bf473f83a02c32e38cfee95759bac88d2dcc",
                "ecc38302c4f9bceae103acdade3aa72f03e41fa5deed4add6f6ff788e5735748",
                "97a52e6fe29ee829b4a7e6478ab944f7592cfb8c2140a701d01a230fb6b62573",
                "b1b01682df7d2deeb6ab20b9269995c804c529aa0547a8ccacfc7d182ece588d",
                "c7282c0972b57e5722faff1e6374429d9bda64f622a2c98c401de6f93b1eb29f",
                "e07cfbf7162270ae760cb1a301e4cba7faa347a112c86c992d9432e145fcb827",
                "e21fc790ad9dd7083f1599639fa1143da9532c57d8edd9eef0d11c2e64c7e07c",
                "1146cde3710616454384dd3790c013c5731363459a4d542dee6f894820b71cfc",
                "b201f459310d0b4b7a5651301e260ed1808b2b2cfcd4851208b988f15a7fafc3",
                "1401f8d0edb9d1ed25fbfac0ac795d62732d102200ae60f34a287490ce9a65da"
            ],
            "type": "Document",
            "firstPartyCookies": {},
            "firstPartyCookiesSent": {},
            "exampleSites": [
                "www.voedingswaardetabel.nl",
                "www.puzzelsite.nl",
                "www.ajaxshowtime.com",
                "1908.nl",
                "www.nederland.fm",
                "www.biernet.nl",
                "www.f1maximaal.nl",
                "rubriek.nl",
                "www.songteksten.nl",
                "www.pokemonkaart.nl",
                "www.zeelandnet.nl",
                "omaweetraad.nl",
                "www.deaandeelhouder.nl",
                "www.at5.nl",
                "festivalfans.nl",
                "www.welingelichtekringen.nl",
                "www.racexpress.nl",
                "www.hvzeeland.nl",
                "www.andc.tv",
                "www.duic.nl"
            ]
        },
        {
            "rule": "massariuscdn\\.com\\/prod\\/general-rollup\\.css",
            "cookies": 0,
            "fingerprinting": 0,
            "subdomains": [],
            "apis": {},
            "sites": 27,
            "prevalence": 0.00271,
            "cnames": [],
            "responseHashes": [
                "f8e7b99fb21fc2ec34f207844820d76eba84eb4c7769e917af41ed4ae7eacda2"
            ],
            "type": "Stylesheet",
            "firstPartyCookies": {},
            "firstPartyCookiesSent": {},
            "exampleSites": [
                "www.hvzeeland.nl",
                "www.nederland.fm",
                "rubriek.nl",
                "oor.nl",
                "1908.nl",
                "www.f1maximaal.nl",
                "www.radio.nl",
                "www.puzzelsite.nl",
                "www.deaandeelhouder.nl",
                "www.welingelichtekringen.nl",
                "nieuws.nl",
                "www.songteksten.nl",
                "www.pokemonkaart.nl",
                "www.dutchnews.nl",
                "www.racexpress.nl",
                "www.voedingswaardetabel.nl",
                "www.biernet.nl",
                "www.andc.tv",
                "www.zeelandnet.nl",
                "www.at5.nl"
            ]
        },
        {
            "rule": "massariuscdn\\.com\\/prod\\/ms_nl_prebid\\.js",
            "cookies": 0.00231,
            "fingerprinting": 2,
            "subdomains": [],
            "apis": {
                "NavigatorUAData.prototype.brands": 27,
                "NavigatorUAData.prototype.platform": 27,
                "window.sessionStorage": 27,
                "Date.prototype.getTime": 27,
                "Navigator.prototype.userAgent": 27,
                "window.localStorage": 23,
                "Navigator.prototype.cookieEnabled": 23,
                "Document.cookie getter": 23,
                "Document.cookie setter": 23,
                "Screen.prototype.width": 1,
                "Screen.prototype.height": 1,
                "window.innerWidth": 1,
                "window.innerHeight": 1,
                "Navigator.prototype.doNotTrack": 1,
                "Navigator.prototype.language": 1,
                "Navigator.prototype.webdriver": 1
            },
            "sites": 27,
            "prevalence": 0.00271,
            "cnames": [],
            "responseHashes": [
                "07930c75e74e7654d0217bcdb51864614af2a75f791f8780d36ac25e2120d660"
            ],
            "type": "Script",
            "firstPartyCookies": {
                "_sharedid": {
                    "ttl": 31536002,
                    "length": 36,
                    "prevalence": 0.002308078273958856,
                    "uniqueness": 1
                },
                "_sharedid_cst": {
                    "ttl": 31536002,
                    "length": 16,
                    "prevalence": 0.002308078273958856,
                    "uniqueness": 0.13043478260869565
                },
                "unifiedid": {
                    "ttl": 5184003,
                    "length": 93,
                    "prevalence": 0.002207727044656297,
                    "uniqueness": 1
                },
                "unifiedid_cst": {
                    "ttl": 5184003,
                    "length": 16,
                    "prevalence": 0.002207727044656297,
                    "uniqueness": 0.09090909090909091
                },
                "panoramaId_expiry": {
                    "ttl": 86412,
                    "length": 13,
                    "prevalence": 0.00010035122930255896,
                    "uniqueness": 1
                }
            },
            "firstPartyCookiesSent": {},