{
    "domain": "mrf.io",
    "owner": {
        "name": "Marfeel Solutions, S.L.",
        "displayName": "Marfeel"
    },
    "source": [
        "DuckDuckGo-NL"
    ],
    "prevalence": 0.00361,
    "sites": 36,
    "subdomains": [
        "sdk",
        "marfeelexperimentsexperienceengine",
        "flowcards"
    ],
    "cnames": [],
    "fingerprinting": 1,
    "resources": [
        {
            "rule": "mrf\\.io\\/statics\\/marfeel-sdk\\.js",
            "cookies": 0.00351,
            "fingerprinting": 1,
            "subdomains": [
                "sdk"
            ],
            "apis": {
                "window.localStorage": 35,
                "Navigator.prototype.userAgent": 35,
                "window.sessionStorage": 35,
                "Date.prototype.getTime": 35,
                "Document.cookie setter": 35,
                "Document.cookie getter": 35
            },
            "sites": 36,
            "prevalence": 0.00361,
            "cnames": [],
            "responseHashes": [
                "8dc231b65510f6790491839c591fbe3174666aadfe0ebdfaebeab994c497a0d5",
                "6cc6d455055ee9f863607db7a049ff0180c25729c4b08e1183e075aee0b95f1c",
                "f37009d7d81fd25952f823ba83c292b14cc1b824ad81e7253c0fcf6ed0303aa2",
                "c6ea83f68f180a5a4b2485c406cb98a5ed0ed99e352be0ef74f1d9ce2935b532",
                "8db86ba2aadd235ec6e18beedb3610096d9927fae7e67b020ad0715776c53e7c",
                "9d3ca3914880afd5e3bac3c63e31b2ded2a2ff5fe7f88d06fb8ee546330b9960",
                "e6a0ec09580f395a7a6556063c3970f5e9e89ca3b35788705e2310b6479d5dbc",
                "031c66d07b0a2f2a9e082f1d9d1e691174dc49fcefc9c4388a112275120dee38",
                "fdb60020b4a3e45a1d66b2e56bc8b1128df4fba32593dc9d98fd2caab22739c8",
                "a182bf90ba74eb4fd5ec6bb7f7d9b080353232663de86ee517a8fd2cec9081d2",
                "1a227dac2057e8310e7138ba880f3f2cbfa7a76f6163e8a2acba3d3d78a02451",
                "431b0a06f4c45a9586dfdf3a8e9e387a615266bbc20ea07db75b167111100011",
                "39367d67cfaa10521d0ae64bc6840a574569c0e7cd1fa3877018e2c86869e800",
                "732c5fd8aaa5accec3e15b0a053c976c55d2515c8bce951cfa03a174aa2fff39",
                "abbf79d6c84802a93af28dade64767886a87b46be926cfeb73f281650f77d75e",
                "ed2ac84b3161d761a12bd0d443cf64171d53fb69359924b09d29e7a7403b92d9",
                "b0f1913206d65dc40bc760a5676d4831866f407c1e9c9b837b980bb302ef0644",
                "6b19530ed42447d435cc40aad99ab7fa9304f396d2b8927fcce6c1dad9e30e9e",
                "4bb19d4d6dfac68fe6ebf1c83a66e9cb5ff51f689dd62449ec547b2d3d28df7d",
                "bc49172de06a68d7915bb7c26915a17c78e8fb2e862bfa445610ad31171ce98a"
            ],
            "type": "Script",
            "firstPartyCookies": {
                "___nrbic": {
                    "ttl": 15634803,
                    "length": 358,
                    "prevalence": 0.0017059708981435023,
                    "uniqueness": 1
                },
                "___nrbi": {
                    "ttl": 15634803,
                    "length": 205,
                    "prevalence": 0.0017059708981435023,
                    "uniqueness": 1
                },
                "compass_uid": {
                    "ttl": 15634803,
                    "length": 36,
                    "prevalence": 0.0017059708981435023,
                    "uniqueness": 1
                }
            },
            "firstPartyCookiesSent": {},
            "exampleSites": [
                "elpais.com",
                "gizmodo.com",
                "heavy.com",
                "knowyourmeme.com",
                "www.dailydot.com",
                "www.cfr.org",
                "www.marca.com",
                "www.out.com",
                "www.slashfilm.com",
                "www.rtve.es",
                "www.advocate.com",
                "www.abc.es",
                "www.looper.com",
                "www.infobae.com",
                "www.grunge.com",
                "www.gamepressure.com",
                "www.lefigaro.fr",
                "www.lesnumeriques.com",
                "www.xataka.com",
                "verkenjegeest.com"
            ]
        },
        {
            "rule": "mrf\\.io\\/experimentsexperience\\/render",
            "cookies": 0,
            "fingerprinting": 1,
            "subdomains": [
                "marfeelexperimentsexperienceengine"
            ],
            "apis": {
                "window.localStorage": 1
            },
            "sites": 9,
            "prevalence": 0.000903,
            "cnames": [],
            "responseHashes": [
                "0f8d6ca57f8a3a474d985e259006a7fa5c73e7b1f91d42d87c6634154948d226",
                "e3b0c44298fc1c149afbf4c8996fb92427ae41e4649b934ca495991b7852b855",
                "c9a25f2973852e172d764151f4fe8bda4169abf2f5f8423ed5db770987ec2500"
            ],
            "type": "Script",
            "firstPartyCookies": {},
            "firstPartyCookiesSent": {},
            "exampleSites": [
                "elpais.com",
                "www.abc.es",
                "www.cfr.org",
                "www.elmundo.es",
                "www.hellomagazine.com",
                "www.infobae.com",
                "www.lefigaro.fr",
                "www.marca.com",
                "www.xataka.com"
            ]
        },
        {
            "rule": "mrf\\.io\\/statics\\/compass-multimedia-sdk\\.js",
            "cookies": 0,
            "fingerprinting": 0,
            "subdomains": [
                "sdk"
            ],
            "apis": {},
            "sites": 7,
            "prevalence": 0.000702,
            "cnames": [],
            "responseHashes": [
                "e6e49b875b3f6c994dd1566b98cf9e01ad1d1e61565e34ebeae5be6c81a0d563"
            ],
            "type": "Script",
            "firstPartyCookies": {},
            "firstPartyCookiesSent": {},
            "exampleSites": [
                "01net.com",
                "www.abc.es",
                "www.cfr.org",
                "www.elmundo.es",
                "www.infobae.com",
                "www.lefigaro.fr",
                "www.marca.com"
            ]
        },
        {
            "rule": "mrf\\.io\\/statics\\/fa5427063feb772d9fe8\\.js",
            "cookies": 0,
            "fingerprinting": 1,
            "subdomains": [
                "sdk"
            ],
            "apis": {
                "Navigator.prototype.userAgent": 6
            },
            "sites": 6,
            "prevalence": 0.000602,
            "cnames": [],
            "responseHashes": [
                "95c391cdda65f98d6b87382171e5b07e6159745694afd219baaf75299b8196da"
            ],
            "type": "Script",
            "firstPartyCookies": {},
            "firstPartyCookiesSent": {},
            "exampleSites": [
                "abc.es",
                "www.cfr.org",
                "www.elmundo.es",
                "www.infobae.com",
                "www.lefigaro.fr",
                "www.marca.com"
            ]
        },
        {
            "rule": "mrf\\.io\\/json\\/experiences",
            "cookies": 0,
            "fingerprinting": 0,
            "subdomains": [
                "flowcards"
            ],
            "apis": {},
            "sites": 5,
            "prevalence": 0.000502,
            "cnames": [],
            "responseHashes": [
                "7d0058e99d1e6f0793fa8ad13d60b012755c18df6337ebcb90172d57f6e3e7ec",
                "4771b6e6d80480ff9d9ca116255b55e6a618fe445961840333b32a1315255e50",
                "8645b86548aee74c7579c3e915334f12a0293624028dc96a52a93679c8e99d03",
                "c3aceb275a0eb6be17f1fa5a926c8bd4d544d87371a4ea066b733b61e0308d01"
            ],
            "type": "Fetch",
            "firstPartyCookies": {},
            "firstPartyCookiesSent": {
                "compass_uid": 0.00030105368790767686
            },