{
    "domain": "opti-digital.com",
    "owner": {
        "name": "Opti Digital",
        "displayName": "Opti Digital"
    },
    "source": [
        "DuckDuckGo-NL"
    ],
    "prevalence": 0.00151,
    "sites": 15,
    "subdomains": [
        "optiyield",
        "scripts",
        "optiyield-data"
    ],
    "cnames": [],
    "fingerprinting": 1,
    "resources": [
        {
            "rule": "opti-digital\\.com\\/pfc\\/",
            "cookies": 0,
            "fingerprinting": 1,
            "subdomains": [
                "optiyield",
                "scripts"
            ],
            "apis": {
                "Navigator.prototype.userAgent": 6
            },
            "sites": 7,
            "prevalence": 0.000702,
            "cnames": [],
            "responseHashes": [
                "d1163abc849236457dc3c215204a5860b31477873f781a71f3a4353d23af6fa1",
                "f5378602d1506500896977c9eb2639b192110f6699ab8fc301a408560d64de1d",
                "2b7d8954416b0f6f67941feb16db1c1284696462ea2c79bd285dc2e26b0fb6bf",
                "5daec74b0b960788bfb4ba42e7f5d0e83c584438186a821d1d75ca46707aa142",
                "dc5917c3fda25ba82aebdddee6c09f0b81155c13a51bbe771068865f46b53d2c"
            ],
            "type": "Script",
            "firstPartyCookies": {},
            "firstPartyCookiesSent": {},
            "exampleSites": [
                "dotesports.com",
                "www.avsforum.com",
                "www.betaseries.com",
                "www.destructoid.com",
                "www.escapistmagazine.com",
                "www.programme-tv.net",
                "www.sporcle.com"
            ]
        },
        {
            "rule": "opti-digital\\.com\\/pfc\\/web\\/config",
            "cookies": 0,
            "fingerprinting": 0,
            "subdomains": [
                "optiyield",
                "optiyield-data"
            ],
            "apis": {},
            "sites": 13,
            "prevalence": 0.0013,
            "cnames": [],
            "responseHashes": [
                "5d606436470db0bdd8b6cf31db4ed9ddc3e0f10c46b1d80130be2069d3d3d9a9",
                "12d0deedb5f5c7ed515f2e47e7872c9e957146806fa627f7270b76e73d41a68c",
                "2fca4398566ab42a891c02d25db5f5210920e1de714152710b1fbd66f916dc9e",
                "390906083c33440c8a7e15b604da4bc8553d4ce632691c1097744e6282b24a7b",
                "af409cac4e97f06ae72977d35cd1f2c12f22b015b8f72ccd5932cb025e1d8f31",
                "82ed398195913054b0147bc9183700323a7fbd11b20a77608972e9e2150633b3",
                "6cb328ae5e4ebcde3ae2292dc5526fb12977d0ff1610c5b3c1ae6ed936ba60a5",
                "81f7db934664e356b787325c8d8080649854760afb11690add575fea0eb5903a",
                "d8a746ad6c5ca70ddc5a9cecdc2bce8ab8cdefc6144f5908d45980ce03e7d452",
                "e0fd6425b26c00424866db9f1f96c00530efaf8d4b76fcd13e316e6ad0245045",
                "1ad862a04ef3e51e59001ff27b0d8083c6e8b37fe1b4385cbfd5e444a97850d7"
            ],
            "type": "XHR",
            "firstPartyCookies": {},
            "firstPartyCookiesSent": {},
            "exampleSites": [
                "dotesports.com",
                "gizmodo.com",
                "wamiz.nl",
                "www.01net.com",
                "www.avsforum.com",
                "www.betaseries.com",
                "www.clubic.com",
                "www.destructoid.com",
                "www.escapistmagazine.com",
                "www.paroles.net",
                "www.programme-tv.net",
                "www.sporcle.com",
                "www.waar-en-wanneer.nl"
            ]
        },
        {
            "rule": "opti-digital\\.com\\/pfc\\/web\\/sdk",
            "cookies": 0,
            "fingerprinting": 1,
            "subdomains": [
                "optiyield",
                "optiyield-data"
            ],
            "apis": {
                "Navigator.prototype.userAgent": 7,
                "window.sessionStorage": 1
            },
            "sites": 7,
            "prevalence": 0.000702,
            "cnames": [],
            "responseHashes": [
                "e20ade80fb57f0af99d9dc220105a8293708a0534b5d69e9a7fb07309273b690",
                "0d5d1344d50566a0765af5e36d54a2d3d6b23cd061a4c2ef721e5cd5b1fba9de",
                "bb3ccc29c55d624cb21e65e744be97b8974a3551ecfce882430d02142dd18b32"
            ],
            "type": "Script",
            "firstPartyCookies": {},
            "firstPartyCookiesSent": {},
            "exampleSites": [
                "dotesports.com",
                "www.avsforum.com",
                "www.betaseries.com",
                "www.destructoid.com",
                "www.escapistmagazine.com",
                "www.programme-tv.net",
                "www.sporcle.com"
            ]
        },
        {
            "rule": "opti-digital\\.com\\/tags\\/",
            "cookies": 0,
            "fingerprinting": 1,
            "subdomains": [
                "scripts"
            ],
            "apis": {
                "Navigator.prototype.userAgent": 7,
                "Document.cookie getter": 1,
                "Date.prototype.getTime": 1,
                "Navigator.prototype.platform": 1
            },
            "sites": 7,
            "prevalence": 0.000702,
            "cnames": [],
            "responseHashes": [
                "173e835151f1335b7111edd0d64605ae161071178d340d810a4c3cb41d663bb2",
                "f7ce4e972d1fe981e0938e4a0cd3f39201fc63b7360f15a48a1bdd8ce3506b69",
                "34e0cfb5ef4fba844c5f41c83a0a952ebd6c3d9350f16e4a64f8d107d1d40ced",
                "9c2b6bd8819be0cbed021e80fe764598a95da918bf783996bb9d72528d52623d",
                "16c4584f30ec8b88ef2667dca92349e1ea82c77638f7ebea0dedd53088d95510",
                "fb90f596b4a4941858486f66ba5946038084c04f243f1b19127bccbf6803e56d"
            ],
            "type": "Script",
            "firstPartyCookies": {},
            "firstPartyCookiesSent": {},
            "exampleSites": [
                "gizmodo.com",
                "wamiz.nl",
                "www.01net.com",
                "www.betaseries.com",
                "www.clubic.com",
                "www.paroles.net",
                "www.waar-en-wanneer.nl"
            ]
        },
        {
            "rule": "opti-digital\\.com\\/lib\\/",
            "cookies": 0,
            "fingerprinting": 1,
            "subdomains": [
                "scripts"
            ],
            "apis": {
                "Navigator.prototype.userAgent": 6,
                "Navigator.prototype.platform": 6,
                "Screen.prototype.width": 6,
                "Date.prototype.getTime": 3
            },
            "sites": 6,
            "prevalence": 0.000602,
            "cnames": [],
            "responseHashes": [
                "78ea61d96fb6a25b1c6df3edaa157bb33cb200004f51de79415483b098d6baf6",
                "0e3327d4b966fb1eb5e000be05be77af9c398a9295c505134b8e443a330b9255"
            ],
            "type": "Script",
            "firstPartyCookies": {},
            "firstPartyCookiesSent": {},
            "exampleSites": [
                "gizmodo.com",
                "wamiz.nl",
                "www.01net.com",
                "www.clubic.com",
                "www.paroles.net",
                "www.waar-en-wanneer.nl"
            ]
        },
        {
            "rule": "opti-digital\\.com\\/js\\/presync\\.html",
            "cookies": 0,
            "fingerprinting": 1,
            "subdomains": [
                "scripts"
            ],
            "apis": {
                "Navigator.prototype.userAgent": 1
            },
            "sites": 3,
            "prevalence": 0.000301,
            "cnames": [],
            "responseHashes": [],
            "type": "Document",
            "firstPartyCookies": {},
            "firstPartyCookiesSent": {},