{
    "domain": "salesforce-scrt.com",
    "owner": {},
    "source": [
        "DuckDuckGo-NL"
    ],
    "prevalence": 0.00151,
    "sites": 15,
    "subdomains": [
        "orgcs.my",
        "nikeconsumerservices.my",
        "nexoio.my",
        "lastpass.my",
        "ledgercustomersuccess.my",
        "getremarkable.my",
        "canonamericas.my",
        "corendon.my",
        "dysoncrm.my",
        "invaluable.my",
        "johnlewis.my",
        "specialized.my",
        "stellafietsen.my",
        "vivino.my"
    ],
    "cnames": [],
    "fingerprinting": 0,
    "resources": [
        {
            "rule": "salesforce-scrt\\.com\\/embeddedservice\\/v1\\/embedded-service-config",
            "cookies": 0,
            "fingerprinting": 0,
            "subdomains": [
                "orgcs.my",
                "nikeconsumerservices.my",
                "nexoio.my",
                "lastpass.my",
                "ledgercustomersuccess.my",
                "getremarkable.my",
                "canonamericas.my",
                "corendon.my",
                "dysoncrm.my",
                "invaluable.my",
                "johnlewis.my",
                "specialized.my",
                "stellafietsen.my",
                "vivino.my"
            ],
            "apis": {},
            "sites": 15,
            "prevalence": 0.00151,
            "cnames": [],
            "responseHashes": [
                "693aabc40ad906d424f6dd64e9144b9a0054645c108d652a0e7ec107b5dc3bcd",
                "89250474c8973f4ca39f320bc210b3603dab77811c32c1df079e4a667c6944e4",
                "e89c1f4b1aa3b45d4441c63bb3a028c20de31368d7fe7558bfa5b1ad8404ba1c",
                "2f16aa8e866aed56b8faf98889f2218247a6bf7d86e5b1c5afd202bfd153f261",
                "4cb86a869df57bbfc39c6eee4aff3d7926005b4c88b174be8708a91b61911c0b",
                "7d3d2a281528a05d24a49e197a1f95dd3c262726cd28a55a746ba92ef39246e1",
                "be86477eb452471b33676c98cd9fca02c94fae77df30d2fc70dcaf75ef89c38d",
                "5d3d9899b7ae161d9b6846758ad74ee45ad91eb3d378952a4db0e49499996abd",
                "08df097f38a1d61e7c3a494c1c6c6aa88bd98742b6f336a89aa6ee127fb749ae",
                "51dbe530dd67b054c702e3ac91d3c9b3ac9e1d67caeab70e24710a70ab8a9f5a",
                "7a77f5ba50876f42b80f5986aa8f4194517ae825ed4be8ed7c51a62bbc3fe1cc",
                "5789db4f7cb31092fa40e3f9c7a04969a55102336ef6fa5ba3665fd1a4356397",
                "79cfdbb375869215eab7321fa0240f394b181b3276fd6ff3cddde97696186a55"
            ],
            "type": "XHR",
            "firstPartyCookies": {},
            "firstPartyCookiesSent": {},
            "exampleSites": [
                "salesforce.com",
                "nike.com",
                "nexo.com",
                "support.lastpass.com",
                "support.ledger.com",
                "support.remarkable.com",
                "support.usa.canon.com",
                "www.corendon.nl",
                "www.dyson.nl",
                "www.invaluable.com",
                "www.johnlewis.com",
                "www.nike.com",
                "www.specialized.com",
                "www.stella.nl",
                "www.vivino.com"
            ]
        },
        {
            "rule": "salesforce-scrt\\.com\\/embeddedservice\\/v1\\/businesshours",
            "cookies": 0,
            "fingerprinting": 0,
            "subdomains": [
                "orgcs.my",
                "nikeconsumerservices.my",
                "nexoio.my",
                "lastpass.my",
                "ledgercustomersuccess.my",
                "getremarkable.my",
                "canonamericas.my",
                "corendon.my",
                "dysoncrm.my",
                "invaluable.my",
                "johnlewis.my",
                "specialized.my",
                "stellafietsen.my",
                "vivino.my"
            ],
            "apis": {},
            "sites": 15,
            "prevalence": 0.00151,
            "cnames": [],
            "responseHashes": [
                "e3b0c44298fc1c149afbf4c8996fb92427ae41e4649b934ca495991b7852b855",
                "5d3d9899b7ae161d9b6846758ad74ee45ad91eb3d378952a4db0e49499996abd"
            ],
            "type": "XHR",
            "firstPartyCookies": {},
            "firstPartyCookiesSent": {},
            "exampleSites": [
                "salesforce.com",
                "nike.com",
                "nexo.com",
                "support.lastpass.com",
                "support.ledger.com",
                "support.remarkable.com",
                "support.usa.canon.com",
                "www.corendon.nl",
                "www.dyson.nl",
                "www.invaluable.com",
                "www.johnlewis.com",
                "www.nike.com",
                "www.specialized.com",
                "www.stella.nl",
                "www.vivino.com"
            ]
        }
    ],
    "categories": [],
    "performance": {},
    "cookies": 0,
    "topInitiators": [
        {
            "domain": "first party",
            "prevalence": 0.6470588235294118
        },
        {
            "domain": "site.com",
            "prevalence": 0.29411764705882354
        },
        {
            "domain": "datadoghq-browser-agent.com",
            "prevalence": 0.058823529411764705
        }
    ],
    "types": {
        "XHR": 30
    },
    "nameservers": [
        "dns2.p03.nsone.net",
        "dns3.p03.nsone.net",
        "dns4.p03.nsone.net",
        "ns02.salesforce-dns.com",
        "ns01.salesforce-dns.com",
        "ns03.salesforce-dns.com",
        "ns04.salesforce-dns.com",
        "dns1.p03.nsone.net"
    ]
}