{
    "domain": "sensic.net",
    "owner": {},
    "source": [
        "DuckDuckGo-NL"
    ],
    "prevalence": 0.001,
    "sites": 10,
    "subdomains": [
        "es-config",
        "de-config",
        "1731810015139a83f2c01baf4b7c5b092bed54f5f329254683a4d390.trk",
        "1731812889031d5a5ca97c6fcd7300a0d78cf69aec1cb634bbe6a569.trk",
        "17318099579099455edebd4b623e96455f3d12b28f624a59a0d47abc.trk",
        "173181064609892b5a9cfef303e68502953e63b7a5e55a3f5ab487a8.trk",
        "17318111522060118bee6435e54af57350096c417f177524218d964f.trk",
        "1731812844020dcc7b9c52c90cdee16c775c61a55e0032f67112e456.trk",
        "17318110513842b031999b82abe7619394ff2ad73cb81db27688fc7f.trk",
        "1731812854577c4defbbbb91775514c59d35872ed59f88445600468d.trk",
        "1731811688773afe479c2568fbe910abebc8594007d0c900997989e9.trk",
        "es1-s2s",
        "de1-s2s"
    ],
    "cnames": [],
    "fingerprinting": 1,
    "resources": [
        {
            "rule": "sensic\\.net\\/s2s-web\\.js",
            "cookies": 0.0001,
            "fingerprinting": 1,
            "subdomains": [
                "es-config"
            ],
            "apis": {
                "window.localStorage": 7,
                "Date.prototype.getTime": 7,
                "Navigator.prototype.userAgent": 7,
                "Navigator.prototype.platform": 7,
                "Navigator.prototype.language": 7,
                "Document.cookie getter": 1,
                "Document.cookie setter": 1
            },
            "sites": 7,
            "prevalence": 0.000702,
            "cnames": [],
            "responseHashes": [
                "2afa4844bf4e5538a599dee3c27d86c22c81a12945da3c0198c3d68ed8edbc00"
            ],
            "type": "Script",
            "firstPartyCookies": {
                "sui_1pc": {
                    "ttl": 63072010,
                    "length": 56,
                    "prevalence": 0.00010035122930255896,
                    "uniqueness": 1
                }
            },
            "firstPartyCookiesSent": {},
            "exampleSites": [
                "elpais.com",
                "www.abc.es",
                "www.elmundo.es",
                "www.infobae.com",
                "www.marca.com",
                "www.tameteo.nl",
                "www.xataka.com"
            ]
        },
        {
            "rule": "sensic\\.net\\/3pc\\.html",
            "cookies": 0.0001,
            "fingerprinting": 1,
            "subdomains": [
                "es-config",
                "de-config"
            ],
            "apis": {
                "window.localStorage": 3,
                "Document.cookie getter": 7,
                "Date.prototype.getTime": 1,
                "Document.cookie setter": 1
            },
            "sites": 8,
            "prevalence": 0.000803,
            "cnames": [],
            "responseHashes": [
                "568ac6a9a523149d3865ab62f1020e2ec42de1005db3d69afaae6a82eff12f27",
                "6c2b6d0208ffafae5afbf007859e6c4174aa9b08f5516259cb298e1042fa0e2b"
            ],
            "type": "Document",
            "firstPartyCookies": {},
            "firstPartyCookiesSent": {},
            "exampleSites": [
                "elpais.com",
                "www.abc.es",
                "www.arte.tv",
                "www.elmundo.es",
                "www.infobae.com",
                "www.marca.com",
                "www.tameteo.nl",
                "www.xataka.com"
            ]
        },
        {
            "rule": "sensic\\.net\\/tp\\.gif",
            "cookies": 0,
            "fingerprinting": 0,
            "subdomains": [
                "1731810015139a83f2c01baf4b7c5b092bed54f5f329254683a4d390.trk",
                "1731812889031d5a5ca97c6fcd7300a0d78cf69aec1cb634bbe6a569.trk",
                "17318099579099455edebd4b623e96455f3d12b28f624a59a0d47abc.trk",
                "173181064609892b5a9cfef303e68502953e63b7a5e55a3f5ab487a8.trk",
                "17318111522060118bee6435e54af57350096c417f177524218d964f.trk",
                "1731812844020dcc7b9c52c90cdee16c775c61a55e0032f67112e456.trk",
                "17318110513842b031999b82abe7619394ff2ad73cb81db27688fc7f.trk",
                "1731812854577c4defbbbb91775514c59d35872ed59f88445600468d.trk",
                "1731811688773afe479c2568fbe910abebc8594007d0c900997989e9.trk"
            ],
            "apis": {},
            "sites": 9,
            "prevalence": 0.000903,
            "cnames": [],
            "responseHashes": [
                "e3b0c44298fc1c149afbf4c8996fb92427ae41e4649b934ca495991b7852b855"
            ],
            "type": "XHR",
            "firstPartyCookies": {},
            "firstPartyCookiesSent": {},
            "exampleSites": [
                "elpais.com",
                "www.abc.es",
                "www.arte.tv",
                "www.daserste.de",
                "www.elmundo.es",
                "www.infobae.com",
                "www.marca.com",
                "www.tameteo.nl",
                "www.xataka.com"
            ]
        },
        {
            "rule": "sensic\\.net\\/",
            "cookies": 0,
            "fingerprinting": 0,
            "subdomains": [
                "es1-s2s"
            ],
            "apis": {},
            "sites": 7,
            "prevalence": 0.000702,
            "cnames": [],
            "responseHashes": [
                "e3b0c44298fc1c149afbf4c8996fb92427ae41e4649b934ca495991b7852b855"
            ],
            "type": "XHR",
            "firstPartyCookies": {},
            "firstPartyCookiesSent": {},
            "exampleSites": [
                "elpais.com",
                "www.abc.es",
                "www.elmundo.es",
                "www.infobae.com",
                "www.marca.com",
                "www.tameteo.nl",
                "www.xataka.com"
            ]
        },
        {
            "rule": "sensic\\.net\\/id",
            "cookies": 0,
            "fingerprinting": 0,
            "subdomains": [
                "es1-s2s",
                "de1-s2s"
            ],
            "apis": {},
            "sites": 7,
            "prevalence": 0.000702,
            "cnames": [],
            "responseHashes": [
                "e3b0c44298fc1c149afbf4c8996fb92427ae41e4649b934ca495991b7852b855"
            ],
            "type": "XHR",
            "firstPartyCookies": {},
            "firstPartyCookiesSent": {},
            "exampleSites": [
                "abc.es",
                "www.arte.tv",
                "www.daserste.de",
                "www.elmundo.es",
                "www.infobae.com",
                "www.marca.com",
                "www.tameteo.nl"
            ]
        },
        {
            "rule": "sensic\\.net\\/sui-connector\\.js",
            "cookies": 0,
            "fingerprinting": 1,
            "subdomains": [
                "de-config"
            ],
            "apis": {
                "window.localStorage": 2
            },
            "sites": 2,
            "prevalence": 0.000201,
            "cnames": [],
            "responseHashes": [
                "f281a0e307dae5e66d5b044bc2901b365f7e075dbeb755bcde053f7778af24a7"
            ],
            "type": "Script",
            "firstPartyCookies": {},
            "firstPartyCookiesSent": {},
            "exampleSites": [
                "arte.tv",
                "www.daserste.de"
            ]
        }
    ],
    "categories": [],
    "performance": {},
    "cookies": 0.0001,
    "topInitiators": [
        {
            "domain": "first party",
            "prevalence": 0.7142857142857143
        },
        {
            "domain": "adobedtm.com",
            "prevalence": 0.14285714285714285
        },
        {
            "domain": "tagcommander.com",
            "prevalence": 0.07142857142857142
        },
        {
            "domain": "googletagmanager.com",
            "prevalence": 0.07142857142857142
        }
    ],