{
    "domain": "smartocto.com",
    "owner": {},
    "source": [
        "DuckDuckGo-NL"
    ],
    "prevalence": 0.00311,
    "sites": 31,
    "subdomains": [
        "api",
        "ingestion",
        "tentacles"
    ],
    "cnames": [],
    "fingerprinting": 2,
    "resources": [
        {
            "rule": "smartocto\\.com\\/api\\/brands\\/tentacles",
            "cookies": 0,
            "fingerprinting": 0,
            "subdomains": [
                "api"
            ],
            "apis": {},
            "sites": 30,
            "prevalence": 0.00301,
            "cnames": [],
            "responseHashes": [
                "7a2db0683dcb538e53010eab12d2f2388b66655e871e978b2b623b215f230165",
                "4049b2423374ab7fdba1624d05f54a05a83c2190ad9959a6355d9a9b86bb769e",
                "737ab84dbed3b531874bd7e5ed05d945f71341db3770e376b60ff6decd9579d3",
                "a8abdb3cdef8dc075284349147939ccd6702d143d6e5a16a0ce54e580ea6a378",
                "0f72e6a9d8ad79d84dd123d7c7e543b6409c0c6dc413ca2575f71b9dbe6e1ef9",
                "0f46ce6ddc1e19bab6d9a96135b66f8d950f57736a11ef0f12a3bad6fd08928f",
                "aca6be1b392bc20b84021c6ae7a28d9e51ab05638eb1d52238854211e5adc020",
                "011aa5ea9c783f9d7cd9067345c471f864e5ab45e1ba7bebb373546ba5a4c2d1",
                "0317f8ad12570d62cb04b251282dd95b48f40840a7ec7a8e063d8c5d483d75c3",
                "b8594225255b521278d8c556c1e05fdb503e56041de1f4f491d3fc487ec8975b",
                "0dd67d2a8d22c9e334f5b7c7244908ecdc30450ead1654a657bf65eb7d9e04b7",
                "0d7a35bb59fb8041abeec03a55c851499112b954fcc3d655c9cc2bdc58f5bfd9",
                "5c61f57c757851ff5d3b3a2e6e53c089fd2d9dc0a93377bc1f2766737b8f9c62",
                "938f67820ca37d0e88d9e7f18725ead04104366a56bac3e68161415131bac841",
                "b608b93cc431bc03352fd3f84445b23a0b9bcc2dadd816790412571a82ef0ae5",
                "96d5e17aafedbf3038fbe53fdb2f1c6162d9bf01609cd5727e4ec4e0b914453b",
                "0c34ff1cc260329e1d6232994aa5bc94eeeccb98f475315ad13f6fda44bcba9f",
                "25c7485bd4e3f410469ecce531f40cc7fb0860d1c61b4173886d444e1d758ae6",
                "97c587e507a4cb7e365738039e141f852e1489bf7c3a395cf3f8c992400d90c2",
                "6377a8e131e5dbf61c8aa19844c7aa988799456f3095d9a11931ebc6ea28b2d3",
                "7f00dd56a8aa7b14ce73da1c63da4db97fcdd2507384266d384e3b6c977b3921",
                "1701d8ca040e75baf1e43e3e70aa6ffa2af24a91fd662cbf68552e5a3e252175",
                "9789127a24aa7d70df22b20e9d13b083a9b816fa4d4fb02add2b3c2125a270f8",
                "554cee2f858dbf4e755b916566a0396cd969a1c48aade216477a9c18808bf2d8",
                "ec7b7ee0585a42adfa9e42bf8f14396ac0f779672f9e2d4e9489b0a16ff21af7",
                "9f0deac25e87a810b48646253215e4caa578e336a17c645ac6431d8d3baaf894",
                "329ba88969c7fbbe256edefa80225503e6a16875607aa329b1602b94f4efb723",
                "5d06786fb0d016035dbf5a7d7004682a18468075a2b3a53dcf3e4aa62e37fefc"
            ],
            "type": "XHR",
            "firstPartyCookies": {},
            "firstPartyCookiesSent": {},
            "exampleSites": [
                "www.rtvdrenthe.nl",
                "www.l1.nl",
                "www.omroepzeeland.nl",
                "lc.nl",
                "www.oost.nl",
                "www.omroepwest.nl",
                "www.nhnieuws.nl",
                "www.gld.nl",
                "www.omropfryslan.nl",
                "sporza.be",
                "www.haarlemsdagblad.nl",
                "www.omroepflevoland.nl",
                "dvhn.nl",
                "www.noordhollandsdagblad.nl",
                "www.nzherald.co.nz",
                "www.l1nieuws.nl",
                "www.crypto-insiders.nl",
                "nos.nl",
                "www.rtvutrecht.nl",
                "www.rijnmond.nl"
            ]
        },
        {
            "rule": "smartocto\\.com\\/t",
            "cookies": 0,
            "fingerprinting": 0,
            "subdomains": [
                "ingestion"
            ],
            "apis": {},
            "sites": 30,
            "prevalence": 0.00301,
            "cnames": [],
            "responseHashes": [
                "e3b0c44298fc1c149afbf4c8996fb92427ae41e4649b934ca495991b7852b855"
            ],
            "type": "XHR",
            "firstPartyCookies": {},
            "firstPartyCookiesSent": {},
            "exampleSites": [
                "www.nhnieuws.nl",
                "www.leidschdagblad.nl",
                "dvhn.nl",
                "www.gld.nl",
                "www.noordhollandsdagblad.nl",
                "lc.nl",
                "www.l1.nl",
                "nos.nl",
                "www.nzherald.co.nz",
                "www.at5.nl",
                "www.omroepzeeland.nl",
                "banden.autoweek.nl",
                "www.rijnmond.nl",
                "www.l1nieuws.nl",
                "www.omroepflevoland.nl",
                "www.onet.pl",
                "www.omropfryslan.nl",
                "sporza.be",
                "www.rd.nl",
                "www.crypto-insiders.nl"
            ]
        },
        {
            "rule": "smartocto\\.com\\/ten\\/tentacle\\.js",
            "cookies": 0,
            "fingerprinting": 1,
            "subdomains": [
                "tentacles"
            ],
            "apis": {
                "window.localStorage": 29,
                "Date.prototype.getTime": 29
            },
            "sites": 29,
            "prevalence": 0.00291,
            "cnames": [],
            "responseHashes": [
                "35c0ba083bdf35cf6c5c7f575c63193fda7a79c9aaa46507b18656cb92d0dead"
            ],
            "type": "Script",
            "firstPartyCookies": {},
            "firstPartyCookiesSent": {},
            "exampleSites": [
                "www.rd.nl",
                "www.haarlemsdagblad.nl",
                "www.noordhollandsdagblad.nl",
                "www.omroepflevoland.nl",
                "www.gooieneemlander.nl",
                "lc.nl",
                "www.rtvnoord.nl",
                "www.omroepbrabant.nl",
                "www.rtvdrenthe.nl",
                "www.rijnmond.nl",
                "www.nzherald.co.nz",
                "autoweek.nl",
                "www.oost.nl",
                "www.l1nieuws.nl",
                "www.l1.nl",
                "dvhn.nl",
                "www.leidschdagblad.nl",
                "www.omroepwest.nl",
                "www.onet.pl",
                "www.gld.nl"
            ]
        },
        {
            "rule": "smartocto\\.com\\/ten\\/ingestion\\.js",
            "cookies": 0.00291,
            "fingerprinting": 2,
            "subdomains": [
                "tentacles"
            ],
            "apis": {
                "Screen.prototype.availWidth": 29,
                "Screen.prototype.availHeight": 29,
                "Date.prototype.getTime": 29,
                "Document.cookie getter": 16,
                "window.devicePixelRatio": 29,
                "window.innerWidth": 29,
                "window.innerHeight": 29,
                "Document.cookie setter": 29
            },
            "sites": 29,
            "prevalence": 0.00291,
            "cnames": [],
            "responseHashes": [
                "9afdfda704f99ed3f26fecee7af6dc3cb9cb4b8327ab7563e84035293375decc"
            ],
            "type": "Script",
            "firstPartyCookies": {
                "_sotmsid": {
                    "ttl": 1800,
                    "length": 43,
                    "prevalence": 0.0016056196688409433,
                    "uniqueness": 1
                },
                "_sotmpid": {
                    "ttl": 63072000,
                    "length": 43,
                    "prevalence": 0.0016056196688409433,
                    "uniqueness": 1
                }
            },
            "firstPartyCookiesSent": {},