{
    "domain": "steam.eu.com",
    "owner": {},
    "source": [
        "DuckDuckGo-NL"
    ],
    "prevalence": 0.000301,
    "sites": 3,
    "subdomains": [
        "live"
    ],
    "cnames": [],
    "fingerprinting": 2,
    "resources": [
        {
            "rule": "steam\\.eu\\.com\\/client\\/",
            "cookies": 0.000301,
            "fingerprinting": 2,
            "subdomains": [
                "live"
            ],
            "apis": {
                "window.localStorage": 3,
                "Navigator.prototype.userAgent": 3,
                "Date.prototype.getTime": 3,
                "Document.cookie getter": 3,
                "Navigator.prototype.languages": 3,
                "window.innerHeight": 3,
                "Navigator.prototype.cookieEnabled": 3,
                "Document.cookie setter": 3
            },
            "sites": 3,
            "prevalence": 0.000301,
            "cnames": [],
            "responseHashes": [
                "c38e4e5ee4556cde7206cbc3469cee8131d9d8fd2886d0613ed16f5e2a7558e7"
            ],
            "type": "Script",
            "firstPartyCookies": {
                "5b893d1f-b159-4149-9d60-7e1b09d48538_opened": {
                    "ttl": 251670487549,
                    "length": 5,
                    "prevalence": 0.00010035122930255896,
                    "uniqueness": 1
                },
                "5b893d1f-b159-4149-9d60-7e1b09d48538_mode": {
                    "ttl": 251670487549,
                    "length": 1,
                    "prevalence": 0.00010035122930255896,
                    "uniqueness": 1
                },
                "5b893d1f-b159-4149-9d60-7e1b09d48538_openingHoursVisible": {
                    "ttl": 251670487549,
                    "length": 4,
                    "prevalence": 0.00010035122930255896,
                    "uniqueness": 1
                },
                "5b893d1f-b159-4149-9d60-7e1b09d48538_autoChatFired": {
                    "ttl": 251670487549,
                    "length": 4,
                    "prevalence": 0.00010035122930255896,
                    "uniqueness": 1
                },
                "4bb3d02e-a76d-48cf-9e08-a57bb67b00bc_opened": {
                    "ttl": 251670490419,
                    "length": 5,
                    "prevalence": 0.00010035122930255896,
                    "uniqueness": 1
                },
                "4bb3d02e-a76d-48cf-9e08-a57bb67b00bc_mode": {
                    "ttl": 251670490419,
                    "length": 1,
                    "prevalence": 0.00010035122930255896,
                    "uniqueness": 1
                },
                "4bb3d02e-a76d-48cf-9e08-a57bb67b00bc_openingHoursVisible": {
                    "ttl": 251670490419,
                    "length": 4,
                    "prevalence": 0.00010035122930255896,
                    "uniqueness": 1
                },
                "838c56c8-d5ae-4bcd-bc50-4c2e1008223a_opened": {
                    "ttl": 251670487901,
                    "length": 5,
                    "prevalence": 0.00010035122930255896,
                    "uniqueness": 1
                },
                "838c56c8-d5ae-4bcd-bc50-4c2e1008223a_mode": {
                    "ttl": 251670487901,
                    "length": 1,
                    "prevalence": 0.00010035122930255896,
                    "uniqueness": 1
                },
                "838c56c8-d5ae-4bcd-bc50-4c2e1008223a_autoChatFired": {
                    "ttl": 251670487901,
                    "length": 4,
                    "prevalence": 0.00010035122930255896,
                    "uniqueness": 1
                }
            },
            "firstPartyCookiesSent": {},
            "exampleSites": [
                "studentenreisproduct.nl",
                "www.vanbruggen.nl",
                "www.warmtestore.nl"
            ]
        },
        {
            "rule": "steam\\.eu\\.com\\/css",
            "cookies": 0,
            "fingerprinting": 0,
            "subdomains": [
                "live"
            ],
            "apis": {},
            "sites": 3,
            "prevalence": 0.000301,
            "cnames": [],
            "responseHashes": [
                "c666e24fe954ed3a2247e9fc7f0675584bf3b7511533c809a261347de817cca9"
            ],
            "type": "Stylesheet",
            "firstPartyCookies": {},
            "firstPartyCookiesSent": {},
            "exampleSites": [
                "studentenreisproduct.nl",
                "www.vanbruggen.nl",
                "www.warmtestore.nl"
            ]
        },
        {
            "rule": "steam\\.eu\\.com\\/q\\/getChatInfo",
            "cookies": 0,
            "fingerprinting": 0,
            "subdomains": [
                "live"
            ],
            "apis": {},
            "sites": 3,
            "prevalence": 0.000301,
            "cnames": [],
            "responseHashes": [
                "06f37772c5e3e72b254c90e2b406d8a2fde9e43c3c093d217867879110f0be9a",
                "bef26c1fd41a99bc1bb272e2fc4f50e0d651f8e5261a51d53f3e15f3665d519f"
            ],
            "type": "XHR",
            "firstPartyCookies": {},
            "firstPartyCookiesSent": {},
            "exampleSites": [
                "studentenreisproduct.nl",
                "www.vanbruggen.nl",
                "www.warmtestore.nl"
            ]
        },
        {
            "rule": "steam\\.eu\\.com\\/q\\/getChatInfo",
            "cookies": 0,
            "fingerprinting": 0,
            "subdomains": [
                "live"
            ],
            "apis": {},
            "sites": 3,
            "prevalence": 0.000301,
            "cnames": [],
            "responseHashes": [],
            "type": "Preflight",
            "firstPartyCookies": {},
            "firstPartyCookiesSent": {},
            "exampleSites": [
                "studentenreisproduct.nl",
                "www.vanbruggen.nl",
                "www.warmtestore.nl"
            ]
        },
        {
            "rule": "steam\\.eu\\.com\\/chat_closeinfo\\.png",
            "cookies": 0,
            "fingerprinting": 0,
            "subdomains": [
                "live"
            ],
            "apis": {},
            "sites": 3,
            "prevalence": 0.000301,
            "cnames": [],
            "responseHashes": [
                "3fb1c54ae8ac0885445c1022d6fcb5df50c33b965e32fc9c7e5a9f5073b10a23"
            ],
            "type": "Image",
            "firstPartyCookies": {},
            "firstPartyCookiesSent": {},
            "exampleSites": [
                "studentenreisproduct.nl",
                "www.vanbruggen.nl",
                "www.warmtestore.nl"
            ]
        },
        {
            "rule": "steam\\.eu\\.com\\/waiting-agent\\.gif",
            "cookies": 0,
            "fingerprinting": 0,
            "subdomains": [
                "live"
            ],
            "apis": {},
            "sites": 3,
            "prevalence": 0.000301,
            "cnames": [],
            "responseHashes": [
                "8995677961816b248caf7c0059c0e4fa57044929e8deb10254658e89a936d87a"
            ],
            "type": "Image",
            "firstPartyCookies": {},
            "firstPartyCookiesSent": {},
            "exampleSites": [
                "studentenreisproduct.nl",
                "www.vanbruggen.nl",
                "www.warmtestore.nl"
            ]
        },
        {
            "rule": "steam\\.eu\\.com\\/audio\\/beep\\.wav",
            "cookies": 0,
            "fingerprinting": 0,
            "subdomains": [
                "live"
            ],
            "apis": {},
            "sites": 3,
            "prevalence": 0.000301,
            "cnames": [],
            "responseHashes": [
                "e3cce7616282481cc6c8ee592969fc8f07dc67def7f3546ea946ff1c1818daee"
            ],
            "type": "Media",
            "firstPartyCookies": {},