{
    "domain": "the-ozone-project.com",
    "owner": {
        "name": "The Ozone Project",
        "displayName": "The Ozone Project"
    },
    "source": [
        "DuckDuckGo-NL"
    ],
    "prevalence": 0.0014,
    "sites": 14,
    "subdomains": [
        "elb",
        "prebid"
    ],
    "cnames": [],
    "fingerprinting": 1,
    "resources": [
        {
            "rule": "the-ozone-project\\.com\\/openrtb2\\/auction",
            "cookies": 0.001,
            "fingerprinting": 0,
            "subdomains": [
                "elb"
            ],
            "apis": {},
            "sites": 10,
            "prevalence": 0.001,
            "cnames": [],
            "responseHashes": [
                "771c1cfbfd5f492f781cb0a46ed18393ed13827ff8a8c74a01da4b21e73c6f7a",
                "44136fa355b3678a1146ad16f7e8649e94fb4fc21fe77e8310c060f61caaff8a",
                "f5d8d828c02b6c209344ebd0078adde7b60557c32d49d9d8fcb41926a3c13338",
                "060081e0996b93d2b3b5b78f1b1de14591ee24cc6171c218da7839e1c3d66c13",
                "42d4a88674451a9573ffe2559626dd9d3acff73f0f086d1bc983ce6ae0a73ad4",
                "d49e0a6daba7f7c32587ee5d0ffaefe114fca55a1476ec143291f31ed8c4f835",
                "d218798b4b74ec6ed123e3260780083f8b2b8f03818456591ec95f52f956b23f",
                "96713fe54168ac6381cf7a82fef0fea76f8c3982550389ecc983b5aa23d67616",
                "0f665d57bd6b69e91223af5087e51903a9ecbbe3c809899eee02c86a2a2d4c01"
            ],
            "type": "Fetch",
            "firstPartyCookies": {},
            "firstPartyCookiesSent": {},
            "exampleSites": [
                "garticphone.com",
                "lolbeans.io",
                "playmotox3m.com",
                "www.overtake.gg",
                "www.planetminecraft.com",
                "www.playstationtrophies.org",
                "www.powerpyx.com",
                "www.speeleiland.nl",
                "www.systemrequirementslab.com",
                "www.thegamer.com"
            ]
        },
        {
            "rule": "the-ozone-project\\.com\\/static\\/load-cookie\\.html",
            "cookies": 0.000803,
            "fingerprinting": 1,
            "subdomains": [
                "elb"
            ],
            "apis": {
                "Document.cookie getter": 2
            },
            "sites": 9,
            "prevalence": 0.000903,
            "cnames": [],
            "responseHashes": [
                "bc257d50c85de961fc4373491be259fb847b0364d3ea3c35a36aa0800840d1ff",
                "bff9b2898568032183abda1c7fdbc2ac9c0d1c116fd3382a42639449baca8f5d",
                "363d0218a671af844cb136f2face62bda46a6b24004a02f9f8cb2f66a15d684d",
                "7b5f3de3af1890ab7e8ebe5f958ce5604d29e23fcd83bf131453d74dae701b3e"
            ],
            "type": "Document",
            "firstPartyCookies": {},
            "firstPartyCookiesSent": {
                "_sharedid": 0.0007024586051179127,
                "_sharedID": 0.00010035122930255896,
                "_pubcid": 0.00010035122930255896
            },
            "exampleSites": [
                "garticphone.com",
                "lolbeans.io",
                "playmotox3m.com",
                "www.planetminecraft.com",
                "www.playstationtrophies.org",
                "www.powerpyx.com",
                "www.speeleiland.nl",
                "www.systemrequirementslab.com",
                "www.thegamer.com"
            ]
        },
        {
            "rule": "the-ozone-project\\.com\\/cookie_sync",
            "cookies": 0.000702,
            "fingerprinting": 0,
            "subdomains": [
                "elb"
            ],
            "apis": {},
            "sites": 8,
            "prevalence": 0.000803,
            "cnames": [],
            "responseHashes": [
                "fe0d9b0c47e56700062e1e6cfcaa084f5bfd85a7901721f9c8ce651b60c59a6a",
                "8c9d3946f0d2535d8d43db89226015de1f5246e33649aedd5c442cd78197420d",
                "1a9087e6fcfa573b7c758e6da8361ca27f3d476390949a79bc80a547249597d6"
            ],
            "type": "XHR",
            "firstPartyCookies": {},
            "firstPartyCookiesSent": {},
            "exampleSites": [
                "garticphone.com",
                "lolbeans.io",
                "playmotox3m.com",
                "www.planetminecraft.com",
                "www.playstationtrophies.org",
                "www.powerpyx.com",
                "www.speeleiland.nl",
                "www.thegamer.com"
            ]
        },
        {
            "rule": "the-ozone-project\\.com\\/cdn-cgi\\/rum",
            "cookies": 0,
            "fingerprinting": 0,
            "subdomains": [
                "elb"
            ],
            "apis": {},
            "sites": 2,
            "prevalence": 0.000201,
            "cnames": [],
            "responseHashes": [
                "e3b0c44298fc1c149afbf4c8996fb92427ae41e4649b934ca495991b7852b855"
            ],
            "type": "XHR",
            "firstPartyCookies": {},
            "firstPartyCookiesSent": {},
            "exampleSites": [
                "playmotox3m.com",
                "www.speeleiland.nl"
            ]
        },
        {
            "rule": "the-ozone-project\\.com\\/hw2\\/builds\\/ozwrap_pbjs\\.js",
            "cookies": 0,
            "fingerprinting": 2,
            "subdomains": [
                "prebid"
            ],
            "apis": {
                "NavigatorUAData.prototype.brands": 3,
                "NavigatorUAData.prototype.platform": 3,
                "window.sessionStorage": 3,
                "Navigator.prototype.userAgent": 3,
                "Date.prototype.getTime": 3,
                "window.localStorage": 2,
                "Navigator.prototype.cookieEnabled": 1,
                "Document.cookie getter": 1
            },
            "sites": 3,
            "prevalence": 0.000301,
            "cnames": [],
            "responseHashes": [
                "a51cb0a81377e52eeac92e519dc323a98a7396c46de0a861ea0fa569f3cd6b3a"
            ],
            "type": "Script",
            "firstPartyCookies": {},
            "firstPartyCookiesSent": {},
            "exampleSites": [
                "autoexpress.co.uk",
                "www.motorcyclenews.com",
                "www.mumsnet.com"
            ]
        },
        {
            "rule": "the-ozone-project\\.com\\/setuid",
            "cookies": 0.000201,
            "fingerprinting": 0,
            "subdomains": [
                "elb"
            ],
            "apis": {},
            "sites": 2,
            "prevalence": 0.000201,
            "cnames": [],
            "responseHashes": [
                "e3b0c44298fc1c149afbf4c8996fb92427ae41e4649b934ca495991b7852b855"
            ],
            "type": "Image",
            "firstPartyCookies": {},
            "firstPartyCookiesSent": {},
            "exampleSites": [
                "planetminecraft.com",
                "www.speeleiland.nl"
            ]
        }
    ],
    "categories": [],
    "performance": {},
    "cookies": 0.0014,
    "topInitiators": [
        {
            "domain": "adinplay.com",
            "prevalence": 0.2413793103448276
        },
        {
            "domain": "vntsm.com",
            "prevalence": 0.1724137931034483
        },
        {
            "domain": "script.ac",
            "prevalence": 0.1724137931034483
        },
        {
            "domain": "first party",
            "prevalence": 0.13793103448275862
        },
        {
            "domain": "geoedge.be",
            "prevalence": 0.10344827586206896
        },
        {
            "domain": "cloudflareinsights.com",
            "prevalence": 0.06896551724137931
        },
        {
            "domain": "adsninja.ca",
            "prevalence": 0.06896551724137931
        },
        {
            "domain": "ravenjs.com",
            "prevalence": 0.034482758620689655
        }
    ],
    "types": {
        "Fetch": 10,