{
    "domain": "tradetracker.net",
    "owner": {
        "name": "TradeTracker FZ-LLC",
        "displayName": "TradeTracker"
    },
    "source": [
        "DuckDuckGo-NL"
    ],
    "prevalence": 0.00341,
    "sites": 34,
    "subdomains": [
        "tm",
        "ti"
    ],
    "cnames": [],
    "fingerprinting": 1,
    "resources": [
        {
            "rule": "tradetracker\\.net\\/tag",
            "cookies": 0,
            "fingerprinting": 1,
            "subdomains": [
                "tm"
            ],
            "apis": {
                "Navigator.prototype.language": 4,
                "Screen.prototype.width": 4,
                "Screen.prototype.height": 4,
                "Screen.prototype.colorDepth": 4
            },
            "sites": 27,
            "prevalence": 0.00271,
            "cnames": [],
            "responseHashes": [
                "c480f7c9fbd2c9055388de4f0b8df067d9f6bb65ffc85af12c14d0ca40ec818a",
                "59c8e898cde6a3e84f788c62ca8f1e690b185e1448b2eb53c8f7ab941d8fd193",
                "13e67505080d713e703b8b576a4d1850494fda2cfcb254548547eec5467edb0b",
                "38a3ed713eda9717fced59c82f42ed85c5e34f52d7e3f626f16491444be941ae",
                "165a268bba914a0a43f64870a3be3515545b19fc7bc85a685b4dccea141736b8",
                "bc2a2fe23e456d933e3ab4c4e3e3cc1de891b604ea49be64606c3487526f65f9",
                "f4eef8263281c0b26486637831251059757bc3fdc4c3a48045a8ef8646b36e8f",
                "d14801cfbbc03bda015db288d9a4e9bb15d9de0a24518a582b085580c64df64f",
                "519fceb2b56ade7aa116e5345cc3d1fa0f5a575963fb34d7c7083ebcb6b3e78e",
                "ab88e6d4f1c8ced0bfde649c48a09f7faaf91d79216b22594b986f8d33dddad8",
                "8819a5d1cd79f2b3b314f947c52d9b594d241bf79e9632b4fdd8e35e0015110d",
                "cb0c4d1577311d42cead5c499769cf82ec54573f628f319caed68ac75f99ba7b",
                "8aaf00f3236a6cf752ec68102fe7db41c98452746dc4f8b46681b28debfdd337"
            ],
            "type": "Script",
            "firstPartyCookies": {},
            "firstPartyCookiesSent": {},
            "exampleSites": [
                "womanly.nl",
                "lassie.nl",
                "poetsprins.nl",
                "manly.nl",
                "pureluxe.nl",
                "www.yourlittleblackbook.me",
                "gamer.nl",
                "www.fredsbouwtekeningen.nl",
                "www.renaultforum.nl",
                "bigsellers.nl",
                "www.inloggenbij.nl",
                "inspokado.nl",
                "www.mamaliefde.nl",
                "smaakvolnh.nl",
                "1001gedichten.nl",
                "fitcode.nl",
                "go-kids.nl",
                "prijzenindex.nl",
                "doorgelicht.be",
                "koopgids.net"
            ]
        },
        {
            "rule": "tradetracker\\.net\\/",
            "cookies": 0.000502,
            "fingerprinting": 0,
            "subdomains": [
                "ti"
            ],
            "apis": {},
            "sites": 5,
            "prevalence": 0.000502,
            "cnames": [],
            "responseHashes": [],
            "type": "Image",
            "firstPartyCookies": {},
            "firstPartyCookiesSent": {},
            "exampleSites": [
                "bigsellers.nl",
                "www.griekipedia.nl",
                "www.jufjanneke.nl",
                "www.naturescanner.nl",
                "www.tuincentrumoverzicht.nl"
            ]
        },
        {
            "rule": "tradetracker\\.net\\/pageview",
            "cookies": 0,
            "fingerprinting": 0,
            "subdomains": [
                "tm"
            ],
            "apis": {},
            "sites": 6,
            "prevalence": 0.000602,
            "cnames": [],
            "responseHashes": [
                "f4eef8263281c0b26486637831251059757bc3fdc4c3a48045a8ef8646b36e8f"
            ],
            "type": "Image",
            "firstPartyCookies": {},
            "firstPartyCookiesSent": {},
            "exampleSites": [
                "bigsellers.nl",
                "manly.nl",
                "problemcar.nl",
                "womanly.nl",
                "www.mamabotanica.nl",
                "www.verkooppunten.nl"
            ]
        },
        {
            "rule": "tradetracker\\.net\\/public\\/viewTag\\.js",
            "cookies": 0,
            "fingerprinting": 1,
            "subdomains": [
                "tm"
            ],
            "apis": {
                "Navigator.prototype.language": 2,
                "Screen.prototype.width": 2,
                "Screen.prototype.height": 2,
                "Screen.prototype.colorDepth": 2
            },
            "sites": 2,
            "prevalence": 0.000201,
            "cnames": [],
            "responseHashes": [
                "455a4dfafc77d4cf284afac4f3d3645938aa72530d805a2880d316a9b6bd30c7"
            ],
            "type": "Script",
            "firstPartyCookies": {},
            "firstPartyCookiesSent": {},
            "exampleSites": [
                "problemcar.nl",
                "www.mamabotanica.nl"
            ]
        }
    ],
    "categories": [],
    "performance": {},
    "cookies": 0.000602,
    "topInitiators": [
        {
            "domain": "first party",
            "prevalence": 0.9375
        },
        {
            "domain": "googletagmanager.com",
            "prevalence": 0.0625
        }
    ],
    "types": {
        "Script": 29,
        "Image": 11
    },
    "nameservers": [
        "ns-1719.awsdns-22.co.uk",
        "ns-1392.awsdns-46.org",
        "ns-5.awsdns-00.com",
        "ns-991.awsdns-59.net"
    ]
}