{
    "domain": "unless.com",
    "owner": {},
    "source": [
        "DuckDuckGo-NL"
    ],
    "prevalence": 0.000702,
    "sites": 7,
    "subdomains": [
        "e65f5aca-72b9-4ba6-9974-049f63104ecc",
        "5d347243-25ba-42c4-b444-0250e1e292b4",
        "c9c1ada6-0ebb-479c-9698-1070e971ffed",
        "5afe143b-5113-4dbc-ba23-76682b17668d",
        "1372d7bd-a024-4b06-a4d6-f2dd73186b39"
    ],
    "cnames": [],
    "fingerprinting": 1,
    "resources": [
        {
            "rule": "unless\\.com\\/js\\/v5\\/latest\\/txt\\.min\\.js",
            "cookies": 0,
            "fingerprinting": 1,
            "subdomains": [
                "e65f5aca-72b9-4ba6-9974-049f63104ecc",
                "5d347243-25ba-42c4-b444-0250e1e292b4",
                "c9c1ada6-0ebb-479c-9698-1070e971ffed",
                "5afe143b-5113-4dbc-ba23-76682b17668d",
                "1372d7bd-a024-4b06-a4d6-f2dd73186b39"
            ],
            "apis": {
                "Document.cookie getter": 5,
                "window.sessionStorage": 5,
                "window.localStorage": 5,
                "window.innerWidth": 3,
                "Navigator.prototype.language": 3
            },
            "sites": 6,
            "prevalence": 0.000602,
            "cnames": [],
            "responseHashes": [
                "d9ec83321db3a7207e174159e17bb9a1283fa52e93d93b0b4ffa3e3b7235829a",
                "37d2e8c7a9179bd52bc3fcb2bcc4e682089710191d0ff589736fa112a70d825c",
                "dd8b7484d0cc493812870b97ee16c7fac7cc11d0bac6ae62e86a53d3e3ee73bc",
                "757cb8ac2cc8a68825c16a6c49d29e37c00554748d022127284ad1cb48716d0c"
            ],
            "type": "Script",
            "firstPartyCookies": {},
            "firstPartyCookiesSent": {},
            "exampleSites": [
                "housinganywhere.com",
                "kamernet.nl",
                "kruidvat.nl",
                "www.kruidvat.be",
                "www.kruidvat.nl",
                "www.trekpleister.nl"
            ]
        },
        {
            "rule": "unless\\.com\\/api\\/v1\\/txt-api\\/get-experiences",
            "cookies": 0,
            "fingerprinting": 0,
            "subdomains": [
                "c9c1ada6-0ebb-479c-9698-1070e971ffed",
                "1372d7bd-a024-4b06-a4d6-f2dd73186b39"
            ],
            "apis": {},
            "sites": 3,
            "prevalence": 0.000301,
            "cnames": [],
            "responseHashes": [
                "39e36aae109b0d54e3af63778ebaaab5915539e92ad7347acb7a630a5ed8bc37",
                "ee244566092e5f385548d483291c4de379d3268b18c4a5159e57049c20a2e3a9"
            ],
            "type": "XHR",
            "firstPartyCookies": {},
            "firstPartyCookiesSent": {},
            "exampleSites": [
                "kruidvat.nl",
                "www.kruidvat.nl",
                "www.trekpleister.nl"
            ]
        }
    ],
    "categories": [],
    "performance": {},
    "cookies": 0,
    "topInitiators": [
        {
            "domain": "first party",
            "prevalence": 1
        }
    ],
    "types": {
        "Script": 6,
        "XHR": 3
    },
    "nameservers": [
        "ns-521.awsdns-01.net",
        "ns-410.awsdns-51.com",
        "ns-1843.awsdns-38.co.uk",
        "ns-1497.awsdns-59.org"
    ]
}