{
    "domain": "wisepops.net",
    "owner": {},
    "source": [
        "DuckDuckGo-NL"
    ],
    "prevalence": 0.0011,
    "sites": 11,
    "subdomains": [],
    "cnames": [],
    "fingerprinting": 2,
    "resources": [
        {
            "rule": "wisepops\\.net\\/loader\\.js",
            "cookies": 0.000301,
            "fingerprinting": 2,
            "subdomains": [],
            "apis": {
                "window.sessionStorage": 3,
                "window.localStorage": 3,
                "Document.cookie getter": 3,
                "Document.cookie setter": 3,
                "Date.prototype.getTime": 3,
                "window.innerHeight": 3,
                "window.innerWidth": 3,
                "Navigator.prototype.cookieEnabled": 3,
                "Intl.DateTimeFormat.prototype.resolvedOptions": 3
            },
            "sites": 10,
            "prevalence": 0.001,
            "cnames": [],
            "responseHashes": [
                "733903027a6ef1bc965984d4617e06112437d726bef567fd7a12bd57050e04f4",
                "7a51cf0712fb626764abc4cf616b1545e5380349b3fc6cf2775af69b1b626462",
                "85e6a06f3e0555522fdc02a8aa47c9e188edd784b77604e97960b296df32f3b9",
                "590c25f27d3865fcca15ee1079a1d495ce18d44d5a839b539692df787fa1f901",
                "8a7805a98b04e736d894421f8888059d7aca25f21fce432277df5e1ec74f6a5c",
                "e3b0c44298fc1c149afbf4c8996fb92427ae41e4649b934ca495991b7852b855",
                "30e42546ff276f81c98008b0a5677f4d690d20ac68c0ee430ab437516810b78c",
                "5a13f2a89489812e0ecbf4c7b09d7c92cf732f575d085844c442526202c4e56d"
            ],
            "type": "Script",
            "firstPartyCookies": {
                "__tld__": {
                    "ttl": 6,
                    "length": 1,
                    "prevalence": 0.00030105368790767686,
                    "uniqueness": 0.3333333333333333
                },
                "wisepops": {
                    "ttl": 63072000,
                    "length": 145,
                    "prevalence": 0.00020070245860511792,
                    "uniqueness": 1
                },
                "wisepops_session": {
                    "ttl": null,
                    "length": 274,
                    "prevalence": 0.00020070245860511792,
                    "uniqueness": 1
                },
                "wisepops_visitor": {
                    "ttl": 63072000,
                    "length": 67,
                    "prevalence": 0.00030105368790767686,
                    "uniqueness": 1
                },
                "wisepops_visits": {
                    "ttl": 63072000,
                    "length": 40,
                    "prevalence": 0.00020070245860511792,
                    "uniqueness": 1
                }
            },
            "firstPartyCookiesSent": {},
            "exampleSites": [
                "protestantsekerk.nl",
                "www.bfi.org.uk",
                "www.bmj.com",
                "www.bungalowspecials.nl",
                "www.frankwatching.com",
                "www.khn.nl",
                "www.shoeby.nl",
                "www.siebeljuweliers.nl",
                "www.startpagina.nl",
                "www.zamnesia.nl"
            ]
        },
        {
            "rule": "wisepops\\.net\\/id",
            "cookies": 0,
            "fingerprinting": 0,
            "subdomains": [],
            "apis": {},
            "sites": 8,
            "prevalence": 0.000803,
            "cnames": [],
            "responseHashes": [
                "712878f6e9d52440237c92146cd39d73319bf4b9b236942067f8f4d3bebdb7d5",
                "f29d4d543a6d9003c45d56233677a3adc176e5ac776a3c9bc94892e1b92d4d31",
                "20b90f6047619ee80c645ee7304cbf7fa68846340f7072fcf76c3ca466da541c",
                "4b4042caf5ee7e6ee31b0553d67210c72dc87b35fc4d1f5907286b21d3a37d5f",
                "21ecc3f816f06ff03673b8cd4ebb79c30414afbf33d739bbb7bf9006f927c2c7",
                "b5cddbf62dfab20a1bf403987fd7f37786cc0ab050bf9429106b234c0fb891a9",
                "ff4af8c65c56efbcf0b50dd3ad71a84aa862281419b949b097fe6e415cdfd9bc"
            ],
            "type": "Fetch",
            "firstPartyCookies": {},
            "firstPartyCookiesSent": {},
            "exampleSites": [
                "protestantsekerk.nl",
                "www.bfi.org.uk",
                "www.bmj.com",
                "www.bungalowspecials.nl",
                "www.frankwatching.com",
                "www.khn.nl",
                "www.startpagina.nl",
                "www.zamnesia.nl"
            ]
        },
        {
            "rule": "wisepops\\.net\\/my-wisepop",
            "cookies": 0,
            "fingerprinting": 0,
            "subdomains": [],
            "apis": {},
            "sites": 8,
            "prevalence": 0.000803,
            "cnames": [],
            "responseHashes": [
                "c30bff2a2b1b2dacbdfa12add19bdb541d6884d7e0288889958271d189e489cf",
                "08527f922482a2e07244b35bb0b7814814d10aae9b82c6fdffa8ec28a68109ce",
                "128086512c9aec0465b9950cf09edcc5547b9ed8126948000dd30a51c550a25c",
                "01cac3da343b3b64dfca26f714b13ae02b60a8e12bbb000fa35385bfdb2a5811",
                "13dd3d855305b501c1c4787253a1989c73de79c5897599a7effb086cf5c21a3b",
                "38b904a1cf83df048360fb2480571b749fd98d57e11f1afdffb5a74a78166fea",
                "1fc9b8e37d40433aecf7ac1349fa81c6cc27e6890036ed1dd523e98aa758767b"
            ],
            "type": "XHR",
            "firstPartyCookies": {},
            "firstPartyCookiesSent": {},
            "exampleSites": [
                "protestantsekerk.nl",
                "www.bfi.org.uk",
                "www.bmj.com",
                "www.bungalowspecials.nl",
                "www.frankwatching.com",
                "www.khn.nl",
                "www.startpagina.nl",
                "www.zamnesia.nl"
            ]
        }
    ],
    "categories": [],
    "performance": {},
    "cookies": 0.000301,
    "topInitiators": [
        {
            "domain": "wisepops.com",
            "prevalence": 0.48
        },
        {
            "domain": "googletagmanager.com",
            "prevalence": 0.32
        },
        {
            "domain": "first party",
            "prevalence": 0.2
        }
    ],
    "types": {
        "Script": 10,
        "Fetch": 8,
        "XHR": 8
    },
    "nameservers": [
        "wally.ns.cloudflare.com",
        "marek.ns.cloudflare.com"
    ]
}